transfer_id,buy_price,buy_date,name,wear,uuid,meta_offer_id,stackable,sale_id,offer_date_created,offer_date_trade_unlock,state,offer_date_sold,time_to_sell,commission_factor,selling_price,min_selling_price,profit
GXN4L7H8EE3L,1.66,2025-01-17,Desert Eagle | Heat Treated (Battle-Scarred),94.81,f49f113c-13f7-4777-b239-30f27c9a8fc2,63871040.0,False,f49f113c-13f7-4777-b239-30f27c9a8fc2,2025-07-24,,AVAILABLE,,,0.05,1.58,1.76,-0.16
GXNN5SGLHLZ4,1.63,2025-01-18,Desert Eagle | Heat Treated (Battle-Scarred),72.16,33140372-a824-4f14-baef-dcf17d05cea5,63871063.0,False,33140372-a824-4f14-baef-dcf17d05cea5,2025-07-24,,AVAILABLE,,,0.05,1.56,1.73,-0.15
GRFRUF447T02,100.0,2025-03-10,AWP | Asiimov (Well-Worn),39.28,0eb57550-60b6-4f38-8e52-d9c31d614553,63871045.0,False,0eb57550-60b6-4f38-8e52-d9c31d614553,2025-07-24,,AVAILABLE,,,0.05,102.11,105.27,-3.0
G0DK7UZF46WG,0.62,2025-04-15,Kilowatt Case,,,48702856.0,True,e7dcba91-a8cf-4461-adab-f703380e3d27,2025-07-24,,AVAILABLE,,,0.05,0.66,0.66,0.01
GHTEW8U2W9ZP,0.8,2025-04-15,Sticker | Bolt Charge,,,55478590.0,True,a43f4b3c-4e89-4c52-8dfe-60d9ff88c987,2025-07-24,,AVAILABLE,,,0.05,0.85,0.85,0.01
GHUT9K5WRWKT,0.62,2025-04-15,Kilowatt Case,,,48702856.0,True,c37269e8-8bb7-4027-a4a2-e05640d4d50a,2025-07-24,,AVAILABLE,,,0.05,0.66,0.66,0.01
G4CW0PE4T7GS,0.5,2025-04-20,Kilowatt Case,,,48702856.0,True,2d314fb8-eb3b-4c55-9ff6-23d3038a9bf9,2025-07-24,,AVAILABLE,,,0.05,0.54,0.54,0.01
G3GLXG3LFG24,0.5,2025-04-20,Kilowatt Case,,,48702856.0,True,2e9603dc-9650-4fbf-bf66-85a1a08bf991,2025-07-24,,AVAILABLE,,,0.05,0.54,0.54,0.01
G79LHRC9HPPZ,0.5,2025-04-20,Kilowatt Case,,,48702856.0,True,8d542b17-dfb8-4891-b4bf-54a3b427632c,2025-07-24,,AVAILABLE,,,0.05,0.54,0.54,0.01
GHKGUWX8TUG8,0.5,2025-04-20,Kilowatt Case,,,48702856.0,True,bb481264-9865-4a7a-a824-c9fa036f9270,2025-07-24,,AVAILABLE,,,0.05,0.54,0.54,0.01
G726AE9REHTK,0.52,2025-04-20,Kilowatt Case,,,48702856.0,True,58e4ac8e-d76b-402f-97bf-2f93c209e2d4,2025-07-24,,AVAILABLE,,,0.05,0.56,0.56,0.01
GKR394UK3XRX,0.53,2025-04-20,Kilowatt Case,,,48702856.0,True,d288d23b-7227-4baa-922e-13269c0b402c,2025-07-24,,AVAILABLE,,,0.05,0.57,0.57,0.01
G85S3KNATE7K,0.53,2025-04-20,Kilowatt Case,,,48702856.0,True,a9053f52-c136-433d-a77e-479cb4dd3377,2025-07-24,,AVAILABLE,,,0.05,0.57,0.57,0.01
G84EPEK2KL9A,0.53,2025-04-20,Kilowatt Case,,,48702856.0,True,47d8c5ee-96be-4e96-b222-a523bbfae7ac,2025-07-24,,AVAILABLE,,,0.05,0.57,0.57,0.01
GXUHS0LR46SP,0.37,2025-05-09,P90 | Wave Breaker (Field-Tested),29.13,07a3c3e8-f5e2-408c-a928-404bf3210716,63871076.0,False,07a3c3e8-f5e2-408c-a928-404bf3210716,2025-07-24,,AVAILABLE,,,0.05,0.4,0.4,0.01
GHNRCHLWPTSX,0.4,2025-05-11,Shanghai 2024 Challengers Autograph Capsule,,,57355384.0,True,671e38b8-d2ac-438a-8a58-0f0c0a8fbe8b,2025-07-24,,AVAILABLE,,,0.05,0.45,0.43,0.03
GKDN8273XRTL,0.4,2025-05-11,Shanghai 2024 Challengers Autograph Capsule,,,57355384.0,True,c117919b-5d5e-4cd7-8be9-fcbd7b386a3c,2025-07-24,,AVAILABLE,,,0.05,0.45,0.43,0.03
G0H589G57H6X,0.4,2025-05-11,Shanghai 2024 Challengers Autograph Capsule,,,57355384.0,True,8e284988-c06b-4068-b8b2-e82e6f1e4491,2025-07-24,,AVAILABLE,,,0.05,0.45,0.43,0.03
G5RCLN8Z2TLD,0.4,2025-05-11,Shanghai 2024 Challengers Autograph Capsule,,,57355384.0,True,9b08b66a-c268-436c-b794-359b14a723f1,2025-07-24,,AVAILABLE,,,0.05,0.45,0.43,0.03
GCAS46XX0ZF8,0.4,2025-05-11,Shanghai 2024 Challengers Autograph Capsule,,,57355384.0,True,c576ef26-0cd4-47dd-b34d-7d957a6679cf,2025-07-24,,AVAILABLE,,,0.05,0.45,0.43,0.03
GH27K2LRDPDT,0.4,2025-05-11,Shanghai 2024 Challengers Autograph Capsule,,,57355384.0,True,32cda278-04cc-438e-ae00-320f21c9ca0a,2025-07-24,,AVAILABLE,,,0.05,0.45,0.43,0.03
G2FGNEXX4HE4,0.4,2025-05-11,Zeus x27 | Tosai (Field-Tested),30.6,b3ba3173-8971-44c8-8c4f-c73eb30b09e5,63871067.0,False,b3ba3173-8971-44c8-8c4f-c73eb30b09e5,2025-07-24,,AVAILABLE,,,0.05,0.43,0.43,0.01
GA8HDNHE7HR3,0.4,2025-05-11,Shanghai 2024 Challengers Autograph Capsule,,,57355384.0,True,1c399594-f285-4b7c-a429-de61c13280f4,2025-07-24,,AVAILABLE,,,0.05,0.45,0.43,0.03
GALS6U7EX5K0,0.4,2025-05-11,Shanghai 2024 Challengers Autograph Capsule,,,57355384.0,True,417761c2-0b66-4467-a40a-7027630cae8e,2025-07-24,,AVAILABLE,,,0.05,0.45,0.43,0.03
G605N8SZ29ZU,0.4,2025-05-11,Shanghai 2024 Challengers Autograph Capsule,,,57355384.0,True,c14a4f61-32a3-4776-a969-fd790154fc72,2025-07-24,,AVAILABLE,,,0.05,0.45,0.43,0.03
G8X0NHZEAL4D,0.4,2025-05-11,Zeus x27 | Tosai (Field-Tested),23.91,99f57153-991d-45eb-bf52-a40499299bba,63871077.0,False,99f57153-991d-45eb-bf52-a40499299bba,2025-07-24,,AVAILABLE,,,0.05,0.43,0.43,0.01
GG6HCHWK4EZF,0.4,2025-05-11,Zeus x27 | Tosai (Field-Tested),28.59,07d7c02a-dad4-4d76-bc65-ebe8c1454623,63871074.0,False,07d7c02a-dad4-4d76-bc65-ebe8c1454623,2025-07-24,,AVAILABLE,,,0.05,0.43,0.43,0.01
GUERGD2UKHKC,0.41,2025-05-11,Zeus x27 | Tosai (Field-Tested),21.0,dbfac248-19ff-4473-be19-a7fc7d9b3c64,63871083.0,False,dbfac248-19ff-4473-be19-a7fc7d9b3c64,2025-07-24,,AVAILABLE,,,0.05,0.44,0.44,0.01
G9HUF92DNDXF,0.4,2025-05-11,Shanghai 2024 Challengers Autograph Capsule,,,57355384.0,True,1b07d79c-1630-4830-ade1-fed266a8c596,2025-07-24,,AVAILABLE,,,0.05,0.45,0.43,0.03
GLNPH7X3588P,0.4,2025-05-11,Shanghai 2024 Challengers Autograph Capsule,,,57355384.0,True,e63d635a-74f8-4ba9-808d-750010f6cbf1,2025-07-24,,AVAILABLE,,,0.05,0.45,0.43,0.03
GASWK9SWH7NX,0.4,2025-05-11,Shanghai 2024 Challengers Autograph Capsule,,,57355384.0,True,bd05b308-7714-4b12-aa27-01da03357d93,2025-07-24,,AVAILABLE,,,0.05,0.45,0.43,0.03
GL6SS5TTETU6,0.4,2025-05-11,Shanghai 2024 Challengers Autograph Capsule,,,57355384.0,True,9dd45866-6993-414f-a6ee-32bce627c616,2025-07-24,,AVAILABLE,,,0.05,0.45,0.43,0.03
GN9C9RDUF648,0.4,2025-05-11,Shanghai 2024 Challengers Autograph Capsule,,,57355384.0,True,f838273f-7653-4cf9-94c2-de38c84c31c4,2025-07-24,,AVAILABLE,,,0.05,0.45,0.43,0.03
G4AHA0TUX7UL,0.4,2025-05-11,Shanghai 2024 Challengers Autograph Capsule,,,57355384.0,True,5ce37855-a21e-4624-a7c3-99dd3f5400d2,2025-07-24,,AVAILABLE,,,0.05,0.45,0.43,0.03
G2H9F5SXSZ4L,0.4,2025-05-11,Shanghai 2024 Challengers Autograph Capsule,,,57355384.0,True,2e4142f3-1eb3-46a7-b382-8c5fcb85f0cb,2025-07-24,,AVAILABLE,,,0.05,0.45,0.43,0.03
G85L047NZXC9,0.4,2025-05-11,Shanghai 2024 Challengers Autograph Capsule,,,57355384.0,True,55719901-2203-4da8-a6bf-4499af5f2178,2025-07-24,,AVAILABLE,,,0.05,0.45,0.43,0.03
GKX6SEEKEZ28,0.4,2025-05-11,Shanghai 2024 Challengers Autograph Capsule,,,57355384.0,True,7cc95685-11c2-4bc5-b982-88c8ed58fe1f,2025-07-24,,AVAILABLE,,,0.05,0.45,0.43,0.03
GKU4EWZKUP4H,0.4,2025-05-11,Shanghai 2024 Challengers Autograph Capsule,,,57355384.0,True,2faf607f-edbc-4f13-9b5d-aea52b101627,2025-07-24,,AVAILABLE,,,0.05,0.45,0.43,0.03
G633PSGFPNCP,0.4,2025-05-11,Shanghai 2024 Challengers Autograph Capsule,,,57355384.0,True,899e74c7-5670-42f1-b6ad-617f94ec5906,2025-07-24,,AVAILABLE,,,0.05,0.45,0.43,0.03
G3GLUC9R33XP,0.4,2025-05-11,Shanghai 2024 Challengers Autograph Capsule,,,57355384.0,True,bfbf0ce1-2e32-4235-8f1a-4061e056f33a,2025-07-24,,AVAILABLE,,,0.05,0.45,0.43,0.03
G2D6GGZ25T6L,0.4,2025-05-11,Shanghai 2024 Challengers Autograph Capsule,,,57355384.0,True,1fb22b03-bdea-4a25-a9db-b3d6f62daab2,2025-07-24,,AVAILABLE,,,0.05,0.45,0.43,0.03
GT3U4L4TC2TS,0.4,2025-05-11,Shanghai 2024 Challengers Autograph Capsule,,,57355384.0,True,20c22eff-0447-4d91-b17b-800fffb7a976,2025-07-24,,AVAILABLE,,,0.05,0.45,0.43,0.03
GH7T28HF8FRP,0.4,2025-05-11,Shanghai 2024 Challengers Autograph Capsule,,,57355384.0,True,9712259c-869b-4fd8-9cbe-f74ef4183290,2025-07-24,,AVAILABLE,,,0.05,0.45,0.43,0.03
G3X5R3HL0FC2,0.4,2025-05-11,Shanghai 2024 Challengers Autograph Capsule,,,57355384.0,True,42f15bb7-50c3-40ea-83b4-d07a926ad6ac,2025-07-24,,AVAILABLE,,,0.05,0.45,0.43,0.03
G2DL33KU8A7N,0.4,2025-05-11,Shanghai 2024 Challengers Autograph Capsule,,,57355384.0,True,3e1ab8a9-bc9b-4eb4-b809-5f91348196ed,2025-07-24,,AVAILABLE,,,0.05,0.45,0.43,0.03
GDK077PNE0HH,0.4,2025-05-11,Shanghai 2024 Challengers Autograph Capsule,,,57355384.0,True,d4e2b4e4-1ac1-46e1-b62b-7b25387c5965,2025-07-24,,AVAILABLE,,,0.05,0.45,0.43,0.03
GGP2R364WUHX,0.4,2025-05-11,Shanghai 2024 Challengers Autograph Capsule,,,57355384.0,True,9391c6e4-3073-4f32-a807-427350ca6fa2,2025-07-24,,AVAILABLE,,,0.05,0.45,0.43,0.03
GGKPAHUHUS83,0.4,2025-05-11,Shanghai 2024 Challengers Autograph Capsule,,,57355384.0,True,9b17c230-5e72-4c82-a592-30449878383d,2025-07-24,,AVAILABLE,,,0.05,0.45,0.43,0.03
G2G7CNKH9T92,0.4,2025-05-11,Shanghai 2024 Challengers Autograph Capsule,,,57355384.0,True,4829494b-63d7-49bc-a66f-b799b4a34932,2025-07-24,,AVAILABLE,,,0.05,0.45,0.43,0.03
G09S48RS8X3D,0.41,2025-05-13,Zeus x27 | Tosai (Field-Tested),25.23,78fd1978-a4da-4fce-b183-ba7e24370aa1,63871087.0,False,78fd1978-a4da-4fce-b183-ba7e24370aa1,2025-07-24,,AVAILABLE,,,0.05,0.44,0.44,0.01
GA6LKK42G3U6,4.0,2025-06-15,UMP-45 | K.O. Factory (Field-Tested),26.67,7a1c3e87-1598-4c4a-80d0-02099a75a41c,63871082.0,False,7a1c3e87-1598-4c4a-80d0-02099a75a41c,2025-07-24,,AVAILABLE,,,0.05,4.22,4.22,0.01
GK00KURK4R25,2.79,2025-06-15,P2000 | Amber Fade (Field-Tested),17.69,490c2f22-1073-4dc9-addd-f2b6e4340e72,63871265.0,False,490c2f22-1073-4dc9-addd-f2b6e4340e72,2025-07-24,,AVAILABLE,,,0.05,2.95,2.95,0.01
GURGNTXNLS5C,2.73,2025-06-15,P2000 | Amber Fade (Field-Tested),24.53,0e14dd0c-382d-4028-ba8c-405b9b6cf9f8,63871262.0,False,0e14dd0c-382d-4028-ba8c-405b9b6cf9f8,2025-07-24,,AVAILABLE,,,0.05,2.95,2.88,0.07
G78WK852ADXK,3.91,2025-06-15,UMP-45 | K.O. Factory (Field-Tested),33.7,c593aef7-ccf2-46a4-bab6-584ba9f23b83,63871272.0,False,c593aef7-ccf2-46a4-bab6-584ba9f23b83,2025-07-24,,AVAILABLE,,,0.05,4.13,4.13,0.01
GEAS5GFC97CW,2.73,2025-06-15,P2000 | Amber Fade (Field-Tested),17.77,8dcceaf6-f780-4374-99b2-f149ca7e3acc,63871252.0,False,8dcceaf6-f780-4374-99b2-f149ca7e3acc,2025-07-24,,AVAILABLE,,,0.05,2.95,2.88,0.07
GH05GDTNTAC7,4.0,2025-06-16,UMP-45 | K.O. Factory (Field-Tested),25.6,dab74a93-5fa9-4b41-8b59-83e78c05d73b,63871264.0,False,dab74a93-5fa9-4b41-8b59-83e78c05d73b,2025-07-24,,AVAILABLE,,,0.05,4.22,4.22,0.01
GLXFP97UCF7P,3.8,2025-06-16,UMP-45 | K.O. Factory (Field-Tested),25.83,bfa271ab-22e5-4931-9222-b1a8606e76a6,63871253.0,False,bfa271ab-22e5-4931-9222-b1a8606e76a6,2025-07-24,,AVAILABLE,,,0.05,4.01,4.01,0.01
GUT9DWZFES8S,3.68,2025-06-16,Glock-18 | Shinobu (Well-Worn),40.44,da25679f-4ad4-42ba-a91c-fc944258bc1a,63871256.0,False,da25679f-4ad4-42ba-a91c-fc944258bc1a,2025-07-24,,AVAILABLE,,,0.05,3.88,3.88,0.01
GDAX6CX5PNK4,0.97,2025-06-16,StatTrak™ USP-S | Ticket to Hell (Field-Tested),31.98,d1a652ab-f61a-498f-a9f8-b4cf9032ece5,63871258.0,False,d1a652ab-f61a-498f-a9f8-b4cf9032ece5,2025-07-24,,AVAILABLE,,,0.05,1.13,1.03,0.1
GDXL8P443595,75.0,2025-06-17,AWP | Printstream (Field-Tested),34.05,53efd5d9-ac08-4191-bbe8-af2b6d049586,63871255.0,False,53efd5d9-ac08-4191-bbe8-af2b6d049586,2025-07-24,,AVAILABLE,,,0.05,78.96,78.96,0.01
GTZCEZH9HHCN,3.89,2025-06-17,Glock-18 | Shinobu (Well-Worn),42.96,c27da3f1-8690-49ee-81f5-0dfb542fa6d3,63871254.0,False,c27da3f1-8690-49ee-81f5-0dfb542fa6d3,2025-07-24,,AVAILABLE,,,0.05,4.11,4.11,0.01
G5GSFZEKU7XN,3.87,2025-06-18,UMP-45 | K.O. Factory (Field-Tested),36.51,e68623f0-a555-4c46-8b8f-dd12468352cc,63871271.0,False,e68623f0-a555-4c46-8b8f-dd12468352cc,2025-07-24,,AVAILABLE,,,0.05,4.08,4.08,0.01
GKWATZH7CW8F,0.36,2025-06-18,Copenhagen 2024 Legends Autograph Capsule,,,50260580.0,True,d7c96b33-da61-430d-ab35-8c8770afe885,2025-07-24,,AVAILABLE,,,0.05,0.39,0.39,0.01
GXZHL7RWE3HX,2.71,2025-06-18,AK-47 | Searing Rage (Battle-Scarred),80.44,9e49ced2-78d1-4e54-a2b5-d824120e68a2,63871261.0,False,9e49ced2-78d1-4e54-a2b5-d824120e68a2,2025-07-24,,AVAILABLE,,,0.05,2.86,2.86,0.01
G600U7EGHK46,2.24,2025-06-21,Glock-18 | Vogue (Field-Tested),33.08,1c98d15f-a303-4b5b-acdc-33abb789c5ca,63871280.0,False,1c98d15f-a303-4b5b-acdc-33abb789c5ca,2025-07-24,,AVAILABLE,,,0.05,2.37,2.37,0.01
GK39X2GA2GC5,1.14,2025-06-21,Dual Berettas | Melondrama (Field-Tested),26.33,67bfdd8e-5c18-4143-b5a6-c6454ca87b70,63871298.0,False,67bfdd8e-5c18-4143-b5a6-c6454ca87b70,2025-07-24,,AVAILABLE,,,0.05,1.21,1.21,0.01
GRGDCKC6D7RL,2.26,2025-06-28,P2000 | Amber Fade (Field-Tested),17.27,4a52fd3d-222a-4ee7-b0f9-1ece70fb4f8c,63871292.0,False,4a52fd3d-222a-4ee7-b0f9-1ece70fb4f8c,2025-07-24,,AVAILABLE,,,0.05,2.39,2.39,0.01
G8RHH5C6F7WX,2.23,2025-06-29,AK-47 | Emerald Pinstripe (Field-Tested),30.64,c9adf932-0727-4d96-be39-723a8294ef92,63871301.0,False,c9adf932-0727-4d96-be39-723a8294ef92,2025-07-24,,AVAILABLE,,,0.05,2.41,2.36,0.06
GNCKATFF903U,2.13,2025-07-02,P250 | Visions (Field-Tested),27.62,d18d1455-0812-4b8b-b215-c8b551db02d8,63871285.0,False,d18d1455-0812-4b8b-b215-c8b551db02d8,2025-07-24,,AVAILABLE,,,0.05,2.37,2.25,0.12
GZS9HELSUPGS,2.04,2025-07-05,XM1014 | Entombed (Field-Tested),30.27,1d20a8c8-9ed3-4c4e-8a33-2ec22268e250,63871307.0,False,1d20a8c8-9ed3-4c4e-8a33-2ec22268e250,2025-07-24,,AVAILABLE,,,0.05,2.29,2.16,0.14
GK26TD06GG05,2.11,2025-07-05,XM1014 | Entombed (Field-Tested),32.21,4657e4ab-950a-4684-ac76-0bb7cb500977,63871303.0,False,4657e4ab-950a-4684-ac76-0bb7cb500977,2025-07-24,,AVAILABLE,,,0.05,2.39,2.23,0.16
GP4S6R0ZHL4E,2.16,2025-07-05,XM1014 | Entombed (Field-Tested),21.66,a681eee8-c9a4-4eaf-b57d-f3834c316a78,63871311.0,False,a681eee8-c9a4-4eaf-b57d-f3834c316a78,2025-07-24,,AVAILABLE,,,0.05,2.4,2.28,0.12
GA5T739UXPDF,3.02,2025-07-09,UMP-45 | Momentum (Field-Tested),34.36,41958e4f-d105-4439-b79c-296042891492,63871340.0,False,41958e4f-d105-4439-b79c-296042891492,2025-07-24,,AVAILABLE,,,0.05,3.54,3.19,0.34
G72WC80ULTFN,9.2,2025-07-10,Huntsman Weapon Case,,,224.0,True,e93de3a2-93eb-417c-ad27-e1da9b2064e5,2025-07-24,,AVAILABLE,,,0.05,10.86,9.69,1.12
GX85L72KSHXK,9.2,2025-07-10,Huntsman Weapon Case,,,224.0,True,aa2d5ef5-0a42-40b3-bd9b-220f9f6a78cb,2025-07-24,,AVAILABLE,,,0.05,10.86,9.69,1.12
G55KK3A9U43K,9.2,2025-07-10,Huntsman Weapon Case,,,224.0,True,be2222ec-2e1d-4556-990a-ff99a80161fb,2025-07-24,,AVAILABLE,,,0.05,10.86,9.69,1.12
GE0ZKZZPPP20,3.0,2025-07-13,UMP-45 | Momentum (Field-Tested),32.19,3b7ae55e-69b4-45da-b099-0467cab54f57,63871419.0,False,3b7ae55e-69b4-45da-b099-0467cab54f57,2025-07-24,,AVAILABLE,,,0.05,3.34,3.17,0.17
GF4L2EXR3K8L,3.0,2025-07-15,UMP-45 | Momentum (Field-Tested),19.66,117f366b-eeea-4042-8214-2552d84547aa,63871416.0,False,117f366b-eeea-4042-8214-2552d84547aa,2025-07-24,,AVAILABLE,,,0.05,3.34,3.17,0.17
G3GTPNCHL6F7,3.0,2025-07-15,UMP-45 | Momentum (Field-Tested),21.48,3c87ea9a-d59f-4a37-a96a-06b788502c5f,63871409.0,False,3c87ea9a-d59f-4a37-a96a-06b788502c5f,2025-07-24,,AVAILABLE,,,0.05,3.34,3.17,0.17
G903FF2TH023,3.4,2025-07-15,UMP-45 | K.O. Factory (Field-Tested),33.27,85992c4e-da14-4d05-afd9-314f5e400d0b,63908988.0,False,85992c4e-da14-4d05-afd9-314f5e400d0b,2025-07-26,,AVAILABLE,,,0.05,4.0,3.59,0.4
GZEC0RW8S04C,63.0,2025-07-15,AWP | Printstream (Field-Tested),34.31,d05d5dab-0f6c-4dec-a214-840978bf37f4,63908989.0,False,d05d5dab-0f6c-4dec-a214-840978bf37f4,2025-07-26,,AVAILABLE,,,0.05,74.47,66.33,7.75
GXWEDZHACT9E,6.85,2025-07-15,Desert Eagle | Conspiracy (Minimal Wear),12.56,eff841c6-9b55-4cb7-9dd8-9e1d8c665fa4,63908984.0,False,eff841c6-9b55-4cb7-9dd8-9e1d8c665fa4,2025-07-26,,AVAILABLE,,,0.05,7.68,7.22,0.45
GCTAU8KF7PL2,2.99,2025-07-21,USP-S | Tropical Breeze (Field-Tested),27.58,b1605bd5-4de6-41ca-a339-1d2f0795e3f8,63908976.0,False,b1605bd5-4de6-41ca-a339-1d2f0795e3f8,2025-07-26,,AVAILABLE,,,0.05,3.42,3.16,0.26
G0U8724TFXTN,0.63,2025-07-23,P250 | Franklin (Field-Tested),25.78,0f9144fd-edcb-41b0-9d0b-91497b785e97,63888093.0,False,0f9144fd-edcb-41b0-9d0b-91497b785e97,2025-07-24,,AVAILABLE,,,0.05,0.72,0.67,0.05
GZG6AZEW03FA,0.64,2025-07-23,P250 | Franklin (Field-Tested),37.77,9f3ebf11-a929-46ed-99ba-508a50526c9d,63888094.0,False,9f3ebf11-a929-46ed-99ba-508a50526c9d,2025-07-24,,AVAILABLE,,,0.05,0.72,0.68,0.04
GLN5S7ZN590U,0.56,2025-07-24,Revolution Case,,,43352341.0,True,7d41ff35-b749-413f-ad5c-5dca70f46099,2025-07-25,,AVAILABLE,,,0.05,0.65,0.6,0.06
G0WFE64Z8XUX,0.56,2025-07-24,Revolution Case,,,43352341.0,True,2f9b949d-c68e-48a6-979d-4952629737ce,2025-07-25,,AVAILABLE,,,0.05,0.65,0.6,0.06
GGX56X2FWD93,0.56,2025-07-24,Revolution Case,,,43352341.0,True,6d827a75-afed-4385-a803-32d4ea668bf5,2025-07-25,,AVAILABLE,,,0.05,0.65,0.6,0.06
GFCNZWL45WRA,0.56,2025-07-24,Revolution Case,,,43352341.0,True,b85a8557-db69-442a-8c13-7e873bd5eb98,2025-07-25,,AVAILABLE,,,0.05,0.65,0.6,0.06
G37LK94CKTUP,0.56,2025-07-24,Revolution Case,,,43352341.0,True,54549468-f5d7-48b5-a25a-6aa28abab1c0,2025-07-25,,AVAILABLE,,,0.05,0.65,0.6,0.06
GAZ8H3WWGTWU,0.56,2025-07-24,Revolution Case,,,43352341.0,True,d9cb7321-902c-4529-b472-f46ab48f4687,2025-07-25,,AVAILABLE,,,0.05,0.65,0.6,0.06
GKZRKNKLPUAA,12.5,2025-07-25,Operation Riptide Case,,,36318587.0,True,1b43ebfe-bfb9-4787-81f8-dec7cd0ddaf2,2025-07-26,,AVAILABLE,,,0.05,14.81,13.17,1.57
G6CN54SCFFLF,1.27,2025-07-25,Prisma Case,,,2514665.0,True,5d99c4c8-b0a8-4c47-8c79-bf807e63f42c,2025-07-26,,AVAILABLE,,,0.05,1.47,1.35,0.13
GT6L8AEUN95L,1.27,2025-07-25,Prisma Case,,,2514665.0,True,332272a9-703a-4b8f-8fab-186a8ba36e15,2025-07-26,,AVAILABLE,,,0.05,1.47,1.35,0.13
GZ98ZKTK8DDW,12.5,2025-07-25,Operation Riptide Case,,,36318587.0,True,092bb1dc-cd13-4642-90d9-6b83d8fa37b5,2025-07-26,,AVAILABLE,,,0.05,14.81,13.17,1.57
GW938UACEWL0,12.5,2025-07-25,Operation Riptide Case,,,36318587.0,True,7e422f3f-e28f-45d7-8c4c-80125ebb9233,2025-07-26,,AVAILABLE,,,0.05,14.81,13.17,1.57
GH4GWG3HG4SK,12.5,2025-07-25,Operation Riptide Case,,,36318587.0,True,95b0d8e4-f4c3-42e5-854e-d4d8d0a39c85,2025-07-26,,AVAILABLE,,,0.05,14.81,13.17,1.57
GG6TL37TXP4A,2.98,2025-07-25,AK-47 | Wintergreen (Field-Tested),30.95,ff489212-bc5f-4190-8702-12d59465d779,63919868.0,False,ff489212-bc5f-4190-8702-12d59465d779,2025-07-26,,AVAILABLE,,,0.05,3.38,3.15,0.23
G0WZ0KFKK629,12.5,2025-07-25,Operation Riptide Case,,,36318587.0,True,fe10f392-fdae-481d-8e59-cf15583a539e,2025-07-26,,AVAILABLE,,,0.05,14.81,13.17,1.57
GENGKUXPL0FR,2.99,2025-07-25,AK-47 | Wintergreen (Field-Tested),34.68,fbc4e6d0-0a6d-486c-9ec3-a9330ae8d83d,63919857.0,False,fbc4e6d0-0a6d-486c-9ec3-a9330ae8d83d,2025-07-26,,AVAILABLE,,,0.05,3.38,3.16,0.22
GK0P2K6UCHSC,61.66,2025-07-25,AK-47 | Inheritance (Field-Tested),28.87,3fb786a1-d1a8-4cbd-8171-8bb2a9f1bedb,63919859.0,False,3fb786a1-d1a8-4cbd-8171-8bb2a9f1bedb,2025-07-26,,AVAILABLE,,,0.05,73.29,64.92,7.97
G3FC5CWDTHW7,2.98,2025-07-25,AK-47 | Wintergreen (Field-Tested),31.04,032197d7-5102-4dda-8cc9-09b6f7d98d2d,63919865.0,False,032197d7-5102-4dda-8cc9-09b6f7d98d2d,2025-07-26,,AVAILABLE,,,0.05,3.38,3.15,0.23
GW37UFUA2U7C,2.98,2025-07-25,AK-47 | Wintergreen (Field-Tested),33.18,6a9c8183-c412-4fd1-93a3-e617fd4eb887,63919866.0,False,6a9c8183-c412-4fd1-93a3-e617fd4eb887,2025-07-26,,AVAILABLE,,,0.05,3.38,3.15,0.23
GLLD90X9T3X2,2.98,2025-07-25,AK-47 | Wintergreen (Field-Tested),31.73,e81c0296-cab0-47d6-8187-6e1979d030d9,63919867.0,False,e81c0296-cab0-47d6-8187-6e1979d030d9,2025-07-26,,AVAILABLE,,,0.05,3.38,3.15,0.23
GLN80XCUNZSW,1.27,2025-07-25,Prisma Case,,,2514665.0,True,0e04ed81-3b91-49fb-b58f-3ae4f7c92e47,2025-07-26,,AVAILABLE,,,0.05,1.47,1.35,0.13
GCXUFW7AH0A0,12.5,2025-07-25,Operation Riptide Case,,,36318587.0,True,d1ac4cb0-61a8-4315-89df-3f47bec14b09,2025-07-26,,AVAILABLE,,,0.05,14.81,13.17,1.57
GHW8GKREFE5T,1.27,2025-07-25,Prisma Case,,,2514665.0,True,9b2bcc0c-2548-423b-928f-77ec74955262,2025-07-26,,AVAILABLE,,,0.05,1.47,1.35,0.13
G3LLZZLHU39P,1.27,2025-07-25,Prisma Case,,,2514665.0,True,fc9a70c4-0712-47f3-a7de-e9578c38dec5,2025-07-26,,AVAILABLE,,,0.05,1.47,1.35,0.13
GGL3RWSD8PE9,1.59,2025-07-25,Dreams & Nightmares Case,,,37707469.0,True,19131d2e-9b52-48de-8b42-91e016da8c95,2025-07-26,,AVAILABLE,,,0.05,1.84,1.68,0.16
G36F387A2ATT,1.59,2025-07-25,Dreams & Nightmares Case,,,37707469.0,True,fe4345d1-1785-4fc9-b515-a42e6ed62cc3,2025-07-26,,AVAILABLE,,,0.05,1.84,1.68,0.16
GRTTLF27X8KG,2.62,2025-07-25,MP9 | Starlight Protector (Field-Tested),35.73,cd6de6c1-75cf-4b6b-b5d3-5788d04610a7,63908821.0,False,cd6de6c1-75cf-4b6b-b5d3-5788d04610a7,2025-07-26,,AVAILABLE,,,0.05,3.53,2.77,0.73
GNL9F9CKRWT9,2.62,2025-07-25,MP9 | Starlight Protector (Field-Tested),35.79,4a856487-17fb-4cf0-8a19-95bc535ce6d9,63908823.0,False,4a856487-17fb-4cf0-8a19-95bc535ce6d9,2025-07-26,,AVAILABLE,,,0.05,3.53,2.77,0.73
GPL35XFA2HN3,2.62,2025-07-25,MP9 | Starlight Protector (Field-Tested),31.89,b3a7c3f8-729a-4491-955d-9eda4f364d4c,63908822.0,False,b3a7c3f8-729a-4491-955d-9eda4f364d4c,2025-07-26,,AVAILABLE,,,0.05,3.53,2.77,0.73
G7L4K48N8HGT,0.56,2025-07-25,Revolution Case,,,43352341.0,True,ec993c68-4411-44e4-80dc-79939c44b828,2025-07-26,,AVAILABLE,,,0.05,0.65,0.6,0.06
GTFFGCR8050W,0.56,2025-07-25,Revolution Case,,,43352341.0,True,c8071de4-eadb-4b1a-98b4-9205c7840e3d,2025-07-26,,AVAILABLE,,,0.05,0.65,0.6,0.06
GTWL5KU3KDNT,0.56,2025-07-25,Revolution Case,,,43352341.0,True,e676fc7f-2817-4010-94f3-d32ebf9ff10d,2025-07-26,,AVAILABLE,,,0.05,0.65,0.6,0.06
GESGR5C2APN2,0.56,2025-07-25,Revolution Case,,,43352341.0,True,f5f0d32a-a8dd-43c9-9ab9-3f84abf858d9,2025-07-26,,AVAILABLE,,,0.05,0.65,0.6,0.06
GUE0FHX4WXN9,0.56,2025-07-25,Revolution Case,,,43352341.0,True,94f045cc-8a8b-4bb2-ba35-53007cc6271a,2025-07-26,,AVAILABLE,,,0.05,0.65,0.6,0.06
G7LDDFAEPEF8,29.06,2025-07-25,Operation Hydra Case,,,136909.0,True,120ad2da-e4f4-4787-aa1e-43edc29bf2d2,2025-07-26,,AVAILABLE,,,0.05,61.28,30.6,29.16
G3R5PAT233SK,29.07,2025-07-25,Operation Hydra Case,,,136909.0,True,cc55f628-227e-46d4-95b5-56d9472c823a,2025-07-26,,AVAILABLE,,,0.05,61.28,30.61,29.15
GD4C9LGK5Z3W,29.07,2025-07-25,Operation Hydra Case,,,136909.0,True,06d22a4e-4d53-4bcd-8120-3425cc2b2af0,2025-07-26,,AVAILABLE,,,0.05,61.28,30.61,29.15
GLHWK037EFNP,1.56,2025-07-25,Dreams & Nightmares Case,,,37707469.0,True,585ef645-0660-41e5-93de-94e9c5d8c08f,2025-07-26,,AVAILABLE,,,0.05,1.84,1.65,0.19
G4DK4DEW7PT8,1.58,2025-07-25,Dreams & Nightmares Case,,,37707469.0,True,578fd9a2-b88d-4200-b979-e2108de9ef1e,2025-07-26,,AVAILABLE,,,0.05,1.84,1.67,0.17
G58SZ57W5L8R,1.59,2025-07-25,Dreams & Nightmares Case,,,37707469.0,True,0b0d91fd-0a08-4c05-8471-ad04f34a4330,2025-07-26,,AVAILABLE,,,0.05,1.84,1.68,0.16
GK3C4LE3CC7E,1.59,2025-07-25,Dreams & Nightmares Case,,,37707469.0,True,0ca6b7aa-3502-456a-98a4-e6b93ff0d440,2025-07-26,,AVAILABLE,,,0.05,1.84,1.68,0.16
G8GR7LX3WX9A,0.56,2025-07-25,Revolution Case,,,43352341.0,True,1ad0d079-9d20-41e8-afbe-33cd182a74c8,2025-07-26,,AVAILABLE,,,0.05,0.65,0.6,0.06
G9SN865ZKCSX,2.99,2025-07-26,AK-47 | Wintergreen (Field-Tested),27.05,de9938cf-b310-43a4-9990-bf3b33d67dba,63955576.0,False,de9938cf-b310-43a4-9990-bf3b33d67dba,2025-07-27,,AVAILABLE,,,0.05,3.38,3.16,0.22
GEUE9HGH58A9,59.99,2025-07-26,AWP | Printstream (Field-Tested),32.51,12ef1e09-742b-47c9-8662-94d66b88c3e5,63955584.0,False,12ef1e09-742b-47c9-8662-94d66b88c3e5,2025-07-27,,AVAILABLE,,,0.05,68.03,63.16,4.64
GKPHCX64DP7U,55.0,2025-07-26,Operation Bravo Case,,,257.0,True,d1b3d503-d224-4f96-8d75-a979b2e521f1,2025-07-27,,AVAILABLE,,,0.05,60.81,57.91,2.77
GHLWP03EZRNH,55.0,2025-07-26,Operation Bravo Case,,,257.0,True,38f42c0d-1ea8-4e0b-8412-def37896f965,2025-07-27,,AVAILABLE,,,0.05,60.81,57.91,2.77
GNXXEHUHURXT,67.58,2025-07-26,AK-47 | Inheritance (Field-Tested),31.74,2cfca2e8-e952-414e-866f-0016458d8795,63955573.0,False,2cfca2e8-e952-414e-866f-0016458d8795,2025-07-27,,AVAILABLE,,,0.05,73.29,71.15,2.05
G9383DHDKC5Z,0.66,2025-07-26,Revolution Case,,,43352341.0,True,6dce290f-7260-4be8-83a3-889c65e508af,2025-07-27,,AVAILABLE,,,0.05,0.78,0.71,0.08
GK990D3CHZ5L,0.66,2025-07-26,Revolution Case,,,43352341.0,True,bd730b53-abaa-4b0e-9ea3-1fbc9e202b9b,2025-07-27,,AVAILABLE,,,0.05,0.78,0.71,0.08
GA727EGDT2F2,0.66,2025-07-26,Revolution Case,,,43352341.0,True,d6ba0bee-0a07-4b1d-a520-e8f0ff36ce97,2025-07-27,,AVAILABLE,,,0.05,0.78,0.71,0.08
G5KRSS78RT0U,0.66,2025-07-26,Revolution Case,,,43352341.0,True,63754e16-35f8-4787-a18c-e24f67525658,2025-07-27,,AVAILABLE,,,0.05,0.78,0.71,0.08
G5XDDFW85LPL,0.66,2025-07-26,Revolution Case,,,43352341.0,True,3fe52137-9189-4b77-8f30-1567335911f7,2025-07-27,,AVAILABLE,,,0.05,0.78,0.71,0.08
GRP8P4NK3PTR,0.66,2025-07-26,Revolution Case,,,43352341.0,True,2d4b8b92-8ce3-4186-9c31-60e29140cb36,2025-07-27,,AVAILABLE,,,0.05,0.78,0.71,0.08
GAHG47P2S6C2,2.99,2025-07-26,AK-47 | Wintergreen (Field-Tested),33.37,355721d2-803d-4da7-9771-c06bede35d89,63955566.0,False,355721d2-803d-4da7-9771-c06bede35d89,2025-07-27,,AVAILABLE,,,0.05,3.38,3.16,0.22
GUX8D326H39E,10.9,2025-07-27,CS:GO Weapon Case 2,,,927.0,True,6bbc5dde-14a6-4e1b-b097-cf706a0e89d6,2025-07-28,,AVAILABLE,,,0.05,13.89,11.48,2.3
GF5CGNG2UTNT,12.27,2025-07-27,CS:GO Weapon Case 2,,,927.0,True,400a866c-2f35-4834-b9a1-c8dc7370727d,2025-07-28,,AVAILABLE,,,0.05,13.89,12.93,0.93
GH0WCKSPGPET,21.0,2025-07-27,Operation Hydra Case,,,136909.0,True,89f4a87e-e4be-4853-8452-65562019b827,2025-07-28,,AVAILABLE,,,0.05,24.13,22.12,1.92
G3TXFA4CXFWT,39.61,2025-07-27,Operation Bravo Case,,,257.0,True,cfbf04f4-42dc-4e35-967a-d641f99f0f71,2025-07-28,,AVAILABLE,,,0.05,45.77,41.71,3.87
G4WGK0ASUTZA,39.58,2025-07-27,Operation Hydra Case,,,136909.0,True,589f9432-6038-43e6-a349-e61f37bb1241,2025-07-28,,AVAILABLE,,,0.05,61.28,41.67,18.64
G9K7UAUAEFA9,39.58,2025-07-27,Operation Hydra Case,,,136909.0,True,d19218bd-8fd6-450f-b7ee-2c03188d22e1,2025-07-28,,AVAILABLE,,,0.05,61.28,41.67,18.64
G9EKCCFC5XNG,39.58,2025-07-27,Operation Hydra Case,,,136909.0,True,8b5cd36b-7869-4b88-9c36-2d003e5885a1,2025-07-28,,AVAILABLE,,,0.05,61.28,41.67,18.64
GKNGW86LHS4A,29.45,2025-07-28,Operation Hydra Case,,,136909.0,True,7cd02b79-a5e8-4f4f-8cc9-a525f2d3298b,2025-07-30,,AVAILABLE,,,0.05,61.28,31.01,28.77
G88928L65NRK,0.5,2025-07-28,Revolution Case,,,43352341.0,True,75ebb242-1ec7-48eb-a1be-1e3122a156cc,2025-07-30,,AVAILABLE,,,0.05,0.65,0.54,0.12
GZ2Z03APEZC9,0.5,2025-07-28,Revolution Case,,,43352341.0,True,239a0c15-24fe-456b-9da8-b98df309e173,2025-07-30,,AVAILABLE,,,0.05,0.65,0.54,0.12
GW376PA5K8KF,0.5,2025-07-28,Revolution Case,,,43352341.0,True,d60ff6cc-59a7-4df1-9161-3add3be33886,2025-07-30,,AVAILABLE,,,0.05,0.65,0.54,0.12
GULEC63GW2FE,39.58,2025-07-28,Operation Hydra Case,,,136909.0,True,298b3720-4d4a-4f38-9ee9-501ebea3a892,2025-07-30,,AVAILABLE,,,0.05,61.28,41.67,18.64
G3D0PK37ED7L,1.11,2025-07-28,FAMAS | Rapid Eye Movement (Field-Tested),20.96,80d20330-8237-4a5f-ae95-3d21a693936f,64145945.0,False,80d20330-8237-4a5f-ae95-3d21a693936f,2025-07-30,,AVAILABLE,,,0.05,1.53,1.18,0.34
GR6LZD4S7LPD,8.14,2025-07-28,AK-47 | Wintergreen (Minimal Wear),14.67,555edd29-169b-4192-a456-ead9410d0bb7,64145938.0,False,555edd29-169b-4192-a456-ead9410d0bb7,2025-07-30,,AVAILABLE,,,0.05,9.53,8.58,0.91
G923KLD645XT,33.0,2025-07-29,Operation Hydra Case,,,136909.0,True,2a05fc40-79a8-4791-8fe7-f89fb2709dab,2025-07-30,,AVAILABLE,,,0.05,61.28,34.75,25.22
GCE3NHNACFZX,33.0,2025-07-29,Operation Hydra Case,,,136909.0,True,8a263bcf-7b89-4c09-83d7-7e67a4525eb6,2025-07-30,,AVAILABLE,,,0.05,61.28,34.75,25.22
G654TTUG5THW,33.0,2025-07-29,Operation Hydra Case,,,136909.0,True,aa8d61bc-0c9d-4b57-890a-ed57508206f6,2025-07-30,,AVAILABLE,,,0.05,61.28,34.75,25.22
GE8NDZHNPSEG,33.0,2025-07-29,Operation Hydra Case,,,136909.0,True,297ea1ac-d648-4702-9a3d-13aeee114ec2,2025-07-30,,AVAILABLE,,,0.05,61.28,34.75,25.22
G0SWF62GS7SF,33.0,2025-07-29,Operation Hydra Case,,,136909.0,True,a06ea37e-007f-4aae-bd99-1fd282bdf61a,2025-07-30,,AVAILABLE,,,0.05,61.28,34.75,25.22
GWZFDF27N45S,54.99,2025-07-29,Operation Bravo Case,,,257.0,True,4bd5133c-5423-4c55-8259-99632107f3eb,2025-07-30,,AVAILABLE,,,0.05,63.65,57.89,5.48
GTRPL6CZWNNE,55.0,2025-07-30,Operation Bravo Case,,,257.0,True,fa6c0265-3d34-4f5b-898b-fd263240a52f,2025-07-31,,AVAILABLE,,,0.05,63.65,57.91,5.47
G33X3NATP0KH,55.49,2025-07-30,Operation Bravo Case,,,257.0,True,74abb3d9-28e4-4bcb-99c4-7fb2d260da92,2025-07-31,,AVAILABLE,,,0.05,63.65,58.42,4.98
GT8T0URL4EUD,11.3,2025-07-31,CS:GO Weapon Case 2,,,927.0,True,08fb62da-40ae-4dcc-9e0b-732586807b21,2025-08-01,,AVAILABLE,,,0.05,13.67,11.91,1.69
GDC4U74RFUK5,11.3,2025-07-31,CS:GO Weapon Case 2,,,927.0,True,5b90b63d-b8ac-473c-b3e3-07a49b635d19,2025-08-01,,AVAILABLE,,,0.05,13.67,11.91,1.69
GCGKRDDTSU82,11.3,2025-07-31,CS:GO Weapon Case 2,,,927.0,True,f67257c7-6829-4a9c-8792-f54c4af43a44,2025-08-01,,AVAILABLE,,,0.05,13.67,11.91,1.69
GNRC7RSARC43,0.98,2025-08-01,Sticker | High Heat,,,55414367.0,True,6ccb1bed-8e25-4107-a586-c7001295fb30,2025-08-02,,AVAILABLE,,,0.05,1.48,1.04,0.43
GE3EPX8ASCKF,0.99,2025-08-01,Sticker | High Heat,,,55414367.0,True,81903ad1-8621-4be1-ab24-732385d0fdb3,2025-08-02,,AVAILABLE,,,0.05,1.48,1.05,0.42
G0AXLW520N4A,0.98,2025-08-01,Sticker | High Heat,,,55414367.0,True,640a99a4-264a-4df2-b66e-53b30a1fae3c,2025-08-02,,AVAILABLE,,,0.05,1.48,1.04,0.43
G5ZGT7DKNU99,1.23,2025-08-01,CS20 Case,,,5882447.0,True,6e2afefd-51ad-4841-8bc0-55caf9a672b5,2025-08-02,,AVAILABLE,,,0.05,1.42,1.31,0.12
GG6A7EDK94DW,1.23,2025-08-01,CS20 Case,,,5882447.0,True,053cc08f-8d3d-4c1f-9e10-dd3b53a2f5cc,2025-08-02,,AVAILABLE,,,0.05,1.42,1.31,0.12
GLCKEFXW824H,10.12,2025-08-01,Glove Case,,,29334.0,True,7f04b510-47ee-4b11-844f-0a3dd681e333,2025-08-02,,AVAILABLE,,,0.05,11.37,10.66,0.68
GT0PG2T4TKS5,1.09,2025-08-01,FAMAS | Rapid Eye Movement (Field-Tested),20.29,1bc8fd13-09f4-4d3f-84c7-f665587b55c5,64236092.0,False,1bc8fd13-09f4-4d3f-84c7-f665587b55c5,2025-08-02,,AVAILABLE,,,0.05,1.53,1.16,0.36
GWU4K7Z64PXE,1.23,2025-08-01,CS20 Case,,,5882447.0,True,1e92b209-102f-406b-9c68-4a7a40bab87e,2025-08-02,,AVAILABLE,,,0.05,1.42,1.31,0.12
G4WRPANU5U6L,10.1,2025-08-02,Sticker Capsule 2,,,234.0,True,fd012056-ffe7-4d31-8d44-fd53e4357b8d,2025-08-03,,AVAILABLE,,,0.05,11.39,10.64,0.72
G9CDC2HUNUUT,4.25,2025-08-03,AWP | Duality (Minimal Wear),14.54,769411fc-e443-4a70-9392-aa2d5368000f,64285255.0,False,769411fc-e443-4a70-9392-aa2d5368000f,2025-08-04,,AVAILABLE,,,0.05,5.21,4.48,0.7
GL9TA7EESX3E,1.85,2025-08-03,M4A4 | Tooth Fairy (Field-Tested),30.78,f82ba84c-5e0c-46a8-a322-f860494b9ea7,64285259.0,False,f82ba84c-5e0c-46a8-a322-f860494b9ea7,2025-08-04,,AVAILABLE,,,0.05,2.1,1.96,0.14
G3E75T6HLG73,4.7,2025-08-03,AWP | Duality (Minimal Wear),14.19,8b3b4481-6921-4ae0-9648-e29b87f49fba,64285264.0,False,8b3b4481-6921-4ae0-9648-e29b87f49fba,2025-08-04,,AVAILABLE,,,0.05,5.74,4.96,0.75
GSGT9SHFHF3D,2.93,2025-08-04,AK-47 | Searing Rage (Well-Worn),43.91,3fd09420-a482-40f4-aaf7-4c40107c4e43,64314912.0,False,3fd09420-a482-40f4-aaf7-4c40107c4e43,2025-08-05,,AVAILABLE,,,0.05,3.49,3.09,0.39
GP5P860FL58C,9.08,2025-08-04,Sticker Capsule 2,,,234.0,True,5d91ced8-7e3c-47d7-9f1c-067837cd5f87,2025-08-05,,AVAILABLE,,,0.05,10.1,9.57,0.51
GHHSHG3NPZK9,3.0,2025-08-04,Gamma 2 Case,,,726.0,True,7848b279-d056-48f8-9f9a-6e0fdfee4958,2025-08-05,,AVAILABLE,,,0.05,3.42,3.17,0.25
GFN269PR3333,3.0,2025-08-04,Gamma Case,,,230.0,True,5629de8a-e390-4e03-baa7-791359d13755,2025-08-05,,AVAILABLE,,,0.05,3.35,3.17,0.18
G6GCELD3WDGN,4.0,2025-08-04,Spectrum Case,,,89914.0,True,a85df78e-b23a-4765-9834-a07b93af9b76,2025-08-05,,AVAILABLE,,,0.05,4.47,4.22,0.25
GX5W3FG8ATXZ,4.0,2025-08-04,Spectrum Case,,,89914.0,True,51cb77e6-f901-4330-abd5-ccf2237476c7,2025-08-05,,AVAILABLE,,,0.05,4.47,4.22,0.25
GX9A9GP6HPFD,4.0,2025-08-04,Spectrum Case,,,89914.0,True,dd9e934e-0176-419a-8a75-bf3df03eb0af,2025-08-05,,AVAILABLE,,,0.05,4.47,4.22,0.25
GT99NWR7X9RP,2.34,2025-08-04,MP9 | Starlight Protector (Field-Tested),34.4,4e07099e-c722-45d2-86bf-7f0aa9c9fdc2,64314906.0,False,4e07099e-c722-45d2-86bf-7f0aa9c9fdc2,2025-08-05,,AVAILABLE,,,0.05,3.53,2.47,1.01
GX58EP5SNK5U,3.0,2025-08-04,Gamma Case,,,230.0,True,6085bebc-80b9-4b8c-81bc-82546a7f9e81,2025-08-05,,AVAILABLE,,,0.05,3.35,3.17,0.18
GS5X4DK44R6H,9.88,2025-08-05,AK-47 | Wintergreen (Minimal Wear),15.0,c3b7946c-b9dc-441b-a27f-c5cd6d39a09c,64360103.0,False,c3b7946c-b9dc-441b-a27f-c5cd6d39a09c,2025-08-06,,AVAILABLE,,,0.05,11.03,10.41,0.6
GSZLX2F3PP3A,6.75,2025-08-05,USP-S | Tropical Breeze (Factory New),4.73,1a93fcfe-b869-485d-8d2b-02504c5268be,64360100.0,False,1a93fcfe-b869-485d-8d2b-02504c5268be,2025-08-06,,AVAILABLE,,,0.05,7.83,7.12,0.69
G00WLLSTXC85,1.02,2025-08-05,FAMAS | Rapid Eye Movement (Field-Tested),24.64,099659b0-4fc8-4ca1-8680-9d4b92ab706f,64360089.0,False,099659b0-4fc8-4ca1-8680-9d4b92ab706f,2025-08-06,,AVAILABLE,,,0.05,1.53,1.08,0.43
GWSSNZWU49N2,9.07,2025-08-05,Sticker Capsule 2,,,234.0,True,fa3f767b-1ed8-468a-8f4e-3f157ef396e6,2025-08-06,,AVAILABLE,,,0.05,10.07,9.56,0.5
GXT2EN5DD8KD,1.09,2025-08-05,FAMAS | Rapid Eye Movement (Field-Tested),31.88,d0f6244b-bf12-469b-8c91-c8dcf5a49602,64360097.0,False,d0f6244b-bf12-469b-8c91-c8dcf5a49602,2025-08-06,,AVAILABLE,,,0.05,1.53,1.16,0.36
GZE4UPWTCEFP,1.49,2025-08-08,Anubis Collection Package,,,44819636.0,True,6c7fa386-4ed1-41a0-8af2-a9dde94d3879,2025-08-09,,AVAILABLE,,,0.05,1.82,1.58,0.24
GR8AEZZ27WUK,1.49,2025-08-08,Anubis Collection Package,,,44819636.0,True,6bc91b1c-175e-4f95-84f0-04f448db4e1f,2025-08-09,,AVAILABLE,,,0.05,1.82,1.58,0.24
G30G6HE3NP7S,1.49,2025-08-08,Anubis Collection Package,,,44819636.0,True,f11f5869-6d10-4526-9cad-2a7256b3de85,2025-08-09,,AVAILABLE,,,0.05,1.82,1.58,0.24
GHX87G04KFRG,13.0,2025-08-09,AK-47 | Midnight Laminate (Field-Tested),31.89,0423a21d-c91e-4a06-b0ee-a7c9d452a8d3,64521904.0,False,0423a21d-c91e-4a06-b0ee-a7c9d452a8d3,2025-08-10,,AVAILABLE,,,0.05,15.14,13.69,1.38
GSKNZ9ZATETU,55.0,2025-08-09,AWP | Printstream (Field-Tested),35.45,4502ebe1-f3ef-4fba-aac9-e9bf218bc0b2,64521919.0,False,4502ebe1-f3ef-4fba-aac9-e9bf218bc0b2,2025-08-10,,AVAILABLE,,,0.05,62.33,57.91,4.21
GX6X3CLSN53F,1.63,2025-08-10,Anubis Collection Package,,,44819636.0,True,c44bc63d-687d-45e0-b41b-7b5fcea0b57f,2025-08-11,,AVAILABLE,,,0.05,1.84,1.73,0.12
GZDU9NKXSNAG,1.63,2025-08-10,Anubis Collection Package,,,44819636.0,True,68ff25ef-a4ec-4556-a5a1-9f1e45f3e36a,2025-08-11,,AVAILABLE,,,0.05,1.84,1.73,0.12
GKKE0A07KRUW,1.63,2025-08-10,Anubis Collection Package,,,44819636.0,True,81562e8a-6a76-4515-b618-cb4f31466b4e,2025-08-11,,AVAILABLE,,,0.05,1.84,1.73,0.12
GP4L5PXFNR3K,11.8,2025-08-11,AK-47 | Midnight Laminate (Field-Tested),33.3,d65b7f3b-ca15-4c53-ba9c-4ea40bfdfdfb,64623067.0,False,d65b7f3b-ca15-4c53-ba9c-4ea40bfdfdfb,2025-08-12,,AVAILABLE,,,0.05,13.68,12.43,1.2
G340ATWAF367,0.3,2025-08-11,Desert Eagle | Serpent Strike (Field-Tested),27.93,4bced71f-d024-4ec7-93c0-26f9c2ed9f68,64623069.0,False,4bced71f-d024-4ec7-93c0-26f9c2ed9f68,2025-08-12,,AVAILABLE,,,0.05,0.45,0.33,0.13
GCW9FNAXHFRW,0.97,2025-08-11,FAMAS | Rapid Eye Movement (Field-Tested),27.88,7019b8e0-3312-4152-92d9-c19d72d99036,64623073.0,False,7019b8e0-3312-4152-92d9-c19d72d99036,2025-08-12,,AVAILABLE,,,0.05,1.53,1.03,0.48
GN9W9E5FXN63,8.68,2025-08-11,AK-47 | Wintergreen (Minimal Wear),13.72,880632b2-23f4-4ae9-bb41-6f36208515ad,64623075.0,False,880632b2-23f4-4ae9-bb41-6f36208515ad,2025-08-12,,AVAILABLE,,,0.05,10.02,9.15,0.84
G799H690S676,0.28,2025-08-12,Desert Eagle | Serpent Strike (Field-Tested),25.04,2f9cdbf4-38e6-49f8-8acf-9a85e779847a,64697446.0,False,2f9cdbf4-38e6-49f8-8acf-9a85e779847a,2025-08-13,,AVAILABLE,,,0.05,0.45,0.31,0.15
G3NS8WSXZRH2,3.7,2025-08-13,AK-47 | Searing Rage (Field-Tested),25.05,e6b70efe-ea82-4f5e-bbb6-edd4278a7828,64795472.0,False,e6b70efe-ea82-4f5e-bbb6-edd4278a7828,2025-08-14,,AVAILABLE,,,0.05,4.16,3.91,0.25
GWH2X3UF4WRH,3.7,2025-08-13,AK-47 | Searing Rage (Field-Tested),37.46,ec19691d-496a-4a9d-a057-49d42c024a81,64795473.0,False,ec19691d-496a-4a9d-a057-49d42c024a81,2025-08-14,,AVAILABLE,,,0.05,4.16,3.91,0.25
G40R7K5ZUDRT,3.7,2025-08-13,AK-47 | Searing Rage (Field-Tested),35.83,78c6c939-934a-466f-88be-17c3805447b2,64795456.0,False,78c6c939-934a-466f-88be-17c3805447b2,2025-08-14,,AVAILABLE,,,0.05,4.16,3.91,0.25
G0UT36LZP620,0.29,2025-08-13,Desert Eagle | Serpent Strike (Field-Tested),24.2,cace12dd-4c25-45b1-b88e-f2992f6c6b6b,64795457.0,False,cace12dd-4c25-45b1-b88e-f2992f6c6b6b,2025-08-14,,AVAILABLE,,,0.05,0.45,0.32,0.14
GNU7N0XD3WG4,3.7,2025-08-13,AK-47 | Searing Rage (Field-Tested),30.75,2a7da27f-2623-4827-803d-9b246741bc4b,64795455.0,False,2a7da27f-2623-4827-803d-9b246741bc4b,2025-08-14,,AVAILABLE,,,0.05,4.16,3.91,0.25
GCP5G92S5THA,11.02,2025-08-15,Desert Eagle | Mulberry (Field-Tested),32.58,2bb5743b-5312-4fb9-af91-0520369bb74f,64830676.0,False,2bb5743b-5312-4fb9-af91-0520369bb74f,2025-08-16,,AVAILABLE,,,0.05,14.05,11.61,2.33
GNNSTHRW67GR,3.11,2025-08-15,AK-47 | Searing Rage (Field-Tested),30.16,d19883a3-0964-4231-91fc-6a3fccc84d3f,64830678.0,False,d19883a3-0964-4231-91fc-6a3fccc84d3f,2025-08-16,,AVAILABLE,,,0.05,3.69,3.28,0.4
GSW0U2XZR7LE,35.99,2025-08-15,AWP | Printstream (Battle-Scarred),90.7,9ee31dc1-7cbf-4b23-b966-3590f3b20543,64830709.0,False,9ee31dc1-7cbf-4b23-b966-3590f3b20543,2025-08-16,,AVAILABLE,,,0.05,43.89,37.89,5.71
GZEF0S3PLTZS,9.93,2025-08-16,Sticker Capsule 2,,,234.0,True,677b6481-2529-47e0-8599-df699388214a,2025-08-17,,AVAILABLE,,,0.05,11.39,10.46,0.89
G9EE63G5FG0T,6.62,2025-08-16,AK-47 | Nightwish (Field-Tested),29.14,3db0b683-4b6f-41bb-be65-8a857f4c7c9f,64838513.0,False,3db0b683-4b6f-41bb-be65-8a857f4c7c9f,2025-08-17,,AVAILABLE,,,0.05,7.71,6.98,0.7
G23PCLLAKRK9,2.67,2025-08-16,AK-47 | Searing Rage (Well-Worn),43.34,4394b860-fb57-40ae-ab58-83bc73cbe8b8,64838514.0,False,4394b860-fb57-40ae-ab58-83bc73cbe8b8,2025-08-17,,AVAILABLE,,,0.05,2.98,2.82,0.16
GSZFPES8RWZ9,0.29,2025-08-17,Rio 2022 Champions Autograph Capsule,,,42680925.0,True,4c8d7cb2-f670-4394-8234-3dd0274f1db9,2025-08-18,,AVAILABLE,,,0.05,0.34,0.32,0.03
GWNCKFUKHF8A,0.29,2025-08-17,Rio 2022 Champions Autograph Capsule,,,42680925.0,True,596438fe-219f-4375-b05a-efee82e7c488,2025-08-18,,AVAILABLE,,,0.05,0.34,0.32,0.03
GK0PCZTWAKT8,0.29,2025-08-17,Rio 2022 Champions Autograph Capsule,,,42680925.0,True,06f96470-b0dd-47ab-8351-4bdd5d6fb271,2025-08-18,,AVAILABLE,,,0.05,0.34,0.32,0.03
GKAC2C4DEUS3,3.0,2025-08-17,Gamma Case,,,230.0,True,9751b1ff-1a18-4239-a5e1-dda9024b0ef3,2025-08-18,,AVAILABLE,,,0.05,3.35,3.17,0.18
GK7DE5LCUWUS,3.0,2025-08-17,Gamma Case,,,230.0,True,4507c951-ce57-4f4c-872d-97f536a44de7,2025-08-18,,AVAILABLE,,,0.05,3.35,3.17,0.18
GEHL3T483CXU,0.29,2025-08-17,Rio 2022 Champions Autograph Capsule,,,42680925.0,True,30a87e11-f249-45a7-9c0a-98bb08c5e0c1,2025-08-18,,AVAILABLE,,,0.05,0.34,0.32,0.03
GT8L2Z444GT0,1.2,2025-08-18,Prisma Case,,,2514665.0,True,3450c498-4834-4a75-b566-43f1708d92e1,2025-08-19,,AVAILABLE,,,0.05,1.36,1.27,0.09
GWE0G859UWNU,3.93,2025-08-19,Zeus x27 | Olympus (Field-Tested),27.98,0ee02521-2a0b-4327-bde6-e19a98ae9ce7,64850430.0,False,0ee02521-2a0b-4327-bde6-e19a98ae9ce7,2025-08-20,,AVAILABLE,,,0.05,4.59,4.15,0.43
G64NP3ZPW47G,7.0,2025-08-20,Operation Breakout Weapon Case,,,256.0,True,9ca832f5-0ff1-4029-8062-37e2c84baef3,2025-08-21,,AVAILABLE,,,0.05,7.78,7.38,0.39
GXTC47EC9C28,7.0,2025-08-20,Operation Breakout Weapon Case,,,256.0,True,4c7b4d2d-a714-4f37-b08c-007d8cdd4b24,2025-08-21,,AVAILABLE,,,0.05,7.78,7.38,0.39
G880W6SNZ2RS,7.0,2025-08-20,Operation Breakout Weapon Case,,,256.0,True,da22e314-c737-488f-bdbb-d1d9733f15dc,2025-08-21,,AVAILABLE,,,0.05,7.78,7.38,0.39
GX2FA3HFNC48,7.0,2025-08-20,Operation Breakout Weapon Case,,,256.0,True,df144f5a-d80f-4dc5-a817-28e20e259918,2025-08-21,,AVAILABLE,,,0.05,7.78,7.38,0.39
G66W9PPE5KT9,1.6,2025-08-20,Zeus x27 | Electric Blue (Factory New),6.98,e00f5492-98de-4aca-b744-5804ac3e7451,64853927.0,False,e00f5492-98de-4aca-b744-5804ac3e7451,2025-08-21,,AVAILABLE,,,0.05,2.18,1.69,0.47
G8SUAFEXSK2H,7.0,2025-08-20,Operation Breakout Weapon Case,,,256.0,True,1a028190-e69b-4318-8d21-89131717f6b8,2025-08-21,,AVAILABLE,,,0.05,7.78,7.38,0.39
GR89PGTD98RR,2.48,2025-08-20,AK-47 | Searing Rage (Well-Worn),42.18,1398215d-4f06-45ad-8f9b-635c3f9f97eb,64853922.0,False,1398215d-4f06-45ad-8f9b-635c3f9f97eb,2025-08-21,,AVAILABLE,,,0.05,2.94,2.62,0.31
G9R32CS2C6GF,7.0,2025-08-20,Operation Breakout Weapon Case,,,256.0,True,a60dd4cc-ed04-42a2-a9dd-e7c495400616,2025-08-21,,AVAILABLE,,,0.05,7.78,7.38,0.39
GTK6GZTCL6AL,1.6,2025-08-20,Zeus x27 | Electric Blue (Factory New),6.47,22a7371c-07ae-4f53-9ff9-70bbaee600ca,64853926.0,False,22a7371c-07ae-4f53-9ff9-70bbaee600ca,2025-08-21,,AVAILABLE,,,0.05,2.18,1.69,0.47
G443A3E5GF9K,10.07,2025-08-21,Sticker Capsule 2,,,234.0,True,059ca5c0-1fe3-4654-bb1d-0201a7c604cc,2025-08-22,,AVAILABLE,,,0.05,11.39,10.61,0.75
G6RLW4XDN62Z,6.86,2025-08-21,CS:GO Weapon Case 3,,,5355.0,True,de9be8d5-23e0-4059-937d-61459f8d051e,2025-08-22,,AVAILABLE,,,0.05,7.68,7.23,0.44
GANX7E2S3KPR,3.06,2025-08-21,Glock-18 | Shinobu (Well-Worn),41.91,ae2bdf25-0faa-4e65-83ba-ec548f86a0b2,64857825.0,False,ae2bdf25-0faa-4e65-83ba-ec548f86a0b2,2025-08-22,,AVAILABLE,,,0.05,3.69,3.23,0.45
GA4209EEWXG2,1.6,2025-08-21,Zeus x27 | Electric Blue (Factory New),6.6,dc02b3e0-081f-4854-906e-507e314752e4,64857827.0,False,dc02b3e0-081f-4854-906e-507e314752e4,2025-08-22,,AVAILABLE,,,0.05,2.18,1.69,0.47
G7R87G5HUXF2,1.6,2025-08-21,Zeus x27 | Electric Blue (Factory New),6.56,b48c00a1-07ef-4fd4-bc3b-81666863b740,64857828.0,False,b48c00a1-07ef-4fd4-bc3b-81666863b740,2025-08-22,,AVAILABLE,,,0.05,2.18,1.69,0.47
GZ4S5S7306FA,0.85,2025-08-21,Clutch Case,,,767005.0,True,7c074e0b-4675-4ca3-a547-c5338626ec10,2025-08-22,,AVAILABLE,,,0.05,0.98,0.91,0.08
G6EZTGRSPZXW,7.25,2025-08-21,CS:GO Weapon Case 3,,,5355.0,True,00209de0-ffb5-495a-b33d-26da964da182,2025-08-22,,AVAILABLE,,,0.05,8.25,7.64,0.59
G4FE8G4FCGFH,2.35,2025-08-22,AK-47 | Wintergreen (Field-Tested),33.54,46185fb2-45d2-485f-a452-ef2140b9ee50,64866905.0,False,46185fb2-45d2-485f-a452-ef2140b9ee50,2025-08-23,,AVAILABLE,,,0.05,2.63,2.48,0.15
G425PEWRSLKW,2.29,2025-08-23,AK-47 | Wintergreen (Field-Tested),37.51,fb180f8c-bc17-44a9-9726-b5fa0e7e3f2e,64870385.0,False,fb180f8c-bc17-44a9-9726-b5fa0e7e3f2e,2025-08-24,,AVAILABLE,,,0.05,2.63,2.42,0.21
GSTKH0PTN7AU,2.29,2025-08-23,AK-47 | Wintergreen (Field-Tested),33.72,68cc5e73-6120-432a-b217-ecc2d572e909,64870386.0,False,68cc5e73-6120-432a-b217-ecc2d572e909,2025-08-24,,AVAILABLE,,,0.05,2.63,2.42,0.21
GAFD0TGTZFHH,2.29,2025-08-23,AK-47 | Wintergreen (Field-Tested),30.78,dc7f349c-72e6-45bb-9061-5f8650ffaea7,64870387.0,False,dc7f349c-72e6-45bb-9061-5f8650ffaea7,2025-08-24,,AVAILABLE,,,0.05,2.63,2.42,0.21
G7WKGCHRW90T,2.5,2025-08-24,Glock-18 | Shinobu (Well-Worn),43.75,e70866d1-ec0b-48e2-a912-d9c1f3d2704f,64875656.0,False,e70866d1-ec0b-48e2-a912-d9c1f3d2704f,2025-08-25,,AVAILABLE,,,0.05,2.85,2.64,0.21
GP0KAAZC7DUU,1.74,2025-08-24,P250 | Visions (Field-Tested),30.55,73093b1e-206a-4e51-8e62-b1b61cd5fdc3,64875649.0,False,73093b1e-206a-4e51-8e62-b1b61cd5fdc3,2025-08-25,,AVAILABLE,,,0.05,1.96,1.84,0.12
GH7PLK0ELS5A,2.51,2025-08-24,Glock-18 | Shinobu (Well-Worn),43.59,bd375faf-c854-41ea-a2c1-6c0079c3cd44,64875650.0,False,bd375faf-c854-41ea-a2c1-6c0079c3cd44,2025-08-25,,AVAILABLE,,,0.05,2.85,2.65,0.2
GD5DPZS9RT5H,3.8,2025-08-26,Spectrum Case,,,89914.0,True,5d34e777-7f20-4586-9d74-ab7629539877,2025-08-27,,AVAILABLE,,,0.05,4.28,4.01,0.27
G7EGL27K8F58,3.8,2025-08-26,Spectrum Case,,,89914.0,True,350dce7b-ecfe-4021-bb36-5f7ce9c64ca5,2025-08-27,,AVAILABLE,,,0.05,4.28,4.01,0.27
GH5ZLG9652HX,3.8,2025-08-26,Spectrum Case,,,89914.0,True,7ed0f6d2-d288-42f7-85d5-04554a02112c,2025-08-27,,AVAILABLE,,,0.05,4.28,4.01,0.27
GA059GS2T3HZ,1.2,2025-08-28,Zeus x27 | Electric Blue (Factory New),6.37,698d8428-820e-41da-8b69-7b8c394a988e,64898293.0,False,698d8428-820e-41da-8b69-7b8c394a988e,2025-08-29,,AVAILABLE,,,0.06,1.47,1.29,0.18
GUF74U8A5K8L,2.07,2025-08-28,Sticker | Ouchie (Foil),,,49017107.0,True,a09b2bfd-47f3-4469-af66-0be608e2e81e,2025-08-29,,AVAILABLE,,,0.06,4.18,2.21,1.86
GHNK6W0DUA29,2.07,2025-08-28,Sticker | Ouchie (Foil),,,49017107.0,True,10217fdc-ed9e-4d8f-8516-2148a17ecd9f,2025-08-29,,AVAILABLE,,,0.06,4.18,2.21,1.86
GNRNPX7LGH9G,2.07,2025-08-28,Sticker | Ouchie (Foil),,,49017107.0,True,8b0daf8a-1f12-4c65-8b3a-9d19d43880e4,2025-08-29,,AVAILABLE,,,0.06,4.18,2.21,1.86
GLP3FDGKDWP0,2.07,2025-08-28,Sticker | Ouchie (Foil),,,49017107.0,True,f0166dac-5b8c-41b5-b5ae-ffaf78700711,2025-08-29,,AVAILABLE,,,0.06,4.18,2.21,1.86
GTLSDNAL0FL7,2.07,2025-08-28,Sticker | Ouchie (Foil),,,49017107.0,True,27a2678b-5dc9-42e0-bbba-45b881e009a8,2025-08-29,,AVAILABLE,,,0.06,4.18,2.21,1.86
GUGHS0Z6FWP3,5.99,2025-08-29,Shattered Web Case,,,7191070.0,True,6dabc4b8-9f7c-410b-b838-a153327babbd,2025-08-30,,AVAILABLE,,,0.06,6.95,6.38,0.54
GKKDC706F77Z,5.99,2025-08-29,Shattered Web Case,,,7191070.0,True,5fbd0759-bd1b-48f3-80ac-b0f3ec8a8cb6,2025-08-30,,AVAILABLE,,,0.06,6.95,6.38,0.54
GLGZCTFFHX8P,5.99,2025-08-29,Shattered Web Case,,,7191070.0,True,f0428083-4157-423c-868c-07e4be60df7e,2025-08-30,,AVAILABLE,,,0.06,6.95,6.38,0.54
G9TDLK3AWTDR,5.99,2025-08-29,Shattered Web Case,,,7191070.0,True,b727ab2f-1755-4c38-8aed-7f16f94c7375,2025-08-30,,AVAILABLE,,,0.06,6.95,6.38,0.54
GLADTU44CH2E,5.99,2025-08-29,Shattered Web Case,,,7191070.0,True,d5c146b2-1bc1-4f66-badb-66a148c38e90,2025-08-30,,AVAILABLE,,,0.06,6.95,6.38,0.54
GRNHE398DCND,5.99,2025-08-29,Shattered Web Case,,,7191070.0,True,d6ce11e6-f071-4eb6-8272-762c6bf17d3c,2025-08-30,,AVAILABLE,,,0.06,6.95,6.38,0.54
G28WDFWK052P,7.41,2025-08-29,AK-47 | Wintergreen (Minimal Wear),14.85,65a6b3cd-b15d-4563-bf84-2bfbd80e71b6,64904615.0,False,65a6b3cd-b15d-4563-bf84-2bfbd80e71b6,2025-08-30,,AVAILABLE,,,0.06,8.92,7.89,0.97
GAS0ZCP5Z0K5,2.31,2025-08-30,Sticker | Natus Vincere (Gold) | 2020 RMR,,,30582050.0,True,ba85f94e-c3eb-401c-b0c3-b38026611978,2025-08-31,,AVAILABLE,,,0.06,2.94,2.47,0.45
GTG483L8WNTE,3.6,2025-08-30,Zeus x27 | Olympus (Field-Tested),28.79,96688ee9-a2dc-4c67-b213-b6b9b2b80089,64908337.0,False,96688ee9-a2dc-4c67-b213-b6b9b2b80089,2025-08-31,,AVAILABLE,,,0.06,4.59,3.84,0.71
G8430Z68H6HC,2.31,2025-08-30,Sticker | Natus Vincere (Gold) | 2020 RMR,,,30582050.0,True,e921a165-0373-4854-857c-6783f3fa2f34,2025-08-31,,AVAILABLE,,,0.06,2.94,2.47,0.45
GALT2GD7W827,0.25,2025-08-31,Shanghai 2024 Legends Autograph Capsule,,,57328788.0,True,fca712f1-ed4b-462e-a3e6-dabe35358900,2025-09-01,,AVAILABLE,,,0.06,0.35,0.28,0.08
G2089PUK36FP,0.25,2025-08-31,Shanghai 2024 Legends Autograph Capsule,,,57328788.0,True,399d5cc8-ba37-4ad4-9ba8-c22d2f46ec80,2025-09-01,,AVAILABLE,,,0.06,0.35,0.28,0.08
G0XA2GE60G2H,0.25,2025-08-31,Shanghai 2024 Legends Autograph Capsule,,,57328788.0,True,1e48ee5e-cbed-4e38-9472-48c80eb6c509,2025-09-01,,AVAILABLE,,,0.06,0.35,0.28,0.08
GE3LEDP63RW3,0.25,2025-08-31,Shanghai 2024 Legends Autograph Capsule,,,57328788.0,True,f5b57acc-22c9-4b7a-b1c1-1ab20fe13160,2025-09-01,,AVAILABLE,,,0.06,0.35,0.28,0.08
GLGC05CUKGEC,1.24,2025-09-03,Desert Eagle | Heat Treated (Field-Tested),28.28,b81eb745-a35a-4f73-bda1-8698952a3b03,64925020.0,False,b81eb745-a35a-4f73-bda1-8698952a3b03,2025-09-04,,AVAILABLE,,,0.06,1.55,1.33,0.22
GKKDC9SZU3SX,7.0,2025-09-03,AK-47 | Wintergreen (Minimal Wear),13.57,5107abc2-2610-4895-b561-6f93976e2165,64925024.0,False,5107abc2-2610-4895-b561-6f93976e2165,2025-09-04,,AVAILABLE,,,0.06,8.17,7.46,0.68
G7W4PER9HPW5,1.24,2025-09-03,Desert Eagle | Heat Treated (Field-Tested),24.42,b6ad728f-2bed-41f8-afc8-c5111b039b5f,64925026.0,False,b6ad728f-2bed-41f8-afc8-c5111b039b5f,2025-09-04,,AVAILABLE,,,0.06,1.55,1.33,0.22
G5ZPGR4ZWPHE,9.49,2025-09-04,Desert Eagle | Mulberry (Field-Tested),27.53,4f33dc1e-16d4-4390-9d87-fece046df1f2,64928537.0,False,4f33dc1e-16d4-4390-9d87-fece046df1f2,2025-09-05,,AVAILABLE,,,0.06,10.68,10.11,0.55
GKFNU3RR96G8,1.71,2025-09-08,M4A4 | Tooth Fairy (Field-Tested),31.37,b433a42c-2cf7-4246-bdc4-c5fcd2b618fb,64949424.0,False,b433a42c-2cf7-4246-bdc4-c5fcd2b618fb,2025-09-09,,AVAILABLE,,,0.06,2.1,1.83,0.26
G33CWG4LKUFS,1.22,2025-09-09,Desert Eagle | Heat Treated (Field-Tested),36.13,2475acff-4952-4f20-b483-5c2100a7e135,64954377.0,False,2475acff-4952-4f20-b483-5c2100a7e135,2025-09-10,,AVAILABLE,,,0.06,1.55,1.31,0.24
GZ8N9UTZ8C5L,4.16,2025-09-09,StatTrak™ Desert Eagle | Trigger Discipline (Minimal Wear),13.62,c3b09f5c-1612-40d4-8df0-a08767801a0a,64954372.0,False,c3b09f5c-1612-40d4-8df0-a08767801a0a,2025-09-10,,AVAILABLE,,,0.06,6.4,4.44,1.86
GXTGCDCXW6HW,6.98,2025-09-09,AK-47 | Wintergreen (Minimal Wear),9.31,4cc6fad8-13a7-40e4-b91b-dd71bf0e5a6e,64954374.0,False,4cc6fad8-13a7-40e4-b91b-dd71bf0e5a6e,2025-09-10,,AVAILABLE,,,0.06,8.17,7.44,0.7
G0X2XG0PL2FW,1.74,2025-09-10,StatTrak™ M4A1-S | Night Terror (Field-Tested),22.0,cfaf7e65-4631-407b-9a16-7c0c25926e1c,64960944.0,False,cfaf7e65-4631-407b-9a16-7c0c25926e1c,2025-09-11,,AVAILABLE,,,0.06,2.15,1.86,0.28
GD5ASFWNP9LN,0.72,2025-09-10,Glock-18 | Nuclear Garden (Field-Tested),33.52,7c2299f5-8767-4b24-aa28-54fbbece006f,64960942.0,False,7c2299f5-8767-4b24-aa28-54fbbece006f,2025-09-11,,AVAILABLE,,,0.06,0.99,0.78,0.21
GFUUC0KSLS9S,0.12,2025-09-10,Sticker | Boom Blast (Glitter),,,55517817.0,True,7bb3488d-da49-465c-9311-5d7820514631,2025-09-11,,AVAILABLE,,,0.06,0.38,0.14,0.24
GL9CR0AA39SA,0.12,2025-09-10,Sticker | Boom Blast (Glitter),,,55517817.0,True,e83bfc67-e7cb-45a6-9263-2a480808c318,2025-09-11,,AVAILABLE,,,0.06,0.38,0.14,0.24
GLCNNS9XK758,0.12,2025-09-10,Sticker | Boom Blast (Glitter),,,55517817.0,True,a5fe4e1b-e25c-4fcf-b3db-c19e24c21b2b,2025-09-11,,AVAILABLE,,,0.06,0.38,0.14,0.24
G8U96W5795GW,5.74,2025-09-12,StatTrak™ Desert Eagle | Trigger Discipline (Minimal Wear),13.17,92172882-3c06-4c80-a8b0-605df75ad6ce,64975819.0,False,92172882-3c06-4c80-a8b0-605df75ad6ce,2025-09-13,,AVAILABLE,,,0.06,6.65,6.12,0.51
GPRG7ZNKFF4G,1.52,2025-09-12,Sticker | Fluxo (Holo) | Paris 2023,,,45155974.0,True,8e70ff35-dc3f-4504-84ca-7d6c8699d27f,2025-09-13,,AVAILABLE,,,0.06,2.44,1.63,0.77
GPLHUNTKXECS,1.28,2025-09-12,M4A1-S | Nitro (Minimal Wear),14.05,c79bb64a-6174-4bc4-948c-35f1a3b4064d,64975815.0,False,c79bb64a-6174-4bc4-948c-35f1a3b4064d,2025-09-13,,AVAILABLE,,,0.06,1.71,1.37,0.33
GZ94KNCA8DTU,1.28,2025-09-12,M4A1-S | Nitro (Minimal Wear),12.7,b5364079-4eb4-4edc-9de5-ecac2825e039,64975816.0,False,b5364079-4eb4-4edc-9de5-ecac2825e039,2025-09-13,,AVAILABLE,,,0.06,1.71,1.37,0.33
GUWPDLH9CS3N,3.2,2025-09-12,Desert Eagle | Heat Treated (Minimal Wear),14.1,e13d4fd2-ae60-4a91-836f-e6e67842b990,64975818.0,False,e13d4fd2-ae60-4a91-836f-e6e67842b990,2025-09-13,,AVAILABLE,,,0.06,4.25,3.41,0.79
G9LCAZN2F6SF,1.55,2025-09-13,M4A1-S | Nitro (Minimal Wear),14.01,931a2b47-48ea-4773-9062-a0ce1fdd3629,64981320.0,False,931a2b47-48ea-4773-9062-a0ce1fdd3629,2025-09-14,,AVAILABLE,,,0.06,1.91,1.66,0.25
GDXDC75KZ2KF,10.35,2025-09-13,eSports 2014 Summer Case,,,4300.0,True,2faccd39-2cef-4c62-9df7-a90398ec29ed,2025-09-14,,AVAILABLE,,,0.06,11.59,11.02,0.54
GE0GT2EXHKRZ,10.35,2025-09-13,eSports 2014 Summer Case,,,4300.0,True,3b7a9a30-f347-4919-b3c0-0da047903238,2025-09-14,,AVAILABLE,,,0.06,11.59,11.02,0.54
GRHSGH4SRCX9,10.35,2025-09-14,eSports 2014 Summer Case,,,4300.0,True,0ce05062-21f2-48b2-825b-39ac68144c48,2025-09-15,,AVAILABLE,,,0.06,11.59,11.02,0.54
G6K0G7XSD5RU,9.0,2025-09-14,Desert Eagle | Mulberry (Field-Tested),29.76,095e497a-976d-405d-9145-0771e5f8821c,64986649.0,False,095e497a-976d-405d-9145-0771e5f8821c,2025-09-15,,AVAILABLE,,,0.06,9.99,9.59,0.39
GF9S90NZK8CK,0.12,2025-09-14,Sticker | Heroic (Glitter) | Copenhagen 2024,,,50406164.0,True,78d8e6b6-8830-4657-869f-862b4dbfa2fc,2025-09-15,,AVAILABLE,,,0.06,0.18,0.14,0.05
G7DC34TFKSSN,11.59,2025-09-14,AK-47 | Midnight Laminate (Field-Tested),32.71,833620c1-88cd-4ca8-ab5a-2d2fb1ecc5a5,64986651.0,False,833620c1-88cd-4ca8-ab5a-2d2fb1ecc5a5,2025-09-15,,AVAILABLE,,,0.06,12.79,12.34,0.43
GTT50HFK4EZC,3.84,2025-09-15,Stockholm 2021 Legends Sticker Capsule,,,36642166.0,True,b2febcdc-1bbd-485f-81f8-5fe57565d2ab,2025-10-02,,AVAILABLE,,,0.07,5.86,4.14,1.61
GLKS055N00A5,3.84,2025-09-15,Stockholm 2021 Legends Sticker Capsule,,,36642166.0,True,10c3c039-19c3-4dc6-9dfa-89ba0f6a2977,2025-09-16,,AVAILABLE,,,0.06,5.86,4.1,1.67
GDCT56SRUWAS,3.84,2025-09-15,Stockholm 2021 Legends Sticker Capsule,,,36642166.0,True,7509adab-dbcf-4e71-a16f-4cd62cb4ea8b,2025-09-16,,AVAILABLE,,,0.06,5.86,4.1,1.67
G8PXC2U7EGRU,3.84,2025-09-15,Stockholm 2021 Legends Sticker Capsule,,,36642166.0,True,c9811f40-85b8-41c8-b400-4dfed2ca6941,2025-09-16,,AVAILABLE,,,0.06,5.86,4.1,1.67
GGKSCDHNWN8K,3.84,2025-09-15,Stockholm 2021 Legends Sticker Capsule,,,36642166.0,True,1dca9c53-21db-4896-b921-05d43226065b,2025-09-16,,AVAILABLE,,,0.06,5.86,4.1,1.67
GUC0NT8S6SL0,3.84,2025-09-15,Stockholm 2021 Legends Sticker Capsule,,,36642166.0,True,f3903255-ca47-4387-a7b4-3a166f0e8b5b,2025-09-16,,AVAILABLE,,,0.06,5.86,4.1,1.67
GG6D9DZSAH8Z,3.84,2025-09-15,Stockholm 2021 Legends Sticker Capsule,,,36642166.0,True,c2a58123-9980-44ee-aa74-ed08bfdb0877,2025-09-16,,AVAILABLE,,,0.06,5.86,4.1,1.67
GRU7H52KL9SN,3.84,2025-09-15,Stockholm 2021 Legends Sticker Capsule,,,36642166.0,True,78ada572-5f76-4606-ad8c-3e2178eceecc,2025-09-16,,AVAILABLE,,,0.06,5.86,4.1,1.67
GSU5ZU832PG9,3.84,2025-09-15,Stockholm 2021 Legends Sticker Capsule,,,36642166.0,True,bb1ff470-df6b-4577-be18-77eb2b397bfe,2025-09-16,,AVAILABLE,,,0.06,5.86,4.1,1.67
GHZ357NP5X6H,4.0,2025-09-15,Sticker | Ninjas in Pyjamas (Holo) | Stockholm 2021,,,36663838.0,True,062e2dd6-dd17-4c3d-82c1-4390f7c57504,2025-09-16,,AVAILABLE,,,0.06,7.56,4.27,3.11
G8TUXSGSGUR8,0.18,2025-09-15,Sticker | ZywOo (Glitter) | Copenhagen 2024,,,50417002.0,True,43f60b8d-93b1-49ba-a65f-54f0bbc7b495,2025-09-16,,AVAILABLE,,,0.06,0.35,0.2,0.15
GWF2U6AC029P,0.61,2025-09-15,Sticker | Liquid (Holo) | 2020 RMR,,,30582890.0,True,8f7fbc69-08a9-43ed-93db-8660927fc8f6,2025-09-24,,AVAILABLE,,,0.07,0.85,0.67,0.18
G8LFLWAPFEH6,3.19,2025-09-15,StatTrak™ M4A1-S | Night Terror (Minimal Wear),9.0,0d90a619-ca08-49f8-803a-8cac14f2c50c,64996612.0,False,0d90a619-ca08-49f8-803a-8cac14f2c50c,2025-09-16,,AVAILABLE,,,0.06,3.59,3.4,0.18
G8Z4NPWT3FSG,3.19,2025-09-15,StatTrak™ M4A1-S | Night Terror (Minimal Wear),9.53,1aa8eae7-3690-448a-b623-73e1588b5fdb,64996613.0,False,1aa8eae7-3690-448a-b623-73e1588b5fdb,2025-09-16,,AVAILABLE,,,0.06,3.59,3.4,0.18
G4TKAWRSLNCN,3.84,2025-09-15,Stockholm 2021 Legends Sticker Capsule,,,36642166.0,True,48a38995-ce91-4b93-b910-86f651d40b23,2025-09-16,,AVAILABLE,,,0.06,5.86,4.1,1.67
GGEKCFWA9T9T,15.0,2025-09-16,USP-S | Guardian (Factory New),4.14,8394f8b0-8d17-465a-adb1-29f99d5c0596,65030375.0,False,8394f8b0-8d17-465a-adb1-29f99d5c0596,2025-09-23,,AVAILABLE,,,0.07,18.48,16.14,2.19
G2FUKX008SHL,0.6,2025-09-16,10 Year Birthday Sticker Capsule,,,41580172.0,True,1fed63e3-229f-40f4-ab05-0af64acf58f2,2025-09-24,,AVAILABLE,,,0.07,0.92,0.66,0.26
G3A6SXN3XLAL,0.31,2025-09-16,Sticker | Boom (Holo) | 2020 RMR,,,30582912.0,True,50aadaeb-04a7-4c13-afc3-4059e8ac6d0d,2025-09-24,,AVAILABLE,,,0.07,0.7,0.34,0.34
GDDP6NE4D3E6,0.15,2025-09-16,Sticker | FURIA (Holo) | 2020 RMR,,,30582871.0,True,85899d9f-2f3a-4797-adf3-f46498fea267,2025-09-23,,AVAILABLE,,,0.07,0.51,0.17,0.32
G7PR78GS0RRH,0.24,2025-09-16,Sticker | Evil Geniuses (Holo) | 2020 RMR,,,30582872.0,True,d8e984cd-a91e-42e1-bf72-38cc40ec6e9f,2025-09-23,,AVAILABLE,,,0.07,0.69,0.27,0.4
G3TXN0S6NUFA,0.15,2025-09-16,Sticker | FURIA (Holo) | 2020 RMR,,,30582871.0,True,cdee0060-85ed-4898-aefa-9a8778709576,2025-09-24,,AVAILABLE,,,0.07,0.51,0.17,0.32
GF5E4CN27A3D,0.24,2025-09-16,Sticker | Evil Geniuses (Holo) | 2020 RMR,,,30582872.0,True,3435b0cc-2759-43aa-a382-9a5acc1b0062,2025-09-23,,AVAILABLE,,,0.07,0.69,0.27,0.4
GLCPA6D20G2C,0.11,2025-09-16,Sticker | 100 Thieves (Holo) | 2020 RMR,,,30582865.0,True,5d0d81b6-300d-42d5-ab33-c2a2dc38e6fe,2025-09-23,,AVAILABLE,,,0.07,0.25,0.13,0.12
G7WFKZ9T0U5E,0.11,2025-09-16,Sticker | 100 Thieves (Holo) | 2020 RMR,,,30582865.0,True,39a441ad-df70-477f-910f-4f222b56c5fe,2025-09-23,,AVAILABLE,,,0.07,0.25,0.13,0.12
GE6FWCFN9ZHL,0.34,2025-09-16,Sticker | Fnatic (Holo) | 2020 RMR,,,30591408.0,True,f9d02cce-03c1-4ae2-9459-82f0cf53504d,2025-09-24,,AVAILABLE,,,0.07,0.49,0.38,0.12
G600W033FF9X,0.34,2025-09-16,Sticker | Fnatic (Holo) | 2020 RMR,,,30591408.0,True,8f3fbd20-4c39-4f3b-a167-d8fd840f291c,2025-09-25,,AVAILABLE,,,0.07,0.49,0.38,0.12
GRN69Z99F73T,0.24,2025-09-16,Sticker | Evil Geniuses (Holo) | 2020 RMR,,,30582872.0,True,253b6038-27ab-46c4-95e5-0706752d2ebf,2025-09-23,,AVAILABLE,,,0.07,0.69,0.27,0.4
G59UFK76HCF8,2.96,2025-09-17,Desert Eagle | Heat Treated (Minimal Wear),14.79,c3824d58-2f78-42b0-b166-f2831f673aa4,65030372.0,False,c3824d58-2f78-42b0-b166-f2831f673aa4,2025-09-23,,AVAILABLE,,,0.07,4.25,3.19,0.99
GX42FK9AZR5Z,3.75,2025-09-17,Stockholm 2021 Legends Sticker Capsule,,,36642166.0,True,72142518-c5b1-42fe-8762-a534e1af65c4,2025-09-18,,AVAILABLE,,,0.15,5.86,4.42,1.23
GUC5F545PCF4,2.0,2025-09-17,AK-47 | Slate (Battle-Scarred),91.16,b3c1c76d-c8e4-4fb0-8d32-0dfdc35471d9,65030364.0,False,b3c1c76d-c8e4-4fb0-8d32-0dfdc35471d9,2025-09-23,,AVAILABLE,,,0.07,2.84,2.16,0.64
GEN5T6H9THC0,0.92,2025-09-18,Antwerp 2022 Contenders Sticker Capsule,,,40130042.0,True,6f2de369-5b34-4251-ad74-c593edbf7890,2025-09-23,,AVAILABLE,,,0.07,1.14,1.0,0.14
GP5FS2S9TAH8,0.92,2025-09-18,Antwerp 2022 Contenders Sticker Capsule,,,40130042.0,True,199aaf64-1ac2-4ff9-8c75-3f4166d583e6,2025-09-23,,AVAILABLE,,,0.07,1.14,1.0,0.14
G6G05G6T73DN,0.92,2025-09-18,Antwerp 2022 Contenders Sticker Capsule,,,40130042.0,True,d3584160-8b07-420e-a626-cc4dc21b3fcb,2025-09-23,,AVAILABLE,,,0.07,1.14,1.0,0.14
G6UR6LD3A2Z5,0.92,2025-09-18,Antwerp 2022 Contenders Sticker Capsule,,,40130042.0,True,a623f9c1-9557-4eeb-90fe-84e780b45e4e,2025-09-23,,AVAILABLE,,,0.07,1.14,1.0,0.14
GCKAWTL3G8T0,0.92,2025-09-18,Antwerp 2022 Contenders Sticker Capsule,,,40130042.0,True,e4ddbc93-93f2-4166-9e74-0b66acb4c4de,2025-09-23,,AVAILABLE,,,0.07,1.14,1.0,0.14
G9FEED7DC887,0.92,2025-09-18,Antwerp 2022 Contenders Sticker Capsule,,,40130042.0,True,2493fa16-5f76-4596-b689-b284cc5aafa2,2025-09-23,,AVAILABLE,,,0.07,1.14,1.0,0.14
GKFT3N6K8EW4,0.92,2025-09-18,Antwerp 2022 Contenders Sticker Capsule,,,40130042.0,True,0fcd0af0-f698-49d8-be3c-e4aaba461334,2025-09-23,,AVAILABLE,,,0.07,1.14,1.0,0.14
GA0DR03R5R89,0.92,2025-09-18,Antwerp 2022 Contenders Sticker Capsule,,,40130042.0,True,6c34393c-0049-4eea-be6c-9a034816d1d6,2025-09-23,,AVAILABLE,,,0.07,1.14,1.0,0.14
GWGNHLHP4C7P,0.92,2025-09-18,Antwerp 2022 Contenders Sticker Capsule,,,40130042.0,True,62a50157-b136-4b38-8bce-293885e59c30,2025-09-23,,AVAILABLE,,,0.07,1.14,1.0,0.14
GATPHHF28W35,0.92,2025-09-18,Antwerp 2022 Contenders Sticker Capsule,,,40130042.0,True,aa614e3a-25ec-4104-b6ab-e0b033f8c799,2025-09-23,,AVAILABLE,,,0.07,1.14,1.0,0.14
G0KK86SP4HSZ,1.05,2025-09-18,AWP | Pit Viper (Minimal Wear),12.76,884e238e-0348-429f-bdab-5286b3312a18,65030379.0,False,884e238e-0348-429f-bdab-5286b3312a18,2025-09-23,,AVAILABLE,,,0.07,1.71,1.14,0.54
G50TK3FL0S2Z,0.18,2025-09-18,Sticker | Vitality (Holo) | 2020 RMR,,,30582869.0,True,9a6a9ba0-f616-4e6c-80da-6e53ce4a48d3,2025-09-23,,AVAILABLE,,,0.07,0.26,0.2,0.06
G6TZKZ3H5W3S,0.18,2025-09-18,Sticker | Vitality (Holo) | 2020 RMR,,,30582869.0,True,02c9e09e-aadc-498b-ab34-fa62fdedf4b8,2025-09-23,,AVAILABLE,,,0.07,0.26,0.2,0.06
GEULCCTXNPE3,0.92,2025-09-18,Antwerp 2022 Contenders Sticker Capsule,,,40130042.0,True,95ad88ea-ee0a-4fb9-9d8a-a62f9fcb19f5,2025-09-23,,AVAILABLE,,,0.07,1.14,1.0,0.14
GZ9T7XZNPL78,2.75,2025-09-19,Stockholm 2021 Legends Sticker Capsule,,,36642166.0,True,ee53b70b-f2d0-4fb4-a739-af458ee83113,2025-09-26,,AVAILABLE,,,0.07,5.86,2.97,2.7
GGW42KX0DWKT,0.24,2025-09-19,Sticker | BIG (Holo) | 2020 RMR,,,30582914.0,True,5f468283-d7c0-4916-bd47-bbb5c4fe4488,2025-09-23,,AVAILABLE,,,0.07,0.34,0.27,0.08
G4Z94P23HW04,106.73,2025-09-19,AK-47 | Inheritance (Minimal Wear),14.42,919ec39a-f54a-45a7-abaa-62bec31688d0,65030384.0,False,919ec39a-f54a-45a7-abaa-62bec31688d0,2025-09-23,,AVAILABLE,,,0.07,116.61,114.77,1.72
GA8KP0S7R9L8,2.75,2025-09-19,Stockholm 2021 Legends Sticker Capsule,,,36642166.0,True,f3e4d76b-6f92-417c-b1cd-6872397d4b0b,2025-09-23,,AVAILABLE,,,0.07,5.86,2.97,2.7
GD8U2SHNTSPU,2.75,2025-09-19,Stockholm 2021 Legends Sticker Capsule,,,36642166.0,True,d8af85b1-a04e-41cf-94ae-ba61ee06d7e8,2025-09-23,,AVAILABLE,,,0.07,5.86,2.97,2.7
GH6PUHS6AZ0G,2.75,2025-09-19,Stockholm 2021 Legends Sticker Capsule,,,36642166.0,True,6de4ca18-4aca-4545-83e1-018c7d88b221,2025-09-24,,AVAILABLE,,,0.07,5.86,2.97,2.7
GF3U6682SSUG,2.75,2025-09-19,Stockholm 2021 Legends Sticker Capsule,,,36642166.0,True,d6232528-bffa-4de6-9553-544c722fc779,2025-09-25,,AVAILABLE,,,0.07,5.86,2.97,2.7
GT8PW47ZAGSU,2.75,2025-09-19,Stockholm 2021 Legends Sticker Capsule,,,36642166.0,True,8ca9c97a-036f-48b0-b21f-c9853dbd8699,2025-09-29,,AVAILABLE,,,0.07,5.86,2.97,2.7
G2UX5WWEH6E2,2.75,2025-09-19,Stockholm 2021 Legends Sticker Capsule,,,36642166.0,True,c52adf8d-8161-4285-a7a0-abfedb22ed72,2025-09-28,,AVAILABLE,,,0.07,5.86,2.97,2.7
G9K80T6PG44G,2.75,2025-09-19,Stockholm 2021 Legends Sticker Capsule,,,36642166.0,True,f12c8659-13a9-4b04-b3b3-70119977a1fc,2025-09-30,,AVAILABLE,,,0.07,5.86,2.97,2.7
GCPE2EA0L29T,2.75,2025-09-19,Stockholm 2021 Legends Sticker Capsule,,,36642166.0,True,c4808dc0-a1cf-4a7d-a49d-b0ee40b729a5,2025-10-01,,AVAILABLE,,,0.07,5.86,2.97,2.7
GZHSHS3G3P0S,0.72,2025-09-19,Sticker | m0NESY (Glitter) | Copenhagen 2024,,,51338054.0,True,e4e54a47-47a2-44db-9d6a-8a7243b3a760,2025-09-23,,AVAILABLE,,,0.07,0.94,0.78,0.15
G5PUX6SS2XLS,0.59,2025-09-19,Sticker | Liquid (Holo) | 2020 RMR,,,30582890.0,True,0d751279-4d15-4516-9ff0-017abc15b394,2025-09-23,,AVAILABLE,,,0.07,0.85,0.65,0.2
GDP89530DA0Z,0.59,2025-09-19,Sticker | Liquid (Holo) | 2020 RMR,,,30582890.0,True,1307fccc-03bd-473d-98e7-986a00486b00,2025-09-23,,AVAILABLE,,,0.07,0.85,0.65,0.2
GC4TD2D65FU6,0.78,2025-09-19,Sticker | Evil Geniuses (Holo) | 2020 RMR,,,30582872.0,True,b01d272a-2e3f-403a-920f-37e5f2edcd58,2025-09-23,,AVAILABLE,,,0.07,1.27,0.85,0.4
GZCFPT8K0D5C,2.75,2025-09-19,Stockholm 2021 Legends Sticker Capsule,,,36642166.0,True,bd88b795-a837-4d29-b281-e9beba861ee4,2025-09-27,,AVAILABLE,,,0.07,5.86,2.97,2.7
GU2F00L7R7HF,15.41,2025-09-20,3rd Commando Company | KSK,,59e58619-91c9-49d9-aacc-1d623af98811,65030367.0,False,59e58619-91c9-49d9-aacc-1d623af98811,2025-09-23,,AVAILABLE,,,0.07,17.48,16.58,0.85
G27ZAK3PCE9K,15.41,2025-09-20,3rd Commando Company | KSK,,04b37162-e37b-4587-9b6c-c2f3ea958755,65030365.0,False,04b37162-e37b-4587-9b6c-c2f3ea958755,2025-09-23,,AVAILABLE,,,0.07,17.48,16.58,0.85
GER86AE36F8H,15.41,2025-09-20,3rd Commando Company | KSK,,c2e60e7d-69ee-4a2b-b97a-d2156b697f70,65030370.0,False,c2e60e7d-69ee-4a2b-b97a-d2156b697f70,2025-09-23,,AVAILABLE,,,0.07,17.48,16.58,0.85
GDSN7KZLFL5W,0.22,2025-09-20,Sticker | Perfect World (Glitter) | Shanghai 2024,,,57328471.0,True,e7b6159e-55d5-452f-8167-42ee4b7f8d84,2025-09-23,,AVAILABLE,,,0.07,0.36,0.25,0.11
G6TH4UT2Z2RC,15.41,2025-09-20,3rd Commando Company | KSK,,5c5fe075-ed9b-4307-b8e3-6713ef37f98e,65030381.0,False,5c5fe075-ed9b-4307-b8e3-6713ef37f98e,2025-09-23,,AVAILABLE,,,0.07,17.48,16.58,0.85
GGPU6X22Z0SL,15.41,2025-09-20,3rd Commando Company | KSK,,cbab03b6-44f7-420b-8b24-288f4477b4f1,65030385.0,False,cbab03b6-44f7-420b-8b24-288f4477b4f1,2025-09-23,,AVAILABLE,,,0.07,17.48,16.58,0.85
GH3NWL794EZS,15.41,2025-09-20,3rd Commando Company | KSK,,d3a17820-dd36-4992-8e5d-306521476bd2,65030377.0,False,d3a17820-dd36-4992-8e5d-306521476bd2,2025-09-23,,AVAILABLE,,,0.07,17.48,16.58,0.85
GU20S52AL3DS,0.22,2025-09-20,Sticker | Perfect World (Glitter) | Shanghai 2024,,,57328471.0,True,4107a920-79b3-4d36-86d7-19e0907ec1e3,2025-09-23,,AVAILABLE,,,0.07,0.36,0.25,0.11
G80ACT93NG22,0.22,2025-09-20,Sticker | Perfect World (Glitter) | Shanghai 2024,,,57328471.0,True,89b9727e-7a46-4350-85ae-25e1e18c3610,2025-09-23,,AVAILABLE,,,0.07,0.36,0.25,0.11
GD7LEEXNUG56,0.22,2025-09-20,Sticker | Perfect World (Glitter) | Shanghai 2024,,,57328471.0,True,a5e798f0-d387-418b-b516-05118e42aad8,2025-09-23,,AVAILABLE,,,0.07,0.36,0.25,0.11
GLSN462KUCLG,0.22,2025-09-20,Sticker | Perfect World (Glitter) | Shanghai 2024,,,57328471.0,True,5ded8c3b-120a-4842-9601-64f639d00faa,2025-09-25,,AVAILABLE,,,0.07,0.36,0.25,0.11
G7L86ETUU9F8,0.62,2025-09-20,Sticker | Boom (Holo) | 2020 RMR,,,30582912.0,True,ea8ca846-7800-439b-a020-b67f9adab698,2025-09-24,,AVAILABLE,,,0.07,0.88,0.68,0.2
G5XFA9T40D0R,0.36,2025-09-20,Sticker | FURIA (Holo) | 2020 RMR,,,30582871.0,True,5b8d4b98-cd0b-4a71-a23f-aea68a9bbd1c,2025-09-23,,AVAILABLE,,,0.07,0.51,0.4,0.11
GCXH20F2ED50,0.36,2025-09-20,Sticker | FURIA (Holo) | 2020 RMR,,,30582871.0,True,46317bf5-dbd2-4b45-b400-2294bc904550,2025-09-23,,AVAILABLE,,,0.07,0.51,0.4,0.11
G7RUWCULP6EW,3.5,2025-09-20,Stockholm 2021 Contenders Sticker Capsule,,,36642167.0,True,700e2ef2-9648-4c30-894d-beb27404a1c8,2025-09-23,,AVAILABLE,,,0.07,4.75,3.77,0.92
G8WT5UK5DE45,3.75,2025-09-20,Stockholm 2021 Contenders Sticker Capsule,,,36642167.0,True,f6b4afcd-e431-43bb-9e1e-b44caaf0144b,2025-09-23,,AVAILABLE,,,0.07,4.75,4.04,0.67
GA2FUR2767F6,3.75,2025-09-20,Stockholm 2021 Contenders Sticker Capsule,,,36642167.0,True,e3fe66f2-d1db-46bc-b0f6-eff5fdd6b209,2025-09-23,,AVAILABLE,,,0.07,4.75,4.04,0.67
G0L3E6FPGUHA,7.96,2025-09-20,Glock-18 | Water Elemental (Minimal Wear),12.4,05c051c2-2cbe-44f6-9154-bbbb4c42a8b5,65030378.0,False,05c051c2-2cbe-44f6-9154-bbbb4c42a8b5,2025-09-23,,AVAILABLE,,,0.07,9.28,8.57,0.67
GXF8K8SSURXW,0.17,2025-09-21,Sticker | Vitality (Holo) | 2020 RMR,,,30582869.0,True,04092276-0d92-4d9f-b771-661d7f5da646,2025-09-23,,AVAILABLE,,,0.07,0.26,0.19,0.07
GHLRC3WSK62P,0.81,2025-09-21,Sticker | Evil Geniuses (Holo) | 2020 RMR,,,30582872.0,True,3fe577ba-57ca-49db-8bbe-356779262a17,2025-09-23,,AVAILABLE,,,0.07,1.27,0.88,0.37
G6ASR378FKAA,0.2,2025-09-21,Sticker | 100 Thieves (Holo) | 2020 RMR,,,30582865.0,True,72cfee78-466a-4d66-be9c-c8db2b898e71,2025-09-23,,AVAILABLE,,,0.07,0.25,0.23,0.03
G5P87AG4FATL,12.44,2025-09-21,USP-S | Guardian (Factory New),3.73,dd599a10-3379-499d-99dc-f8c0c3663b5f,65030396.0,False,dd599a10-3379-499d-99dc-f8c0c3663b5f,2025-09-23,,AVAILABLE,,,0.07,18.48,13.39,4.75
G7C48C3DG5EN,1.52,2025-09-21,Desert Eagle | Light Rail (Minimal Wear),11.84,f7a8fea6-eb83-4d69-a77e-e07a7e25acf4,65030373.0,False,f7a8fea6-eb83-4d69-a77e-e07a7e25acf4,2025-09-23,,AVAILABLE,,,0.07,1.94,1.65,0.28
GDZ64N7W7K7D,0.17,2025-09-21,Sticker | Vitality (Holo) | 2020 RMR,,,30582869.0,True,347af914-48ce-4edb-9290-cf902840902f,2025-09-23,,AVAILABLE,,,0.07,0.26,0.19,0.07
GWTKZRECTU5Z,9.74,2025-09-21,AK-47 | Midnight Laminate (Field-Tested),31.16,3302a85d-9272-4bf0-a513-e53f15c7c547,65030374.0,False,3302a85d-9272-4bf0-a513-e53f15c7c547,2025-09-23,,AVAILABLE,,,0.07,11.7,10.48,1.14
GNUKGZ3KZ290,2.7,2025-09-21,AWP | Atheris (Well-Worn),41.59,381433ac-3634-4909-91dd-434fcd52a181,65030389.0,False,381433ac-3634-4909-91dd-434fcd52a181,2025-09-23,,AVAILABLE,,,0.07,3.44,2.91,0.5
GWLA65WK5L4N,0.5,2025-09-21,Sticker | Boom (Holo) | 2020 RMR,,,30582912.0,True,d0916486-aea6-4dba-9bdb-899b69a26320,2025-09-23,,AVAILABLE,,,0.07,0.7,0.55,0.15
G9EPL9L43KS2,0.5,2025-09-21,Sticker | Boom (Holo) | 2020 RMR,,,30582912.0,True,c43088a3-d85d-4865-a1a1-d000a53e9499,2025-09-23,,AVAILABLE,,,0.07,0.7,0.55,0.15
GEUPF6ZK2U8N,0.5,2025-09-21,Sticker | Boom (Holo) | 2020 RMR,,,30582912.0,True,062f45bf-186b-4df8-a780-df609794d594,2025-09-23,,AVAILABLE,,,0.07,0.7,0.55,0.15
GGT3F9LH7FRX,0.61,2025-09-21,10 Year Birthday Sticker Capsule,,,41580172.0,True,2c36934b-bf7d-4125-8ab0-4c5eeea92056,2025-09-23,,AVAILABLE,,,0.07,0.92,0.67,0.25
GSLDTG08F680,1.8,2025-09-21,M249 | Downtown (Factory New),3.44,48d1ecd9-6c25-476e-97b3-0451eaac7d94,65030392.0,False,48d1ecd9-6c25-476e-97b3-0451eaac7d94,2025-09-23,,AVAILABLE,,,0.07,3.47,1.95,1.43
G6ZU90W0F7W6,3.71,2025-09-21,Glock-18 | Candy Apple (Factory New),4.94,9e60efdb-a6da-49ae-8d62-2bbf529c9dcd,65030400.0,False,9e60efdb-a6da-49ae-8d62-2bbf529c9dcd,2025-09-23,,AVAILABLE,,,0.07,4.78,4.0,0.74
G9TUFHX0X82Z,3.7,2025-09-21,Glock-18 | Candy Apple (Factory New),2.81,89ad189d-8e3a-4e5a-a842-5ad79f3f530c,65030395.0,False,89ad189d-8e3a-4e5a-a842-5ad79f3f530c,2025-09-23,,AVAILABLE,,,0.07,4.78,3.99,0.75
GG6ZHSZZUL7W,3.5,2025-09-21,Glock-18 | Candy Apple (Factory New),6.4,da561d0b-b600-4179-8f45-018c97e62570,65030398.0,False,da561d0b-b600-4179-8f45-018c97e62570,2025-09-23,,AVAILABLE,,,0.07,4.78,3.77,0.95
GFG96ELTRP6U,1.92,2025-09-21,Desert Eagle | Meteorite (Factory New),5.02,576123e3-77b9-4989-8539-5832724c91d7,65030391.0,False,576123e3-77b9-4989-8539-5832724c91d7,2025-09-23,,AVAILABLE,,,0.07,2.31,2.08,0.23
GWZEU2SD7AKW,0.17,2025-09-21,Sticker | Vitality (Holo) | 2020 RMR,,,30582869.0,True,6b0e4886-ff9f-4510-b2a6-4783c9b745da,2025-09-23,,AVAILABLE,,,0.07,0.26,0.19,0.07
GXA78KARFLGW,4.66,2025-09-22,StatTrak™ Glock-18 | Umbral Rabbit (Factory New),6.36,0c4e7260-9fa3-44b7-8c02-486d361fecf0,65036054.0,False,0c4e7260-9fa3-44b7-8c02-486d361fecf0,2025-09-23,,AVAILABLE,,,0.07,6.14,5.02,1.05
GR9HKDS90WX2,50.0,2025-09-22,StatTrak™ Desert Eagle | Printstream (Field-Tested),31.9,420ce028-7891-4332-9091-cb028336479f,65036053.0,False,420ce028-7891-4332-9091-cb028336479f,2025-09-23,,AVAILABLE,,,0.07,58.34,53.77,4.26
GEG62D472TFN,1.7,2025-09-22,USP-S | Ticket to Hell (Factory New),6.8,6e258aa1-6509-40b0-a1d2-26a71598b009,65036052.0,False,6e258aa1-6509-40b0-a1d2-26a71598b009,2025-09-23,,AVAILABLE,,,0.07,2.19,1.84,0.34
GLNFFTDT5EKL,0.77,2025-09-22,Antwerp 2022 Legends Sticker Capsule,,,39906460.0,True,b63952de-66d4-4e90-88ca-35ce98a0a332,2025-09-23,,AVAILABLE,,,0.07,0.96,0.84,0.12
G3XE8KRCT3N0,0.77,2025-09-22,Antwerp 2022 Legends Sticker Capsule,,,39906460.0,True,8c2ccfde-8caa-4370-85f8-142e2a0edb6a,2025-09-23,,AVAILABLE,,,0.07,0.96,0.84,0.12
G82K7HP7XXEF,0.77,2025-09-22,Antwerp 2022 Legends Sticker Capsule,,,39906460.0,True,da0fb3ff-77e5-4102-9e83-b5b86bb2f7e9,2025-09-23,,AVAILABLE,,,0.07,0.96,0.84,0.12
G4Z2EWA88Z87,0.77,2025-09-22,Antwerp 2022 Legends Sticker Capsule,,,39906460.0,True,34285be0-9334-4b23-9556-6827a25f3ac1,2025-09-23,,AVAILABLE,,,0.07,0.96,0.84,0.12
G36DHZE70F97,0.77,2025-09-22,Antwerp 2022 Legends Sticker Capsule,,,39906460.0,True,da112eba-de8b-4399-90d3-39bfdb96c735,2025-09-23,,AVAILABLE,,,0.07,0.96,0.84,0.12
GWKWKXFF87X9,0.77,2025-09-22,Antwerp 2022 Legends Sticker Capsule,,,39906460.0,True,78ebfc72-9dc2-4726-af75-9e6d5534a72c,2025-09-23,,AVAILABLE,,,0.07,0.96,0.84,0.12
G8C0FTLR4ZXG,0.77,2025-09-22,Antwerp 2022 Legends Sticker Capsule,,,39906460.0,True,dd18a5d7-28b7-4aea-9b40-d800754fceaa,2025-09-23,,AVAILABLE,,,0.07,0.96,0.84,0.12
GF02SFRK33AL,0.77,2025-09-22,Antwerp 2022 Legends Sticker Capsule,,,39906460.0,True,4b201e95-3f2e-42c1-9e36-bc465d712b5f,2025-09-23,,AVAILABLE,,,0.07,0.96,0.84,0.12
G0NHNP44PEPP,0.77,2025-09-22,Antwerp 2022 Legends Sticker Capsule,,,39906460.0,True,567df385-7c54-434c-9629-3f9efcb910ea,2025-09-23,,AVAILABLE,,,0.07,0.96,0.84,0.12
GRTH69T0C0NF,0.77,2025-09-22,Antwerp 2022 Legends Sticker Capsule,,,39906460.0,True,0cf5b167-228d-4e68-a110-04a404c9f46e,2025-09-23,,AVAILABLE,,,0.07,0.96,0.84,0.12
GF97FGNZXAXA,0.5,2025-09-23,Sticker | FURIA (Holo) | 2020 RMR,,,30582871.0,True,36b879db-881a-43fe-b95e-c26d0ce4c7aa,2025-09-24,,AVAILABLE,,,0.07,1.42,0.55,0.82
GXTT4PFLDK7F,0.93,2025-09-23,Sticker | Evil Geniuses (Holo) | 2020 RMR,,,30582872.0,True,06489021-d451-4773-9002-96fa7a46a929,2025-09-24,,AVAILABLE,,,0.07,1.27,1.01,0.25
GL03RAEH053N,1.06,2025-09-23,Sticker | Evil Geniuses (Holo) | 2020 RMR,,,30582872.0,True,3bb7daa9-e151-4c15-9bc8-b8eea2eafbe1,2025-09-24,,AVAILABLE,,,0.07,1.27,1.15,0.12
GSZWET5WWR3S,1.06,2025-09-23,Sticker | Evil Geniuses (Holo) | 2020 RMR,,,30582872.0,True,214df95e-e9b2-4899-9088-ffeba32c2029,2025-09-24,,AVAILABLE,,,0.07,1.27,1.15,0.12
GC5NLGEFNHCS,1.06,2025-09-23,Sticker | Evil Geniuses (Holo) | 2020 RMR,,,30582872.0,True,3ec4480d-c498-4822-9e7c-a7ab720f7df7,2025-09-24,,AVAILABLE,,,0.07,1.27,1.15,0.12
G3KUTCERX7FC,1.06,2025-09-23,Sticker | Evil Geniuses (Holo) | 2020 RMR,,,30582872.0,True,5c99f1a1-6b71-4164-84c2-28acccb89482,2025-09-24,,AVAILABLE,,,0.07,1.27,1.15,0.12
GERDKKWNDPDN,1.06,2025-09-23,Sticker | Evil Geniuses (Holo) | 2020 RMR,,,30582872.0,True,a5b11b78-41f0-457a-abf4-d7f9106c7778,2025-09-24,,AVAILABLE,,,0.07,1.27,1.15,0.12
GKLHK37KNH0X,0.44,2025-09-23,Sticker | FURIA (Holo) | 2020 RMR,,,30582871.0,True,678d1d26-8e58-4705-a622-1e8c0b438d97,2025-09-24,,AVAILABLE,,,0.07,0.51,0.48,0.03
GW8S7K2H847S,0.5,2025-09-23,Sticker | FURIA (Holo) | 2020 RMR,,,30582871.0,True,fda6ba7a-f975-4534-8815-de963d32779b,2025-09-24,,AVAILABLE,,,0.07,1.42,0.55,0.82
GTDE4N6A9E6D,0.5,2025-09-23,Sticker | FURIA (Holo) | 2020 RMR,,,30582871.0,True,47d5a57d-842c-4caa-bb5b-3233aa27879b,2025-09-24,,AVAILABLE,,,0.07,1.42,0.55,0.82
GSDEGKDSXCN0,0.5,2025-09-23,Sticker | Fnatic (Holo) | 2020 RMR,,,30591408.0,True,c35855c2-87f8-4659-89ef-7cbc141eeb65,2025-09-24,,AVAILABLE,,,0.07,0.93,0.55,0.36
GG285PSZUC78,0.5,2025-09-23,Sticker | FURIA (Holo) | 2020 RMR,,,30582871.0,True,bff59c05-d9da-48be-8d5e-89e3c6f0f1c8,2025-09-24,,AVAILABLE,,,0.07,1.42,0.55,0.82
GG780UAA2TP2,0.5,2025-09-23,Sticker | FURIA (Holo) | 2020 RMR,,,30582871.0,True,7a2a6a24-29f5-4bdb-9c68-5ce0dc22db7c,2025-09-24,,AVAILABLE,,,0.07,1.42,0.55,0.82
G3GHTXP5DSUX,0.5,2025-09-23,Sticker | FURIA (Holo) | 2020 RMR,,,30582871.0,True,baffee8c-5d19-4585-9b89-ae7d6567eb92,2025-09-24,,AVAILABLE,,,0.07,1.42,0.55,0.82
G3HPL5WPPF7A,0.5,2025-09-23,Sticker | FURIA (Holo) | 2020 RMR,,,30582871.0,True,285a4983-00c6-4013-9a87-2ebe288bbeef,2025-09-24,,AVAILABLE,,,0.07,1.42,0.55,0.82
G2LL7AKKDSD4,0.5,2025-09-23,Sticker | FURIA (Holo) | 2020 RMR,,,30582871.0,True,bc5813e1-59b3-4d0b-9c7c-97ecff747f51,2025-09-24,,AVAILABLE,,,0.07,1.42,0.55,0.82
G07FG5863GS8,0.5,2025-09-23,Sticker | FURIA (Holo) | 2020 RMR,,,30582871.0,True,f21c459b-3cf5-4598-ab6e-099e1023917c,2025-09-24,,AVAILABLE,,,0.07,1.42,0.55,0.82
GLZEWZDZUCWR,0.5,2025-09-23,Sticker | FURIA (Holo) | 2020 RMR,,,30582871.0,True,8f78da09-675f-4dbe-b4ea-d3be48763042,2025-09-24,,AVAILABLE,,,0.07,1.42,0.55,0.82
G9LTLUXN2ZTL,0.5,2025-09-23,Sticker | FURIA (Holo) | 2020 RMR,,,30582871.0,True,3d02c892-823c-47b8-b9cb-c7f3c8638043,2025-09-24,,AVAILABLE,,,0.07,1.42,0.55,0.82
G9L0A66Z6HP7,0.2,2025-09-23,Sticker | Perfect World (Glitter) | Shanghai 2024,,,57328471.0,True,cf9d6b84-5915-404e-b933-179498f6f058,2025-09-24,,AVAILABLE,,,0.07,0.36,0.23,0.13
GXWU0TKUEPX8,2.7,2025-09-23,Easy Peasy Pin,,,885060.0,True,a1569521-7308-47b8-8b80-083a23ed7aba,2025-09-24,,AVAILABLE,,,0.07,4.03,2.91,1.05
GTRX745P0ZLZ,0.5,2025-09-23,Sticker | FURIA (Holo) | 2020 RMR,,,30582871.0,True,50a1fec4-4151-46ba-bd62-e99a81cf1e22,2025-09-24,,AVAILABLE,,,0.07,1.42,0.55,0.82
GPCCZPZPAUCP,0.5,2025-09-23,Sticker | Fnatic (Holo) | 2020 RMR,,,30591408.0,True,95729665-fcfe-4f55-a678-c8ca90cb6f88,2025-09-24,,AVAILABLE,,,0.07,0.93,0.55,0.36
GR4S96RGR48P,0.03,2025-09-23,Sticker | Boom Blast (Glitter),,,55517817.0,True,3980ece9-894d-45e6-9a5f-183da5e4a6fb,2025-09-24,,AVAILABLE,,,0.07,0.38,0.04,0.32
G4LF9R5U7KRK,0.5,2025-09-23,Sticker | Fnatic (Holo) | 2020 RMR,,,30591408.0,True,4b8bf88f-027e-435b-b226-63b2bf5850f5,2025-09-24,,AVAILABLE,,,0.07,0.93,0.55,0.36
G0GT87H4HAZG,0.5,2025-09-23,Sticker | Fnatic (Holo) | 2020 RMR,,,30591408.0,True,12f0a511-e5a1-49a2-9415-abf2b94eaf83,2025-09-24,,AVAILABLE,,,0.07,0.93,0.55,0.36
GL8PT3K3CZAS,4.59,2025-09-23,AWP | Phobos (Factory New),5.71,f805db26-ebf3-429f-a92e-1ecfba0d8f47,65040648.0,False,f805db26-ebf3-429f-a92e-1ecfba0d8f47,2025-09-24,,AVAILABLE,,,0.07,6.38,4.95,1.34
GT9HC72KAT6U,3.85,2025-09-23,Glock-18 | Candy Apple (Factory New),6.83,7bf69c28-03d1-4635-868c-d234a09dd368,65040649.0,False,7bf69c28-03d1-4635-868c-d234a09dd368,2025-09-24,,AVAILABLE,,,0.07,4.78,4.15,0.6
GHRRD2L84EPE,3.38,2025-09-23,Sticker | Natus Vincere (Holo) | Stockholm 2021,,,36703417.0,True,094ff84b-b49d-4f71-8dd0-9251ff88f1d7,2025-09-24,,AVAILABLE,,,0.07,7.28,3.65,3.39
GTZ0CERLCX22,4.41,2025-09-23,Sticker | Natus Vincere (Holo) | Stockholm 2021,,,36703417.0,True,223f73d9-a765-465a-b6a6-9d07aac74461,2025-09-24,,AVAILABLE,,,0.07,7.28,4.75,2.36
GDCWES67GE7S,4.41,2025-09-23,Sticker | Natus Vincere (Holo) | Stockholm 2021,,,36703417.0,True,9a415933-7519-406f-9cb1-a17aae4557ac,2025-09-24,,AVAILABLE,,,0.07,7.28,4.75,2.36
G0R77W0WRG5F,4.41,2025-09-23,Sticker | Natus Vincere (Holo) | Stockholm 2021,,,36703417.0,True,87ad449a-af88-494d-91db-7ec00c2f5b23,2025-09-24,,AVAILABLE,,,0.07,7.28,4.75,2.36
GP6D0LPGZKN4,0.81,2025-09-23,AWP | Acheron (Minimal Wear),14.31,46d294fe-e3ef-449f-a81a-529fba37f27e,65040650.0,False,46d294fe-e3ef-449f-a81a-529fba37f27e,2025-09-24,,AVAILABLE,,,0.07,1.07,0.88,0.19
GTS8KWLHE2PG,4.44,2025-09-23,P250 | Asiimov (Field-Tested),26.91,42e06d6f-e7b4-4ea8-b654-63abfc965b3c,65040651.0,False,42e06d6f-e7b4-4ea8-b654-63abfc965b3c,2025-09-24,,AVAILABLE,,,0.07,5.25,4.78,0.44
G988DLZK5XG0,2.81,2025-09-23,Welcome to the Clutch Pin,,,870735.0,True,af46a289-3688-4acc-8049-181705276ca9,2025-09-24,,AVAILABLE,,,0.07,3.74,3.03,0.67
GH9W3FCD7R6W,0.21,2025-09-23,Sticker | Vitality (Holo) | 2020 RMR,,,30582869.0,True,5c498f23-f681-4283-9827-f9a794d520a5,2025-09-24,,AVAILABLE,,,0.07,0.26,0.24,0.03
G399GTZ3UKAW,4.41,2025-09-23,Sticker | Natus Vincere (Holo) | Stockholm 2021,,,36703417.0,True,c7178410-06bd-4361-b51e-8c794f0e2ac8,2025-09-24,,AVAILABLE,,,0.07,7.28,4.75,2.36
G69CXZ027W3P,0.21,2025-09-23,Sticker | Vitality (Holo) | 2020 RMR,,,30582869.0,True,397339ac-9f39-4360-af7b-4278817009be,2025-09-24,,AVAILABLE,,,0.07,0.26,0.24,0.03
GKDG8G8WT2KS,0.21,2025-09-23,Sticker | Vitality (Holo) | 2020 RMR,,,30582869.0,True,29d0ff8e-728d-471d-8fef-5b16343fd5b7,2025-09-24,,AVAILABLE,,,0.07,0.26,0.24,0.03
GPF64H5F3DZ6,0.5,2025-09-23,Sticker | Fnatic (Holo) | 2020 RMR,,,30591408.0,True,4b2e153f-65c7-4955-b5e0-560b767e981e,2025-09-24,,AVAILABLE,,,0.07,0.93,0.55,0.36
GG5GR2G9E07N,0.5,2025-09-23,Sticker | Fnatic (Holo) | 2020 RMR,,,30591408.0,True,6434c040-a68b-4060-8bfb-709039fa22a4,2025-09-24,,AVAILABLE,,,0.07,0.93,0.55,0.36
G52PETK45T6C,0.5,2025-09-23,Sticker | Fnatic (Holo) | 2020 RMR,,,30591408.0,True,51e9452c-4ecb-4c60-9e37-5a192f8aa35d,2025-09-24,,AVAILABLE,,,0.07,0.93,0.55,0.36
G92E7KDN7CWW,0.5,2025-09-23,Sticker | Fnatic (Holo) | 2020 RMR,,,30591408.0,True,fd82e7ef-929f-408a-9b74-310ebf47f3a6,2025-09-24,,AVAILABLE,,,0.07,0.93,0.55,0.36
GS8P3FGSH8N4,0.5,2025-09-23,Sticker | Fnatic (Holo) | 2020 RMR,,,30591408.0,True,da6abb79-2caf-4650-bc6a-0ecbda0fdc26,2025-09-24,,AVAILABLE,,,0.07,0.93,0.55,0.36
GARKPL7LNF6X,0.21,2025-09-23,Sticker | Vitality (Holo) | 2020 RMR,,,30582869.0,True,5ac0d52e-d2f5-4d58-8317-2aaa2ad63f93,2025-09-24,,AVAILABLE,,,0.07,0.26,0.24,0.03
GC3ZZ527WZXW,0.21,2025-09-23,Sticker | Vitality (Holo) | 2020 RMR,,,30582869.0,True,45c13395-424f-413b-8a3c-2dddf3be319f,2025-09-24,,AVAILABLE,,,0.07,0.26,0.24,0.03
GE6P9XKTE0TX,0.21,2025-09-23,Sticker | Vitality (Holo) | 2020 RMR,,,30582869.0,True,198810f3-58e6-4c63-9089-fb587de637a1,2025-09-24,,AVAILABLE,,,0.07,0.26,0.24,0.03
G45836TACDAX,0.5,2025-09-23,Sticker | Fnatic (Holo) | 2020 RMR,,,30591408.0,True,1bb5f76f-5cc7-4ae4-8bdc-b696a972a3ac,2025-09-24,,AVAILABLE,,,0.07,0.93,0.55,0.36
G04ZATU2040C,1.1,2025-09-24,Gallery Case,,,55347776.0,True,1954e7ef-186b-4d97-8384-3b01d8293988,2025-09-25,,AVAILABLE,,,0.07,1.41,1.19,0.21
G8AWGGCR9573,1.09,2025-09-24,Gallery Case,,,55347776.0,True,b1dd8bf9-c821-453a-8fa3-d22c22895b64,2025-09-25,,AVAILABLE,,,0.07,1.41,1.18,0.22
GHFG0CC5H7WL,1.09,2025-09-24,Gallery Case,,,55347776.0,True,b8a9127c-9e13-46a7-886b-794b8cbe9d6c,2025-09-25,,AVAILABLE,,,0.07,1.41,1.18,0.22
G27R0X05HEL2,0.85,2025-09-24,Antwerp 2022 Contenders Sticker Capsule,,,40130042.0,True,bfcdca24-1c13-424c-8a2f-4ddf6376918c,2025-09-25,,AVAILABLE,,,0.07,1.14,0.92,0.21
GSKGKESCGZK6,0.62,2025-09-24,10 Year Birthday Sticker Capsule,,,41580172.0,True,f4ce426d-f2dd-432d-851b-3aa1e468061d,2025-09-25,,AVAILABLE,,,0.07,0.92,0.68,0.24
G6NS3H227A6A,0.6,2025-09-24,Sticker | FURIA (Holo) | 2020 RMR,,,30582871.0,True,d7ec17b0-f1f0-4f66-86d6-1474e7497d30,2025-09-25,,AVAILABLE,,,0.07,1.42,0.66,0.72
GUD05R0ESP8N,0.6,2025-09-24,Sticker | FURIA (Holo) | 2020 RMR,,,30582871.0,True,4883ca7a-bac5-463a-b996-6cafa60bee2d,2025-09-25,,AVAILABLE,,,0.07,1.42,0.66,0.72
GK893ETR8RUW,0.6,2025-09-24,Sticker | FURIA (Holo) | 2020 RMR,,,30582871.0,True,67bb65a0-f8c4-4618-a3a4-7847d72fc20c,2025-09-25,,AVAILABLE,,,0.07,1.42,0.66,0.72
G64EE3LG829H,0.6,2025-09-24,Sticker | FURIA (Holo) | 2020 RMR,,,30582871.0,True,7ff3df60-d1da-4ded-913b-20e739bb6516,2025-09-25,,AVAILABLE,,,0.07,1.42,0.66,0.72
GAW2HEX9C7U9,1.1,2025-09-24,Gallery Case,,,55347776.0,True,58587826-b58c-4085-ab6f-9ab547fe9c31,2025-09-25,,AVAILABLE,,,0.07,1.41,1.19,0.21
G38LWLA345Z9,1.1,2025-09-24,Gallery Case,,,55347776.0,True,1eed5b7e-b442-4de0-912c-665f30887587,2025-09-25,,AVAILABLE,,,0.07,1.41,1.19,0.21
GLU50KGWZD4F,1.1,2025-09-24,Gallery Case,,,55347776.0,True,743aef14-7979-45d6-b428-441491c60866,2025-09-25,,AVAILABLE,,,0.07,1.41,1.19,0.21
GWXA748GWLA6,1.1,2025-09-24,Gallery Case,,,55347776.0,True,f0b108fb-e3b1-40a2-983b-43a80798d1e7,2025-09-25,,AVAILABLE,,,0.07,1.41,1.19,0.21
GPHC4X3GNUNE,1.1,2025-09-24,Gallery Case,,,55347776.0,True,aa5c86b7-a51c-46e0-a039-b4fc0a16a3b5,2025-09-25,,AVAILABLE,,,0.07,1.41,1.19,0.21
GPC2FK030X8T,1.1,2025-09-24,Gallery Case,,,55347776.0,True,1e95a677-5141-42d4-9676-05a649c6d7aa,2025-09-25,,AVAILABLE,,,0.07,1.41,1.19,0.21
GAGTKFEDSXR0,1.1,2025-09-24,Gallery Case,,,55347776.0,True,d2843fa2-0fa5-4d7a-a4c3-3f1f56934035,2025-09-25,,AVAILABLE,,,0.07,1.41,1.19,0.21
G76EN2LA3K49,1.1,2025-09-24,Gallery Case,,,55347776.0,True,fcf164e5-1a7f-48f8-a054-2936ab8bec3f,2025-09-25,,AVAILABLE,,,0.07,1.41,1.19,0.21
G945LNLKKZGN,3.51,2025-09-24,"Music Kit | Denzel Curry, ULTIMATE",,501a5f4a-2117-4243-9dbf-8a32f8885287,65046670.0,False,501a5f4a-2117-4243-9dbf-8a32f8885287,2025-09-25,,AVAILABLE,,,0.07,4.13,3.78,0.33
GGKFN8WH305N,3.64,2025-09-24,Glock-18 | Candy Apple (Factory New),2.83,b053591e-1788-40e5-a1b5-f9c8915f0054,65046668.0,False,b053591e-1788-40e5-a1b5-f9c8915f0054,2025-09-25,,AVAILABLE,,,0.07,4.78,3.92,0.81
G7AT3KDDK0GG,3.5,2025-09-24,Glock-18 | Candy Apple (Factory New),4.19,d59124f0-d8e9-4649-abc6-317789f64db1,65046667.0,False,d59124f0-d8e9-4649-abc6-317789f64db1,2025-09-25,,AVAILABLE,,,0.07,4.78,3.77,0.95
G7LPZ89G0E2W,1.76,2025-09-24,StatTrak™ M4A1-S | Night Terror (Field-Tested),30.18,d9e8fe04-4005-4315-b26b-b020206f38a4,65046665.0,False,d9e8fe04-4005-4315-b26b-b020206f38a4,2025-09-25,,AVAILABLE,,,0.07,2.15,1.9,0.24
GGU4GZ44X9Z0,0.29,2025-09-25,XM1014 | Irezumi (Factory New),6.89,bb512406-8c7c-423c-9392-3ce022288618,65050902.0,False,bb512406-8c7c-423c-9392-3ce022288618,2025-09-26,,AVAILABLE,,,0.07,0.49,0.32,0.17
GZTU7W7NXN75,0.29,2025-09-25,XM1014 | Irezumi (Factory New),6.56,4597099b-4a1c-4e34-b24d-cfe55145b40f,65050903.0,False,4597099b-4a1c-4e34-b24d-cfe55145b40f,2025-09-26,,AVAILABLE,,,0.07,0.49,0.32,0.17
GT8XH2EPFARE,0.3,2025-09-25,XM1014 | Irezumi (Factory New),3.2,913f01db-6889-40b1-b96e-9f27b1cac688,65050904.0,False,913f01db-6889-40b1-b96e-9f27b1cac688,2025-09-26,,AVAILABLE,,,0.07,0.49,0.33,0.16
GKU789C8ZT86,0.9,2025-09-25,P2000 | Wicked Sick (Field-Tested),36.14,cceee983-3c1f-479d-9100-297d1b1ebc50,65050908.0,False,cceee983-3c1f-479d-9100-297d1b1ebc50,2025-09-26,,AVAILABLE,,,0.07,1.08,0.98,0.1
GH0AKLGUC0CG,0.31,2025-09-25,XM1014 | Irezumi (Factory New),6.89,24489aa0-2602-47b0-9cb6-4169ebb3d888,65050906.0,False,24489aa0-2602-47b0-9cb6-4169ebb3d888,2025-09-26,,AVAILABLE,,,0.07,0.49,0.34,0.15
GNDFPK4RT37K,0.31,2025-09-25,XM1014 | Irezumi (Factory New),6.67,f015a305-660e-48ab-899b-5e1d19095b27,65050907.0,False,f015a305-660e-48ab-899b-5e1d19095b27,2025-09-26,,AVAILABLE,,,0.07,0.49,0.34,0.15
G06W2Z20NHC6,0.24,2025-09-25,2020 RMR Legends,,,30575349.0,True,ea043f23-138b-4f19-9cdd-9bf68f31e130,2025-09-26,,AVAILABLE,,,0.07,0.33,0.27,0.07
GPDHXE3S9FH3,0.28,2025-09-25,XM1014 | Irezumi (Factory New),6.96,89cc3aae-d3d8-461b-a5d6-c82055fdea72,65050901.0,False,89cc3aae-d3d8-461b-a5d6-c82055fdea72,2025-09-26,,AVAILABLE,,,0.07,0.49,0.31,0.18
GAXZHH3W4FF8,0.3,2025-09-25,XM1014 | Irezumi (Factory New),6.67,29828ee6-9677-43e3-aba7-b1b6928d35d5,65050905.0,False,29828ee6-9677-43e3-aba7-b1b6928d35d5,2025-09-26,,AVAILABLE,,,0.07,0.49,0.33,0.16
GDC23NA3SPN9,0.27,2025-09-25,XM1014 | Irezumi (Factory New),6.62,96e90bb9-8795-41cf-a230-0c19e4139b5d,65050900.0,False,96e90bb9-8795-41cf-a230-0c19e4139b5d,2025-09-26,,AVAILABLE,,,0.07,0.49,0.3,0.19
GSE6HXP8NFXF,0.29,2025-09-25,Sticker | Blinky,,,55478588.0,True,5b0d6289-e324-41e2-8e55-329c468ca651,2025-09-26,,AVAILABLE,,,0.07,0.45,0.32,0.13
GPK7TFAPGR49,1.18,2025-09-25,Sticker | Into The Breach (Holo) | Paris 2023,,,44988570.0,True,516b6d4c-7e61-4db0-8fad-be262e05c4e5,2025-09-26,,AVAILABLE,,,0.07,2.35,1.28,1.01
GT3UW6ZW9L93,0.29,2025-09-25,Sticker | Blinky,,,55478588.0,True,f98660be-2647-4715-8655-82560e1767d3,2025-09-26,,AVAILABLE,,,0.07,0.45,0.32,0.13
GGSUG4CSWCA4,0.29,2025-09-25,Sticker | Blinky,,,55478588.0,True,6221a37d-27bf-4c50-80b6-2281aecb51aa,2025-09-26,,AVAILABLE,,,0.07,0.45,0.32,0.13
GKDWE3ZCSDR6,0.46,2025-09-25,Sticker | 100 Thieves (Foil) | 2020 RMR,,,30582870.0,True,af245acf-2e34-4d97-a601-f2f807aa5808,2025-09-26,,AVAILABLE,,,0.07,0.61,0.51,0.11
G43N8GR7XNUR,0.29,2025-09-25,Sticker | Blinky,,,55478588.0,True,cbed4a72-50a4-4e94-a4ad-35552dbe4f26,2025-09-26,,AVAILABLE,,,0.07,0.45,0.32,0.13
GZFD79W8UDCS,0.29,2025-09-25,Sticker | Blinky,,,55478588.0,True,530a062d-a9d0-4fc5-a1bf-871f1aecca70,2025-09-26,,AVAILABLE,,,0.07,0.45,0.32,0.13
G4GZ9TTRSPH2,0.56,2025-09-25,Sticker | Astralis (Holo) | 2020 RMR,,,30582885.0,True,00fa9574-76c5-4bbb-b208-9185f89f7881,2025-09-26,,AVAILABLE,,,0.07,0.75,0.61,0.14
GG6UL22GZ6U5,1.06,2025-09-25,Sticker | TYLOO (Holo) | 2020 RMR,,,30582903.0,True,8857adab-1fba-4a03-98a8-db07e5e38e6d,2025-09-26,,AVAILABLE,,,0.07,1.26,1.15,0.11
GX5L8H58G25X,1.06,2025-09-25,Sticker | TYLOO (Holo) | 2020 RMR,,,30582903.0,True,1c2525c4-2b77-4a53-9f46-577d1f3a4ed4,2025-09-26,,AVAILABLE,,,0.07,1.26,1.15,0.11
GHSFT9545PN4,1.06,2025-09-25,Sticker | TYLOO (Holo) | 2020 RMR,,,30582903.0,True,ce9bfce7-f236-4cdd-8b87-5e824d510c43,2025-09-26,,AVAILABLE,,,0.07,1.26,1.15,0.11
G52U7SKR2W6D,0.26,2025-09-25,XM1014 | Irezumi (Factory New),6.81,5cc62b02-47e5-415c-beee-eaabd96fe7d7,65050899.0,False,5cc62b02-47e5-415c-beee-eaabd96fe7d7,2025-09-26,,AVAILABLE,,,0.07,0.49,0.29,0.2
G2PKR6H43ESX,0.46,2025-09-25,Sticker | 100 Thieves (Foil) | 2020 RMR,,,30582870.0,True,530da6ae-1a2e-40d7-a904-bbbacfd4e147,2025-09-26,,AVAILABLE,,,0.07,0.61,0.51,0.11
GGAWR8AD2E36,1.45,2025-09-25,Shadow Case,,,208.0,True,2ef85cb3-41fe-4d63-aad3-45e749b0273c,2025-09-26,,AVAILABLE,,,0.07,1.68,1.57,0.11
GGSSDCAPZ4TW,11.99,2025-09-25,USP-S | Guardian (Factory New),4.74,d80c12ac-8550-43ad-8421-9c87951ddcf3,65050909.0,False,d80c12ac-8550-43ad-8421-9c87951ddcf3,2025-09-26,,AVAILABLE,,,0.07,18.48,12.9,5.2
GF0TGH88GDHZ,9.99,2025-09-25,AK-47 | Midnight Laminate (Field-Tested),29.69,d3e93edb-6481-41eb-8f7d-82c9725004f6,65050924.0,False,d3e93edb-6481-41eb-8f7d-82c9725004f6,2025-09-26,,AVAILABLE,,,0.07,11.7,10.75,0.89
G6SERF703FA7,1.45,2025-09-25,Shadow Case,,,208.0,True,6efe2770-1637-4690-90c6-c391038ff17b,2025-09-26,,AVAILABLE,,,0.07,1.68,1.57,0.11
G8RK8L0D8ZR6,0.21,2025-09-25,Sticker | 100 Thieves (Holo) | 2020 RMR,,,30582865.0,True,ad1c02b3-2e31-4668-aed1-2ab025f92229,2025-09-26,,AVAILABLE,,,0.07,0.35,0.24,0.12
GFLL060SCXW8,1.45,2025-09-25,Shadow Case,,,208.0,True,25d21290-99ca-467e-950d-96a7f5491ee0,2025-09-26,,AVAILABLE,,,0.07,1.68,1.57,0.11
GPWXAR8SGW4R,1.45,2025-09-25,Shadow Case,,,208.0,True,15990453-29fd-48aa-a3ae-c6137ee68486,2025-09-26,,AVAILABLE,,,0.07,1.68,1.57,0.11
GH0H7ZT3Z7W6,1.45,2025-09-25,Shadow Case,,,208.0,True,9b9ae068-6dc7-4764-a709-dce450bee7bf,2025-09-26,,AVAILABLE,,,0.07,1.68,1.57,0.11
G9AK2HFD9506,1.45,2025-09-25,Shadow Case,,,208.0,True,306998b7-dcca-45c0-bdb5-9624ebaf862b,2025-09-26,,AVAILABLE,,,0.07,1.68,1.57,0.11
GHGPNHFH4WZD,1.45,2025-09-25,Shadow Case,,,208.0,True,658917bb-5529-4d5f-bf8c-43adf006d0d4,2025-09-26,,AVAILABLE,,,0.07,1.68,1.57,0.11
GPE5HKTRC24E,1.45,2025-09-25,Shadow Case,,,208.0,True,823de894-2449-4c7b-9944-7973269f3b0c,2025-09-26,,AVAILABLE,,,0.07,1.68,1.57,0.11
GGUFFA5ZNH2C,1.45,2025-09-25,Shadow Case,,,208.0,True,8e5a4b53-0b33-4c55-b79c-e19093cdb869,2025-09-26,,AVAILABLE,,,0.07,1.68,1.57,0.11
GS95UAF33G4D,0.46,2025-09-25,Sticker | 100 Thieves (Foil) | 2020 RMR,,,30582870.0,True,fa21e387-49c8-419a-8061-a5112384007a,2025-09-26,,AVAILABLE,,,0.07,0.61,0.51,0.11
GRZXW7STH73K,1.45,2025-09-25,Shadow Case,,,208.0,True,962b0a25-5d83-45ef-9c9b-dcb7a2f35a01,2025-09-26,,AVAILABLE,,,0.07,1.68,1.57,0.11
GNF5CTP7KATT,1.0,2025-09-25,AWP | Pit Viper (Minimal Wear),9.75,f996dd20-c0b7-4731-a3e4-e4265ff1c303,65050923.0,False,f996dd20-c0b7-4731-a3e4-e4265ff1c303,2025-09-26,,AVAILABLE,,,0.07,1.71,1.09,0.59
G69S6RP7HGZ6,3.84,2025-09-25,StatTrak™ Glock-18 | Vogue (Field-Tested),31.59,2a6a71ba-bec2-4050-99a5-69e5201bec23,65050921.0,False,2a6a71ba-bec2-4050-99a5-69e5201bec23,2025-09-26,,AVAILABLE,,,0.07,5.32,4.14,1.11
GUHC37T7TCUX,16.86,2025-09-25,AK-47 | Ice Coaled (Factory New),6.17,c64fad17-38c6-4148-b62c-f8105396294d,65050920.0,False,c64fad17-38c6-4148-b62c-f8105396294d,2025-09-26,,AVAILABLE,,,0.07,19.47,18.14,1.25
GLWSLPGGNLAR,16.85,2025-09-25,AK-47 | Ice Coaled (Factory New),5.57,04e5ff98-6dea-43d7-8113-94241f6a73a3,65050919.0,False,04e5ff98-6dea-43d7-8113-94241f6a73a3,2025-09-26,,AVAILABLE,,,0.07,19.47,18.13,1.26
GHPKGPL83FA5,1.01,2025-09-25,M4A1-S | Nitro (Minimal Wear),14.08,8e6e8594-305d-4cfc-a1ac-5e06b0637c27,65050917.0,False,8e6e8594-305d-4cfc-a1ac-5e06b0637c27,2025-09-26,,AVAILABLE,,,0.07,1.71,1.1,0.58
GT9UWWDUK0AG,1.41,2025-09-25,M4A4 | Converter (Factory New),4.28,2860689f-2418-4f53-92d6-3a037094b270,65050915.0,False,2860689f-2418-4f53-92d6-3a037094b270,2025-09-26,,AVAILABLE,,,0.07,2.27,1.53,0.7
GRWWWCSN57F8,3.6,2025-09-25,Zeus x27 | Olympus (Field-Tested),29.51,9d4c5ba5-521b-4b9e-9025-80758462a126,65050914.0,False,9d4c5ba5-521b-4b9e-9025-80758462a126,2025-09-26,,AVAILABLE,,,0.07,4.59,3.88,0.67
GTKGA02UP390,3.6,2025-09-25,Zeus x27 | Olympus (Field-Tested),26.41,c5e85e54-6859-4ee7-a2c2-f811f99dfde7,65050913.0,False,c5e85e54-6859-4ee7-a2c2-f811f99dfde7,2025-09-26,,AVAILABLE,,,0.07,4.59,3.88,0.67
G95T42A96CCH,3.51,2025-09-25,Glock-18 | Candy Apple (Factory New),5.11,474ad63a-3b83-41a0-a602-da313f45fafd,65050912.0,False,474ad63a-3b83-41a0-a602-da313f45fafd,2025-09-26,,AVAILABLE,,,0.07,4.78,3.78,0.94
GDR8TDD9SD59,10.0,2025-09-25,AK-47 | Midnight Laminate (Field-Tested),26.56,9f26236c-b350-4c77-8213-579a61c06f24,65050910.0,False,9f26236c-b350-4c77-8213-579a61c06f24,2025-09-26,,AVAILABLE,,,0.07,11.7,10.76,0.88
G8DPLLF99TDS,1.45,2025-09-25,Shadow Case,,,208.0,True,077e5782-bdfd-4962-9e8f-43a606421fea,2025-09-26,,AVAILABLE,,,0.07,1.68,1.57,0.11
GR2K478X6PTK,0.32,2025-09-25,Rio 2022 Challengers Sticker Capsule,,,42232527.0,True,98d73821-4321-4710-9a39-c5b542a15c61,2025-09-26,,AVAILABLE,,,0.07,0.42,0.35,0.07
GHND4C722RFR,0.29,2025-09-25,Rio 2022 Contenders Sticker Capsule,,,42230945.0,True,e5f70fad-5cdc-4950-9b45-32e6c7ff7a19,2025-09-26,,AVAILABLE,,,0.07,0.43,0.32,0.11
GAEUL90NH0SC,0.32,2025-09-25,Rio 2022 Challengers Sticker Capsule,,,42232527.0,True,f20c383f-9be2-4d04-a93d-946f8d71ff93,2025-09-26,,AVAILABLE,,,0.07,0.42,0.35,0.07
G2EDNSFZWNPS,0.68,2025-09-25,Antwerp 2022 Legends Sticker Capsule,,,39906460.0,True,4e7e5666-f649-4c04-98d1-f7668730f750,2025-09-26,,AVAILABLE,,,0.07,0.79,0.74,0.05
GR8K7FRKGUCT,2.32,2025-09-25,Sticker | PGL (Holo) | Stockholm 2021,,,36659662.0,True,57feb198-a26b-44a2-9569-7ff90bcae1f1,2025-09-26,,AVAILABLE,,,0.07,4.35,2.51,1.73
G033D5G0E728,2.37,2025-09-25,Sticker | Apeks (Holo) | Paris 2023,,,45016994.0,True,22955ae1-3f55-40cd-92a1-78bb3d0893f9,2025-09-26,,AVAILABLE,,,0.07,3.49,2.56,0.88
GFZ3XU88C78G,7.56,2025-09-25,Desert Eagle | Mulberry (Field-Tested),29.66,2dfbf3ae-6377-41f2-aa19-3ece915c5300,65050895.0,False,2dfbf3ae-6377-41f2-aa19-3ece915c5300,2025-09-26,,AVAILABLE,,,0.07,9.69,8.14,1.45
GWZTGDWENSEU,12.5,2025-09-25,Sticker | Gambit Gaming (Holo) | Stockholm 2021,,,36659665.0,True,e5b34a07-48b1-470d-acda-9885f66aab07,2025-09-26,,AVAILABLE,,,0.07,22.02,13.45,7.98
GS3XT8G92FZ7,12.5,2025-09-25,Sticker | Gambit Gaming (Holo) | Stockholm 2021,,,36659665.0,True,473a9ed9-9225-4647-be75-16d72fbccfd7,2025-09-26,,AVAILABLE,,,0.07,22.02,13.45,7.98
GSK42XPGZ2SL,8.48,2025-09-25,Sticker | Gambit Gaming (Holo) | Stockholm 2021,,,36659665.0,True,104a2c8b-83db-45a0-9729-99023de85f50,2025-09-26,,AVAILABLE,,,0.07,22.02,9.13,12.0
G2GW4WZD2FHU,6.4,2025-09-25,Sticker | Gambit Gaming (Holo) | Stockholm 2021,,,36659665.0,True,170ee867-fd83-4854-b4ea-9c4678766105,2025-09-26,,AVAILABLE,,,0.07,22.02,6.89,14.08
GHKA5H83GZNW,6.4,2025-09-25,Sticker | Gambit Gaming (Holo) | Stockholm 2021,,,36659665.0,True,39349cc4-bb8a-46e2-a380-b76d13367b4b,2025-09-26,,AVAILABLE,,,0.07,22.02,6.89,14.08
GX5252LWW29F,6.4,2025-09-25,Sticker | Gambit Gaming (Holo) | Stockholm 2021,,,36659665.0,True,9cd24c1b-afcf-4126-af92-89b6d20a8e55,2025-09-26,,AVAILABLE,,,0.07,22.02,6.89,14.08
GD2SPT6AHAEF,0.32,2025-09-25,Rio 2022 Legends Sticker Capsule,,,42230946.0,True,a0495ce0-1a00-40a8-855c-11ac2a3186c9,2025-09-26,,AVAILABLE,,,0.07,0.55,0.35,0.19
G3U5T74PTL4E,0.32,2025-09-25,Rio 2022 Challengers Sticker Capsule,,,42232527.0,True,5032138f-0791-46ac-a86a-fb3109a3ec83,2025-09-26,,AVAILABLE,,,0.07,0.42,0.35,0.07
GE0EH0K70H45,6.36,2025-09-25,Gift Package,,,1278917.0,True,f8b804a4-6fdb-4f74-afdb-a239441a617c,2025-09-26,,AVAILABLE,,,0.07,9.51,6.85,2.48
G6ELFHTDE3NN,6.36,2025-09-25,Gift Package,,,1278917.0,True,3451128c-64b4-428f-bef3-eea223b1730b,2025-09-26,,AVAILABLE,,,0.07,9.51,6.85,2.48
GCU7HHZKNKRX,6.36,2025-09-25,Gift Package,,,1278917.0,True,2f7102b7-d70b-43d4-be14-5e9fbfe37ed0,2025-09-26,,AVAILABLE,,,0.07,9.51,6.85,2.48
GWWU9376NWUL,6.36,2025-09-25,Gift Package,,,1278917.0,True,85fa5383-fc15-4e74-bd8e-6cf14069dead,2025-09-26,,AVAILABLE,,,0.07,9.51,6.85,2.48
GCLNUZR9TCU6,6.36,2025-09-25,Gift Package,,,1278917.0,True,2a2a5a77-9d07-4f8f-b8a7-f49f232a8dac,2025-09-26,,AVAILABLE,,,0.07,9.51,6.85,2.48
GXR87HHENHPK,6.36,2025-09-25,Gift Package,,,1278917.0,True,fd33473c-423f-431a-ae5a-3064db2bf21b,2025-09-26,,AVAILABLE,,,0.07,9.51,6.85,2.48
GP9LKF3HDG67,6.36,2025-09-25,Gift Package,,,1278917.0,True,16543b43-e463-448d-8057-562fd24cbf02,2025-09-26,,AVAILABLE,,,0.07,9.51,6.85,2.48
GNSENFG2PX65,6.36,2025-09-25,Gift Package,,,1278917.0,True,10973e51-45b7-4cf4-8e08-9a1473d907bd,2025-09-26,,AVAILABLE,,,0.07,9.51,6.85,2.48
GH03K6S5AXAX,6.36,2025-09-25,Gift Package,,,1278917.0,True,82a6f36d-d981-4261-b4b1-b2aa3346db3a,2025-09-26,,AVAILABLE,,,0.07,9.51,6.85,2.48
GWESFW0DU96R,11.5,2025-09-25,AK-47 | Point Disarray (Field-Tested),23.95,60d1697c-06d0-43c0-80ca-ff2f8691e43f,65050894.0,False,60d1697c-06d0-43c0-80ca-ff2f8691e43f,2025-09-26,,AVAILABLE,,,0.07,13.46,12.38,1.02
G87U9L39Z2ZK,6.36,2025-09-25,Gift Package,,,1278917.0,True,d6710888-2cc6-43cc-bc9d-e3f97ae38caa,2025-09-26,,AVAILABLE,,,0.07,9.51,6.85,2.48
GCWLS939L9K6,0.32,2025-09-25,Rio 2022 Legends Sticker Capsule,,,42230946.0,True,8d4ab908-d970-46c3-a995-2e28d8c76afc,2025-09-26,,AVAILABLE,,,0.07,0.55,0.35,0.19
GT72PD567L5R,6.36,2025-09-25,Gift Package,,,1278917.0,True,26a429de-5bf7-4426-955e-b2ba9c8bf474,2025-09-26,,AVAILABLE,,,0.07,9.51,6.85,2.48
GAKTRZGRXEWT,0.32,2025-09-25,Rio 2022 Legends Sticker Capsule,,,42230946.0,True,86f38e8e-927c-4ace-a770-b6b359f7bfc8,2025-09-26,,AVAILABLE,,,0.07,0.55,0.35,0.19
GH6CL0SP299A,0.32,2025-09-25,Rio 2022 Legends Sticker Capsule,,,42230946.0,True,300fe2e2-a703-4f3c-bda0-47da0cee5824,2025-09-26,,AVAILABLE,,,0.07,0.55,0.35,0.19
GX6DZ5HK9R52,0.32,2025-09-25,Rio 2022 Challengers Sticker Capsule,,,42232527.0,True,e3f680e4-4443-4bd6-98b6-1d3b05584cb5,2025-09-26,,AVAILABLE,,,0.07,0.42,0.35,0.07
GNAEZTU39789,0.32,2025-09-25,Rio 2022 Challengers Sticker Capsule,,,42232527.0,True,a5b8301d-f2db-4f34-82d9-9a43d0b1cba9,2025-09-26,,AVAILABLE,,,0.07,0.42,0.35,0.07
GRR5992R46NF,0.32,2025-09-25,Rio 2022 Challengers Sticker Capsule,,,42232527.0,True,bb072b46-f05b-43a3-9e9d-fcb34f0de929,2025-09-26,,AVAILABLE,,,0.07,0.42,0.35,0.07
G8KTR7P00ZAX,0.32,2025-09-25,Rio 2022 Challengers Sticker Capsule,,,42232527.0,True,92041ded-6ea7-4e51-b226-484632aa7174,2025-09-26,,AVAILABLE,,,0.07,0.42,0.35,0.07
G52HKN8NZHG0,0.32,2025-09-25,Rio 2022 Challengers Sticker Capsule,,,42232527.0,True,673724bd-5174-4f56-a85d-9660e9d7f3e0,2025-09-26,,AVAILABLE,,,0.07,0.42,0.35,0.07
G8XGR6WTZ64K,0.32,2025-09-25,Rio 2022 Challengers Sticker Capsule,,,42232527.0,True,2c0f1363-3361-4a1e-8500-0a6078efe63b,2025-09-26,,AVAILABLE,,,0.07,0.42,0.35,0.07
GFA3U6PPUGAX,0.29,2025-09-25,Rio 2022 Contenders Sticker Capsule,,,42230945.0,True,354fdf58-2703-462c-a36a-238fa294e74a,2025-09-26,,AVAILABLE,,,0.07,0.43,0.32,0.11
GNWH397LHP67,0.29,2025-09-25,Rio 2022 Contenders Sticker Capsule,,,42230945.0,True,b38b0ffc-f73c-486a-a96c-2bb3b622c239,2025-09-26,,AVAILABLE,,,0.07,0.43,0.32,0.11
G8K5CPC7D8H6,0.29,2025-09-25,Rio 2022 Contenders Sticker Capsule,,,42230945.0,True,04549213-7dfa-473a-be7d-c4abd77b810b,2025-09-26,,AVAILABLE,,,0.07,0.43,0.32,0.11
GHHKPEAGUKGA,0.29,2025-09-25,Rio 2022 Contenders Sticker Capsule,,,42230945.0,True,e498eee9-6f35-4774-8ce0-36cc3b4fcc3e,2025-09-26,,AVAILABLE,,,0.07,0.43,0.32,0.11
GTSSXAL227NZ,0.32,2025-09-25,Rio 2022 Challengers Sticker Capsule,,,42232527.0,True,bdb4fa2e-dddd-446f-9965-d1abed81f3fc,2025-09-26,,AVAILABLE,,,0.07,0.42,0.35,0.07
GZD5TPE7P53R,0.29,2025-09-25,Rio 2022 Contenders Sticker Capsule,,,42230945.0,True,1bc314a2-ebf8-4bde-a7f8-3f4fe2289957,2025-09-26,,AVAILABLE,,,0.07,0.43,0.32,0.11
G382DFD6L3XZ,0.29,2025-09-25,Rio 2022 Contenders Sticker Capsule,,,42230945.0,True,5da100be-4f28-4a38-a1f5-454d2bd7192a,2025-09-26,,AVAILABLE,,,0.07,0.43,0.32,0.11
GPP6UK64WH27,0.32,2025-09-25,Rio 2022 Legends Sticker Capsule,,,42230946.0,True,18d510d5-d762-4cde-9de6-20ac5a0fc7a9,2025-09-26,,AVAILABLE,,,0.07,0.55,0.35,0.19
G2DFW538HW8T,0.32,2025-09-25,Rio 2022 Legends Sticker Capsule,,,42230946.0,True,ca77927a-3845-4c50-b1a3-1ebfd4a8b286,2025-09-26,,AVAILABLE,,,0.07,0.55,0.35,0.19
GEWSNTPSNSRE,0.32,2025-09-25,Rio 2022 Legends Sticker Capsule,,,42230946.0,True,c7face8c-8f5b-4c95-8619-1f988c34fceb,2025-09-26,,AVAILABLE,,,0.07,0.55,0.35,0.19
GPLWWP3DG8SS,0.32,2025-09-25,Rio 2022 Legends Sticker Capsule,,,42230946.0,True,27744432-f97e-40d3-a39d-9f0cd880a85a,2025-09-26,,AVAILABLE,,,0.07,0.55,0.35,0.19
G8276NUS4A4S,0.32,2025-09-25,Rio 2022 Legends Sticker Capsule,,,42230946.0,True,094b17b2-48c5-4b93-88b6-9b27948463e5,2025-09-26,,AVAILABLE,,,0.07,0.55,0.35,0.19
GFU969ZP4WG4,0.29,2025-09-25,Rio 2022 Contenders Sticker Capsule,,,42230945.0,True,4765ca1c-5eea-4073-9631-f3acdef13139,2025-09-26,,AVAILABLE,,,0.07,0.43,0.32,0.11
G23Z6H7HZ9S3,0.29,2025-09-25,Rio 2022 Contenders Sticker Capsule,,,42230945.0,True,44ade4a9-c969-432f-9d03-5b28db5377e0,2025-09-26,,AVAILABLE,,,0.07,0.43,0.32,0.11
G92SP70URG9F,0.29,2025-09-25,Rio 2022 Contenders Sticker Capsule,,,42230945.0,True,e334388e-b7a4-4eb5-bdc0-313f178cc39c,2025-09-26,,AVAILABLE,,,0.07,0.43,0.32,0.11
GARGZ70DC90G,0.32,2025-09-25,Rio 2022 Legends Sticker Capsule,,,42230946.0,True,38d068aa-5f8c-411d-8376-5fb5a7963cf1,2025-09-26,,AVAILABLE,,,0.07,0.55,0.35,0.19
GPTLPXRSEF2R,4.45,2025-09-26,Sticker | Gold Web (Foil),,,7177483.0,True,b9f44895-5940-4ddc-95a7-52be67895b87,2025-09-27,,AVAILABLE,,,0.07,7.16,4.8,2.21
G4N758EW8UEG,6.01,2025-09-26,AWP | PAW (Factory New),6.33,0db0d58f-0996-44c0-94a1-061d77fbb870,65054015.0,False,0db0d58f-0996-44c0-94a1-061d77fbb870,2025-09-27,,AVAILABLE,,,0.07,6.75,6.47,0.27
GPCEPWE9LZC5,1.37,2025-09-26,M4A4 | Converter (Factory New),5.39,2fd31269-5c79-4b43-a103-cedcddbd622c,65054011.0,False,2fd31269-5c79-4b43-a103-cedcddbd622c,2025-09-27,,AVAILABLE,,,0.07,2.27,1.48,0.74
GU8P9U0FDDNC,3.27,2025-09-26,Glock-18 | Candy Apple (Factory New),6.23,97000804-4a86-4ecd-a2a7-d34a509a52fa,65054010.0,False,97000804-4a86-4ecd-a2a7-d34a509a52fa,2025-09-27,,AVAILABLE,,,0.07,4.78,3.53,1.18
GGZ55EK5ZHAC,1.69,2025-09-26,USP-S | Cyrex (Minimal Wear),13.49,7e2ab44c-26d4-4b86-95f2-e956a7967d7d,65054009.0,False,7e2ab44c-26d4-4b86-95f2-e956a7967d7d,2025-09-27,,AVAILABLE,,,0.07,1.95,1.83,0.12
G9P29H42XX8C,0.84,2025-09-26,AK-47 | Olive Polycam (Factory New),6.81,e5e3c8f4-baa8-4b5c-912a-fd1c495f61a3,65054007.0,False,e5e3c8f4-baa8-4b5c-912a-fd1c495f61a3,2025-09-27,,AVAILABLE,,,0.07,1.27,0.91,0.34
G09FRL9UW37S,0.84,2025-09-26,AK-47 | Olive Polycam (Factory New),5.12,d085750c-4043-48e4-9176-74ebdeaf39c6,65054006.0,False,d085750c-4043-48e4-9176-74ebdeaf39c6,2025-09-27,,AVAILABLE,,,0.07,1.27,0.91,0.34
GAXDZLATTPXC,1.09,2025-09-26,M4A1-S | Nitro (Minimal Wear),14.09,1017175f-7ee1-4952-84ca-3a00c79ada04,65054005.0,False,1017175f-7ee1-4952-84ca-3a00c79ada04,2025-09-27,,AVAILABLE,,,0.07,1.71,1.18,0.5
GU3L5X9FWPZD,1.76,2025-09-26,MP9 | Starlight Protector (Field-Tested),31.43,4c5fcb9a-8793-4e65-b6cf-ce347c3fd0e1,65054004.0,False,4c5fcb9a-8793-4e65-b6cf-ce347c3fd0e1,2025-09-27,,AVAILABLE,,,0.07,2.06,1.9,0.16
GTXNUTACDTD5,3.27,2025-09-26,Glock-18 | Candy Apple (Factory New),3.17,ddc9f1af-5902-4e0f-8ee4-b8c9a764f5df,65054001.0,False,ddc9f1af-5902-4e0f-8ee4-b8c9a764f5df,2025-09-27,,AVAILABLE,,,0.07,4.78,3.53,1.18
GA58SF5LW8CK,18.19,2025-09-26,M4A4 | 龍王 (Dragon King) (Minimal Wear),13.58,bdef0642-dd1a-4da5-88d1-baaf5ba6e1f5,65054003.0,False,bdef0642-dd1a-4da5-88d1-baaf5ba6e1f5,2025-09-27,,AVAILABLE,,,0.07,21.95,19.57,2.22
G7G9U27ZWEGX,0.57,2025-09-26,Sticker | Web Stuck,,,7243184.0,True,fd2dec76-d250-48d4-9817-964230eb2be9,2025-09-27,,AVAILABLE,,,0.07,0.72,0.62,0.1
GTZCE8CR4PUK,5.45,2025-09-26,Sticker | Natus Vincere (Holo) | Stockholm 2021,,,36703417.0,True,4615bf59-e1c0-4e41-a2b1-a27dc2f3f93a,2025-09-27,,AVAILABLE,,,0.07,7.28,5.87,1.32
GGH2P9F6TR7H,0.47,2025-09-26,Sticker | Boombl4 (Holo) | Stockholm 2021,,,36893189.0,True,b5e153fd-c6bd-4422-b256-39e86cde4aab,2025-09-27,,AVAILABLE,,,0.07,0.6,0.52,0.09
G65K9LCP6P4H,0.47,2025-09-26,Sticker | Boombl4 (Holo) | Stockholm 2021,,,36893189.0,True,2c93494e-8837-44b5-95a6-c6c03f5a4082,2025-09-27,,AVAILABLE,,,0.07,0.6,0.52,0.09
GK7AZ50KL82T,0.47,2025-09-26,Sticker | Boombl4 (Holo) | Stockholm 2021,,,36893189.0,True,75c6a37c-9d86-4d78-8439-42bb8612e44d,2025-09-27,,AVAILABLE,,,0.07,0.6,0.52,0.09
GPFD4N7GRU8G,0.24,2025-09-26,Sticker | Team Spirit (Glitter) | Shanghai 2024,,,57328478.0,True,3d26b25b-c930-4cdb-a5de-c8e5ee0ff134,2025-09-27,,AVAILABLE,,,0.07,0.33,0.27,0.07
GHWN070G25NS,0.28,2025-09-26,Rio 2022 Contenders Sticker Capsule,,,42230945.0,True,bfd3b126-166c-4e02-858a-2a4da8c0ff4b,2025-09-27,,AVAILABLE,,,0.07,0.43,0.31,0.12
GAD4U566ATFT,0.31,2025-09-26,Rio 2022 Legends Sticker Capsule,,,42230946.0,True,58a4a652-4b20-4642-81f5-2cc325ac4ed3,2025-09-27,,AVAILABLE,,,0.07,0.55,0.34,0.2
G7AR6GFWCHX2,3.18,2025-09-26,Patch | Metal The Global Elite,,,29139606.0,True,317c8255-bcad-4ffd-95f4-43cb08755dc4,2025-09-27,,AVAILABLE,,,0.07,4.93,3.43,1.4
GAUH0WGNEFZX,2.89,2025-09-26,Sticker | PGL (Holo) | Stockholm 2021,,,36659662.0,True,c7c490a1-e38e-4dc8-b9b3-d4e6e5f82953,2025-09-27,,AVAILABLE,,,0.07,4.35,3.12,1.16
G9HE3D3SEKZX,2.89,2025-09-26,Sticker | PGL (Holo) | Stockholm 2021,,,36659662.0,True,334f8e6e-65cc-4ddf-a2e3-632101c0298b,2025-09-27,,AVAILABLE,,,0.07,4.35,3.12,1.16
GLTXH0ELXKL0,0.9,2025-09-26,Sticker | Grayhound Gaming (Holo) | Paris 2023,,,45054150.0,True,ff735493-9ce1-4c2f-9e78-975dc8b2be0a,2025-09-27,,AVAILABLE,,,0.07,1.25,0.98,0.26
GWHAPKNCZ4GS,9.63,2025-09-26,Sticker | Gambit Gaming (Holo) | Stockholm 2021,,,36659665.0,True,ee514d20-b229-426d-b2e5-0b04164244a2,2025-09-27,,AVAILABLE,,,0.07,22.02,10.37,10.85
GES8ELUKH82L,0.57,2025-09-26,Sticker | Web Stuck,,,7243184.0,True,4720ad43-2a48-4062-9672-5e4441e05a68,2025-09-27,,AVAILABLE,,,0.07,0.72,0.62,0.1
G2H9G99UXDFR,14.0,2025-09-26,Glock-18 | Bullet Queen (Minimal Wear),12.82,4b4582fe-2ae5-4e6d-a7cb-410052890ff2,65054017.0,False,4b4582fe-2ae5-4e6d-a7cb-410052890ff2,2025-09-27,,AVAILABLE,,,0.07,18.09,15.06,2.82
