buy_date,buy_price,date_sold,selling_price,commission_factor,net_revenue,profit,month
2025-08-26,2.5,2025-08-27,3.34,0.05,3.17,0.67,2025-08-01
2025-08-24,2.5,2025-08-26,2.83,0.05,2.69,0.19,2025-08-01
2025-08-24,2.5,2025-08-25,2.83,0.05,2.69,0.19,2025-08-01
2025-08-24,2.5,2025-08-25,2.83,0.05,2.69,0.19,2025-08-01
2025-08-24,1.73,2025-08-25,2.02,0.05,1.92,0.19,2025-08-01
2025-08-24,0.32,2025-08-26,0.53,0.05,0.5,0.18,2025-08-01
2025-08-24,0.11,2025-08-27,0.44,0.05,0.42,0.31,2025-08-01
2025-08-24,2.41,2025-08-25,3.43,0.05,3.26,0.85,2025-08-01
2025-08-24,2.41,2025-08-26,3.43,0.05,3.26,0.85,2025-08-01
2025-08-24,1.24,2025-08-26,1.48,0.05,1.41,0.17,2025-08-01
2025-08-24,1.7,2025-08-26,1.98,0.05,1.88,0.18,2025-08-01
2025-08-23,1.73,2025-08-24,2.25,0.05,2.14,0.41,2025-08-01
2025-08-23,5.66,2025-08-24,6.79,0.05,6.45,0.79,2025-08-01
2025-08-23,10.27,2025-08-24,12.09,0.05,11.49,1.22,2025-08-01
2025-08-23,11.19,2025-08-25,12.59,0.05,11.96,0.77,2025-08-01
2025-08-23,0.13,2025-08-27,0.44,0.05,0.42,0.29,2025-08-01
2025-08-23,0.13,2025-08-24,0.44,0.05,0.42,0.29,2025-08-01
2025-08-23,0.13,2025-08-24,0.44,0.05,0.42,0.29,2025-08-01
2025-08-23,0.13,2025-08-24,0.44,0.05,0.42,0.29,2025-08-01
2025-08-23,0.13,2025-08-24,0.44,0.05,0.42,0.29,2025-08-01
2025-08-23,0.83,2025-08-25,1.06,0.05,1.01,0.18,2025-08-01
2025-08-23,1.49,2025-08-24,2.83,0.05,2.69,1.2,2025-08-01
2025-08-23,2.38,2025-08-24,2.74,0.05,2.6,0.22,2025-08-01
2025-08-23,2.15,2025-08-24,3.56,0.05,3.38,1.23,2025-08-01
2025-08-22,3.0,2025-08-24,3.4,0.05,3.23,0.23,2025-08-01
2025-08-22,2.9,2025-08-27,3.25,0.05,3.09,0.19,2025-08-01
2025-08-22,2.9,2025-08-27,3.25,0.05,3.09,0.19,2025-08-01
2025-08-22,2.9,2025-08-27,3.25,0.05,3.09,0.19,2025-08-01
2025-08-22,2.9,2025-08-27,3.25,0.05,3.09,0.19,2025-08-01
2025-08-22,2.9,2025-08-27,3.25,0.05,3.09,0.19,2025-08-01
2025-08-22,1.78,2025-08-23,2.1,0.05,2.0,0.21,2025-08-01
2025-08-22,0.75,2025-08-25,1.25,0.05,1.19,0.44,2025-08-01
2025-08-21,3.75,2025-08-23,4.27,0.05,4.06,0.31,2025-08-01
2025-08-21,3.75,2025-08-23,4.27,0.05,4.06,0.31,2025-08-01
2025-08-21,3.75,2025-08-23,4.27,0.05,4.06,0.31,2025-08-01
2025-08-21,3.75,2025-08-23,4.27,0.05,4.06,0.31,2025-08-01
2025-08-21,3.75,2025-08-23,4.27,0.05,4.06,0.31,2025-08-01
2025-08-21,3.75,2025-08-23,4.27,0.05,4.06,0.31,2025-08-01
2025-08-21,1.37,2025-08-22,1.55,0.05,1.47,0.1,2025-08-01
2025-08-21,0.49,2025-08-27,0.67,0.05,0.64,0.15,2025-08-01
2025-08-21,1.85,2025-08-25,2.15,0.05,2.04,0.19,2025-08-01
2025-08-21,1.6,2025-08-22,2.18,0.05,2.07,0.47,2025-08-01
2025-08-21,4.32,2025-08-22,5.15,0.05,4.89,0.57,2025-08-01
2025-08-21,5.1,2025-08-23,6.06,0.05,5.76,0.66,2025-08-01
2025-08-21,18.0,2025-08-22,20.37,0.05,19.35,1.35,2025-08-01
2025-08-21,2.89,2025-08-25,3.4,0.05,3.23,0.34,2025-08-01
2025-08-21,0.89,2025-08-23,1.15,0.05,1.09,0.2,2025-08-01
2025-08-21,0.25,2025-08-26,0.37,0.05,0.35,0.1,2025-08-01
2025-08-21,3.06,2025-08-22,3.51,0.05,3.33,0.27,2025-08-01
2025-08-20,4.0,2025-08-21,4.51,0.05,4.28,0.28,2025-08-01
2025-08-20,1.13,2025-08-21,1.5,0.05,1.42,0.29,2025-08-01
2025-08-20,1.13,2025-08-21,1.5,0.05,1.42,0.29,2025-08-01
2025-08-20,1.24,2025-08-21,1.45,0.05,1.38,0.14,2025-08-01
2025-08-20,1.56,2025-08-24,1.77,0.05,1.68,0.12,2025-08-01
2025-08-20,0.39,2025-08-26,0.53,0.05,0.5,0.11,2025-08-01
2025-08-20,0.65,2025-08-22,0.85,0.05,0.81,0.16,2025-08-01
2025-08-20,0.65,2025-08-22,0.85,0.05,0.81,0.16,2025-08-01
2025-08-20,0.26,2025-08-24,0.44,0.05,0.42,0.16,2025-08-01
2025-08-20,0.26,2025-08-24,0.44,0.05,0.42,0.16,2025-08-01
2025-08-20,0.26,2025-08-24,0.44,0.05,0.42,0.16,2025-08-01
2025-08-20,0.26,2025-08-24,0.44,0.05,0.42,0.16,2025-08-01
2025-08-20,0.26,2025-08-24,0.44,0.05,0.42,0.16,2025-08-01
2025-08-20,0.26,2025-08-24,0.44,0.05,0.42,0.16,2025-08-01
2025-08-19,24.0,2025-08-20,27.57,0.05,26.19,2.19,2025-08-01
2025-08-19,36.41,2025-08-20,40.47,0.05,38.45,2.04,2025-08-01
2025-08-19,2.49,2025-08-24,2.94,0.05,2.79,0.3,2025-08-01
2025-08-19,0.26,2025-08-22,1.26,0.05,1.2,0.94,2025-08-01
2025-08-19,1.23,2025-08-20,1.45,0.05,1.38,0.15,2025-08-01
2025-08-19,1.23,2025-08-22,1.45,0.05,1.38,0.15,2025-08-01
2025-08-18,45.0,2025-08-19,50.37,0.05,47.85,2.85,2025-08-01
2025-08-18,0.57,2025-08-19,1.09,0.05,1.04,0.47,2025-08-01
2025-08-18,22.0,2025-08-21,26.66,0.05,25.33,3.33,2025-08-01
2025-08-18,1.36,2025-08-21,1.66,0.05,1.58,0.22,2025-08-01
2025-08-18,3.42,2025-08-19,3.92,0.05,3.72,0.3,2025-08-01
2025-08-18,1.28,2025-08-19,1.51,0.05,1.43,0.15,2025-08-01
2025-08-18,1.36,2025-08-21,1.66,0.05,1.58,0.22,2025-08-01
2025-08-18,5.56,2025-08-21,6.36,0.05,6.04,0.48,2025-08-01
2025-08-18,1.78,2025-08-19,2.01,0.05,1.91,0.13,2025-08-01
2025-08-18,1.78,2025-08-26,2.01,0.05,1.91,0.13,2025-08-01
2025-08-18,4.77,2025-08-19,5.38,0.05,5.11,0.34,2025-08-01
2025-08-17,4.5,2025-08-24,5.09,0.05,4.84,0.34,2025-08-01
2025-08-17,16.98,2025-08-22,18.93,0.05,17.98,1.0,2025-08-01
2025-08-17,3.49,2025-08-18,4.03,0.05,3.83,0.34,2025-08-01
2025-08-17,5.13,2025-08-21,6.35,0.05,6.03,0.9,2025-08-01
2025-08-17,2.79,2025-08-26,3.63,0.05,3.45,0.66,2025-08-01
2025-08-17,3.27,2025-08-26,4.05,0.05,3.85,0.58,2025-08-01
2025-08-17,3.27,2025-08-26,4.05,0.05,3.85,0.58,2025-08-01
2025-08-17,5.89,2025-08-25,7.33,0.05,6.96,1.07,2025-08-01
2025-08-16,0.77,2025-08-18,1.0,0.05,0.95,0.18,2025-08-01
2025-08-16,0.22,2025-08-19,1.32,0.05,1.25,1.03,2025-08-01
2025-08-16,0.4,2025-08-17,0.55,0.05,0.52,0.12,2025-08-01
2025-08-16,0.54,2025-08-25,0.74,0.05,0.7,0.16,2025-08-01
2025-08-16,5.04,2025-08-20,5.9,0.05,5.6,0.57,2025-08-01
2025-08-15,1.5,2025-08-26,1.7,0.05,1.62,0.11,2025-08-01
2025-08-15,1.5,2025-08-26,1.7,0.05,1.62,0.11,2025-08-01
2025-08-15,1.5,2025-08-26,1.7,0.05,1.62,0.11,2025-08-01
2025-08-15,2.33,2025-08-19,2.72,0.05,2.58,0.25,2025-08-01
2025-08-15,8.84,2025-08-17,10.02,0.05,9.52,0.68,2025-08-01
2025-08-15,8.77,2025-08-18,10.02,0.05,9.52,0.75,2025-08-01
2025-08-15,0.57,2025-08-17,1.23,0.05,1.17,0.6,2025-08-01
2025-08-15,2.16,2025-08-16,2.47,0.05,2.35,0.19,2025-08-01
2025-08-15,2.85,2025-08-19,4.33,0.05,4.11,1.26,2025-08-01
2025-08-15,2.88,2025-08-18,3.36,0.05,3.19,0.31,2025-08-01
2025-08-15,30.73,2025-08-17,35.54,0.05,33.76,3.03,2025-08-01
2025-08-15,0.72,2025-08-17,0.96,0.05,0.91,0.19,2025-08-01
2025-08-15,0.72,2025-08-18,0.96,0.05,0.91,0.19,2025-08-01
2025-08-15,0.72,2025-08-18,0.96,0.05,0.91,0.19,2025-08-01
2025-08-15,0.69,2025-08-17,1.23,0.05,1.17,0.48,2025-08-01
2025-08-15,2.83,2025-08-19,3.99,0.05,3.79,0.96,2025-08-01
2025-08-15,1.45,2025-08-23,1.92,0.05,1.82,0.37,2025-08-01
2025-08-15,1.33,2025-08-20,1.51,0.05,1.43,0.1,2025-08-01
2025-08-15,0.43,2025-08-27,0.72,0.05,0.68,0.25,2025-08-01
2025-08-15,0.69,2025-08-18,1.23,0.05,1.17,0.48,2025-08-01
2025-08-15,0.69,2025-08-18,1.23,0.05,1.17,0.48,2025-08-01
2025-08-15,2.8,2025-08-20,3.32,0.05,3.15,0.35,2025-08-01
2025-08-15,1.75,2025-08-17,2.26,0.05,2.15,0.4,2025-08-01
2025-08-15,1.75,2025-08-17,2.26,0.05,2.15,0.4,2025-08-01
2025-08-15,1.75,2025-08-17,2.26,0.05,2.15,0.4,2025-08-01
2025-08-15,1.75,2025-08-17,2.26,0.05,2.15,0.4,2025-08-01
2025-08-15,1.75,2025-08-17,2.26,0.05,2.15,0.4,2025-08-01
2025-08-15,1.75,2025-08-17,2.26,0.05,2.15,0.4,2025-08-01
2025-08-15,1.75,2025-08-17,2.26,0.05,2.15,0.4,2025-08-01
2025-08-15,1.75,2025-08-17,2.26,0.05,2.15,0.4,2025-08-01
2025-08-15,1.75,2025-08-17,2.26,0.05,2.15,0.4,2025-08-01
2025-08-15,1.76,2025-08-19,1.97,0.05,1.87,0.11,2025-08-01
2025-08-15,0.82,2025-08-16,1.03,0.05,0.98,0.16,2025-08-01
2025-08-15,0.5,2025-08-16,0.69,0.05,0.66,0.16,2025-08-01
2025-08-15,1.12,2025-08-19,1.26,0.05,1.2,0.08,2025-08-01
2025-08-15,1.12,2025-08-17,1.26,0.05,1.2,0.08,2025-08-01
2025-08-15,2.89,2025-08-20,3.7,0.05,3.52,0.62,2025-08-01
2025-08-15,6.59,2025-08-22,7.71,0.05,7.32,0.73,2025-08-01
2025-08-15,0.99,2025-08-20,1.25,0.05,1.19,0.2,2025-08-01
2025-08-14,8.0,2025-08-16,9.06,0.05,8.61,0.61,2025-08-01
2025-08-14,50.0,2025-08-22,56.61,0.05,53.78,3.78,2025-08-01
2025-08-14,1.99,2025-08-25,2.84,0.05,2.7,0.71,2025-08-01
2025-08-14,1.5,2025-08-26,1.7,0.05,1.62,0.11,2025-08-01
2025-08-14,1.5,2025-08-26,1.7,0.05,1.62,0.11,2025-08-01
2025-08-14,1.32,2025-08-16,1.54,0.05,1.46,0.14,2025-08-01
2025-08-14,1.27,2025-08-16,1.54,0.05,1.46,0.19,2025-08-01
2025-08-13,7.5,2025-08-15,8.97,0.05,8.52,1.02,2025-08-01
2025-08-13,0.82,2025-08-16,1.03,0.05,0.98,0.16,2025-08-01
2025-08-13,11.88,2025-08-23,13.39,0.05,12.72,0.84,2025-08-01
2025-08-13,44.07,2025-08-14,50.9,0.05,48.36,4.28,2025-08-01
2025-08-13,1.94,2025-08-17,2.3,0.05,2.18,0.24,2025-08-01
2025-08-13,0.65,2025-08-14,1.27,0.05,1.21,0.56,2025-08-01
2025-08-13,0.65,2025-08-18,1.23,0.05,1.17,0.52,2025-08-01
2025-08-13,4.82,2025-08-16,5.68,0.05,5.4,0.58,2025-08-01
2025-08-13,13.63,2025-08-17,15.59,0.05,14.81,1.18,2025-08-01
2025-08-13,0.48,2025-08-20,0.74,0.05,0.7,0.22,2025-08-01
2025-08-13,1.12,2025-08-20,1.26,0.05,1.2,0.08,2025-08-01
2025-08-13,1.3,2025-08-15,1.55,0.05,1.47,0.17,2025-08-01
2025-08-13,0.35,2025-08-15,0.48,0.05,0.46,0.11,2025-08-01
2025-08-13,0.35,2025-08-15,0.48,0.05,0.46,0.11,2025-08-01
2025-08-13,0.04,2025-08-16,0.16,0.05,0.15,0.11,2025-08-01
2025-08-13,0.04,2025-08-16,0.16,0.05,0.15,0.11,2025-08-01
2025-08-13,0.04,2025-08-16,0.16,0.05,0.15,0.11,2025-08-01
2025-08-12,0.29,2025-08-25,0.45,0.05,0.43,0.14,2025-08-01
2025-08-12,0.29,2025-08-24,0.45,0.05,0.43,0.14,2025-08-01
2025-08-12,4.28,2025-08-13,4.86,0.05,4.62,0.34,2025-08-01
2025-08-12,0.69,2025-08-16,0.86,0.05,0.82,0.13,2025-08-01
2025-08-12,0.43,2025-08-15,1.54,0.05,1.46,1.03,2025-08-01
2025-08-12,0.3,2025-08-13,0.49,0.05,0.47,0.17,2025-08-01
2025-08-12,0.3,2025-08-13,0.49,0.05,0.47,0.17,2025-08-01
2025-08-12,0.2,2025-08-19,0.35,0.05,0.33,0.13,2025-08-01
2025-08-12,0.2,2025-08-19,0.35,0.05,0.33,0.13,2025-08-01
2025-08-12,0.2,2025-08-19,0.35,0.05,0.33,0.13,2025-08-01
2025-08-12,0.2,2025-08-19,0.35,0.05,0.33,0.13,2025-08-01
2025-08-12,0.2,2025-08-19,0.35,0.05,0.33,0.13,2025-08-01
2025-08-12,0.2,2025-08-17,0.35,0.05,0.33,0.13,2025-08-01
2025-08-12,1.71,2025-08-26,2.24,0.05,2.13,0.42,2025-08-01
2025-08-12,0.66,2025-08-14,0.94,0.05,0.89,0.23,2025-08-01
2025-08-12,0.17,2025-08-17,0.28,0.05,0.27,0.1,2025-08-01
2025-08-12,0.17,2025-08-17,0.28,0.05,0.27,0.1,2025-08-01
2025-08-12,0.05,2025-08-16,0.16,0.05,0.15,0.1,2025-08-01
2025-08-12,0.05,2025-08-16,0.16,0.05,0.15,0.1,2025-08-01
2025-08-12,0.81,2025-08-13,1.64,0.05,1.56,0.75,2025-08-01
2025-08-12,0.5,2025-08-26,0.74,0.05,0.7,0.2,2025-08-01
2025-08-12,2.9,2025-08-14,3.3,0.05,3.14,0.23,2025-08-01
2025-08-12,5.99,2025-08-13,7.02,0.05,6.67,0.68,2025-08-01
2025-08-12,5.99,2025-08-14,7.02,0.05,6.67,0.68,2025-08-01
2025-08-12,5.99,2025-08-15,7.02,0.05,6.67,0.68,2025-08-01
2025-08-12,5.84,2025-08-15,7.02,0.05,6.67,0.83,2025-08-01
2025-08-11,0.21,2025-08-19,0.34,0.05,0.32,0.11,2025-08-01
2025-08-11,4.9,2025-08-12,5.51,0.05,5.23,0.33,2025-08-01
2025-08-11,1.03,2025-08-14,1.22,0.05,1.16,0.13,2025-08-01
2025-08-11,1.5,2025-08-13,1.83,0.05,1.74,0.24,2025-08-01
2025-08-11,5.0,2025-08-16,5.64,0.05,5.36,0.36,2025-08-01
2025-08-11,4.89,2025-08-12,5.51,0.05,5.23,0.34,2025-08-01
2025-08-11,2.54,2025-08-12,2.86,0.05,2.72,0.18,2025-08-01
2025-08-11,0.05,2025-08-15,0.42,0.05,0.4,0.35,2025-08-01
2025-08-11,0.35,2025-08-16,0.64,0.05,0.61,0.26,2025-08-01
2025-08-11,0.81,2025-08-12,1.04,0.05,0.99,0.18,2025-08-01
2025-08-11,0.43,2025-08-14,0.68,0.05,0.65,0.22,2025-08-01
2025-08-11,0.23,2025-08-12,0.48,0.05,0.46,0.23,2025-08-01
2025-08-11,0.23,2025-08-12,0.48,0.05,0.46,0.23,2025-08-01
2025-08-11,0.23,2025-08-12,0.48,0.05,0.46,0.23,2025-08-01
2025-08-11,0.23,2025-08-12,0.48,0.05,0.46,0.23,2025-08-01
2025-08-11,0.23,2025-08-12,0.48,0.05,0.46,0.23,2025-08-01
2025-08-11,0.23,2025-08-12,0.48,0.05,0.46,0.23,2025-08-01
2025-08-11,0.23,2025-08-12,0.48,0.05,0.46,0.23,2025-08-01
2025-08-11,0.23,2025-08-12,0.48,0.05,0.46,0.23,2025-08-01
2025-08-11,0.23,2025-08-12,0.48,0.05,0.46,0.23,2025-08-01
2025-08-11,0.23,2025-08-12,0.48,0.05,0.46,0.23,2025-08-01
2025-08-11,9.14,2025-08-12,10.72,0.05,10.18,1.04,2025-08-01
2025-08-11,11.5,2025-08-20,12.85,0.05,12.21,0.71,2025-08-01
2025-08-10,69.5,2025-08-16,77.76,0.05,73.87,4.37,2025-08-01
2025-08-10,2.0,2025-08-17,2.52,0.05,2.39,0.39,2025-08-01
2025-08-10,0.21,2025-08-23,0.36,0.05,0.34,0.13,2025-08-01
2025-08-10,0.21,2025-08-11,0.37,0.05,0.35,0.14,2025-08-01
2025-08-10,8.5,2025-08-24,9.47,0.05,9.0,0.5,2025-08-01
2025-08-10,0.08,2025-08-11,0.4,0.05,0.38,0.3,2025-08-01
2025-08-10,0.08,2025-08-11,0.4,0.05,0.38,0.3,2025-08-01
2025-08-10,0.43,2025-08-14,0.68,0.05,0.65,0.22,2025-08-01
2025-08-10,0.43,2025-08-13,0.68,0.05,0.65,0.22,2025-08-01
2025-08-10,0.42,2025-08-13,0.68,0.05,0.65,0.23,2025-08-01
2025-08-10,0.42,2025-08-11,0.68,0.05,0.65,0.23,2025-08-01
2025-08-10,0.42,2025-08-11,0.68,0.05,0.65,0.23,2025-08-01
2025-08-10,0.42,2025-08-11,0.68,0.05,0.65,0.23,2025-08-01
2025-08-10,0.42,2025-08-11,0.68,0.05,0.65,0.23,2025-08-01
2025-08-10,0.22,2025-08-17,0.41,0.05,0.39,0.17,2025-08-01
2025-08-10,0.22,2025-08-20,0.4,0.05,0.38,0.16,2025-08-01
2025-08-10,0.22,2025-08-20,0.4,0.05,0.38,0.16,2025-08-01
2025-08-10,3.06,2025-08-26,3.88,0.05,3.69,0.63,2025-08-01
2025-08-10,3.06,2025-08-26,3.88,0.05,3.69,0.63,2025-08-01
2025-08-09,3.2,2025-08-14,3.8,0.05,3.61,0.41,2025-08-01
2025-08-09,59.98,2025-08-10,65.93,0.05,62.63,2.65,2025-08-01
2025-08-09,5.99,2025-08-12,7.02,0.05,6.67,0.68,2025-08-01
2025-08-09,5.99,2025-08-12,7.02,0.05,6.67,0.68,2025-08-01
2025-08-09,4.56,2025-08-14,5.95,0.05,5.65,1.09,2025-08-01
2025-08-09,1.0,2025-08-12,1.72,0.05,1.63,0.63,2025-08-01
2025-08-09,4.15,2025-08-12,4.64,0.05,4.41,0.26,2025-08-01
2025-08-09,31.85,2025-08-10,36.18,0.05,34.37,2.52,2025-08-01
2025-08-09,0.58,2025-08-12,0.74,0.05,0.7,0.12,2025-08-01
2025-08-09,0.58,2025-08-12,0.74,0.05,0.7,0.12,2025-08-01
2025-08-09,0.41,2025-08-16,0.54,0.05,0.51,0.1,2025-08-01
2025-08-09,1.31,2025-08-27,1.82,0.05,1.73,0.42,2025-08-01
2025-08-09,0.68,2025-08-11,0.82,0.05,0.78,0.1,2025-08-01
2025-08-09,0.73,2025-08-21,1.54,0.05,1.46,0.73,2025-08-01
2025-08-09,0.73,2025-08-18,1.54,0.05,1.46,0.73,2025-08-01
2025-08-09,0.74,2025-08-10,0.89,0.05,0.85,0.11,2025-08-01
2025-08-09,0.62,2025-08-10,0.89,0.05,0.85,0.23,2025-08-01
2025-08-09,5.0,2025-08-10,5.81,0.05,5.52,0.52,2025-08-01
2025-08-09,5.51,2025-08-10,6.31,0.05,5.99,0.48,2025-08-01
2025-08-08,45.0,2025-08-11,49.14,0.05,46.68,1.68,2025-08-01
2025-08-08,1.16,2025-08-23,1.32,0.05,1.25,0.09,2025-08-01
2025-08-08,1.14,2025-08-24,1.32,0.05,1.25,0.11,2025-08-01
2025-08-08,1.44,2025-08-12,1.73,0.05,1.64,0.2,2025-08-01
2025-08-08,1.85,2025-08-10,2.12,0.05,2.01,0.16,2025-08-01
2025-08-08,2.41,2025-08-13,3.38,0.05,3.21,0.8,2025-08-01
2025-08-08,2.63,2025-08-12,4.06,0.05,3.86,1.23,2025-08-01
2025-08-07,0.37,2025-08-10,0.63,0.05,0.6,0.23,2025-08-01
2025-08-07,0.37,2025-08-08,0.63,0.05,0.6,0.23,2025-08-01
2025-08-07,0.37,2025-08-08,0.63,0.05,0.6,0.23,2025-08-01
2025-08-07,0.55,2025-08-15,0.95,0.05,0.9,0.35,2025-08-01
2025-08-07,0.55,2025-08-15,0.95,0.05,0.9,0.35,2025-08-01
2025-08-06,255.95,2025-08-14,284.24,0.05,270.03,14.08,2025-08-01
2025-08-06,2.05,2025-08-19,2.34,0.05,2.22,0.17,2025-08-01
2025-08-06,0.41,2025-08-19,0.64,0.05,0.61,0.2,2025-08-01
2025-08-06,14.99,2025-08-07,16.19,0.05,15.38,0.39,2025-08-01
2025-08-06,0.9,2025-08-07,1.36,0.05,1.29,0.39,2025-08-01
2025-08-06,0.91,2025-08-25,1.03,0.05,0.98,0.07,2025-08-01
2025-08-06,0.49,2025-08-07,1.36,0.05,1.29,0.8,2025-08-01
2025-08-06,0.71,2025-08-11,0.89,0.05,0.85,0.14,2025-08-01
2025-08-06,2.74,2025-08-09,3.66,0.05,3.48,0.74,2025-08-01
2025-08-06,7.0,2025-08-08,8.34,0.05,7.92,0.92,2025-08-01
2025-08-06,9.78,2025-08-07,12.36,0.05,11.74,1.96,2025-08-01
2025-08-06,71.28,2025-08-10,83.1,0.05,78.94,7.66,2025-08-01
2025-08-05,5.49,2025-08-06,6.11,0.05,5.8,0.31,2025-08-01
2025-08-05,17.7,2025-08-09,20.4,0.05,19.38,1.68,2025-08-01
2025-08-05,0.7,2025-08-15,1.05,0.05,1.0,0.3,2025-08-01
2025-08-05,6.75,2025-08-08,8.55,0.05,8.12,1.37,2025-08-01
2025-08-05,6.5,2025-08-06,9.81,0.05,9.32,2.82,2025-08-01
2025-08-05,1.7,2025-08-09,1.92,0.05,1.82,0.12,2025-08-01
2025-08-05,1.7,2025-08-08,1.97,0.05,1.87,0.17,2025-08-01
2025-08-05,1.3,2025-08-07,1.8,0.05,1.71,0.41,2025-08-01
2025-08-05,2.39,2025-08-09,2.73,0.05,2.59,0.2,2025-08-01
2025-08-05,7.3,2025-08-06,8.19,0.05,7.78,0.48,2025-08-01
2025-08-05,7.3,2025-08-06,8.19,0.05,7.78,0.48,2025-08-01
2025-08-05,7.3,2025-08-06,8.19,0.05,7.78,0.48,2025-08-01
2025-08-05,7.3,2025-08-06,8.19,0.05,7.78,0.48,2025-08-01
2025-08-05,0.14,2025-08-19,0.4,0.05,0.38,0.24,2025-08-01
2025-08-05,1.79,2025-08-08,2.17,0.05,2.06,0.27,2025-08-01
2025-08-05,0.47,2025-08-06,0.66,0.05,0.63,0.16,2025-08-01
2025-08-05,0.47,2025-08-06,0.66,0.05,0.63,0.16,2025-08-01
2025-08-05,0.47,2025-08-06,0.66,0.05,0.63,0.16,2025-08-01
2025-08-05,0.5,2025-08-10,0.71,0.05,0.67,0.17,2025-08-01
2025-08-05,4.06,2025-08-06,4.96,0.05,4.71,0.65,2025-08-01
2025-08-05,4.06,2025-08-06,4.96,0.05,4.71,0.65,2025-08-01
2025-08-05,5.99,2025-08-08,6.75,0.05,6.41,0.42,2025-08-01
2025-08-05,80.65,2025-08-11,93.19,0.05,88.53,7.88,2025-08-01
2025-08-05,80.65,2025-08-11,93.19,0.05,88.53,7.88,2025-08-01
2025-08-05,80.65,2025-08-09,93.19,0.05,88.53,7.88,2025-08-01
2025-08-05,80.65,2025-08-09,93.19,0.05,88.53,7.88,2025-08-01
2025-08-04,12.59,2025-08-08,14.3,0.05,13.58,1.0,2025-08-01
2025-08-04,105.0,2025-08-06,116.27,0.05,110.46,5.46,2025-08-01
2025-08-04,2.08,2025-08-06,3.13,0.05,2.97,0.89,2025-08-01
2025-08-04,43.0,2025-08-05,48.51,0.05,46.08,3.08,2025-08-01
2025-08-04,4.1,2025-08-04,4.67,0.05,4.44,0.34,2025-08-01
2025-08-04,2.81,2025-08-08,3.46,0.05,3.29,0.48,2025-08-01
2025-08-04,3.0,2025-08-07,3.45,0.05,3.28,0.28,2025-08-01
2025-08-04,3.59,2025-08-05,4.63,0.05,4.4,0.81,2025-08-01
2025-08-04,3.59,2025-08-05,4.63,0.05,4.4,0.81,2025-08-01
2025-08-04,4.9,2025-08-05,5.75,0.05,5.46,0.56,2025-08-01
2025-08-04,1.48,2025-08-23,2.1,0.05,2.0,0.51,2025-08-01
2025-08-04,1.86,2025-08-09,2.15,0.05,2.04,0.18,2025-08-01
2025-08-04,0.1,2025-08-11,0.41,0.05,0.39,0.29,2025-08-01
2025-08-04,1.31,2025-08-05,2.34,0.05,2.22,0.91,2025-08-01
2025-08-04,1.41,2025-08-15,1.77,0.05,1.68,0.27,2025-08-01
2025-08-04,3.18,2025-08-05,3.87,0.05,3.68,0.5,2025-08-01
2025-08-04,0.1,2025-08-11,0.41,0.05,0.39,0.29,2025-08-01
2025-08-04,3.0,2025-08-08,3.42,0.05,3.25,0.25,2025-08-01
2025-08-04,2.99,2025-08-07,3.63,0.05,3.45,0.46,2025-08-01
2025-08-03,18.0,2025-08-04,21.02,0.05,19.97,1.97,2025-08-01
2025-08-03,4.13,2025-08-23,4.67,0.05,4.44,0.31,2025-08-01
2025-08-03,0.49,2025-08-19,0.72,0.05,0.68,0.19,2025-08-01
2025-08-03,4.1,2025-08-04,4.67,0.05,4.44,0.34,2025-08-01
2025-08-03,0.78,2025-08-17,1.03,0.05,0.98,0.2,2025-08-01
2025-08-03,0.61,2025-08-05,1.27,0.05,1.21,0.6,2025-08-01
2025-08-03,0.89,2025-08-17,1.04,0.05,0.99,0.1,2025-08-01
2025-08-03,1.02,2025-08-06,1.33,0.05,1.26,0.24,2025-08-01
2025-08-03,0.73,2025-08-13,0.93,0.05,0.88,0.15,2025-08-01
2025-08-03,2.17,2025-08-07,2.78,0.05,2.64,0.47,2025-08-01
2025-08-03,5.35,2025-08-04,8.89,0.05,8.45,3.1,2025-08-01
2025-08-03,7.81,2025-08-04,11.03,0.05,10.48,2.67,2025-08-01
2025-08-03,11.23,2025-08-04,13.11,0.05,12.45,1.22,2025-08-01
2025-08-03,3.06,2025-08-04,3.85,0.05,3.66,0.6,2025-08-01
2025-08-03,5.2,2025-08-04,8.89,0.05,8.45,3.25,2025-08-01
2025-08-03,0.38,2025-08-05,0.69,0.05,0.66,0.28,2025-08-01
2025-08-03,0.38,2025-08-06,0.69,0.05,0.66,0.28,2025-08-01
2025-08-03,0.26,2025-08-24,0.31,0.05,0.29,0.03,2025-08-01
2025-08-03,0.26,2025-08-25,0.31,0.05,0.29,0.03,2025-08-01
2025-08-03,0.4,2025-08-08,0.52,0.05,0.49,0.09,2025-08-01
2025-08-03,0.4,2025-08-12,0.53,0.05,0.5,0.1,2025-08-01
2025-08-03,1.08,2025-08-05,1.24,0.05,1.18,0.1,2025-08-01
2025-08-03,4.98,2025-08-04,6.0,0.05,5.7,0.72,2025-08-01
2025-08-02,0.63,2025-08-03,0.93,0.05,0.88,0.25,2025-08-01
2025-08-02,12.03,2025-08-03,15.05,0.05,14.3,2.27,2025-08-01
2025-08-02,4.9,2025-08-03,5.88,0.05,5.59,0.69,2025-08-01
2025-08-02,0.49,2025-08-06,0.68,0.05,0.65,0.16,2025-08-01
2025-08-02,0.49,2025-08-06,0.68,0.05,0.65,0.16,2025-08-01
2025-08-02,0.49,2025-08-09,0.58,0.05,0.55,0.06,2025-08-01
2025-08-02,0.49,2025-08-09,0.58,0.05,0.55,0.06,2025-08-01
2025-08-02,0.49,2025-08-09,0.58,0.05,0.55,0.06,2025-08-01
2025-08-02,0.49,2025-08-09,0.58,0.05,0.55,0.06,2025-08-01
2025-08-02,0.49,2025-08-09,0.58,0.05,0.55,0.06,2025-08-01
2025-08-02,0.49,2025-08-09,0.58,0.05,0.55,0.06,2025-08-01
2025-08-02,3.05,2025-08-04,3.86,0.05,3.67,0.62,2025-08-01
2025-08-02,5.93,2025-08-06,7.23,0.05,6.87,0.94,2025-08-01
2025-08-01,24.0,2025-08-02,29.41,0.05,27.94,3.94,2025-08-01
2025-08-01,5.21,2025-08-02,5.94,0.05,5.64,0.43,2025-08-01
2025-08-01,8.16,2025-08-02,10.0,0.05,9.5,1.34,2025-08-01
2025-08-01,13.0,2025-08-02,15.82,0.05,15.03,2.03,2025-08-01
2025-08-01,0.23,2025-08-05,0.35,0.05,0.33,0.1,2025-08-01
2025-08-01,2.95,2025-08-02,3.58,0.05,3.4,0.45,2025-08-01
2025-08-01,2.86,2025-08-08,3.42,0.05,3.25,0.39,2025-08-01
2025-08-01,2.86,2025-08-08,3.42,0.05,3.25,0.39,2025-08-01
2025-08-01,1.52,2025-08-02,1.74,0.05,1.65,0.13,2025-08-01
2025-08-01,1.86,2025-08-02,2.7,0.05,2.56,0.7,2025-08-01
2025-08-01,3.98,2025-08-02,4.65,0.05,4.42,0.44,2025-08-01
2025-08-01,5.32,2025-08-12,5.97,0.05,5.67,0.35,2025-08-01
2025-08-01,7.99,2025-08-09,8.96,0.05,8.51,0.52,2025-08-01
2025-08-01,0.52,2025-08-02,0.72,0.05,0.68,0.16,2025-08-01
2025-08-01,1.37,2025-08-04,1.74,0.05,1.65,0.28,2025-08-01
2025-08-01,2.3,2025-08-24,2.57,0.05,2.44,0.14,2025-08-01
2025-08-01,1.28,2025-08-02,1.46,0.05,1.39,0.11,2025-08-01
2025-08-01,1.28,2025-08-02,1.46,0.05,1.39,0.11,2025-08-01
2025-08-01,4.0,2025-08-03,5.05,0.05,4.8,0.8,2025-08-01
2025-08-01,6.31,2025-08-02,7.23,0.05,6.87,0.56,2025-08-01
2025-08-01,6.13,2025-08-03,7.23,0.05,6.87,0.74,2025-08-01
2025-08-01,10.23,2025-08-02,12.24,0.05,11.63,1.4,2025-08-01
2025-08-01,10.69,2025-08-10,11.88,0.05,11.29,0.6,2025-08-01
2025-07-31,1.04,2025-08-18,1.19,0.05,1.13,0.09,2025-08-01
2025-07-31,1.11,2025-08-25,1.53,0.05,1.45,0.34,2025-08-01
2025-07-31,3.28,2025-08-03,3.74,0.05,3.55,0.27,2025-08-01
2025-07-31,3.21,2025-08-03,3.74,0.05,3.55,0.34,2025-08-01
2025-07-31,3.7,2025-08-19,4.21,0.05,4.0,0.3,2025-08-01
2025-07-31,3.7,2025-08-19,4.21,0.05,4.0,0.3,2025-08-01
2025-07-31,3.54,2025-08-19,4.21,0.05,4.0,0.46,2025-08-01
2025-07-31,3.54,2025-08-19,4.21,0.05,4.0,0.46,2025-08-01
2025-07-31,3.54,2025-08-19,4.21,0.05,4.0,0.46,2025-08-01
2025-07-31,3.54,2025-08-19,4.21,0.05,4.0,0.46,2025-08-01
2025-07-31,3.79,2025-08-15,4.22,0.05,4.01,0.22,2025-08-01
2025-07-31,8.05,2025-08-09,8.96,0.05,8.51,0.46,2025-08-01
2025-07-31,0.65,2025-08-03,1.41,0.05,1.34,0.69,2025-08-01
2025-07-31,0.56,2025-08-01,1.2,0.05,1.14,0.58,2025-08-01
2025-07-31,0.63,2025-08-09,1.08,0.05,1.03,0.4,2025-08-01
2025-07-31,1.53,2025-08-05,2.37,0.05,2.25,0.72,2025-08-01
2025-07-30,0.25,2025-07-31,0.5,0.05,0.48,0.22,2025-07-01
2025-07-30,0.25,2025-07-31,0.5,0.05,0.48,0.22,2025-07-01
2025-07-30,0.25,2025-07-31,0.5,0.05,0.48,0.22,2025-07-01
2025-07-30,0.25,2025-07-31,0.5,0.05,0.48,0.22,2025-07-01
2025-07-30,0.25,2025-07-31,0.5,0.05,0.48,0.22,2025-07-01
2025-07-30,0.25,2025-07-31,0.5,0.05,0.48,0.22,2025-07-01
2025-07-30,0.25,2025-07-31,0.5,0.05,0.48,0.22,2025-07-01
2025-07-30,0.25,2025-07-31,0.5,0.05,0.48,0.22,2025-07-01
2025-07-30,0.25,2025-07-31,0.5,0.05,0.48,0.22,2025-07-01
2025-07-30,0.25,2025-07-31,0.5,0.05,0.48,0.22,2025-07-01
2025-07-30,0.25,2025-07-31,0.5,0.05,0.48,0.22,2025-07-01
2025-07-30,0.25,2025-07-31,0.52,0.05,0.49,0.24,2025-07-01
2025-07-30,0.25,2025-07-31,0.52,0.05,0.49,0.24,2025-07-01
2025-07-30,0.25,2025-07-31,0.52,0.05,0.49,0.24,2025-07-01
2025-07-30,0.25,2025-07-31,0.52,0.05,0.49,0.24,2025-07-01
2025-07-30,0.25,2025-07-31,0.52,0.05,0.49,0.24,2025-07-01
2025-07-30,0.25,2025-07-31,0.52,0.05,0.49,0.24,2025-07-01
2025-07-30,0.25,2025-07-31,0.52,0.05,0.49,0.24,2025-07-01
2025-07-30,0.25,2025-07-31,0.52,0.05,0.49,0.24,2025-07-01
2025-07-30,0.25,2025-07-31,0.52,0.05,0.49,0.24,2025-07-01
2025-07-30,0.25,2025-07-31,0.52,0.05,0.49,0.24,2025-07-01
2025-07-30,0.5,2025-08-28,0.57,0.05,0.54,0.04,2025-08-01
2025-07-29,12.49,2025-08-02,15.29,0.05,14.53,2.04,2025-08-01
2025-07-29,0.51,2025-08-06,0.65,0.05,0.62,0.11,2025-08-01
2025-07-29,0.77,2025-07-30,1.37,0.05,1.3,0.53,2025-07-01
2025-07-29,2.1,2025-07-31,3.18,0.05,3.02,0.92,2025-07-01
2025-07-29,2.94,2025-08-06,4.42,0.05,4.2,1.26,2025-08-01
2025-07-29,6.15,2025-08-05,8.04,0.05,7.64,1.49,2025-08-01
2025-07-29,5.82,2025-08-06,8.04,0.05,7.64,1.82,2025-08-01
2025-07-29,0.86,2025-08-04,0.97,0.05,0.92,0.06,2025-08-01
2025-07-29,0.56,2025-07-30,1.05,0.05,1.0,0.44,2025-07-01
2025-07-29,2.93,2025-08-09,4.38,0.05,4.16,1.23,2025-08-01
2025-07-28,3.75,2025-08-08,4.35,0.05,4.13,0.38,2025-08-01
2025-07-28,49.02,2025-07-29,57.67,0.05,54.79,5.77,2025-07-01
2025-07-28,0.9,2025-07-29,1.41,0.05,1.34,0.44,2025-07-01
2025-07-28,7.0,2025-08-01,10.92,0.05,10.37,3.37,2025-08-01
2025-07-28,1.4,2025-08-04,1.97,0.05,1.87,0.47,2025-08-01
2025-07-28,2.77,2025-07-29,4.34,0.05,4.12,1.35,2025-07-01
2025-07-28,2.76,2025-08-04,3.58,0.05,3.4,0.64,2025-08-01
2025-07-28,4.48,2025-08-20,5.93,0.05,5.63,1.15,2025-08-01
2025-07-28,4.16,2025-07-29,8.0,0.05,7.6,3.44,2025-07-01
2025-07-28,1.16,2025-08-08,1.57,0.05,1.49,0.33,2025-08-01
2025-07-28,1.2,2025-07-29,1.63,0.05,1.55,0.35,2025-07-01
2025-07-28,0.9,2025-07-31,1.11,0.05,1.05,0.15,2025-07-01
2025-07-28,0.9,2025-07-31,1.11,0.05,1.05,0.15,2025-07-01
2025-07-28,0.9,2025-07-31,1.11,0.05,1.05,0.15,2025-07-01
2025-07-28,0.9,2025-07-31,1.11,0.05,1.05,0.15,2025-07-01
2025-07-28,0.9,2025-07-31,1.11,0.05,1.05,0.15,2025-07-01
2025-07-28,0.9,2025-07-31,1.11,0.05,1.05,0.15,2025-07-01
2025-07-28,0.61,2025-07-29,0.86,0.05,0.82,0.21,2025-07-01
2025-07-28,0.61,2025-07-29,0.86,0.05,0.82,0.21,2025-07-01
2025-07-28,0.61,2025-07-29,0.86,0.05,0.82,0.21,2025-07-01
2025-07-28,0.61,2025-07-29,0.86,0.05,0.82,0.21,2025-07-01
2025-07-28,0.61,2025-07-29,0.86,0.05,0.82,0.21,2025-07-01
2025-07-28,0.61,2025-07-29,0.86,0.05,0.82,0.21,2025-07-01
2025-07-28,1.11,2025-07-30,1.44,0.05,1.37,0.26,2025-07-01
2025-07-28,1.11,2025-08-01,1.44,0.05,1.37,0.26,2025-08-01
2025-07-28,1.67,2025-07-30,2.31,0.05,2.19,0.52,2025-07-01
2025-07-28,1.77,2025-07-30,2.09,0.05,1.99,0.22,2025-07-01
2025-07-28,2.19,2025-07-29,2.76,0.05,2.62,0.43,2025-07-01
2025-07-28,2.77,2025-07-29,3.21,0.05,3.05,0.28,2025-07-01
2025-07-28,2.77,2025-07-29,3.21,0.05,3.05,0.28,2025-07-01
2025-07-28,2.77,2025-07-29,3.21,0.05,3.05,0.28,2025-07-01
2025-07-28,3.07,2025-08-04,3.45,0.05,3.28,0.21,2025-08-01
2025-07-28,3.07,2025-08-04,3.45,0.05,3.28,0.21,2025-08-01
2025-07-28,3.07,2025-08-04,3.45,0.05,3.28,0.21,2025-08-01
2025-07-28,3.07,2025-08-04,3.45,0.05,3.28,0.21,2025-08-01
2025-07-28,3.07,2025-08-04,3.45,0.05,3.28,0.21,2025-08-01
2025-07-28,3.07,2025-08-04,3.45,0.05,3.28,0.21,2025-08-01
2025-07-28,2.94,2025-07-31,4.12,0.05,3.91,0.97,2025-07-01
2025-07-28,3.12,2025-08-10,3.53,0.05,3.35,0.23,2025-08-01
2025-07-28,0.51,2025-08-01,0.7,0.05,0.66,0.15,2025-08-01
2025-07-28,2.07,2025-08-26,2.35,0.05,2.23,0.16,2025-08-01
2025-07-28,1.35,2025-07-31,1.64,0.05,1.56,0.21,2025-07-01
2025-07-28,3.62,2025-07-31,4.64,0.05,4.41,0.79,2025-07-01
2025-07-28,4.38,2025-08-02,5.05,0.05,4.8,0.42,2025-08-01
2025-07-27,60.23,2025-08-02,68.03,0.05,64.63,4.4,2025-08-01
2025-07-27,3.13,2025-07-28,4.73,0.05,4.49,1.36,2025-07-01
2025-07-27,3.71,2025-08-04,5.17,0.05,4.91,1.2,2025-08-01
2025-07-27,0.53,2025-07-31,0.93,0.05,0.88,0.35,2025-07-01
2025-07-27,2.7,2025-08-04,3.66,0.05,3.48,0.78,2025-08-01
2025-07-27,4.21,2025-07-29,8.0,0.05,7.6,3.39,2025-07-01
2025-07-27,0.47,2025-08-16,0.54,0.05,0.51,0.04,2025-08-01
2025-07-27,7.06,2025-08-04,8.6,0.05,8.17,1.11,2025-08-01
2025-07-27,5.03,2025-08-05,6.0,0.05,5.7,0.67,2025-08-01
2025-07-27,5.58,2025-08-05,7.42,0.05,7.05,1.47,2025-08-01
2025-07-27,13.97,2025-07-30,16.31,0.05,15.49,1.52,2025-07-01
2025-07-26,22.34,2025-07-27,25.98,0.05,24.68,2.34,2025-07-01
2025-07-26,59.99,2025-07-27,69.7,0.05,66.22,6.23,2025-07-01
2025-07-26,2.6,2025-08-15,3.3,0.05,3.14,0.53,2025-08-01
2025-07-26,1.94,2025-08-04,2.22,0.05,2.11,0.17,2025-08-01
2025-07-26,10.9,2025-07-27,13.92,0.05,13.22,2.32,2025-07-01
2025-07-26,47.58,2025-08-01,58.12,0.05,55.21,7.63,2025-08-01
2025-07-26,46.0,2025-08-04,57.17,0.05,54.31,8.31,2025-08-01
2025-07-26,4.17,2025-07-28,5.84,0.05,5.55,1.38,2025-07-01
2025-07-26,47.95,2025-07-26,54.7,0.05,51.96,4.02,2025-07-01
2025-07-26,0.94,2025-07-28,1.19,0.05,1.13,0.19,2025-07-01
2025-07-26,1.96,2025-08-15,2.2,0.05,2.09,0.13,2025-08-01
2025-07-26,5.0,2025-08-02,5.77,0.05,5.48,0.48,2025-08-01
2025-07-26,7.75,2025-07-30,8.98,0.05,8.53,0.78,2025-07-01
2025-07-26,66.16,2025-07-27,73.29,0.05,69.63,3.47,2025-07-01
2025-07-26,1.32,2025-07-31,1.64,0.05,1.56,0.24,2025-07-01
2025-07-26,2.47,2025-08-15,3.26,0.05,3.1,0.63,2025-08-01
2025-07-26,1.47,2025-08-03,2.13,0.05,2.02,0.55,2025-08-01
2025-07-26,3.63,2025-07-28,4.29,0.05,4.08,0.45,2025-07-01
2025-07-26,31.34,2025-07-27,37.19,0.05,35.33,3.99,2025-07-01
2025-07-26,5.24,2025-07-27,6.6,0.05,6.27,1.03,2025-07-01
2025-07-26,3.15,2025-07-26,3.51,0.05,3.33,0.18,2025-07-01
2025-07-26,13.48,2025-07-30,15.99,0.05,15.19,1.71,2025-07-01
2025-07-26,13.48,2025-07-30,15.99,0.05,15.19,1.71,2025-07-01
2025-07-26,13.48,2025-07-31,15.99,0.05,15.19,1.71,2025-07-01
2025-07-26,13.48,2025-07-31,15.99,0.05,15.19,1.71,2025-07-01
2025-07-26,13.48,2025-07-31,15.99,0.05,15.19,1.71,2025-07-01
2025-07-26,13.48,2025-07-31,15.99,0.05,15.19,1.71,2025-07-01
2025-07-25,9.62,2025-08-02,11.36,0.05,10.79,1.17,2025-08-01
2025-07-25,39.0,2025-08-02,45.41,0.05,43.14,4.14,2025-08-01
2025-07-25,4.64,2025-08-05,5.46,0.05,5.19,0.55,2025-08-01
2025-07-25,4.63,2025-08-05,5.46,0.05,5.19,0.56,2025-08-01
2025-07-25,18.91,2025-08-02,22.29,0.05,21.18,2.27,2025-08-01
2025-07-25,12.37,2025-08-02,15.08,0.05,14.33,1.96,2025-08-01
2025-07-25,4.2,2025-08-02,4.94,0.05,4.69,0.49,2025-08-01
2025-07-25,3.81,2025-08-04,4.59,0.05,4.36,0.55,2025-08-01
2025-07-25,4.71,2025-08-06,5.46,0.05,5.19,0.48,2025-08-01
2025-07-25,5.09,2025-08-02,5.59,0.05,5.31,0.22,2025-08-01
2025-07-25,7.34,2025-08-02,8.29,0.05,7.88,0.54,2025-08-01
2025-07-25,10.56,2025-08-02,11.72,0.05,11.13,0.57,2025-08-01
2025-07-25,15.56,2025-08-02,18.37,0.05,17.45,1.89,2025-08-01
2025-07-25,10.36,2025-07-26,11.92,0.05,11.32,0.96,2025-07-01
2025-07-25,10.04,2025-07-26,12.88,0.05,12.24,2.2,2025-07-01
2025-07-25,17.51,2025-07-26,20.28,0.05,19.27,1.76,2025-07-01
2025-07-25,33.34,2025-07-28,40.13,0.05,38.12,4.78,2025-07-01
2025-07-25,61.37,2025-07-26,84.05,0.05,79.85,18.48,2025-07-01
2025-07-25,6.01,2025-07-29,7.34,0.05,6.97,0.96,2025-07-01
2025-07-25,6.35,2025-07-29,7.4,0.05,7.03,0.68,2025-07-01
2025-07-25,5.4,2025-07-26,7.28,0.05,6.92,1.52,2025-07-01
2025-07-25,0.85,2025-07-26,1.09,0.05,1.04,0.19,2025-07-01
2025-07-25,0.85,2025-07-26,1.09,0.05,1.04,0.19,2025-07-01
2025-07-25,0.85,2025-07-26,1.09,0.05,1.04,0.19,2025-07-01
2025-07-25,0.85,2025-07-26,1.09,0.05,1.04,0.19,2025-07-01
2025-07-25,0.85,2025-07-26,1.09,0.05,1.04,0.19,2025-07-01
2025-07-25,0.85,2025-07-26,1.09,0.05,1.04,0.19,2025-07-01
2025-07-25,2.69,2025-08-08,3.44,0.05,3.27,0.58,2025-08-01
2025-07-25,4.44,2025-07-26,4.89,0.05,4.65,0.21,2025-07-01
2025-07-25,3.07,2025-08-12,3.96,0.05,3.76,0.69,2025-08-01
2025-07-25,5.32,2025-08-01,6.08,0.05,5.78,0.46,2025-08-01
2025-07-25,5.32,2025-08-01,6.08,0.05,5.78,0.46,2025-08-01
2025-07-25,5.32,2025-08-01,6.08,0.05,5.78,0.46,2025-08-01
2025-07-25,5.32,2025-08-01,6.08,0.05,5.78,0.46,2025-08-01
2025-07-25,5.32,2025-07-31,6.08,0.05,5.78,0.46,2025-07-01
2025-07-25,5.32,2025-07-30,6.08,0.05,5.78,0.46,2025-07-01
2025-07-25,4.68,2025-08-02,8.99,0.05,8.54,3.86,2025-08-01
2025-07-25,8.3,2025-07-26,9.78,0.05,9.29,0.99,2025-07-01
2025-07-25,9.0,2025-07-26,10.86,0.05,10.32,1.32,2025-07-01
2025-07-25,9.22,2025-07-29,10.78,0.05,10.24,1.02,2025-07-01
2025-07-25,8.85,2025-07-31,10.78,0.05,10.24,1.39,2025-07-01
2025-07-25,10.38,2025-07-26,11.92,0.05,11.32,0.94,2025-07-01
2025-07-25,4.85,2025-08-06,5.46,0.05,5.19,0.34,2025-08-01
2025-07-25,4.85,2025-08-06,5.46,0.05,5.19,0.34,2025-08-01
2025-07-25,29.04,2025-07-26,39.58,0.05,37.6,8.56,2025-07-01
2025-07-25,29.04,2025-07-26,39.58,0.05,37.6,8.56,2025-07-01
2025-07-25,29.04,2025-07-26,39.58,0.05,37.6,8.56,2025-07-01
2025-07-25,7.88,2025-08-01,8.95,0.05,8.5,0.62,2025-08-01
2025-07-24,0.1,2025-08-13,0.23,0.05,0.22,0.12,2025-08-01
2025-07-24,2.6,2025-08-06,2.99,0.05,2.84,0.24,2025-08-01
2025-07-24,2.5,2025-08-06,2.82,0.05,2.68,0.18,2025-08-01
2025-07-24,13.95,2025-08-01,16.62,0.05,15.79,1.84,2025-08-01
2025-07-23,5.6,2025-07-27,8.22,0.05,7.81,2.21,2025-07-01
2025-07-23,2.52,2025-07-24,2.92,0.05,2.77,0.25,2025-07-01
2025-07-23,2.17,2025-07-24,2.49,0.05,2.37,0.2,2025-07-01
2025-07-23,39.19,2025-07-24,44.85,0.05,42.61,3.42,2025-07-01
2025-07-23,0.63,2025-07-24,0.84,0.05,0.8,0.17,2025-07-01
2025-07-23,5.84,2025-07-24,6.39,0.05,6.07,0.23,2025-07-01
2025-07-23,5.8,2025-07-24,6.39,0.05,6.07,0.27,2025-07-01
2025-07-23,14.94,2025-07-24,17.18,0.05,16.32,1.38,2025-07-01
2025-07-22,29.0,2025-07-26,39.58,0.05,37.6,8.6,2025-07-01
2025-07-22,29.0,2025-07-26,39.58,0.05,37.6,8.6,2025-07-01
2025-07-22,29.0,2025-07-26,39.58,0.05,37.6,8.6,2025-07-01
2025-07-22,2.87,2025-08-13,3.43,0.05,3.26,0.39,2025-08-01
2025-07-22,13.23,2025-07-26,20.28,0.05,19.27,6.04,2025-07-01
2025-07-21,5.98,2025-07-27,7.3,0.05,6.94,0.95,2025-07-01
2025-07-21,6.57,2025-07-27,8.56,0.05,8.13,1.56,2025-07-01
2025-07-21,2.69,2025-08-07,3.11,0.05,2.95,0.26,2025-08-01
2025-07-21,2.99,2025-07-26,3.85,0.05,3.66,0.67,2025-07-01
2025-07-20,1.35,2025-08-06,2.37,0.05,2.25,0.9,2025-08-01
2025-07-20,3.4,2025-07-26,3.96,0.05,3.76,0.36,2025-07-01
2025-07-19,3.0,2025-07-23,3.83,0.1,3.45,0.45,2025-07-01
2025-07-19,42.0,2025-07-24,48.97,0.1,44.07,2.07,2025-07-01
2025-07-18,3.2,2025-08-06,3.86,0.05,3.67,0.47,2025-08-01
2025-07-17,2.21,2025-07-31,2.78,0.05,2.64,0.43,2025-07-01
2025-07-17,0.4,2025-07-24,0.57,0.1,0.51,0.11,2025-07-01
2025-07-17,1.1,2025-07-26,1.74,0.05,1.65,0.55,2025-07-01
2025-07-17,3.3,2025-07-24,4.14,0.1,3.73,0.43,2025-07-01
2025-07-17,2.02,2025-07-25,3.69,0.05,3.51,1.49,2025-07-01
2025-07-17,3.06,2025-07-24,3.78,0.1,3.4,0.34,2025-07-01
2025-07-17,38.16,2025-07-24,44.83,0.1,40.35,2.19,2025-07-01
2025-07-16,2.37,2025-07-21,4.34,0.1,3.91,1.54,2025-07-01
2025-07-16,2.0,2025-07-17,2.61,0.1,2.35,0.35,2025-07-01
2025-07-16,1.67,2025-07-17,1.99,0.1,1.79,0.12,2025-07-01
2025-07-16,2.74,2025-07-17,3.94,0.1,3.55,0.81,2025-07-01
2025-07-16,3.9,2025-07-23,4.79,0.05,4.55,0.65,2025-07-01
2025-07-16,6.0,2025-07-28,7.22,0.05,6.86,0.86,2025-07-01
2025-07-16,0.63,2025-07-22,0.83,0.1,0.75,0.12,2025-07-01
2025-07-16,0.47,2025-08-08,0.65,0.05,0.62,0.15,2025-08-01
2025-07-16,0.18,2025-07-31,0.23,0.05,0.22,0.04,2025-07-01
2025-07-16,0.18,2025-07-31,0.23,0.05,0.22,0.04,2025-07-01
2025-07-16,0.18,2025-07-31,0.23,0.05,0.22,0.04,2025-07-01
2025-07-16,0.18,2025-07-31,0.23,0.05,0.22,0.04,2025-07-01
2025-07-16,0.18,2025-07-31,0.23,0.05,0.22,0.04,2025-07-01
2025-07-16,35.0,2025-08-13,38.83,0.05,36.89,1.89,2025-08-01
2025-07-16,2.13,2025-07-21,3.19,0.1,2.87,0.74,2025-07-01
2025-07-15,0.48,2025-07-24,0.73,0.1,0.66,0.18,2025-07-01
2025-07-15,0.8,2025-07-27,1.11,0.05,1.05,0.25,2025-07-01
2025-07-15,0.23,2025-07-23,0.39,0.1,0.35,0.12,2025-07-01
2025-07-15,0.23,2025-08-03,0.39,0.05,0.37,0.14,2025-08-01
2025-07-15,0.23,2025-07-25,0.39,0.05,0.37,0.14,2025-07-01
2025-07-15,2.1,2025-07-20,2.47,0.1,2.22,0.12,2025-07-01
2025-07-15,2.1,2025-07-25,2.47,0.05,2.35,0.25,2025-07-01
2025-07-15,2.1,2025-07-26,2.47,0.05,2.35,0.25,2025-07-01
2025-07-15,5.1,2025-07-24,6.1,0.1,5.49,0.39,2025-07-01
2025-07-15,1.92,2025-08-04,2.66,0.05,2.53,0.61,2025-08-01
2025-07-15,0.66,2025-07-23,1.19,0.1,1.07,0.41,2025-07-01
2025-07-15,2.92,2025-08-02,3.48,0.05,3.31,0.39,2025-08-01
2025-07-15,2.92,2025-08-02,3.48,0.05,3.31,0.39,2025-08-01
2025-07-15,0.81,2025-07-26,1.55,0.05,1.47,0.66,2025-07-01
2025-07-15,30.78,2025-07-26,34.33,0.05,32.61,1.83,2025-07-01
2025-07-15,40.0,2025-07-21,46.11,0.1,41.5,1.5,2025-07-01
2025-07-15,3.73,2025-07-25,7.35,0.1,6.62,2.89,2025-07-01
2025-07-15,40.0,2025-07-22,46.11,0.1,41.5,1.5,2025-07-01
2025-07-14,0.45,2025-08-12,0.53,0.05,0.5,0.05,2025-08-01
2025-07-14,1.5,2025-07-26,2.38,0.05,2.26,0.76,2025-07-01
2025-07-14,0.45,2025-07-23,1.11,0.05,1.05,0.6,2025-07-01
2025-07-14,40.0,2025-07-17,46.11,0.1,41.5,1.5,2025-07-01
2025-07-14,5.98,2025-07-18,7.09,0.1,6.38,0.4,2025-07-01
2025-07-14,1.28,2025-07-22,1.94,0.1,1.75,0.47,2025-07-01
2025-07-14,1.97,2025-07-16,3.17,0.1,2.85,0.88,2025-07-01
2025-07-14,16.67,2025-07-22,20.33,0.1,18.3,1.63,2025-07-01
2025-07-14,1.17,2025-07-19,1.83,0.1,1.65,0.48,2025-07-01
2025-07-14,2.26,2025-07-16,2.9,0.1,2.61,0.35,2025-07-01
2025-07-14,0.4,2025-07-25,0.82,0.05,0.78,0.38,2025-07-01
2025-07-14,31.0,2025-08-03,36.41,0.05,34.59,3.59,2025-08-01
2025-07-14,8.05,2025-07-23,9.94,0.05,9.44,1.39,2025-07-01
2025-07-14,4.31,2025-07-25,7.35,0.1,6.62,2.31,2025-07-01
2025-07-14,1.44,2025-07-22,1.76,0.1,1.58,0.14,2025-07-01
2025-07-14,1.44,2025-07-21,1.76,0.1,1.58,0.14,2025-07-01
2025-07-14,1.44,2025-07-21,1.76,0.1,1.58,0.14,2025-07-01
2025-07-14,1.44,2025-07-19,1.76,0.1,1.58,0.14,2025-07-01
2025-07-14,1.44,2025-07-19,1.76,0.1,1.58,0.14,2025-07-01
2025-07-14,1.44,2025-07-19,1.76,0.1,1.58,0.14,2025-07-01
2025-07-14,1.8,2025-08-15,2.15,0.05,2.04,0.24,2025-08-01
2025-07-14,2.92,2025-08-02,3.48,0.05,3.31,0.39,2025-08-01
2025-07-14,2.92,2025-08-02,3.48,0.05,3.31,0.39,2025-08-01
2025-07-14,2.92,2025-08-02,3.48,0.05,3.31,0.39,2025-08-01
2025-07-14,2.92,2025-08-02,3.48,0.05,3.31,0.39,2025-08-01
2025-07-14,3.39,2025-07-18,4.13,0.1,3.72,0.33,2025-07-01
2025-07-14,9.0,2025-07-20,10.89,0.1,9.8,0.8,2025-07-01
2025-07-14,50.0,2025-07-21,57.65,0.1,51.88,1.88,2025-07-01
2025-07-13,4.59,2025-07-23,5.46,0.05,5.19,0.6,2025-07-01
2025-07-13,9.06,2025-08-06,10.08,0.05,9.58,0.52,2025-08-01
2025-07-13,0.25,2025-07-15,0.39,0.1,0.35,0.1,2025-07-01
2025-07-13,8.21,2025-07-22,10.04,0.1,9.04,0.83,2025-07-01
2025-07-13,2.75,2025-07-27,4.09,0.05,3.89,1.14,2025-07-01
2025-07-13,2.82,2025-07-26,4.33,0.05,4.11,1.29,2025-07-01
2025-07-13,34.99,2025-07-21,41.25,0.1,37.12,2.13,2025-07-01
2025-07-13,8.43,2025-07-19,10.04,0.1,9.04,0.61,2025-07-01
2025-07-13,23.0,2025-07-20,27.12,0.1,24.41,1.41,2025-07-01
2025-07-13,2.07,2025-07-25,2.92,0.05,2.77,0.7,2025-07-01
2025-07-13,4.99,2025-07-26,5.67,0.05,5.39,0.4,2025-07-01
2025-07-13,40.0,2025-07-18,47.72,0.1,42.95,2.95,2025-07-01
2025-07-13,1.36,2025-07-21,2.18,0.1,1.96,0.6,2025-07-01
2025-07-13,60.0,2025-07-22,74.47,0.1,67.02,7.02,2025-07-01
2025-07-13,2.75,2025-08-07,3.11,0.05,2.95,0.2,2025-08-01
2025-07-13,1.42,2025-07-22,2.2,0.1,1.98,0.56,2025-07-01
2025-07-13,5.25,2025-07-24,5.96,0.05,5.66,0.41,2025-07-01
2025-07-13,13.0,2025-07-21,15.56,0.1,14.0,1.0,2025-07-01
2025-07-13,1.27,2025-07-14,1.65,0.1,1.48,0.21,2025-07-01
2025-07-13,1.27,2025-07-14,1.65,0.1,1.48,0.21,2025-07-01
2025-07-13,1.27,2025-07-14,1.65,0.1,1.48,0.21,2025-07-01
2025-07-13,1.27,2025-07-14,1.65,0.1,1.48,0.21,2025-07-01
2025-07-13,6.4,2025-07-15,7.57,0.1,6.81,0.41,2025-07-01
2025-07-13,7.5,2025-07-27,9.54,0.05,9.06,1.56,2025-07-01
2025-07-13,6.4,2025-07-15,7.57,0.1,6.81,0.41,2025-07-01
2025-07-13,0.47,2025-07-19,0.9,0.1,0.81,0.34,2025-07-01
2025-07-13,10.52,2025-07-22,12.86,0.1,11.57,1.05,2025-07-01
2025-07-13,0.54,2025-08-01,1.15,0.05,1.09,0.55,2025-08-01
2025-07-13,0.54,2025-08-01,1.15,0.05,1.09,0.55,2025-08-01
2025-07-13,0.54,2025-08-01,1.15,0.05,1.09,0.55,2025-08-01
2025-07-13,0.54,2025-07-23,1.19,0.05,1.13,0.59,2025-07-01
2025-07-13,0.54,2025-07-23,1.19,0.05,1.13,0.59,2025-07-01
2025-07-12,10.0,2025-07-17,12.14,0.1,10.93,0.93,2025-07-01
2025-07-12,1.04,2025-07-24,1.2,0.05,1.14,0.1,2025-07-01
2025-07-12,19.73,2025-07-17,23.25,0.1,20.92,1.2,2025-07-01
2025-07-12,4.5,2025-07-15,5.31,0.1,4.78,0.28,2025-07-01
2025-07-12,3.12,2025-07-15,4.52,0.1,4.07,0.95,2025-07-01
2025-07-12,1.22,2025-07-26,1.63,0.1,1.47,0.25,2025-07-01
2025-07-12,24.42,2025-07-20,29.06,0.1,26.15,1.73,2025-07-01
2025-07-12,0.17,2025-08-02,0.41,0.1,0.37,0.2,2025-08-01
2025-07-12,0.8,2025-07-17,1.44,0.1,1.3,0.5,2025-07-01
2025-07-12,4.01,2025-07-17,5.78,0.1,5.2,1.19,2025-07-01
2025-07-10,15.58,2025-07-28,18.57,0.05,17.64,2.06,2025-07-01
2025-07-10,8.53,2025-07-18,11.75,0.1,10.58,2.05,2025-07-01
2025-07-10,1.7,2025-08-04,2.1,0.05,2.0,0.29,2025-08-01
2025-07-10,1.45,2025-07-17,1.72,0.1,1.55,0.1,2025-07-01
2025-07-10,0.4,2025-07-11,1.12,0.1,1.01,0.61,2025-07-01
2025-07-10,7.77,2025-07-18,10.27,0.1,9.24,1.47,2025-07-01
2025-07-10,4.3,2025-07-29,7.42,0.05,7.05,2.75,2025-07-01
2025-07-10,1.2,2025-08-20,1.46,0.05,1.39,0.19,2025-08-01
2025-07-10,113.0,2025-07-25,124.43,0.05,118.21,5.21,2025-07-01
2025-07-10,0.64,2025-07-22,0.83,0.1,0.75,0.11,2025-07-01
2025-07-10,0.64,2025-07-22,0.83,0.1,0.75,0.11,2025-07-01
2025-07-10,0.64,2025-07-22,0.83,0.1,0.75,0.11,2025-07-01
2025-07-10,0.64,2025-07-22,0.83,0.1,0.75,0.11,2025-07-01
2025-07-10,0.64,2025-07-22,0.83,0.1,0.75,0.11,2025-07-01
2025-07-10,4.54,2025-07-11,5.39,0.1,4.85,0.31,2025-07-01
2025-07-10,0.48,2025-07-16,0.58,0.1,0.52,0.04,2025-07-01
2025-07-10,100.95,2025-07-17,124.31,0.1,111.88,10.93,2025-07-01
2025-07-09,12.15,2025-07-17,15.34,0.1,13.81,1.66,2025-07-01
2025-07-09,4.54,2025-07-10,5.39,0.1,4.85,0.31,2025-07-01
2025-07-09,4.1,2025-07-27,4.87,0.05,4.63,0.53,2025-07-01
2025-07-09,12.15,2025-07-22,15.34,0.1,13.81,1.66,2025-07-01
2025-07-09,0.9,2025-07-19,1.16,0.1,1.04,0.14,2025-07-01
2025-07-09,4.0,2025-07-21,4.87,0.1,4.38,0.38,2025-07-01
2025-07-09,1.56,2025-07-10,1.87,0.1,1.68,0.12,2025-07-01
2025-07-09,1.89,2025-07-15,2.33,0.1,2.1,0.21,2025-07-01
2025-07-09,0.88,2025-07-19,1.84,0.1,1.66,0.78,2025-07-01
2025-07-09,16.12,2025-08-13,18.36,0.05,17.44,1.32,2025-08-01
2025-07-09,50.0,2025-07-10,60.85,0.1,54.76,4.77,2025-07-01
2025-07-09,0.25,2025-07-31,0.28,0.05,0.27,0.02,2025-07-01
2025-07-09,0.25,2025-07-31,0.28,0.05,0.27,0.02,2025-07-01
2025-07-09,0.25,2025-07-31,0.28,0.05,0.27,0.02,2025-07-01
2025-07-09,0.25,2025-07-31,0.28,0.05,0.27,0.02,2025-07-01
2025-07-09,0.25,2025-07-31,0.28,0.05,0.27,0.02,2025-07-01
2025-07-09,0.25,2025-07-24,0.3,0.05,0.28,0.03,2025-07-01
2025-07-09,0.38,2025-07-21,0.84,0.1,0.76,0.38,2025-07-01
2025-07-09,2.09,2025-07-13,2.43,0.1,2.19,0.1,2025-07-01
2025-07-09,8.58,2025-07-13,9.99,0.1,8.99,0.41,2025-07-01
2025-07-09,38.07,2025-07-10,44.38,0.1,39.94,1.87,2025-07-01
2025-07-09,5.49,2025-07-12,7.42,0.1,6.68,1.19,2025-07-01
2025-07-08,4.63,2025-07-09,5.52,0.1,4.97,0.34,2025-07-01
2025-07-08,0.26,2025-08-02,0.41,0.05,0.39,0.13,2025-08-01
2025-07-08,1.85,2025-07-13,2.57,0.1,2.31,0.46,2025-07-01
2025-07-08,2.54,2025-07-17,3.0,0.1,2.7,0.16,2025-07-01
2025-07-08,5.66,2025-07-17,7.9,0.1,7.11,1.45,2025-07-01
2025-07-08,4.61,2025-07-29,7.42,0.05,7.05,2.44,2025-07-01
2025-07-08,1.3,2025-07-26,1.63,0.05,1.55,0.25,2025-07-01
2025-07-08,0.03,2025-08-07,0.04,0.1,0.04,0.01,2025-08-01
2025-07-08,1.65,2025-07-26,2.18,0.05,2.07,0.42,2025-07-01
2025-07-08,6.04,2025-07-10,7.17,0.1,6.45,0.41,2025-07-01
2025-07-08,0.32,2025-08-03,0.42,0.05,0.4,0.08,2025-08-01
2025-07-08,0.89,2025-08-08,1.29,0.05,1.23,0.34,2025-08-01
2025-07-08,8.97,2025-07-21,11.56,0.1,10.4,1.43,2025-07-01
2025-07-08,2.15,2025-07-16,2.53,0.1,2.28,0.13,2025-07-01
2025-07-08,0.04,2025-08-13,0.06,0.05,0.06,0.02,2025-08-01
2025-07-08,1.04,2025-07-22,1.29,0.1,1.16,0.12,2025-07-01
2025-07-08,1.9,2025-07-08,2.23,0.1,2.01,0.11,2025-07-01
2025-07-08,2.85,2025-07-18,3.37,0.1,3.03,0.18,2025-07-01
2025-07-08,4.63,2025-07-10,5.52,0.1,4.97,0.34,2025-07-01
2025-07-08,5.8,2025-07-09,6.75,0.1,6.08,0.28,2025-07-01
2025-07-08,98.52,2025-07-28,114.55,0.05,108.82,10.3,2025-07-01
2025-07-08,0.68,2025-07-12,0.86,0.1,0.77,0.09,2025-07-01
2025-07-08,1.16,2025-07-29,1.35,0.05,1.28,0.12,2025-07-01
2025-07-08,4.0,2025-07-14,4.71,0.1,4.24,0.24,2025-07-01
2025-07-08,4.71,2025-07-10,5.71,0.1,5.14,0.43,2025-07-01
2025-07-08,10.13,2025-07-09,11.87,0.1,10.68,0.55,2025-07-01
2025-07-08,1.28,2025-07-16,1.82,0.1,1.64,0.36,2025-07-01
2025-07-08,1.1,2025-07-18,1.44,0.1,1.3,0.2,2025-07-01
2025-07-07,0.36,2025-07-16,0.56,0.1,0.5,0.14,2025-07-01
2025-07-07,0.03,2025-08-07,0.04,0.05,0.04,0.01,2025-08-01
2025-07-07,0.03,2025-08-07,0.04,0.05,0.04,0.01,2025-08-01
2025-07-07,5.97,2025-07-10,7.57,0.1,6.81,0.84,2025-07-01
2025-07-07,2.64,2025-07-15,3.72,0.1,3.35,0.71,2025-07-01
2025-07-07,2.23,2025-07-15,3.23,0.1,2.91,0.68,2025-07-01
2025-07-07,2.91,2025-07-15,3.41,0.1,3.07,0.16,2025-07-01
2025-07-07,3.18,2025-07-08,4.04,0.1,3.64,0.46,2025-07-01
2025-07-07,4.87,2025-07-19,5.73,0.1,5.16,0.29,2025-07-01
2025-07-07,2.0,2025-08-04,2.25,0.05,2.14,0.14,2025-08-01
2025-07-07,1.9,2025-08-10,2.12,0.05,2.01,0.11,2025-08-01
2025-07-07,44.0,2025-07-15,50.19,0.1,45.17,1.17,2025-07-01
2025-07-07,5.47,2025-08-11,6.31,0.05,5.99,0.52,2025-08-01
2025-07-07,19.06,2025-07-29,22.8,0.05,21.66,2.6,2025-07-01
2025-07-07,9.35,2025-07-18,11.18,0.1,10.06,0.71,2025-07-01
2025-07-07,5.5,2025-07-16,7.28,0.1,6.55,1.05,2025-07-01
2025-07-07,17.99,2025-07-19,26.72,0.1,24.05,6.06,2025-07-01
2025-07-07,17.73,2025-07-15,22.55,0.1,20.3,2.57,2025-07-01
2025-07-07,1.33,2025-07-20,1.82,0.1,1.64,0.31,2025-07-01
2025-07-07,1.15,2025-08-12,1.28,0.05,1.22,0.07,2025-08-01
2025-07-07,0.4,2025-07-10,3.13,0.1,2.82,2.42,2025-07-01
2025-07-07,0.23,2025-07-15,0.37,0.1,0.33,0.1,2025-07-01
2025-07-07,4.84,2025-07-15,5.65,0.1,5.09,0.25,2025-07-01
2025-07-07,2.0,2025-07-13,2.79,0.1,2.51,0.51,2025-07-01
2025-07-07,59.06,2025-07-12,70.11,0.1,63.1,4.04,2025-07-01
2025-07-07,119.86,2025-07-15,134.31,0.1,120.88,1.02,2025-07-01
2025-07-07,0.53,2025-07-09,0.98,0.1,0.88,0.35,2025-07-01
2025-07-07,1.1,2025-08-23,1.37,0.05,1.3,0.2,2025-08-01
2025-07-07,1.1,2025-08-17,1.37,0.05,1.3,0.2,2025-08-01
2025-07-07,1.1,2025-08-19,1.37,0.05,1.3,0.2,2025-08-01
2025-07-07,0.96,2025-07-19,1.43,0.1,1.29,0.33,2025-07-01
2025-07-07,110.0,2025-07-31,123.2,0.05,117.04,7.04,2025-07-01
2025-07-07,20.77,2025-07-16,24.32,0.1,21.89,1.12,2025-07-01
2025-07-07,2.53,2025-07-15,3.0,0.1,2.7,0.17,2025-07-01
2025-07-07,2.53,2025-07-17,3.0,0.1,2.7,0.17,2025-07-01
2025-07-07,3.99,2025-07-08,4.63,0.1,4.17,0.18,2025-07-01
2025-07-07,1.3,2025-08-21,1.46,0.05,1.39,0.09,2025-08-01
2025-07-07,4.2,2025-07-15,7.49,0.1,6.74,2.54,2025-07-01
2025-07-07,8.04,2025-07-12,10.73,0.1,9.66,1.62,2025-07-01
2025-07-06,9.8,2025-07-25,11.44,0.05,10.87,1.07,2025-07-01
2025-07-06,4.85,2025-07-18,5.8,0.1,5.22,0.37,2025-07-01
2025-07-06,1.95,2025-07-15,3.18,0.1,2.86,0.91,2025-07-01
2025-07-06,2.4,2025-07-17,3.57,0.1,3.21,0.81,2025-07-01
2025-07-06,2.57,2025-07-08,4.09,0.1,3.68,1.11,2025-07-01
2025-07-06,3.7,2025-07-15,6.78,0.1,6.1,2.4,2025-07-01
2025-07-06,3.7,2025-07-27,7.35,0.05,6.98,3.28,2025-07-01
2025-07-06,3.7,2025-08-05,7.27,0.05,6.91,3.21,2025-08-01
2025-07-06,0.5,2025-07-31,0.93,0.1,0.84,0.34,2025-07-01
2025-07-06,0.5,2025-07-31,0.93,0.05,0.88,0.38,2025-07-01
2025-07-06,1.43,2025-07-17,2.31,0.1,2.08,0.65,2025-07-01
2025-07-06,0.78,2025-07-20,1.0,0.1,0.9,0.12,2025-07-01
2025-07-06,1.96,2025-07-09,2.42,0.1,2.18,0.22,2025-07-01
2025-07-06,4.0,2025-07-16,4.73,0.1,4.26,0.26,2025-07-01
2025-07-06,4.88,2025-07-18,5.8,0.1,5.22,0.34,2025-07-01
2025-07-06,11.0,2025-07-14,13.13,0.1,11.82,0.82,2025-07-01
2025-07-06,14.52,2025-07-16,17.47,0.1,15.72,1.2,2025-07-01
2025-07-06,0.95,2025-07-29,1.29,0.05,1.23,0.28,2025-07-01
2025-07-06,1.06,2025-08-24,1.21,0.05,1.15,0.09,2025-08-01
2025-07-06,3.1,2025-08-19,3.36,0.05,3.19,0.09,2025-08-01
2025-07-06,5.2,2025-07-20,7.56,0.1,6.8,1.6,2025-07-01
2025-07-06,11.47,2025-07-21,13.3,0.1,11.97,0.5,2025-07-01
2025-07-06,61.0,2025-07-07,70.94,0.1,63.85,2.85,2025-07-01
2025-07-05,1.42,2025-07-25,1.6,0.05,1.52,0.1,2025-07-01
2025-07-05,5.78,2025-07-06,7.03,0.1,6.33,0.55,2025-07-01
2025-07-05,9.77,2025-08-02,10.92,0.05,10.37,0.6,2025-08-01
2025-07-05,0.8,2025-07-25,1.45,0.05,1.38,0.58,2025-07-01
2025-07-05,4.0,2025-07-11,4.66,0.1,4.19,0.19,2025-07-01
2025-07-05,1.25,2025-07-16,1.77,0.1,1.59,0.34,2025-07-01
2025-07-05,5.21,2025-07-15,7.21,0.1,6.49,1.28,2025-07-01
2025-07-05,4.0,2025-07-07,4.66,0.1,4.19,0.19,2025-07-01
2025-07-05,2.95,2025-08-20,3.34,0.05,3.17,0.22,2025-08-01
2025-07-05,6.64,2025-07-16,8.76,0.1,7.88,1.24,2025-07-01
2025-07-05,17.5,2025-07-30,19.97,0.05,18.97,1.47,2025-07-01
2025-07-05,0.95,2025-07-13,1.53,0.1,1.38,0.43,2025-07-01
2025-07-05,0.8,2025-07-21,1.0,0.1,0.9,0.1,2025-07-01
2025-07-05,1.32,2025-07-15,1.73,0.1,1.56,0.24,2025-07-01
2025-07-05,5.2,2025-07-05,7.05,0.1,6.34,1.14,2025-07-01
2025-07-05,2.0,2025-07-16,2.35,0.1,2.12,0.12,2025-07-01
2025-07-05,2.08,2025-07-12,2.42,0.1,2.18,0.1,2025-07-01
2025-07-05,2.09,2025-07-19,2.9,0.1,2.61,0.52,2025-07-01
2025-07-05,0.94,2025-07-06,1.74,0.1,1.57,0.63,2025-07-01
2025-07-05,0.03,2025-08-07,0.04,0.05,0.04,0.01,2025-08-01
2025-07-05,3.0,2025-08-19,3.36,0.05,3.19,0.19,2025-08-01
2025-07-05,19.74,2025-07-15,24.44,0.1,22.0,2.26,2025-07-01
2025-07-05,9.17,2025-07-19,14.19,0.1,12.77,3.6,2025-07-01
2025-07-05,3.76,2025-07-16,5.02,0.1,4.52,0.76,2025-07-01
2025-07-05,4.84,2025-07-17,5.8,0.1,5.22,0.38,2025-07-01
2025-07-05,6.36,2025-07-06,7.84,0.1,7.06,0.7,2025-07-01
2025-07-05,6.36,2025-07-14,7.84,0.1,7.06,0.7,2025-07-01
2025-07-05,1.59,2025-07-15,1.97,0.1,1.77,0.18,2025-07-01
2025-07-05,0.32,2025-08-03,0.42,0.1,0.38,0.06,2025-08-01
2025-07-05,0.32,2025-08-03,0.42,0.05,0.4,0.08,2025-08-01
2025-07-05,0.32,2025-08-03,0.42,0.05,0.4,0.08,2025-08-01
2025-07-05,0.32,2025-08-03,0.42,0.05,0.4,0.08,2025-08-01
2025-07-05,0.32,2025-08-03,0.42,0.05,0.4,0.08,2025-08-01
2025-07-05,1.15,2025-08-12,1.28,0.05,1.22,0.07,2025-08-01
2025-07-05,0.95,2025-07-30,1.29,0.05,1.23,0.28,2025-07-01
2025-07-05,1.9,2025-08-07,2.13,0.05,2.02,0.12,2025-08-01
2025-07-05,1.9,2025-08-08,2.13,0.05,2.02,0.12,2025-08-01
2025-07-05,20.84,2025-07-11,27.14,0.1,24.43,3.59,2025-07-01
2025-07-05,20.0,2025-07-13,27.14,0.1,24.43,4.43,2025-07-01
2025-07-04,3.64,2025-07-07,4.69,0.1,4.22,0.58,2025-07-01
2025-07-04,5.36,2025-07-13,7.6,0.1,6.84,1.48,2025-07-01
2025-07-04,3.2,2025-07-05,4.0,0.1,3.6,0.4,2025-07-01
2025-07-04,4.55,2025-07-06,7.47,0.1,6.72,2.17,2025-07-01
2025-07-04,1.9,2025-08-09,2.12,0.05,2.01,0.11,2025-08-01
2025-07-04,8.31,2025-07-05,10.96,0.1,9.86,1.55,2025-07-01
2025-07-04,23.67,2025-07-12,27.35,0.1,24.62,0.95,2025-07-01
2025-07-04,0.78,2025-07-13,1.02,0.1,0.92,0.14,2025-07-01
2025-07-04,0.78,2025-07-13,1.02,0.1,0.92,0.14,2025-07-01
2025-07-04,6.92,2025-07-10,8.38,0.1,7.54,0.62,2025-07-01
2025-07-04,98.0,2025-07-31,114.34,0.05,108.62,10.62,2025-07-01
2025-07-04,4.45,2025-07-13,5.24,0.1,4.72,0.27,2025-07-01
2025-07-04,41.45,2025-07-29,46.31,0.05,43.99,2.54,2025-07-01
2025-07-04,4.62,2025-07-10,7.38,0.1,6.64,2.02,2025-07-01
2025-07-04,2.7,2025-07-11,3.56,0.1,3.2,0.5,2025-07-01
2025-07-04,17.37,2025-07-06,25.07,0.1,22.56,5.19,2025-07-01
2025-07-04,10.5,2025-07-05,13.1,0.1,11.79,1.29,2025-07-01
2025-07-04,2.29,2025-07-07,2.65,0.1,2.38,0.09,2025-07-01
2025-07-04,19.74,2025-07-09,24.01,0.1,21.61,1.87,2025-07-01
2025-07-04,4.83,2025-07-13,5.76,0.1,5.18,0.35,2025-07-01
2025-07-04,1.03,2025-07-12,1.35,0.1,1.22,0.19,2025-07-01
2025-07-03,10.99,2025-07-04,13.1,0.1,11.79,0.8,2025-07-01
2025-07-03,22.0,2025-07-16,25.96,0.1,23.36,1.36,2025-07-01
2025-07-03,9.95,2025-07-04,11.84,0.1,10.66,0.71,2025-07-01
2025-07-03,0.47,2025-07-18,0.68,0.1,0.61,0.14,2025-07-01
2025-07-03,0.79,2025-07-10,1.08,0.1,0.97,0.18,2025-07-01
2025-07-03,22.44,2025-07-10,25.96,0.1,23.36,0.92,2025-07-01
2025-07-03,35.0,2025-07-06,40.48,0.1,36.43,1.43,2025-07-01
2025-07-03,5.68,2025-07-07,7.85,0.1,7.06,1.38,2025-07-01
2025-07-03,1.85,2025-07-15,2.96,0.1,2.66,0.81,2025-07-01
2025-07-03,14.15,2025-07-23,16.19,0.05,15.38,1.23,2025-07-01
2025-07-03,1.33,2025-07-18,1.83,0.1,1.65,0.32,2025-07-01
2025-07-03,5.26,2025-07-14,8.22,0.1,7.4,2.14,2025-07-01
2025-07-03,2.99,2025-07-05,3.72,0.1,3.35,0.36,2025-07-01
2025-07-03,8.5,2025-07-10,10.16,0.1,9.14,0.64,2025-07-01
2025-07-03,9.3,2025-08-05,10.82,0.05,10.28,0.98,2025-08-01
2025-07-03,9.79,2025-08-13,11.32,0.05,10.75,0.96,2025-08-01
2025-07-03,21.45,2025-07-20,25.96,0.1,23.36,1.91,2025-07-01
2025-07-03,31.0,2025-07-14,37.73,0.1,33.96,2.96,2025-07-01
2025-07-02,8.0,2025-07-11,9.88,0.1,8.89,0.89,2025-07-01
2025-07-02,7.0,2025-07-12,8.57,0.1,7.71,0.71,2025-07-01
2025-07-02,0.79,2025-08-14,0.93,0.05,0.88,0.09,2025-08-01
2025-07-02,1.56,2025-08-10,2.12,0.05,2.01,0.45,2025-08-01
2025-07-02,3.96,2025-07-03,4.71,0.1,4.24,0.28,2025-07-01
2025-07-02,2.83,2025-07-23,3.69,0.05,3.51,0.68,2025-07-01
2025-07-02,2.0,2025-07-10,2.35,0.1,2.12,0.12,2025-07-01
2025-07-02,0.5,2025-07-31,0.93,0.05,0.88,0.38,2025-07-01
2025-07-02,0.74,2025-07-25,1.13,0.05,1.07,0.33,2025-07-01
2025-07-02,0.91,2025-07-03,1.4,0.1,1.26,0.35,2025-07-01
2025-07-02,8.41,2025-07-12,10.99,0.1,9.89,1.48,2025-07-01
2025-07-02,5.87,2025-07-09,8.1,0.1,7.29,1.42,2025-07-01
2025-07-02,0.86,2025-07-13,1.1,0.1,0.99,0.13,2025-07-01
2025-07-02,1.97,2025-07-03,2.31,0.1,2.08,0.11,2025-07-01
2025-07-02,9.32,2025-07-03,10.99,0.1,9.89,0.57,2025-07-01
2025-07-02,9.32,2025-07-03,10.99,0.1,9.89,0.57,2025-07-01
2025-07-02,38.0,2025-07-25,47.12,0.05,44.76,6.76,2025-07-01
2025-07-02,2.38,2025-07-29,3.55,0.05,3.37,0.99,2025-07-01
2025-07-01,2.7,2025-07-04,4.44,0.1,4.0,1.3,2025-07-01
2025-07-01,8.01,2025-07-11,9.88,0.1,8.89,0.88,2025-07-01
2025-07-01,47.5,2025-07-25,53.63,0.05,50.95,3.45,2025-07-01
2025-07-01,3.37,2025-07-01,4.03,0.1,3.63,0.26,2025-07-01
2025-07-01,4.36,2025-07-09,5.57,0.1,5.01,0.65,2025-07-01
2025-07-01,0.56,2025-07-14,1.43,0.1,1.29,0.73,2025-07-01
2025-07-01,3.83,2025-07-02,4.74,0.1,4.27,0.44,2025-07-01
2025-07-01,0.16,2025-07-01,0.37,0.1,0.33,0.17,2025-07-01
2025-07-01,37.36,2025-07-05,45.37,0.1,40.83,3.47,2025-07-01
2025-07-01,1.82,2025-08-05,2.1,0.05,2.0,0.17,2025-08-01
2025-07-01,2.74,2025-07-14,3.38,0.1,3.04,0.3,2025-07-01
2025-07-01,0.49,2025-07-18,0.68,0.1,0.61,0.12,2025-07-01
2025-07-01,8.66,2025-07-03,12.0,0.1,10.8,2.14,2025-07-01
2025-07-01,2.53,2025-07-24,3.34,0.05,3.17,0.64,2025-07-01
2025-06-30,0.11,2025-07-17,0.18,0.1,0.16,0.05,2025-07-01
2025-06-30,0.83,2025-07-01,1.94,0.1,1.75,0.92,2025-07-01
2025-06-30,2.83,2025-06-30,3.31,0.1,2.98,0.15,2025-06-01
2025-06-30,4.7,2025-07-05,5.73,0.1,5.16,0.46,2025-07-01
2025-06-30,0.78,2025-07-22,0.95,0.1,0.86,0.07,2025-07-01
2025-06-30,3.2,2025-07-11,5.48,0.1,4.93,1.73,2025-07-01
2025-06-29,0.69,2025-07-12,1.43,0.1,1.29,0.6,2025-07-01
2025-06-29,1.52,2025-07-19,2.78,0.1,2.5,0.98,2025-07-01
2025-06-29,6.0,2025-07-06,7.63,0.1,6.87,0.87,2025-07-01
2025-06-29,1.43,2025-07-03,1.8,0.1,1.62,0.19,2025-07-01
2025-06-29,2.73,2025-07-14,3.38,0.1,3.04,0.31,2025-07-01
2025-06-29,2.73,2025-07-08,3.38,0.1,3.04,0.31,2025-07-01
2025-06-29,2.73,2025-07-08,3.38,0.1,3.04,0.31,2025-07-01
2025-06-29,3.38,2025-07-03,4.39,0.1,3.95,0.57,2025-07-01
2025-06-29,5.18,2025-07-04,7.38,0.1,6.64,1.46,2025-07-01
2025-06-29,4.14,2025-07-01,4.85,0.1,4.36,0.23,2025-07-01
2025-06-29,5.01,2025-07-02,5.93,0.1,5.34,0.33,2025-07-01
2025-06-29,1.99,2025-07-06,2.34,0.1,2.11,0.12,2025-07-01
2025-06-29,8.06,2025-07-08,9.88,0.1,8.89,0.83,2025-07-01
2025-06-29,0.15,2025-07-23,0.18,0.05,0.17,0.02,2025-07-01
2025-06-29,0.15,2025-07-23,0.18,0.05,0.17,0.02,2025-07-01
2025-06-29,0.25,2025-07-23,0.29,0.05,0.28,0.03,2025-07-01
2025-06-29,2.53,2025-07-10,4.44,0.1,4.0,1.47,2025-07-01
2025-06-29,1.65,2025-07-19,2.08,0.1,1.87,0.22,2025-07-01
2025-06-29,0.21,2025-07-14,0.32,0.1,0.29,0.08,2025-07-01
2025-06-29,3.87,2025-07-01,4.52,0.1,4.07,0.2,2025-07-01
2025-06-29,8.06,2025-07-09,9.88,0.1,8.89,0.83,2025-07-01
2025-06-29,5.04,2025-07-02,5.93,0.1,5.34,0.3,2025-07-01
2025-06-29,1.0,2025-07-18,1.21,0.1,1.09,0.09,2025-07-01
2025-06-29,9.61,2025-07-25,11.44,0.05,10.87,1.26,2025-07-01
2025-06-28,0.18,2025-07-06,0.44,0.1,0.4,0.22,2025-07-01
2025-06-28,0.34,2025-07-09,0.56,0.1,0.5,0.16,2025-07-01
2025-06-28,0.08,2025-07-28,0.09,0.05,0.09,0.01,2025-07-01
2025-06-28,0.08,2025-07-28,0.09,0.05,0.09,0.01,2025-07-01
2025-06-28,5.75,2025-07-04,7.63,0.1,6.87,1.12,2025-07-01
2025-06-28,1.68,2025-07-11,2.2,0.1,1.98,0.3,2025-07-01
2025-06-28,1.68,2025-07-11,2.2,0.1,1.98,0.3,2025-07-01
2025-06-28,1.68,2025-07-10,2.2,0.1,1.98,0.3,2025-07-01
2025-06-28,0.41,2025-07-01,0.7,0.1,0.63,0.22,2025-07-01
2025-06-28,0.7,2025-07-13,1.1,0.1,0.99,0.29,2025-07-01
2025-06-28,0.7,2025-07-13,1.1,0.1,0.99,0.29,2025-07-01
2025-06-28,0.7,2025-07-13,1.1,0.1,0.99,0.29,2025-07-01
2025-06-28,0.7,2025-07-09,1.1,0.1,0.99,0.29,2025-07-01
2025-06-28,0.22,2025-07-06,0.37,0.1,0.33,0.11,2025-07-01
2025-06-28,0.22,2025-07-06,0.37,0.1,0.33,0.11,2025-07-01
2025-06-28,0.98,2025-07-09,1.28,0.1,1.15,0.17,2025-07-01
2025-06-28,3.35,2025-07-03,4.72,0.1,4.25,0.9,2025-07-01
2025-06-28,2.6,2025-07-08,3.38,0.1,3.04,0.44,2025-07-01
2025-06-28,6.21,2025-07-01,7.63,0.1,6.87,0.66,2025-07-01
2025-06-28,0.44,2025-07-05,0.74,0.1,0.67,0.23,2025-07-01
2025-06-27,8.0,2025-06-30,9.7,0.1,8.73,0.73,2025-06-01
2025-06-27,0.45,2025-06-28,0.66,0.1,0.59,0.14,2025-06-01
2025-06-27,0.69,2025-07-10,1.24,0.1,1.12,0.43,2025-07-01
2025-06-27,0.5,2025-07-06,0.74,0.1,0.67,0.17,2025-07-01
2025-06-27,3.82,2025-07-06,4.7,0.1,4.23,0.41,2025-07-01
2025-06-27,7.22,2025-07-01,8.77,0.1,7.89,0.67,2025-07-01
2025-06-27,0.42,2025-07-06,0.74,0.1,0.67,0.25,2025-07-01
2025-06-27,0.43,2025-07-07,0.57,0.1,0.51,0.08,2025-07-01
2025-06-27,0.55,2025-06-28,0.77,0.1,0.69,0.14,2025-06-01
2025-06-27,0.48,2025-06-27,0.65,0.1,0.59,0.11,2025-06-01
2025-06-27,0.5,2025-06-27,0.67,0.1,0.6,0.1,2025-06-01
2025-06-27,6.43,2025-07-01,7.63,0.1,6.87,0.44,2025-07-01
2025-06-27,0.68,2025-07-15,0.92,0.1,0.83,0.15,2025-07-01
2025-06-27,0.68,2025-07-15,0.92,0.1,0.83,0.15,2025-07-01
2025-06-27,0.68,2025-07-15,0.92,0.1,0.83,0.15,2025-07-01
2025-06-27,0.68,2025-07-15,0.92,0.1,0.83,0.15,2025-07-01
2025-06-27,0.68,2025-07-15,0.92,0.1,0.83,0.15,2025-07-01
2025-06-27,0.5,2025-07-13,0.65,0.1,0.59,0.09,2025-07-01
2025-06-27,0.5,2025-07-13,0.65,0.1,0.59,0.09,2025-07-01
2025-06-27,0.5,2025-07-22,0.65,0.1,0.59,0.09,2025-07-01
2025-06-27,0.1,2025-07-30,0.09,0.05,0.09,-0.01,2025-07-01
2025-06-27,0.1,2025-07-30,0.09,0.05,0.09,-0.01,2025-07-01
2025-06-27,0.1,2025-08-10,0.37,0.05,0.35,0.25,2025-08-01
2025-06-27,0.1,2025-08-10,0.37,0.05,0.35,0.25,2025-08-01
2025-06-27,0.1,2025-08-10,0.37,0.05,0.35,0.25,2025-08-01
2025-06-27,0.16,2025-07-08,0.29,0.1,0.26,0.1,2025-07-01
2025-06-27,1.33,2025-07-08,1.8,0.1,1.62,0.29,2025-07-01
2025-06-23,3.0,2025-06-26,3.74,0.08,3.44,0.44,2025-06-01
2025-06-23,4.12,2025-07-03,5.14,0.08,4.73,0.61,2025-07-01
2025-06-23,10.41,2025-06-26,13.14,0.08,12.09,1.68,2025-06-01
2025-06-23,6.05,2025-06-30,9.18,0.08,8.45,2.4,2025-06-01
2025-06-23,5.0,2025-06-23,5.91,0.08,5.44,0.44,2025-06-01
2025-06-23,0.52,2025-07-07,0.77,0.08,0.71,0.19,2025-07-01
2025-06-23,1.14,2025-07-08,1.46,0.08,1.34,0.2,2025-07-01
2025-06-23,1.33,2025-07-01,1.87,0.08,1.72,0.39,2025-07-01
2025-06-23,1.84,2025-06-28,2.76,0.08,2.54,0.7,2025-06-01
2025-06-23,3.98,2025-07-30,4.52,0.05,4.29,0.31,2025-07-01
2025-06-23,10.95,2025-06-25,13.14,0.08,12.09,1.14,2025-06-01
2025-06-23,0.2,2025-07-31,0.29,0.08,0.27,0.07,2025-07-01
2025-06-23,0.2,2025-07-31,0.29,0.05,0.28,0.08,2025-07-01
2025-06-22,1.33,2025-07-11,1.89,0.08,1.74,0.41,2025-07-01
2025-06-22,0.76,2025-06-25,0.94,0.08,0.86,0.1,2025-06-01
2025-06-22,1.44,2025-06-24,1.73,0.08,1.59,0.15,2025-06-01
2025-06-22,1.85,2025-06-29,2.3,0.08,2.12,0.27,2025-06-01
2025-06-22,1.14,2025-08-24,1.3,0.05,1.23,0.09,2025-08-01
2025-06-22,0.24,2025-07-04,0.4,0.08,0.37,0.13,2025-07-01
2025-06-22,1.77,2025-07-03,2.81,0.08,2.59,0.82,2025-07-01
2025-06-22,0.88,2025-07-26,1.05,0.05,1.0,0.12,2025-07-01
2025-06-22,4.16,2025-06-23,5.14,0.08,4.73,0.57,2025-06-01
2025-06-22,4.16,2025-07-02,5.14,0.08,4.73,0.57,2025-07-01
2025-06-22,3.89,2025-07-02,5.33,0.08,4.9,1.01,2025-07-01
2025-06-22,2.55,2025-06-26,3.31,0.08,3.05,0.5,2025-06-01
2025-06-22,1.28,2025-06-25,2.02,0.08,1.86,0.58,2025-06-01
2025-06-22,0.24,2025-07-04,0.4,0.08,0.37,0.13,2025-07-01
2025-06-22,0.25,2025-06-30,0.4,0.08,0.37,0.12,2025-06-01
2025-06-22,1.52,2025-06-24,1.89,0.08,1.74,0.22,2025-06-01
2025-06-22,6.16,2025-06-26,7.36,0.08,6.77,0.61,2025-06-01
2025-06-21,1.09,2025-07-07,1.44,0.08,1.32,0.23,2025-07-01
2025-06-21,1.74,2025-07-07,2.62,0.08,2.41,0.67,2025-07-01
2025-06-21,0.61,2025-07-08,0.93,0.08,0.86,0.25,2025-07-01
2025-06-21,0.74,2025-06-23,1.0,0.08,0.92,0.18,2025-06-01
2025-06-21,4.16,2025-07-03,5.14,0.08,4.73,0.57,2025-07-01
2025-06-21,1.21,2025-07-11,1.69,0.08,1.55,0.34,2025-07-01
2025-06-21,1.21,2025-07-11,1.69,0.08,1.55,0.34,2025-07-01
2025-06-21,1.21,2025-07-04,1.69,0.08,1.55,0.34,2025-07-01
2025-06-20,7.96,2025-06-27,9.8,0.08,9.02,1.06,2025-06-01
2025-06-20,1.95,2025-06-24,2.74,0.08,2.52,0.57,2025-06-01
2025-06-20,6.69,2025-06-28,8.14,0.08,7.49,0.8,2025-06-01
2025-06-20,25.5,2025-06-28,29.98,0.08,27.58,2.08,2025-06-01
2025-06-20,6.54,2025-06-29,7.98,0.08,7.34,0.8,2025-06-01
2025-06-20,0.5,2025-06-22,0.71,0.08,0.65,0.15,2025-06-01
2025-06-20,0.15,2025-06-27,0.34,0.08,0.31,0.16,2025-06-01
2025-06-20,4.88,2025-06-27,6.07,0.08,5.58,0.7,2025-06-01
2025-06-20,8.31,2025-06-21,10.01,0.08,9.21,0.9,2025-06-01
2025-06-20,1.95,2025-06-21,2.31,0.08,2.13,0.18,2025-06-01
2025-06-20,2.65,2025-08-09,3.46,0.05,3.29,0.64,2025-08-01
2025-06-20,0.34,2025-07-05,0.48,0.08,0.44,0.1,2025-07-01
2025-06-20,0.34,2025-07-05,0.48,0.08,0.44,0.1,2025-07-01
2025-06-20,0.14,2025-07-17,0.18,0.08,0.17,0.03,2025-07-01
2025-06-20,2.82,2025-07-16,3.66,0.08,3.37,0.55,2025-07-01
2025-06-20,11.22,2025-06-23,13.14,0.08,12.09,0.87,2025-06-01
2025-06-20,11.52,2025-06-29,15.1,0.08,13.89,2.37,2025-06-01
2025-06-20,1.2,2025-07-13,1.77,0.08,1.63,0.43,2025-07-01
2025-06-19,1.8,2025-06-25,2.13,0.08,1.96,0.16,2025-06-01
2025-06-19,1.63,2025-06-20,3.06,0.08,2.82,1.19,2025-06-01
2025-06-19,1.63,2025-06-20,3.06,0.08,2.82,1.19,2025-06-01
2025-06-19,1.63,2025-06-20,3.06,0.08,2.82,1.19,2025-06-01
2025-06-19,0.52,2025-07-06,0.72,0.08,0.66,0.14,2025-07-01
2025-06-19,2.93,2025-06-20,3.43,0.08,3.16,0.23,2025-06-01
2025-06-19,0.62,2025-07-08,0.93,0.08,0.86,0.24,2025-07-01
2025-06-19,7.92,2025-07-05,9.57,0.08,8.8,0.88,2025-07-01
2025-06-19,0.25,2025-07-10,0.49,0.08,0.45,0.2,2025-07-01
2025-06-19,1.35,2025-07-05,1.89,0.08,1.74,0.39,2025-07-01
2025-06-19,1.35,2025-07-05,1.89,0.08,1.74,0.39,2025-07-01
2025-06-19,1.35,2025-07-05,1.89,0.08,1.74,0.39,2025-07-01
2025-06-19,1.35,2025-07-05,1.89,0.08,1.74,0.39,2025-07-01
2025-06-19,1.35,2025-07-05,1.89,0.08,1.74,0.39,2025-07-01
2025-06-19,0.84,2025-06-25,1.18,0.08,1.09,0.25,2025-06-01
2025-06-19,2.56,2025-06-23,3.31,0.08,3.05,0.49,2025-06-01
2025-06-19,3.06,2025-06-28,3.91,0.08,3.6,0.54,2025-06-01
2025-06-19,3.06,2025-07-16,3.66,0.08,3.37,0.31,2025-07-01
2025-06-19,6.3,2025-06-24,7.31,0.08,6.73,0.43,2025-06-01
2025-06-19,6.25,2025-07-03,7.31,0.08,6.73,0.48,2025-07-01
2025-06-19,63.0,2025-06-27,73.58,0.08,67.69,4.69,2025-06-01
2025-06-19,0.26,2025-06-22,1.3,0.08,1.2,0.94,2025-06-01
2025-06-19,4.74,2025-06-24,7.79,0.08,7.17,2.43,2025-06-01
2025-06-18,0.98,2025-07-23,1.3,0.05,1.23,0.25,2025-07-01
2025-06-18,5.78,2025-06-28,6.95,0.08,6.39,0.61,2025-06-01
2025-06-18,11.23,2025-06-25,13.47,0.08,12.39,1.16,2025-06-01
2025-06-18,0.64,2025-06-25,0.87,0.08,0.8,0.16,2025-06-01
2025-06-18,0.68,2025-07-08,0.93,0.08,0.86,0.18,2025-07-01
2025-06-18,0.61,2025-07-08,0.93,0.08,0.86,0.25,2025-07-01
2025-06-18,2.23,2025-07-01,2.95,0.08,2.71,0.48,2025-07-01
2025-06-18,1.55,2025-07-03,1.84,0.08,1.69,0.14,2025-07-01
2025-06-18,0.42,2025-07-11,0.67,0.08,0.62,0.2,2025-07-01
2025-06-18,80.0,2025-06-29,94.95,0.08,87.35,7.35,2025-06-01
2025-06-18,0.79,2025-06-29,1.02,0.08,0.94,0.15,2025-06-01
2025-06-18,7.99,2025-06-25,9.47,0.08,8.71,0.72,2025-06-01
2025-06-18,6.18,2025-06-26,7.5,0.08,6.9,0.72,2025-06-01
2025-06-18,2.17,2025-08-20,2.56,0.05,2.43,0.26,2025-08-01
2025-06-18,8.0,2025-06-26,11.45,0.08,10.53,2.53,2025-06-01
2025-06-18,5.0,2025-07-06,5.85,0.08,5.38,0.38,2025-07-01
2025-06-18,11.18,2025-06-27,13.47,0.08,12.39,1.21,2025-06-01
2025-06-18,75.0,2025-07-07,80.71,0.08,74.25,-0.75,2025-07-01
2025-06-18,5.0,2025-06-20,6.83,0.08,6.28,1.28,2025-06-01
2025-06-18,1.5,2025-06-26,1.81,0.08,1.67,0.17,2025-06-01
2025-06-18,2.07,2025-07-17,2.45,0.08,2.25,0.18,2025-07-01
2025-06-18,0.32,2025-07-24,0.42,0.08,0.39,0.07,2025-07-01
2025-06-18,65.0,2025-06-26,76.79,0.08,70.65,5.65,2025-06-01
2025-06-18,39.19,2025-06-26,48.01,0.08,44.17,4.98,2025-06-01
2025-06-18,47.49,2025-07-20,57.49,0.08,52.89,5.4,2025-07-01
2025-06-18,1.89,2025-07-23,2.4,0.08,2.21,0.32,2025-07-01
2025-06-18,1.14,2025-06-26,1.74,0.08,1.6,0.46,2025-06-01
2025-06-18,2.17,2025-08-16,2.56,0.05,2.43,0.26,2025-08-01
2025-06-18,8.38,2025-06-29,11.51,0.08,10.59,2.21,2025-06-01
2025-06-17,8.2,2025-06-30,9.47,0.08,8.71,0.51,2025-06-01
2025-06-17,5.92,2025-06-28,9.18,0.08,8.45,2.53,2025-06-01
2025-06-17,1.22,2025-07-17,1.57,0.08,1.44,0.22,2025-07-01
2025-06-17,4.72,2025-06-29,5.84,0.08,5.37,0.65,2025-06-01
2025-06-17,4.72,2025-06-30,5.84,0.08,5.37,0.65,2025-06-01
2025-06-17,75.0,2025-06-30,81.53,0.08,75.01,0.01,2025-06-01
2025-06-17,0.57,2025-06-25,0.92,0.08,0.85,0.28,2025-06-01
2025-06-17,0.49,2025-06-27,0.75,0.08,0.69,0.2,2025-06-01
2025-06-17,0.23,2025-07-04,0.29,0.08,0.27,0.04,2025-07-01
2025-06-17,2.72,2025-07-12,3.68,0.08,3.39,0.67,2025-07-01
2025-06-17,26.56,2025-06-27,31.72,0.08,29.18,2.62,2025-06-01
2025-06-17,2.2,2025-08-05,2.51,0.05,2.38,0.18,2025-08-01
2025-06-17,0.88,2025-06-28,1.53,0.08,1.41,0.53,2025-06-01
2025-06-17,1.83,2025-06-25,2.62,0.08,2.41,0.58,2025-06-01
2025-06-17,1.8,2025-06-30,2.58,0.08,2.37,0.57,2025-06-01
2025-06-17,0.7,2025-07-02,1.12,0.08,1.03,0.33,2025-07-01
2025-06-17,2.0,2025-08-06,2.37,0.05,2.25,0.25,2025-08-01
2025-06-17,1.48,2025-06-18,2.14,0.08,1.97,0.49,2025-06-01
2025-06-17,1.3,2025-07-20,1.83,0.08,1.68,0.38,2025-07-01
2025-06-17,1.99,2025-06-28,2.42,0.08,2.23,0.24,2025-06-01
2025-06-17,1.5,2025-06-25,1.81,0.08,1.67,0.17,2025-06-01
2025-06-17,7.48,2025-06-26,9.31,0.08,8.57,1.09,2025-06-01
2025-06-17,1.52,2025-07-03,1.84,0.08,1.69,0.17,2025-07-01
2025-06-17,3.98,2025-06-27,4.69,0.08,4.31,0.33,2025-06-01
2025-06-17,3.98,2025-06-18,4.69,0.08,4.31,0.33,2025-06-01
2025-06-17,2.49,2025-08-10,3.36,0.05,3.19,0.7,2025-08-01
2025-06-17,11.1,2025-06-30,17.72,0.08,16.3,5.2,2025-06-01
2025-06-17,2.43,2025-06-25,2.79,0.08,2.57,0.14,2025-06-01
2025-06-17,11.09,2025-06-22,13.47,0.08,12.39,1.3,2025-06-01
2025-06-17,1.76,2025-07-17,2.08,0.08,1.91,0.15,2025-07-01
2025-06-17,3.98,2025-06-18,4.69,0.08,4.31,0.33,2025-06-01
2025-06-17,0.93,2025-08-18,1.05,0.05,1.0,0.07,2025-08-01
2025-06-17,0.93,2025-08-15,1.05,0.05,1.0,0.07,2025-08-01
2025-06-17,0.93,2025-08-18,1.05,0.05,1.0,0.07,2025-08-01
2025-06-17,0.93,2025-06-30,1.14,0.08,1.05,0.12,2025-06-01
2025-06-17,2.99,2025-06-28,3.89,0.08,3.58,0.59,2025-06-01
2025-06-16,0.37,2025-06-18,0.51,0.08,0.47,0.1,2025-06-01
2025-06-16,0.1,2025-06-18,0.27,0.08,0.25,0.15,2025-06-01
2025-06-16,0.12,2025-06-25,0.25,0.08,0.23,0.11,2025-06-01
2025-06-16,4.16,2025-07-11,5.97,0.08,5.49,1.33,2025-07-01
2025-06-16,1.78,2025-06-29,2.15,0.08,1.98,0.2,2025-06-01
2025-06-16,2.32,2025-06-25,3.51,0.08,3.23,0.91,2025-06-01
2025-06-16,0.37,2025-06-18,0.51,0.08,0.47,0.1,2025-06-01
2025-06-16,1.85,2025-06-23,2.52,0.08,2.32,0.47,2025-06-01
2025-06-16,75.0,2025-07-02,82.13,0.08,75.56,0.56,2025-07-01
2025-06-16,1.21,2025-06-17,1.8,0.08,1.66,0.45,2025-06-01
2025-06-16,0.08,2025-06-18,0.27,0.08,0.25,0.17,2025-06-01
2025-06-16,80.0,2025-06-25,94.99,0.08,87.39,7.39,2025-06-01
2025-06-16,0.19,2025-07-04,0.26,0.08,0.24,0.05,2025-07-01
2025-06-16,0.19,2025-07-04,0.26,0.08,0.24,0.05,2025-07-01
2025-06-16,0.19,2025-07-03,0.26,0.08,0.24,0.05,2025-07-01
2025-06-16,1.31,2025-07-01,2.2,0.08,2.02,0.71,2025-07-01
2025-06-16,0.79,2025-06-25,1.02,0.08,0.94,0.15,2025-06-01
2025-06-16,0.65,2025-06-17,1.01,0.08,0.93,0.28,2025-06-01
2025-06-16,11.84,2025-06-17,13.47,0.08,12.39,0.55,2025-06-01
2025-06-16,0.25,2025-06-22,1.29,0.08,1.19,0.94,2025-06-01
2025-06-16,1.67,2025-06-21,2.6,0.08,2.39,0.72,2025-06-01
2025-06-16,1.87,2025-06-24,2.6,0.08,2.39,0.52,2025-06-01
2025-06-16,8.0,2025-06-24,9.47,0.08,8.71,0.71,2025-06-01
2025-06-16,0.75,2025-06-28,1.29,0.08,1.19,0.44,2025-06-01
2025-06-16,6.7,2025-06-28,8.14,0.08,7.49,0.79,2025-06-01
2025-06-16,1.99,2025-06-24,3.51,0.08,3.23,1.24,2025-06-01
2025-06-16,0.41,2025-06-17,0.96,0.08,0.88,0.47,2025-06-01
2025-06-16,32.19,2025-06-30,39.1,0.08,35.97,3.78,2025-06-01
2025-06-16,4.16,2025-06-23,5.97,0.08,5.49,1.33,2025-06-01
2025-06-16,6.38,2025-07-19,9.08,0.08,8.35,1.97,2025-07-01
2025-06-16,0.52,2025-06-26,0.71,0.08,0.65,0.13,2025-06-01
2025-06-16,0.52,2025-06-26,0.71,0.08,0.65,0.13,2025-06-01
2025-06-16,0.52,2025-06-26,0.71,0.08,0.65,0.13,2025-06-01
2025-06-16,0.52,2025-06-26,0.71,0.08,0.65,0.13,2025-06-01
2025-06-16,0.17,2025-07-04,0.29,0.08,0.27,0.1,2025-07-01
2025-06-16,0.17,2025-07-02,0.29,0.08,0.27,0.1,2025-07-01
2025-06-16,0.17,2025-06-29,0.29,0.08,0.27,0.1,2025-06-01
2025-06-16,13.28,2025-07-04,15.33,0.08,14.1,0.82,2025-07-01
2025-06-16,0.49,2025-06-25,0.96,0.08,0.88,0.39,2025-06-01
2025-06-16,0.78,2025-07-05,1.12,0.08,1.03,0.25,2025-07-01
2025-06-16,3.41,2025-08-01,3.94,0.05,3.74,0.33,2025-08-01
2025-06-15,0.77,2025-06-17,1.01,0.08,0.93,0.16,2025-06-01
2025-06-15,1.5,2025-08-03,1.89,0.05,1.8,0.3,2025-08-01
2025-06-15,1.62,2025-07-25,2.18,0.05,2.07,0.45,2025-07-01
2025-06-15,3.39,2025-07-03,4.22,0.08,3.88,0.49,2025-07-01
2025-06-15,0.74,2025-06-23,1.02,0.08,0.94,0.2,2025-06-01
2025-06-15,0.26,2025-06-22,1.29,0.08,1.19,0.93,2025-06-01
2025-06-15,1.48,2025-07-23,1.68,0.05,1.6,0.12,2025-07-01
2025-06-15,1.52,2025-07-03,1.84,0.08,1.69,0.17,2025-07-01
2025-06-15,1.22,2025-06-28,1.67,0.08,1.54,0.32,2025-06-01
2025-06-15,1.22,2025-06-28,1.67,0.08,1.54,0.32,2025-06-01
2025-06-15,7.25,2025-06-17,8.98,0.08,8.26,1.01,2025-06-01
2025-06-15,0.85,2025-06-17,1.3,0.08,1.2,0.35,2025-06-01
2025-06-15,0.85,2025-06-17,1.3,0.08,1.2,0.35,2025-06-01
2025-06-15,0.23,2025-07-09,0.29,0.08,0.27,0.04,2025-07-01
2025-06-15,65.0,2025-06-23,76.79,0.08,70.65,5.65,2025-06-01
2025-06-15,0.3,2025-06-22,1.29,0.08,1.19,0.89,2025-06-01
2025-06-15,1.14,2025-06-24,1.74,0.08,1.6,0.46,2025-06-01
2025-06-15,0.5,2025-06-23,0.98,0.08,0.9,0.4,2025-06-01
2025-06-15,8.5,2025-06-29,10.31,0.08,9.49,0.99,2025-06-01
2025-06-15,1.85,2025-06-23,2.52,0.08,2.32,0.47,2025-06-01
2025-06-15,25.49,2025-06-18,31.72,0.08,29.18,3.69,2025-06-01
2025-06-15,2.18,2025-06-23,3.18,0.08,2.93,0.75,2025-06-01
2025-06-15,4.0,2025-06-17,4.69,0.08,4.31,0.31,2025-06-01
2025-06-15,13.2,2025-07-26,15.65,0.05,14.87,1.67,2025-07-01
2025-06-15,1.5,2025-07-26,1.76,0.05,1.67,0.17,2025-07-01
2025-06-15,1.5,2025-07-28,1.76,0.05,1.67,0.17,2025-07-01
2025-06-15,1.5,2025-07-28,1.76,0.05,1.67,0.17,2025-07-01
2025-06-15,1.5,2025-07-28,1.76,0.05,1.67,0.17,2025-07-01
2025-06-15,0.32,2025-07-31,0.42,0.05,0.4,0.08,2025-07-01
2025-06-15,0.32,2025-07-31,0.42,0.05,0.4,0.08,2025-07-01
2025-06-15,0.32,2025-07-31,0.42,0.05,0.4,0.08,2025-07-01
2025-06-15,0.32,2025-07-31,0.42,0.05,0.4,0.08,2025-07-01
2025-06-15,0.23,2025-06-24,0.36,0.08,0.33,0.1,2025-06-01
2025-06-15,1.79,2025-07-17,2.08,0.08,1.91,0.12,2025-07-01
2025-06-15,1.2,2025-06-20,1.81,0.08,1.67,0.47,2025-06-01
2025-06-15,1.12,2025-06-21,1.74,0.08,1.6,0.48,2025-06-01
2025-06-15,1.12,2025-06-19,1.74,0.08,1.6,0.48,2025-06-01
2025-06-15,1.12,2025-07-30,1.74,0.05,1.65,0.53,2025-07-01
2025-06-15,1.24,2025-06-17,1.86,0.08,1.71,0.47,2025-06-01
2025-06-15,1.17,2025-07-15,1.86,0.08,1.71,0.54,2025-07-01
2025-06-15,1.7,2025-06-22,2.86,0.08,2.63,0.93,2025-06-01
2025-06-13,0.93,2025-07-01,1.23,0.08,1.13,0.2,2025-07-01
2025-05-13,0.71,2025-06-02,1.02,0.08,0.94,0.23,2025-06-01
2025-05-13,1.87,2025-06-28,2.34,0.08,2.15,0.28,2025-06-01
2025-05-13,0.1,2025-06-18,0.09,0.08,0.08,-0.02,2025-06-01
2025-05-13,0.78,2025-06-01,1.01,0.08,0.93,0.15,2025-06-01
2025-05-13,5.0,2025-07-03,5.66,0.08,5.21,0.21,2025-07-01
2025-05-13,5.0,2025-07-03,5.66,0.08,5.21,0.21,2025-07-01
2025-05-13,5.0,2025-07-03,5.66,0.08,5.21,0.21,2025-07-01
2025-05-13,5.0,2025-07-03,5.66,0.08,5.21,0.21,2025-07-01
2025-05-13,5.0,2025-07-03,5.66,0.08,5.21,0.21,2025-07-01
2025-05-13,5.0,2025-07-03,5.66,0.08,5.21,0.21,2025-07-01
2025-05-13,5.0,2025-07-03,5.66,0.08,5.21,0.21,2025-07-01
2025-05-13,5.0,2025-07-03,5.66,0.08,5.21,0.21,2025-07-01
2025-05-13,0.68,2025-05-15,1.18,0.08,1.09,0.41,2025-05-01
2025-05-13,0.76,2025-06-07,0.93,0.08,0.86,0.1,2025-06-01
2025-05-13,0.99,2025-06-26,1.4,0.08,1.29,0.3,2025-06-01
2025-05-13,0.99,2025-06-24,1.4,0.08,1.29,0.3,2025-06-01
2025-05-13,0.99,2025-05-31,1.59,0.08,1.46,0.47,2025-05-01
2025-05-13,0.99,2025-05-28,1.59,0.08,1.46,0.47,2025-05-01
2025-05-13,0.99,2025-05-28,1.59,0.08,1.46,0.47,2025-05-01
2025-05-13,0.99,2025-05-20,1.59,0.08,1.46,0.47,2025-05-01
2025-05-13,4.29,2025-05-24,4.89,0.08,4.5,0.21,2025-05-01
2025-05-13,6.07,2025-05-24,8.37,0.08,7.7,1.63,2025-05-01
2025-05-12,0.29,2025-05-20,0.78,0.08,0.72,0.43,2025-05-01
2025-05-12,0.33,2025-05-23,0.98,0.08,0.9,0.57,2025-05-01
2025-05-12,9.5,2025-06-18,10.88,0.08,10.01,0.51,2025-06-01
2025-05-12,9.5,2025-06-17,10.88,0.08,10.01,0.51,2025-06-01
2025-05-12,9.5,2025-06-08,11.42,0.08,10.51,1.01,2025-06-01
2025-05-12,9.5,2025-06-08,11.42,0.08,10.51,1.01,2025-06-01
2025-05-12,9.5,2025-06-06,11.42,0.08,10.51,1.01,2025-06-01
2025-05-12,1.7,2025-05-13,2.23,0.08,2.05,0.35,2025-05-01
2025-05-12,2.95,2025-06-04,3.58,0.08,3.29,0.34,2025-06-01
2025-05-12,7.5,2025-07-11,8.16,0.08,7.51,0.01,2025-07-01
2025-05-12,7.5,2025-07-11,8.16,0.08,7.51,0.01,2025-07-01
2025-05-12,7.5,2025-07-11,8.16,0.08,7.51,0.01,2025-07-01
2025-05-12,7.5,2025-07-11,8.16,0.08,7.51,0.01,2025-07-01
2025-05-12,7.5,2025-07-11,8.16,0.08,7.51,0.01,2025-07-01
2025-05-12,7.5,2025-07-11,8.16,0.08,7.51,0.01,2025-07-01
2025-05-12,7.5,2025-07-11,8.16,0.08,7.51,0.01,2025-07-01
2025-05-12,7.5,2025-07-11,8.16,0.08,7.51,0.01,2025-07-01
2025-05-12,7.5,2025-07-11,8.16,0.08,7.51,0.01,2025-07-01
2025-05-12,7.5,2025-07-09,8.16,0.08,7.51,0.01,2025-07-01
2025-05-12,0.18,2025-06-08,0.27,0.08,0.25,0.07,2025-06-01
2025-05-12,4.02,2025-05-24,4.99,0.08,4.59,0.57,2025-05-01
2025-05-12,4.02,2025-05-24,4.89,0.08,4.5,0.48,2025-05-01
2025-05-12,1.51,2025-06-01,1.83,0.08,1.68,0.17,2025-06-01
2025-05-12,52.45,2025-06-01,65.0,0.08,59.8,7.35,2025-06-01
2025-05-12,1.7,2025-05-28,2.23,0.08,2.05,0.35,2025-05-01
2025-05-12,0.1,2025-06-03,0.13,0.08,0.12,0.02,2025-06-01
2025-05-12,0.19,2025-06-08,0.27,0.08,0.25,0.06,2025-06-01
2025-05-12,0.41,2025-05-20,0.55,0.08,0.51,0.1,2025-05-01
2025-05-12,0.66,2025-05-21,0.91,0.08,0.84,0.18,2025-05-01
2025-05-12,0.66,2025-05-20,0.91,0.08,0.84,0.18,2025-05-01
2025-05-12,0.69,2025-05-13,0.96,0.08,0.88,0.19,2025-05-01
2025-05-12,1.1,2025-08-24,1.17,0.05,1.11,0.01,2025-08-01
2025-05-12,0.96,2025-05-13,2.02,0.08,1.86,0.9,2025-05-01
2025-05-12,1.7,2025-06-02,2.07,0.08,1.9,0.2,2025-06-01
2025-05-11,0.16,2025-05-19,0.63,0.08,0.58,0.42,2025-05-01
2025-05-11,0.75,2025-06-01,1.0,0.08,0.92,0.17,2025-06-01
2025-05-11,1.73,2025-07-15,2.76,0.08,2.54,0.81,2025-07-01
2025-05-11,0.17,2025-06-08,0.27,0.08,0.25,0.08,2025-06-01
2025-05-11,0.4,2025-05-14,0.55,0.08,0.51,0.11,2025-05-01
2025-05-11,1.52,2025-06-05,2.2,0.08,2.02,0.5,2025-06-01
2025-05-11,2.59,2025-06-06,3.14,0.08,2.89,0.3,2025-06-01
2025-05-11,0.39,2025-05-20,0.55,0.08,0.51,0.12,2025-05-01
2025-05-11,0.13,2025-05-13,0.39,0.08,0.36,0.23,2025-05-01
2025-05-11,0.13,2025-08-14,0.15,0.05,0.14,0.01,2025-08-01
2025-05-11,0.13,2025-08-14,0.15,0.05,0.14,0.01,2025-08-01
2025-05-11,1.14,2025-05-14,1.78,0.08,1.64,0.5,2025-05-01
2025-05-11,1.13,2025-05-14,1.78,0.08,1.64,0.51,2025-05-01
2025-05-11,1.12,2025-05-22,1.78,0.08,1.64,0.52,2025-05-01
2025-05-11,0.63,2025-05-21,1.55,0.08,1.43,0.8,2025-05-01
2025-05-11,4.24,2025-05-24,4.79,0.08,4.41,0.17,2025-05-01
2025-05-11,4.24,2025-05-24,4.79,0.08,4.41,0.17,2025-05-01
2025-05-09,10.5,2025-06-07,11.42,0.08,10.51,0.01,2025-06-01
2025-05-09,10.5,2025-06-07,11.42,0.08,10.51,0.01,2025-06-01
2025-05-09,10.5,2025-06-07,11.42,0.08,10.51,0.01,2025-06-01
2025-05-09,10.5,2025-06-07,11.42,0.08,10.51,0.01,2025-06-01
2025-05-09,10.5,2025-06-07,11.42,0.08,10.51,0.01,2025-06-01
2025-05-09,10.5,2025-06-07,11.42,0.08,10.51,0.01,2025-06-01
2025-05-09,10.5,2025-06-07,11.42,0.08,10.51,0.01,2025-06-01
2025-05-09,10.5,2025-06-07,11.42,0.08,10.51,0.01,2025-06-01
2025-05-09,10.5,2025-06-07,11.42,0.08,10.51,0.01,2025-06-01
2025-05-09,10.5,2025-06-06,11.42,0.08,10.51,0.01,2025-06-01
2025-05-09,0.24,2025-06-08,0.27,0.08,0.25,0.01,2025-06-01
2025-05-09,3.23,2025-05-22,4.71,0.08,4.33,1.1,2025-05-01
2025-05-09,3.19,2025-06-07,3.69,0.08,3.39,0.2,2025-06-01
2025-05-09,3.19,2025-06-07,3.69,0.08,3.39,0.2,2025-06-01
2025-05-09,3.19,2025-06-06,3.69,0.08,3.39,0.2,2025-06-01
2025-05-09,3.19,2025-06-06,3.69,0.08,3.39,0.2,2025-06-01
2025-05-09,3.19,2025-06-06,3.69,0.08,3.39,0.2,2025-06-01
2025-05-09,3.19,2025-06-06,3.69,0.08,3.39,0.2,2025-06-01
2025-05-09,4.99,2025-07-02,5.66,0.08,5.21,0.22,2025-07-01
2025-05-09,0.23,2025-05-20,0.72,0.08,0.66,0.43,2025-05-01
2025-05-09,0.45,2025-07-21,0.58,0.08,0.53,0.08,2025-07-01
2025-05-09,44.74,2025-05-19,52.0,0.08,47.84,3.1,2025-05-01
2025-05-09,0.16,2025-08-09,0.18,0.05,0.17,0.01,2025-08-01
2025-05-09,0.2,2025-06-08,0.3,0.08,0.28,0.08,2025-06-01
2025-05-09,0.4,2025-08-09,0.43,0.05,0.41,0.01,2025-08-01
2025-05-09,0.43,2025-06-02,0.53,0.08,0.49,0.06,2025-06-01
2025-05-09,0.57,2025-05-13,0.77,0.08,0.71,0.14,2025-05-01
2025-05-09,1.01,2025-05-26,1.56,0.08,1.44,0.43,2025-05-01
2025-05-09,0.99,2025-05-19,1.56,0.08,1.44,0.45,2025-05-01
2025-05-09,0.93,2025-05-15,1.56,0.08,1.44,0.51,2025-05-01
2025-05-09,1.19,2025-06-22,1.4,0.08,1.29,0.1,2025-06-01
2025-05-09,1.19,2025-06-22,1.4,0.08,1.29,0.1,2025-06-01
2025-05-09,1.1,2025-05-12,1.95,0.08,1.79,0.69,2025-05-01
2025-05-09,1.87,2025-05-20,2.88,0.08,2.65,0.78,2025-05-01
2025-05-09,4.01,2025-05-24,4.99,0.08,4.59,0.58,2025-05-01
2025-05-09,4.4,2025-07-03,4.63,0.08,4.26,-0.14,2025-07-01
2025-05-09,4.4,2025-07-03,4.63,0.08,4.26,-0.14,2025-07-01
2025-05-09,4.4,2025-07-31,4.63,0.05,4.4,-0.0,2025-07-01
2025-05-09,4.4,2025-07-31,4.63,0.05,4.4,-0.0,2025-07-01
2025-05-09,6.81,2025-06-07,7.99,0.08,7.35,0.54,2025-06-01
2025-05-09,6.81,2025-06-07,7.99,0.08,7.35,0.54,2025-06-01
2025-05-09,6.81,2025-06-07,7.99,0.08,7.35,0.54,2025-06-01
2025-05-09,6.81,2025-06-07,7.99,0.08,7.35,0.54,2025-06-01
2025-05-09,6.81,2025-06-07,7.99,0.08,7.35,0.54,2025-06-01
2025-05-09,6.81,2025-06-07,7.99,0.08,7.35,0.54,2025-06-01
2025-05-09,6.81,2025-06-07,7.99,0.08,7.35,0.54,2025-06-01
2025-05-09,6.81,2025-06-07,7.99,0.08,7.35,0.54,2025-06-01
2025-05-09,6.81,2025-06-07,7.99,0.08,7.35,0.54,2025-06-01
2025-05-08,3.9,2025-07-31,4.63,0.05,4.4,0.5,2025-07-01
2025-05-08,3.9,2025-07-31,4.63,0.05,4.4,0.5,2025-07-01
2025-05-08,4.22,2025-05-24,4.99,0.08,4.59,0.37,2025-05-01
2025-05-08,4.0,2025-05-19,5.47,0.08,5.03,1.03,2025-05-01
2025-04-20,0.18,2025-04-22,0.36,0.08,0.33,0.15,2025-04-01
2025-04-20,1.38,2025-05-07,1.78,0.08,1.64,0.26,2025-05-01
2025-04-20,1.35,2025-05-07,1.78,0.08,1.64,0.29,2025-05-01
2025-04-20,0.13,2025-05-03,0.19,0.08,0.17,0.04,2025-05-01
2025-04-20,0.13,2025-05-10,0.17,0.08,0.16,0.03,2025-05-01
2025-04-20,1.99,2025-04-29,2.56,0.08,2.36,0.37,2025-04-01
2025-04-20,1.45,2025-05-07,1.78,0.08,1.64,0.19,2025-05-01
2025-04-20,1.43,2025-05-07,1.78,0.08,1.64,0.21,2025-05-01
2025-04-20,1.43,2025-05-07,1.78,0.08,1.64,0.21,2025-05-01
2025-04-20,1.43,2025-05-07,1.78,0.08,1.64,0.21,2025-05-01
2025-04-20,1.09,2025-04-29,1.31,0.08,1.21,0.12,2025-04-01
2025-04-20,1.02,2025-04-28,1.12,0.08,1.03,0.01,2025-04-01
2025-04-20,1.02,2025-04-28,1.34,0.08,1.23,0.21,2025-04-01
2025-04-20,1.02,2025-04-28,1.34,0.08,1.23,0.21,2025-04-01
2025-04-20,1.02,2025-04-28,1.34,0.08,1.23,0.21,2025-04-01
2025-04-20,1.02,2025-04-28,1.34,0.08,1.23,0.21,2025-04-01
2025-04-20,5.26,2025-04-26,6.56,0.08,6.04,0.78,2025-04-01
2025-04-20,0.53,2025-07-06,0.55,0.08,0.51,-0.02,2025-07-01
2025-04-20,0.53,2025-07-06,0.55,0.08,0.51,-0.02,2025-07-01
2025-04-20,0.53,2025-07-06,0.55,0.08,0.51,-0.02,2025-07-01
2025-04-20,0.53,2025-07-06,0.55,0.08,0.51,-0.02,2025-07-01
2025-04-20,4.71,2025-04-20,7.39,0.08,6.8,2.09,2025-04-01
2025-04-20,0.36,2025-04-21,0.93,0.08,0.86,0.5,2025-04-01
2025-04-20,1.12,2025-04-28,1.41,0.08,1.3,0.18,2025-04-01
2025-04-20,1.43,2025-05-07,1.78,0.08,1.64,0.21,2025-05-01
2025-04-20,1.43,2025-05-07,1.78,0.08,1.64,0.21,2025-05-01
2025-04-20,1.65,2025-04-30,3.66,0.08,3.37,1.72,2025-04-01
2025-04-20,7.5,2025-05-12,9.07,0.08,8.34,0.84,2025-05-01
2025-04-20,0.73,2025-05-01,1.0,0.08,0.92,0.19,2025-05-01
2025-04-20,1.43,2025-05-01,1.84,0.08,1.69,0.26,2025-05-01
2025-04-20,1.09,2025-04-29,1.31,0.08,1.21,0.12,2025-04-01
2025-04-20,1.45,2025-05-07,1.78,0.08,1.64,0.19,2025-05-01
2025-04-20,0.09,2025-05-01,0.16,0.08,0.15,0.06,2025-05-01
2025-04-20,5.0,2025-04-30,6.11,0.08,5.62,0.62,2025-04-01
2025-04-20,1.44,2025-04-28,1.34,0.08,1.23,-0.21,2025-04-01
2025-04-20,1.44,2025-04-28,1.34,0.08,1.23,-0.21,2025-04-01
2025-04-20,1.44,2025-04-28,1.34,0.08,1.23,-0.21,2025-04-01
2025-04-20,1.44,2025-04-28,1.34,0.08,1.23,-0.21,2025-04-01
2025-04-20,1.44,2025-04-28,1.34,0.08,1.23,-0.21,2025-04-01
2025-04-20,1.44,2025-04-28,1.34,0.08,1.23,-0.21,2025-04-01
2025-04-20,1.44,2025-04-28,1.25,0.08,1.15,-0.29,2025-04-01
2025-04-20,1.44,2025-04-28,1.2,0.08,1.1,-0.34,2025-04-01
2025-04-20,1.44,2025-04-28,1.15,0.08,1.06,-0.38,2025-04-01
2025-04-20,1.45,2025-04-26,1.12,0.08,1.03,-0.42,2025-04-01
2025-04-20,2.2,2025-05-04,4.41,0.08,4.06,1.86,2025-05-01
2025-04-20,0.03,2025-05-29,0.04,0.08,0.04,0.01,2025-05-01
2025-04-20,0.81,2025-04-21,1.33,0.08,1.22,0.41,2025-04-01
2025-04-20,1.47,2025-04-24,1.97,0.08,1.81,0.34,2025-04-01
2025-04-19,11.88,2025-04-22,14.46,0.08,13.3,1.42,2025-04-01
2025-04-19,1.12,2025-04-27,1.47,0.08,1.35,0.23,2025-04-01
2025-04-19,5.73,2025-05-04,6.8,0.08,6.26,0.53,2025-05-01
2025-04-19,0.3,2025-04-24,0.44,0.08,0.4,0.1,2025-04-01
2025-04-19,0.3,2025-04-25,0.44,0.08,0.4,0.1,2025-04-01
2025-04-19,0.3,2025-04-25,0.44,0.08,0.4,0.1,2025-04-01
2025-04-19,0.19,2025-05-02,0.47,0.08,0.43,0.24,2025-05-01
2025-04-19,1.19,2025-05-02,1.62,0.08,1.49,0.3,2025-05-01
2025-04-19,1.0,2025-04-24,1.66,0.08,1.53,0.53,2025-04-01
2025-04-19,0.03,2025-05-11,0.04,0.08,0.04,0.01,2025-05-01
2025-04-19,0.03,2025-05-08,0.04,0.08,0.04,0.01,2025-05-01
2025-04-19,0.03,2025-05-07,0.04,0.08,0.04,0.01,2025-05-01
2025-04-19,0.3,2025-04-25,0.44,0.08,0.4,0.1,2025-04-01
2025-04-19,0.27,2025-04-29,0.76,0.08,0.7,0.43,2025-04-01
2025-04-19,0.18,2025-05-26,0.23,0.08,0.21,0.03,2025-05-01
2025-04-19,0.15,2025-05-26,0.19,0.08,0.17,0.02,2025-05-01
2025-04-19,0.15,2025-05-10,0.19,0.08,0.17,0.02,2025-05-01
2025-04-19,0.14,2025-05-10,0.18,0.08,0.17,0.03,2025-05-01
2025-04-19,0.14,2025-05-10,0.18,0.08,0.17,0.03,2025-05-01
2025-04-19,0.14,2025-05-03,0.28,0.08,0.26,0.12,2025-05-01
2025-04-19,0.12,2025-05-03,0.28,0.08,0.26,0.14,2025-05-01
2025-04-19,0.12,2025-05-03,0.28,0.08,0.26,0.14,2025-05-01
2025-04-19,0.12,2025-05-03,0.28,0.08,0.26,0.14,2025-05-01
2025-04-19,0.12,2025-05-03,0.28,0.08,0.26,0.14,2025-05-01
2025-04-19,0.12,2025-05-03,0.28,0.08,0.26,0.14,2025-05-01
2025-04-19,0.2,2025-05-04,0.59,0.08,0.54,0.34,2025-05-01
2025-04-19,0.69,2025-04-29,0.91,0.08,0.84,0.15,2025-04-01
2025-04-19,0.64,2025-04-27,0.91,0.08,0.84,0.2,2025-04-01
2025-04-19,1.2,2025-05-07,1.47,0.08,1.35,0.15,2025-05-01
2025-04-19,1.44,2025-05-07,1.78,0.08,1.64,0.2,2025-05-01
2025-04-19,1.44,2025-05-07,1.78,0.08,1.64,0.2,2025-05-01
2025-04-19,1.44,2025-05-07,1.78,0.08,1.64,0.2,2025-05-01
2025-04-19,1.44,2025-05-07,1.78,0.08,1.64,0.2,2025-05-01
2025-04-19,1.44,2025-05-07,1.78,0.08,1.64,0.2,2025-05-01
2025-04-19,1.44,2025-05-07,1.78,0.08,1.64,0.2,2025-05-01
2025-04-19,1.44,2025-05-07,1.78,0.08,1.64,0.2,2025-05-01
2025-04-19,1.44,2025-05-07,1.78,0.08,1.64,0.2,2025-05-01
2025-04-19,1.44,2025-05-07,1.78,0.08,1.64,0.2,2025-05-01
2025-04-19,1.44,2025-05-07,1.78,0.08,1.64,0.2,2025-05-01
2025-04-19,1.55,2025-05-01,2.14,0.08,1.97,0.42,2025-05-01
2025-04-19,1.45,2025-05-03,2.14,0.08,1.97,0.52,2025-05-01
2025-04-15,3.59,2025-05-01,4.89,0.08,4.5,0.91,2025-05-01
2025-04-15,41.33,2025-04-23,49.28,0.08,45.34,4.01,2025-04-01
2025-04-15,0.05,2025-04-28,0.23,0.08,0.21,0.16,2025-04-01
2025-04-15,0.05,2025-04-28,0.23,0.08,0.21,0.16,2025-04-01
2025-04-15,0.32,2025-05-20,0.4,0.08,0.37,0.05,2025-05-01
2025-04-15,0.3,2025-05-09,0.38,0.08,0.35,0.05,2025-05-01
2025-04-15,0.28,2025-05-09,0.38,0.08,0.35,0.07,2025-05-01
2025-04-15,0.28,2025-05-09,0.38,0.08,0.35,0.07,2025-05-01
2025-04-15,0.26,2025-05-30,0.38,0.08,0.35,0.09,2025-05-01
2025-04-15,0.26,2025-05-06,0.36,0.08,0.33,0.07,2025-05-01
2025-04-15,0.26,2025-05-02,0.36,0.08,0.33,0.07,2025-05-01
2025-04-15,0.26,2025-05-04,0.36,0.08,0.33,0.07,2025-05-01
2025-04-15,0.33,2025-05-01,0.46,0.08,0.42,0.09,2025-05-01
2025-04-15,0.38,2025-05-01,0.52,0.08,0.48,0.1,2025-05-01
2025-04-15,0.55,2025-05-04,0.59,0.08,0.54,-0.01,2025-05-01
2025-04-15,0.55,2025-08-09,0.6,0.05,0.57,0.02,2025-08-01
2025-04-15,0.5,2025-08-04,0.55,0.05,0.52,0.02,2025-08-01
2025-04-15,0.5,2025-08-04,0.55,0.05,0.52,0.02,2025-08-01
2025-04-15,0.15,2025-08-03,0.52,0.05,0.49,0.34,2025-08-01
2025-04-15,0.89,2025-05-04,1.22,0.08,1.12,0.23,2025-05-01
2025-04-15,0.73,2025-05-01,1.0,0.08,0.92,0.19,2025-05-01
2025-04-15,1.2,2025-05-12,1.47,0.08,1.35,0.15,2025-05-01
2025-04-15,1.6,2025-05-06,2.19,0.08,2.01,0.41,2025-05-01
2025-04-15,1.59,2025-05-07,2.17,0.08,2.0,0.41,2025-05-01
2025-04-15,4.5,2025-05-06,5.19,0.08,4.77,0.27,2025-05-01
2025-04-15,10.0,2025-05-04,12.7,0.08,11.68,1.68,2025-05-01
2025-03-29,0.39,2025-06-11,0.6,0.08,0.55,0.16,2025-06-01
2025-03-28,0.42,2025-05-05,0.49,0.08,0.45,0.03,2025-05-01
2025-03-28,0.41,2025-05-03,0.49,0.08,0.45,0.04,2025-05-01
2025-03-28,0.4,2025-05-01,0.49,0.08,0.45,0.05,2025-05-01
2025-03-28,0.22,2025-04-04,0.29,0.09,0.26,0.04,2025-04-01
2025-03-20,1.64,2025-03-28,3.11,0.09,2.83,1.19,2025-03-01
2025-03-20,2.5,2025-06-26,2.77,0.08,2.55,0.05,2025-06-01
2025-03-20,11.0,2025-04-17,13.93,0.08,12.82,1.82,2025-04-01
2025-03-20,0.39,2025-03-23,0.54,0.09,0.49,0.1,2025-03-01
2025-03-20,1.41,2025-04-22,1.63,0.08,1.5,0.09,2025-04-01
2025-03-20,1.56,2025-05-26,1.71,0.08,1.57,0.01,2025-05-01
2025-03-20,1.4,2025-05-25,1.53,0.08,1.41,0.01,2025-05-01
2025-03-20,1.32,2025-05-08,1.45,0.08,1.33,0.01,2025-05-01
2025-03-20,1.32,2025-05-08,1.45,0.08,1.33,0.01,2025-05-01
2025-03-20,1.78,2025-04-04,2.81,0.09,2.56,0.78,2025-04-01
2025-03-20,2.02,2025-03-31,2.75,0.09,2.5,0.48,2025-03-01
2025-03-20,2.02,2025-05-02,2.21,0.08,2.03,0.01,2025-05-01
2025-03-20,2.0,2025-03-27,2.76,0.09,2.51,0.51,2025-03-01
2025-03-20,1.99,2025-03-31,2.76,0.09,2.51,0.52,2025-03-01
2025-03-20,2.29,2025-03-26,3.49,0.09,3.18,0.89,2025-03-01
2025-03-20,3.08,2025-04-25,3.27,0.08,3.01,-0.07,2025-04-01
2025-03-20,3.08,2025-04-24,2.93,0.08,2.7,-0.38,2025-04-01
2025-03-20,3.08,2025-05-15,3.36,0.08,3.09,0.01,2025-05-01
2025-03-20,3.08,2025-03-22,4.8,0.09,4.37,1.29,2025-03-01
2025-03-20,3.08,2025-04-25,3.45,0.08,3.17,0.09,2025-04-01
2025-03-20,2.63,2025-05-05,2.87,0.08,2.64,0.01,2025-05-01
2025-03-20,2.63,2025-05-04,2.87,0.08,2.64,0.01,2025-05-01
2025-03-20,2.6,2025-04-20,2.96,0.08,2.72,0.12,2025-04-01
2025-03-20,2.13,2025-05-05,2.85,0.08,2.62,0.49,2025-05-01
2025-03-20,4.06,2025-04-01,5.53,0.09,5.03,0.97,2025-04-01
2025-03-20,4.0,2025-03-30,5.53,0.09,5.03,1.03,2025-03-01
2025-03-20,6.0,2025-05-31,6.53,0.08,6.01,0.01,2025-05-01
2025-03-20,9.5,2025-04-26,10.43,0.08,9.6,0.1,2025-04-01
2025-03-20,97.78,2025-03-26,127.89,0.09,116.38,18.6,2025-03-01
2025-03-20,0.39,2025-03-26,0.73,0.09,0.66,0.27,2025-03-01
2025-03-20,0.52,2025-05-09,0.86,0.08,0.79,0.27,2025-05-01
2025-03-20,0.99,2025-04-01,1.52,0.09,1.38,0.39,2025-04-01
2025-03-20,0.99,2025-04-02,1.62,0.09,1.47,0.48,2025-04-01
2025-03-20,0.99,2025-04-08,1.62,0.09,1.47,0.48,2025-04-01
2025-03-20,3.14,2025-03-29,5.3,0.09,4.82,1.68,2025-03-01
2025-03-20,2.05,2025-03-26,3.03,0.09,2.76,0.71,2025-03-01
2025-03-20,0.39,2025-03-23,0.54,0.09,0.49,0.1,2025-03-01
2025-03-20,0.39,2025-03-23,0.54,0.09,0.49,0.1,2025-03-01
2025-03-20,0.39,2025-03-23,0.54,0.09,0.49,0.1,2025-03-01
2025-03-20,0.38,2025-03-23,0.6,0.09,0.55,0.17,2025-03-01
2025-03-20,3.5,2025-05-16,4.57,0.08,4.2,0.7,2025-05-01
2025-03-20,3.5,2025-05-16,4.57,0.08,4.2,0.7,2025-05-01
2025-03-20,3.5,2025-05-16,4.57,0.08,4.2,0.7,2025-05-01
2025-03-20,3.5,2025-05-16,4.57,0.08,4.2,0.7,2025-05-01
2025-03-20,3.5,2025-05-01,4.57,0.08,4.2,0.7,2025-05-01
2025-03-20,3.5,2025-05-01,4.57,0.08,4.2,0.7,2025-05-01
2025-03-20,3.5,2025-05-01,4.57,0.08,4.2,0.7,2025-05-01
2025-03-20,3.5,2025-05-01,4.57,0.08,4.2,0.7,2025-05-01
2025-03-20,3.5,2025-05-01,4.57,0.08,4.2,0.7,2025-05-01
2025-03-20,3.5,2025-04-23,4.59,0.08,4.22,0.72,2025-04-01
2025-03-20,3.5,2025-04-23,4.59,0.08,4.22,0.72,2025-04-01
2025-03-20,3.5,2025-04-23,4.59,0.08,4.22,0.72,2025-04-01
2025-03-20,3.5,2025-04-23,4.59,0.08,4.22,0.72,2025-04-01
2025-03-20,1.98,2025-04-18,2.3,0.08,2.12,0.14,2025-04-01
2025-03-20,4.5,2025-04-28,4.99,0.08,4.59,0.09,2025-04-01
2025-03-20,4.5,2025-04-21,4.99,0.08,4.59,0.09,2025-04-01
2025-03-20,4.5,2025-04-21,4.99,0.08,4.59,0.09,2025-04-01
2025-03-20,4.5,2025-04-21,4.99,0.08,4.59,0.09,2025-04-01
2025-03-20,4.5,2025-04-21,4.99,0.08,4.59,0.09,2025-04-01
2025-03-20,4.5,2025-04-21,4.99,0.08,4.59,0.09,2025-04-01
2025-03-20,4.5,2025-04-20,4.99,0.08,4.59,0.09,2025-04-01
2025-03-20,4.5,2025-04-20,4.99,0.08,4.59,0.09,2025-04-01
2025-03-20,4.5,2025-04-20,4.99,0.08,4.59,0.09,2025-04-01
2025-03-20,0.2,2025-04-07,0.37,0.09,0.34,0.14,2025-04-01
2025-03-20,0.24,2025-03-27,0.45,0.09,0.41,0.17,2025-03-01
2025-03-20,0.24,2025-03-27,0.45,0.09,0.41,0.17,2025-03-01
2025-03-20,0.24,2025-03-27,0.45,0.09,0.41,0.17,2025-03-01
2025-03-20,0.36,2025-05-08,0.4,0.08,0.37,0.01,2025-05-01
2025-03-20,0.36,2025-05-08,0.4,0.08,0.37,0.01,2025-05-01
2025-03-20,0.36,2025-05-08,0.4,0.08,0.37,0.01,2025-05-01
2025-03-20,0.36,2025-05-07,0.4,0.08,0.37,0.01,2025-05-01
2025-03-20,0.35,2025-05-07,0.39,0.08,0.36,0.01,2025-05-01
2025-03-20,0.3,2025-05-02,0.34,0.08,0.31,0.01,2025-05-01
2025-03-20,0.38,2025-03-27,0.55,0.09,0.5,0.12,2025-03-01
2025-03-20,0.66,2025-03-25,0.86,0.09,0.78,0.12,2025-03-01
2025-03-20,0.81,2025-03-20,1.28,0.09,1.16,0.35,2025-03-01
2025-03-20,0.73,2025-04-17,0.5,0.08,0.46,-0.27,2025-04-01
2025-03-20,0.98,2025-06-05,1.07,0.08,0.98,0.0,2025-06-01
2025-03-20,0.98,2025-06-25,1.06,0.08,0.98,-0.0,2025-06-01
2025-03-20,0.98,2025-05-18,1.08,0.08,0.99,0.01,2025-05-01
2025-03-20,0.98,2025-05-24,1.08,0.08,0.99,0.01,2025-05-01
2025-03-20,1.4,2025-06-10,1.21,0.08,1.11,-0.29,2025-06-01
2025-03-20,1.57,2025-03-31,2.38,0.09,2.17,0.6,2025-03-01
2025-03-20,2.02,2025-03-26,2.76,0.09,2.51,0.49,2025-03-01
2025-03-20,2.3,2025-04-17,2.59,0.08,2.38,0.08,2025-04-01
2025-03-20,2.29,2025-04-22,2.6,0.08,2.39,0.1,2025-04-01
2025-03-20,2.5,2025-06-24,2.77,0.08,2.55,0.05,2025-06-01
2025-03-20,2.92,2025-05-15,3.18,0.08,2.93,0.01,2025-05-01
2025-03-20,2.69,2025-05-08,2.73,0.08,2.51,-0.18,2025-05-01
2025-03-20,3.69,2025-03-22,4.27,0.09,3.89,0.2,2025-03-01
2025-03-20,3.83,2025-06-01,3.5,0.08,3.22,-0.61,2025-06-01
2025-03-20,4.51,2025-04-02,5.59,0.09,5.09,0.58,2025-04-01
2025-03-20,4.6,2025-05-03,5.12,0.08,4.71,0.11,2025-05-01
2025-03-20,4.51,2025-04-15,7.14,0.09,6.5,1.99,2025-04-01
2025-03-20,5.13,2025-04-05,7.6,0.09,6.92,1.79,2025-04-01
2025-03-20,7.26,2025-03-27,8.83,0.09,8.04,0.78,2025-03-01
2025-03-20,7.5,2025-05-18,8.16,0.08,7.51,0.01,2025-05-01
2025-03-20,8.79,2025-04-17,9.65,0.08,8.88,0.09,2025-04-01
2025-03-19,1.43,2025-03-26,1.99,0.09,1.81,0.38,2025-03-01
2025-03-19,1.38,2025-03-26,1.99,0.09,1.81,0.43,2025-03-01
2025-03-19,0.06,2025-04-06,0.09,0.09,0.08,0.02,2025-04-01
2025-03-19,0.06,2025-04-06,0.09,0.09,0.08,0.02,2025-04-01
2025-03-19,0.06,2025-04-06,0.09,0.09,0.08,0.02,2025-04-01
2025-03-19,0.06,2025-04-06,0.09,0.09,0.08,0.02,2025-04-01
2025-03-19,0.06,2025-04-06,0.09,0.09,0.08,0.02,2025-04-01
2025-03-19,0.06,2025-04-06,0.09,0.09,0.08,0.02,2025-04-01
2025-03-19,0.06,2025-04-06,0.09,0.09,0.08,0.02,2025-04-01
2025-03-19,0.06,2025-04-06,0.09,0.09,0.08,0.02,2025-04-01
2025-03-19,0.06,2025-04-06,0.09,0.09,0.08,0.02,2025-04-01
2025-03-19,0.42,2025-03-25,0.65,0.09,0.59,0.17,2025-03-01
2025-03-19,0.62,2025-03-26,0.94,0.09,0.86,0.24,2025-03-01
2025-03-19,0.62,2025-03-26,0.94,0.09,0.86,0.24,2025-03-01
2025-03-19,1.19,2025-05-08,1.39,0.08,1.28,0.09,2025-05-01
2025-03-19,1.6,2025-03-26,1.99,0.09,1.81,0.21,2025-03-01
2025-03-19,1.97,2025-03-26,2.66,0.09,2.42,0.45,2025-03-01
2025-03-19,1.97,2025-03-26,2.66,0.09,2.42,0.45,2025-03-01
2025-03-19,1.97,2025-03-26,2.66,0.09,2.42,0.45,2025-03-01
2025-03-19,1.97,2025-03-26,2.66,0.09,2.42,0.45,2025-03-01
2025-03-19,1.97,2025-03-26,2.66,0.09,2.42,0.45,2025-03-01
2025-03-19,1.97,2025-03-26,2.66,0.09,2.42,0.45,2025-03-01
2025-03-19,1.97,2025-03-26,2.66,0.09,2.42,0.45,2025-03-01
2025-03-19,1.97,2025-03-26,2.66,0.09,2.42,0.45,2025-03-01
2025-03-19,1.97,2025-03-26,2.66,0.09,2.42,0.45,2025-03-01
2025-03-19,2.03,2025-03-26,3.14,0.09,2.86,0.83,2025-03-01
2025-03-19,2.03,2025-03-26,3.14,0.09,2.86,0.83,2025-03-01
2025-03-19,2.03,2025-03-26,3.14,0.09,2.86,0.83,2025-03-01
2025-03-19,2.03,2025-03-26,3.14,0.09,2.86,0.83,2025-03-01
2025-03-19,2.03,2025-03-26,3.14,0.09,2.86,0.83,2025-03-01
2025-03-19,2.03,2025-03-26,3.14,0.09,2.86,0.83,2025-03-01
2025-03-19,3.19,2025-03-25,3.84,0.09,3.49,0.3,2025-03-01
2025-03-19,3.19,2025-03-25,3.84,0.09,3.49,0.3,2025-03-01
2025-03-19,3.19,2025-03-25,3.84,0.09,3.49,0.3,2025-03-01
2025-03-19,3.19,2025-03-25,3.84,0.09,3.49,0.3,2025-03-01
2025-03-19,3.19,2025-03-25,3.84,0.09,3.49,0.3,2025-03-01
2025-03-19,3.19,2025-03-25,3.84,0.09,3.49,0.3,2025-03-01
2025-03-19,3.19,2025-03-25,3.84,0.09,3.49,0.3,2025-03-01
2025-03-19,3.19,2025-03-25,3.84,0.09,3.49,0.3,2025-03-01
2025-03-19,3.19,2025-03-25,3.84,0.09,3.49,0.3,2025-03-01
2025-03-19,3.19,2025-03-25,3.84,0.09,3.49,0.3,2025-03-01
2025-03-19,3.04,2025-03-29,5.05,0.09,4.6,1.56,2025-03-01
2025-03-19,0.45,2025-03-26,0.65,0.09,0.59,0.14,2025-03-01
2025-03-18,0.33,2025-03-27,0.64,0.09,0.58,0.25,2025-03-01
2025-03-18,0.55,2025-05-28,0.61,0.08,0.56,0.01,2025-05-01
2025-03-18,0.44,2025-05-18,0.51,0.08,0.47,0.03,2025-05-01
2025-03-18,1.54,2025-04-15,1.97,0.09,1.79,0.25,2025-04-01
2025-03-18,2.91,2025-04-19,5.34,0.08,4.91,2.0,2025-04-01
2025-03-18,2.82,2025-04-23,4.59,0.08,4.22,1.4,2025-04-01
2025-03-18,0.44,2025-03-26,0.66,0.09,0.6,0.16,2025-03-01
2025-03-18,0.44,2025-05-10,0.51,0.08,0.47,0.03,2025-05-01
2025-03-18,1.67,2025-03-26,1.99,0.09,1.81,0.14,2025-03-01
2025-03-18,1.67,2025-03-26,1.99,0.09,1.81,0.14,2025-03-01
2025-03-18,1.67,2025-03-26,1.99,0.09,1.81,0.14,2025-03-01
2025-03-18,1.67,2025-03-26,1.99,0.09,1.81,0.14,2025-03-01
2025-03-18,1.57,2025-03-26,2.51,0.09,2.28,0.71,2025-03-01
2025-03-18,2.0,2025-04-23,4.59,0.08,4.22,2.22,2025-04-01
2025-03-18,0.39,2025-05-11,0.43,0.08,0.4,0.01,2025-05-01
2025-03-18,0.39,2025-06-03,0.37,0.08,0.34,-0.05,2025-06-01
2025-03-18,0.39,2025-06-02,0.37,0.08,0.34,-0.05,2025-06-01
2025-03-18,0.44,2025-03-29,0.64,0.09,0.58,0.14,2025-03-01
2025-03-18,0.46,2025-03-19,0.67,0.09,0.61,0.15,2025-03-01
2025-03-18,0.46,2025-03-23,0.67,0.09,0.61,0.15,2025-03-01
2025-03-18,0.44,2025-05-10,0.51,0.08,0.47,0.03,2025-05-01
2025-03-18,3.15,2025-03-27,5.05,0.09,4.6,1.45,2025-03-01
2025-03-18,0.04,2025-05-06,0.05,0.08,0.05,0.01,2025-05-01
2025-03-18,0.29,2025-05-28,0.33,0.08,0.3,0.01,2025-05-01
2025-03-18,0.29,2025-05-28,0.33,0.08,0.3,0.01,2025-05-01
2025-03-18,0.29,2025-05-28,0.33,0.08,0.3,0.01,2025-05-01
2025-03-18,0.29,2025-05-28,0.33,0.08,0.3,0.01,2025-05-01
2025-03-18,0.29,2025-05-25,0.33,0.08,0.3,0.01,2025-05-01
2025-03-18,0.29,2025-05-24,0.33,0.08,0.3,0.01,2025-05-01
2025-03-18,0.29,2025-05-24,0.33,0.08,0.3,0.01,2025-05-01
2025-03-18,0.29,2025-05-24,0.33,0.08,0.3,0.01,2025-05-01
2025-03-18,0.29,2025-05-24,0.33,0.08,0.3,0.01,2025-05-01
2025-03-18,0.29,2025-05-24,0.33,0.08,0.3,0.01,2025-05-01
2025-03-18,0.55,2025-06-24,0.59,0.08,0.54,-0.01,2025-06-01
2025-03-18,0.55,2025-06-24,0.59,0.08,0.54,-0.01,2025-06-01
2025-03-18,0.55,2025-06-24,0.59,0.08,0.54,-0.01,2025-06-01
2025-03-18,0.55,2025-06-24,0.59,0.08,0.54,-0.01,2025-06-01
2025-03-18,1.08,2025-04-01,1.71,0.09,1.56,0.48,2025-04-01
2025-03-18,4.5,2025-03-26,5.98,0.09,5.44,0.94,2025-03-01
2025-03-17,0.44,2025-05-04,0.52,0.08,0.48,0.04,2025-05-01
2025-03-17,0.29,2025-05-24,0.33,0.08,0.3,0.01,2025-05-01
2025-03-17,0.29,2025-05-24,0.33,0.08,0.3,0.01,2025-05-01
2025-03-17,0.29,2025-05-24,0.33,0.08,0.3,0.01,2025-05-01
2025-03-17,0.29,2025-05-24,0.33,0.08,0.3,0.01,2025-05-01
2025-03-17,0.29,2025-05-24,0.33,0.08,0.3,0.01,2025-05-01
2025-03-17,0.29,2025-05-24,0.33,0.08,0.3,0.01,2025-05-01
2025-03-17,0.29,2025-05-24,0.33,0.08,0.3,0.01,2025-05-01
2025-03-17,0.29,2025-05-23,0.33,0.08,0.3,0.01,2025-05-01
2025-03-17,0.29,2025-05-23,0.33,0.08,0.3,0.01,2025-05-01
2025-03-17,0.29,2025-05-23,0.33,0.08,0.3,0.01,2025-05-01
2025-03-17,0.35,2025-03-25,0.55,0.09,0.5,0.15,2025-03-01
2025-03-17,0.52,2025-07-13,0.59,0.1,0.53,0.01,2025-07-01
2025-03-17,0.55,2025-06-24,0.59,0.08,0.54,-0.01,2025-06-01
2025-03-17,0.55,2025-06-24,0.59,0.08,0.54,-0.01,2025-06-01
2025-03-17,0.55,2025-06-24,0.59,0.08,0.54,-0.01,2025-06-01
2025-03-17,0.55,2025-06-24,0.59,0.08,0.54,-0.01,2025-06-01
2025-03-17,0.6,2025-03-31,1.02,0.09,0.93,0.33,2025-03-01
2025-03-17,0.6,2025-03-31,1.02,0.09,0.93,0.33,2025-03-01
2025-03-17,1.16,2025-05-04,1.27,0.08,1.17,0.01,2025-05-01
2025-03-17,1.65,2025-06-15,2.43,0.08,2.24,0.59,2025-06-01
2025-03-17,2.53,2025-04-23,3.84,0.08,3.53,1.0,2025-04-01
2025-03-17,2.62,2025-04-18,2.96,0.08,2.72,0.1,2025-04-01
2025-03-17,3.2,2025-05-02,4.7,0.08,4.32,1.12,2025-05-01
2025-03-17,2.58,2025-04-17,3.36,0.08,3.09,0.51,2025-04-01
2025-03-16,6.2,2025-04-17,6.61,0.08,6.08,-0.12,2025-04-01
2025-03-16,9.5,2025-03-19,11.11,0.08,10.22,0.72,2025-03-01
2025-03-16,10.98,2025-04-16,18.97,0.08,17.45,6.47,2025-04-01
2025-03-16,0.91,2025-03-19,1.4,0.08,1.29,0.38,2025-03-01
2025-03-16,0.81,2025-06-07,0.7,0.08,0.64,-0.17,2025-06-01
2025-03-16,2.06,2025-06-02,1.69,0.08,1.55,-0.51,2025-06-01
2025-03-16,3.2,2025-03-23,4.87,0.08,4.48,1.28,2025-03-01
2025-03-15,0.21,2025-03-22,0.35,0.08,0.32,0.11,2025-03-01
2025-03-15,0.39,2025-05-02,0.5,0.08,0.46,0.07,2025-05-01
2025-03-15,0.39,2025-05-08,0.48,0.08,0.44,0.05,2025-05-01
2025-03-15,0.39,2025-05-08,0.48,0.08,0.44,0.05,2025-05-01
2025-03-15,0.39,2025-05-09,0.48,0.08,0.44,0.05,2025-05-01
2025-03-15,0.39,2025-05-11,0.48,0.08,0.44,0.05,2025-05-01
2025-03-15,0.39,2025-05-19,0.48,0.08,0.44,0.05,2025-05-01
2025-03-15,0.39,2025-05-21,0.48,0.08,0.44,0.05,2025-05-01
2025-03-15,0.39,2025-06-02,0.47,0.08,0.43,0.04,2025-06-01
2025-03-15,0.39,2025-05-22,0.48,0.08,0.44,0.05,2025-05-01
2025-03-15,0.39,2025-05-23,0.48,0.08,0.44,0.05,2025-05-01
2025-03-15,0.39,2025-05-08,0.48,0.08,0.44,0.05,2025-05-01
2025-03-15,0.39,2025-06-02,0.47,0.08,0.43,0.04,2025-06-01
2025-03-15,0.39,2025-06-02,0.47,0.08,0.43,0.04,2025-06-01
2025-03-15,0.39,2025-06-03,0.47,0.08,0.43,0.04,2025-06-01
2025-03-15,0.39,2025-05-06,0.47,0.08,0.43,0.04,2025-05-01
2025-03-15,0.39,2025-06-07,0.47,0.08,0.43,0.04,2025-06-01
2025-03-15,0.39,2025-06-07,0.47,0.08,0.43,0.04,2025-06-01
2025-03-15,0.39,2025-06-09,0.47,0.08,0.43,0.04,2025-06-01
2025-03-15,0.39,2025-06-07,0.47,0.08,0.43,0.04,2025-06-01
2025-03-15,0.39,2025-06-08,0.47,0.08,0.43,0.04,2025-06-01
2025-03-15,0.39,2025-06-09,0.47,0.08,0.43,0.04,2025-06-01
2025-03-15,0.39,2025-06-10,0.47,0.08,0.43,0.04,2025-06-01
2025-03-15,0.39,2025-06-10,0.47,0.08,0.43,0.04,2025-06-01
2025-03-15,0.39,2025-06-10,0.47,0.08,0.43,0.04,2025-06-01
2025-03-15,0.39,2025-06-10,0.47,0.08,0.43,0.04,2025-06-01
2025-03-15,0.39,2025-06-10,0.47,0.08,0.43,0.04,2025-06-01
2025-03-15,0.39,2025-06-02,0.47,0.08,0.43,0.04,2025-06-01
2025-03-15,0.68,2025-03-25,0.86,0.08,0.79,0.11,2025-03-01
2025-03-15,0.65,2025-06-24,0.59,0.08,0.54,-0.11,2025-06-01
2025-03-15,0.65,2025-06-23,0.59,0.08,0.54,-0.11,2025-06-01
2025-03-15,0.65,2025-06-24,0.59,0.08,0.54,-0.11,2025-06-01
2025-03-15,0.75,2025-03-23,0.83,0.08,0.76,0.01,2025-03-01
2025-03-15,0.75,2025-03-23,0.83,0.08,0.76,0.01,2025-03-01
2025-03-15,0.75,2025-03-23,0.83,0.08,0.76,0.01,2025-03-01
2025-03-15,0.75,2025-03-23,0.83,0.08,0.76,0.01,2025-03-01
2025-03-15,0.75,2025-03-23,0.83,0.08,0.76,0.01,2025-03-01
2025-03-15,0.75,2025-03-23,0.83,0.08,0.76,0.01,2025-03-01
2025-03-15,0.75,2025-03-23,0.83,0.08,0.76,0.01,2025-03-01
2025-03-15,0.75,2025-03-23,0.83,0.08,0.76,0.01,2025-03-01
2025-03-15,0.75,2025-03-23,0.83,0.08,0.76,0.01,2025-03-01
2025-03-15,0.75,2025-03-23,0.83,0.08,0.76,0.01,2025-03-01
2025-03-15,0.75,2025-03-23,0.83,0.08,0.76,0.01,2025-03-01
2025-03-15,0.75,2025-03-23,0.83,0.08,0.76,0.01,2025-03-01
2025-03-15,0.75,2025-03-23,0.83,0.08,0.76,0.01,2025-03-01
2025-03-15,0.75,2025-03-23,0.82,0.08,0.75,0.0,2025-03-01
2025-03-15,0.75,2025-03-23,0.82,0.08,0.75,0.0,2025-03-01
2025-03-15,0.75,2025-03-23,0.82,0.08,0.75,0.0,2025-03-01
2025-03-15,0.75,2025-03-22,0.82,0.08,0.75,0.0,2025-03-01
2025-03-15,0.75,2025-03-22,0.82,0.08,0.75,0.0,2025-03-01
2025-03-15,0.75,2025-03-22,0.82,0.08,0.75,0.0,2025-03-01
2025-03-15,0.75,2025-03-22,0.82,0.08,0.75,0.0,2025-03-01
2025-03-15,0.75,2025-03-22,0.82,0.08,0.75,0.0,2025-03-01
2025-03-15,0.75,2025-03-22,0.82,0.08,0.75,0.0,2025-03-01
2025-03-15,0.75,2025-03-22,0.82,0.08,0.75,0.0,2025-03-01
2025-03-15,0.75,2025-03-22,0.82,0.08,0.75,0.0,2025-03-01
2025-03-15,0.75,2025-03-22,0.82,0.08,0.75,0.0,2025-03-01
2025-03-15,0.89,2025-03-18,1.1,0.08,1.01,0.12,2025-03-01
2025-03-15,0.82,2025-06-04,0.7,0.08,0.64,-0.18,2025-06-01
2025-03-15,0.82,2025-06-04,0.7,0.08,0.64,-0.18,2025-06-01
2025-03-15,0.82,2025-06-04,0.7,0.08,0.64,-0.18,2025-06-01
2025-03-15,0.82,2025-06-04,0.7,0.08,0.64,-0.18,2025-06-01
2025-03-15,0.82,2025-06-03,0.7,0.08,0.64,-0.18,2025-06-01
2025-03-15,1.68,2025-03-25,2.45,0.08,2.25,0.57,2025-03-01
2025-03-15,1.9,2025-06-15,2.67,0.08,2.46,0.56,2025-06-01
2025-03-15,1.9,2025-06-05,2.67,0.08,2.46,0.56,2025-06-01
2025-03-15,1.9,2025-05-14,2.68,0.08,2.47,0.57,2025-05-01
2025-03-15,1.9,2025-05-11,2.68,0.08,2.47,0.57,2025-05-01
2025-03-15,1.9,2025-05-10,2.68,0.08,2.47,0.57,2025-05-01
2025-03-15,1.89,2025-05-08,2.68,0.08,2.47,0.58,2025-05-01
2025-03-15,1.7,2025-05-04,2.69,0.08,2.47,0.77,2025-05-01
2025-03-15,2.13,2025-06-02,1.69,0.08,1.55,-0.58,2025-06-01
2025-03-15,2.3,2025-06-01,1.3,0.08,1.2,-1.1,2025-06-01
2025-03-15,2.3,2025-07-08,2.51,0.08,2.31,0.01,2025-07-01
2025-03-15,2.14,2025-05-30,2.34,0.08,2.15,0.01,2025-05-01
2025-03-15,2.14,2025-06-09,2.33,0.08,2.14,0.0,2025-06-01
2025-03-15,2.14,2025-05-17,2.34,0.08,2.15,0.01,2025-05-01
2025-03-15,2.14,2025-05-08,2.34,0.08,2.15,0.01,2025-05-01
2025-03-15,2.14,2025-05-11,2.34,0.08,2.15,0.01,2025-05-01
2025-03-15,2.14,2025-05-17,2.34,0.08,2.15,0.01,2025-05-01
2025-03-15,2.14,2025-05-12,2.34,0.08,2.15,0.01,2025-05-01
2025-03-15,2.14,2025-05-26,2.34,0.08,2.15,0.01,2025-05-01
2025-03-15,2.14,2025-04-21,3.51,0.08,3.23,1.09,2025-04-01
2025-03-15,2.14,2025-05-17,2.34,0.08,2.15,0.01,2025-05-01
2025-03-15,1.91,2025-07-17,2.26,0.08,2.08,0.17,2025-07-01
2025-03-15,1.91,2025-07-17,2.26,0.08,2.08,0.17,2025-07-01
2025-03-15,2.58,2025-05-05,2.82,0.08,2.59,0.01,2025-05-01
2025-03-15,2.58,2025-03-30,3.32,0.08,3.05,0.47,2025-03-01
2025-03-15,2.46,2025-03-25,3.07,0.08,2.82,0.36,2025-03-01
2025-03-15,2.66,2025-03-16,3.13,0.08,2.88,0.22,2025-03-01
2025-03-15,5.5,2025-03-23,7.04,0.08,6.48,0.98,2025-03-01
2025-03-15,13.0,2025-06-06,14.05,0.08,12.93,-0.07,2025-06-01
2025-03-15,71.49,2025-05-15,77.73,0.08,71.51,0.02,2025-05-01
2025-03-15,2.42,2025-04-18,3.36,0.08,3.09,0.67,2025-04-01
2025-03-15,0.51,2025-04-26,2.09,0.08,1.92,1.41,2025-04-01
2025-03-15,1.7,2025-04-20,2.43,0.08,2.24,0.54,2025-04-01
2025-03-15,2.49,2025-03-31,3.76,0.08,3.46,0.97,2025-03-01
2025-03-15,2.73,2025-06-13,2.1,0.08,1.93,-0.8,2025-06-01
2025-03-15,2.72,2025-06-21,2.09,0.08,1.92,-0.8,2025-06-01
2025-03-15,2.71,2025-03-23,3.71,0.08,3.41,0.7,2025-03-01
2025-03-15,2.66,2025-03-17,4.08,0.08,3.75,1.09,2025-03-01
2025-03-15,2.66,2025-05-02,3.28,0.08,3.02,0.36,2025-05-01
2025-03-15,2.66,2025-05-07,3.26,0.08,3.0,0.34,2025-05-01
2025-03-15,2.66,2025-03-20,4.08,0.08,3.75,1.09,2025-03-01
2025-03-15,2.66,2025-05-07,3.26,0.08,3.0,0.34,2025-05-01
2025-03-15,2.66,2025-06-06,2.84,0.08,2.61,-0.05,2025-06-01
2025-03-15,2.66,2025-08-25,2.81,0.05,2.67,0.01,2025-08-01
2025-03-15,2.63,2025-04-30,2.96,0.08,2.72,0.09,2025-04-01
2025-03-15,2.63,2025-03-27,5.58,0.08,5.13,2.5,2025-03-01
2025-03-15,2.63,2025-05-07,2.87,0.08,2.64,0.01,2025-05-01
2025-03-15,2.63,2025-05-05,2.87,0.08,2.64,0.01,2025-05-01
2025-03-15,2.63,2025-05-08,2.87,0.08,2.64,0.01,2025-05-01
2025-03-15,4.32,2025-03-23,6.17,0.08,5.68,1.36,2025-03-01
2025-03-15,6.4,2025-03-17,7.43,0.08,6.84,0.44,2025-03-01
2025-03-15,9.2,2025-04-23,10.1,0.08,9.29,0.09,2025-04-01
2025-03-15,9.02,2025-03-26,12.93,0.08,11.9,2.88,2025-03-01
2025-03-15,0.36,2025-03-26,0.87,0.08,0.8,0.44,2025-03-01
2025-03-15,0.68,2025-04-20,0.84,0.08,0.77,0.09,2025-04-01
2025-03-15,2.14,2025-06-20,2.25,0.08,2.07,-0.07,2025-06-01
2025-03-15,2.72,2025-07-30,2.87,0.05,2.73,0.01,2025-07-01
2025-03-15,2.76,2025-03-20,3.43,0.08,3.16,0.4,2025-03-01
2025-03-15,4.53,2025-03-30,8.1,0.08,7.45,2.92,2025-03-01
2025-03-15,9.38,2025-03-19,11.11,0.08,10.22,0.84,2025-03-01
2025-03-15,8.75,2025-04-08,11.2,0.08,10.3,1.55,2025-04-01
2025-03-15,10.0,2025-05-03,11.61,0.08,10.68,0.68,2025-05-01
2025-03-15,2.99,2025-05-15,3.26,0.08,3.0,0.01,2025-05-01
2025-03-14,13.77,2025-06-06,14.05,0.08,12.93,-0.84,2025-06-01
2025-03-14,2.99,2025-05-12,3.26,0.08,3.0,0.01,2025-05-01
2025-03-14,3.32,2025-04-06,5.64,0.08,5.19,1.87,2025-04-01
2025-03-14,4.62,2025-03-29,6.95,0.08,6.39,1.77,2025-03-01
2025-03-14,0.19,2025-04-30,0.31,0.08,0.29,0.1,2025-04-01
2025-03-14,0.37,2025-06-14,0.53,0.08,0.49,0.12,2025-06-01
2025-03-14,0.84,2025-04-18,1.82,0.08,1.67,0.83,2025-04-01
2025-03-14,2.9,2025-04-20,3.36,0.08,3.09,0.19,2025-04-01
2025-03-14,4.86,2025-03-16,8.11,0.08,7.46,2.6,2025-03-01
2025-03-14,7.97,2025-06-01,7.77,0.08,7.15,-0.82,2025-06-01
2025-03-14,2.24,2025-04-17,3.48,0.08,3.2,0.96,2025-04-01
2025-03-14,2.24,2025-03-18,4.08,0.08,3.75,1.51,2025-03-01
2025-03-14,1.1,2025-05-15,1.24,0.08,1.14,0.04,2025-05-01
2025-03-14,12.68,2025-03-18,17.32,0.08,15.93,3.25,2025-03-01
2025-03-14,0.19,2025-03-22,0.35,0.08,0.32,0.13,2025-03-01
2025-03-14,0.29,2025-03-20,0.45,0.08,0.41,0.12,2025-03-01
2025-03-14,0.29,2025-03-20,0.45,0.08,0.41,0.12,2025-03-01
2025-03-14,0.29,2025-03-20,0.45,0.08,0.41,0.12,2025-03-01
2025-03-14,0.29,2025-03-20,0.45,0.08,0.41,0.12,2025-03-01
2025-03-14,0.29,2025-03-20,0.45,0.08,0.41,0.12,2025-03-01
2025-03-14,0.29,2025-03-20,0.45,0.08,0.41,0.12,2025-03-01
2025-03-14,0.29,2025-03-20,0.45,0.08,0.41,0.12,2025-03-01
2025-03-14,0.29,2025-03-16,0.45,0.08,0.41,0.12,2025-03-01
2025-03-14,0.29,2025-03-16,0.45,0.08,0.41,0.12,2025-03-01
2025-03-14,0.29,2025-03-16,0.45,0.08,0.41,0.12,2025-03-01
2025-03-14,0.37,2025-03-23,0.87,0.08,0.8,0.43,2025-03-01
2025-03-14,9.0,2025-03-22,11.7,0.08,10.76,1.76,2025-03-01
2025-03-14,0.84,2025-04-21,1.82,0.08,1.67,0.83,2025-04-01
2025-03-14,0.45,2025-05-23,0.5,0.08,0.46,0.01,2025-05-01
2025-03-14,0.45,2025-05-23,0.5,0.08,0.46,0.01,2025-05-01
2025-03-14,0.37,2025-05-03,0.98,0.08,0.9,0.53,2025-05-01
2025-03-13,0.6,2025-05-17,0.66,0.08,0.61,0.01,2025-05-01
2025-03-13,0.5,2025-05-18,0.59,0.08,0.54,0.04,2025-05-01
2025-03-13,1.17,2025-04-18,1.25,0.08,1.15,-0.02,2025-04-01
2025-03-13,1.8,2025-05-08,1.97,0.08,1.81,0.01,2025-05-01
2025-03-13,2.08,2025-03-26,4.69,0.08,4.31,2.23,2025-03-01
2025-03-13,6.06,2025-03-16,7.21,0.08,6.63,0.57,2025-03-01
2025-03-13,6.01,2025-03-16,7.21,0.08,6.63,0.62,2025-03-01
2025-03-13,10.57,2025-05-04,11.61,0.08,10.68,0.11,2025-05-01
2025-03-13,11.28,2025-04-17,14.52,0.08,13.36,2.08,2025-04-01
2025-03-13,12.66,2025-03-21,14.52,0.08,13.36,0.7,2025-03-01
2025-03-13,16.95,2025-03-18,20.45,0.08,18.81,1.86,2025-03-01
2025-03-13,3.21,2025-05-03,4.48,0.08,4.12,0.91,2025-05-01
2025-03-13,3.67,2025-03-30,7.13,0.08,6.56,2.89,2025-03-01
2025-03-13,1.19,2025-04-10,2.16,0.08,1.99,0.8,2025-04-01
2025-03-13,0.38,2025-05-03,0.59,0.08,0.54,0.16,2025-05-01
2025-03-13,0.5,2025-04-12,1.18,0.08,1.09,0.59,2025-04-01
2025-03-13,1.62,2025-05-11,1.81,0.08,1.67,0.05,2025-05-01
2025-03-13,1.8,2025-05-03,2.22,0.08,2.04,0.24,2025-05-01
2025-03-13,0.64,2025-06-03,0.7,0.08,0.64,0.0,2025-06-01
2025-03-12,4.48,2025-03-20,7.85,0.08,7.22,2.74,2025-03-01
2025-03-12,14.58,2025-03-19,16.38,0.08,15.07,0.49,2025-03-01
2025-03-12,14.58,2025-03-19,16.38,0.08,15.07,0.49,2025-03-01
2025-03-12,14.58,2025-03-19,16.38,0.08,15.07,0.49,2025-03-01
2025-03-12,15.23,2025-03-17,17.98,0.08,16.54,1.31,2025-03-01
2025-03-12,7.5,2025-03-25,13.04,0.08,12.0,4.5,2025-03-01
2025-03-12,1.44,2025-03-29,2.1,0.08,1.93,0.49,2025-03-01
2025-03-12,0.82,2025-06-05,0.71,0.08,0.65,-0.17,2025-06-01
2025-03-12,0.82,2025-05-05,1.98,0.08,1.82,1.0,2025-05-01
2025-03-12,0.82,2025-05-05,1.98,0.08,1.82,1.0,2025-05-01
2025-03-12,0.82,2025-05-04,1.98,0.08,1.82,1.0,2025-05-01
2025-03-12,1.9,2025-06-03,1.97,0.08,1.81,-0.09,2025-06-01
2025-03-12,1.96,2025-03-26,2.15,0.08,1.98,0.02,2025-03-01
2025-03-12,1.9,2025-03-26,2.15,0.08,1.98,0.08,2025-03-01
2025-03-12,1.55,2025-03-26,2.15,0.08,1.98,0.43,2025-03-01
2025-03-12,2.0,2025-06-02,0.85,0.08,0.78,-1.22,2025-06-01
2025-03-12,1.99,2025-03-19,2.59,0.08,2.38,0.39,2025-03-01
2025-03-12,1.99,2025-06-07,0.85,0.08,0.78,-1.21,2025-06-01
2025-03-12,1.95,2025-04-02,2.59,0.08,2.38,0.43,2025-04-01
2025-03-12,1.91,2025-06-06,0.85,0.08,0.78,-1.13,2025-06-01
2025-03-12,1.93,2025-03-27,2.63,0.08,2.42,0.49,2025-03-01
2025-03-12,1.99,2025-06-03,1.98,0.08,1.82,-0.17,2025-06-01
2025-03-12,1.99,2025-06-03,1.98,0.08,1.82,-0.17,2025-06-01
2025-03-12,1.99,2025-06-03,1.98,0.08,1.82,-0.17,2025-06-01
2025-03-12,1.99,2025-06-03,1.98,0.08,1.82,-0.17,2025-06-01
2025-03-12,1.99,2025-06-03,1.98,0.08,1.82,-0.17,2025-06-01
2025-03-12,1.99,2025-06-03,1.98,0.08,1.82,-0.17,2025-06-01
2025-03-12,1.99,2025-06-03,1.98,0.08,1.82,-0.17,2025-06-01
2025-03-12,1.99,2025-06-03,1.98,0.08,1.82,-0.17,2025-06-01
2025-03-12,2.25,2025-06-01,1.83,0.08,1.68,-0.57,2025-06-01
2025-03-12,2.2,2025-03-23,2.78,0.08,2.56,0.36,2025-03-01
2025-03-12,2.4,2025-06-02,1.69,0.08,1.55,-0.85,2025-06-01
2025-03-12,2.0,2025-03-27,2.97,0.08,2.73,0.73,2025-03-01
2025-03-12,2.5,2025-06-25,1.98,0.08,1.82,-0.68,2025-06-01
2025-03-12,2.41,2025-03-21,3.17,0.08,2.92,0.51,2025-03-01
2025-03-12,2.27,2025-05-07,2.22,0.08,2.04,-0.23,2025-05-01
2025-03-12,2.59,2025-03-19,3.07,0.08,2.82,0.23,2025-03-01
2025-03-12,2.48,2025-03-19,3.32,0.08,3.05,0.57,2025-03-01
2025-03-12,2.64,2025-04-17,2.97,0.08,2.73,0.09,2025-04-01
2025-03-12,22.41,2025-05-01,24.46,0.08,22.5,0.09,2025-05-01
2025-03-12,0.26,2025-05-01,0.3,0.08,0.28,0.02,2025-05-01
2025-03-12,0.26,2025-05-01,0.3,0.08,0.28,0.02,2025-05-01
2025-03-12,1.5,2025-05-25,1.98,0.08,1.82,0.32,2025-05-01
2025-03-12,2.69,2025-07-15,3.0,0.1,2.7,0.01,2025-07-01
2025-03-12,11.09,2025-03-20,18.97,0.08,17.45,6.36,2025-03-01
2025-03-12,2.8,2025-05-01,4.44,0.08,4.08,1.28,2025-05-01
2025-03-12,7.51,2025-05-28,8.17,0.08,7.52,0.01,2025-05-01
2025-03-12,1.19,2025-03-22,2.5,0.08,2.3,1.11,2025-03-01
2025-03-12,1.19,2025-05-11,1.48,0.08,1.36,0.17,2025-05-01
2025-03-12,1.19,2025-05-04,1.49,0.08,1.37,0.18,2025-05-01
2025-03-12,1.19,2025-05-14,1.48,0.08,1.36,0.17,2025-05-01
2025-03-12,1.19,2025-05-17,1.48,0.08,1.36,0.17,2025-05-01
2025-03-12,2.17,2025-03-13,3.68,0.08,3.39,1.22,2025-03-01
2025-03-12,1.94,2025-07-05,2.22,0.1,2.0,0.06,2025-07-01
2025-03-11,20.27,2025-03-19,23.04,0.08,21.2,0.93,2025-03-01
2025-03-11,5.0,2025-03-19,9.59,0.08,8.82,3.82,2025-03-01
2025-03-11,0.63,2025-03-21,0.99,0.08,0.91,0.28,2025-03-01
2025-03-11,3.68,2025-03-19,5.95,0.08,5.47,1.79,2025-03-01
2025-03-11,14.58,2025-03-20,16.38,0.08,15.07,0.49,2025-03-01
2025-03-11,33.38,2025-03-17,37.6,0.08,34.59,1.21,2025-03-01
2025-03-11,14.58,2025-03-19,16.38,0.08,15.07,0.49,2025-03-01
2025-03-11,0.1,2025-05-02,0.49,0.08,0.45,0.35,2025-05-01
2025-03-11,0.59,2025-03-16,0.75,0.08,0.69,0.1,2025-03-01
2025-03-11,0.55,2025-03-16,0.76,0.08,0.7,0.15,2025-03-01
2025-03-11,0.42,2025-05-09,0.57,0.08,0.52,0.1,2025-05-01
2025-03-11,1.97,2025-06-03,2.95,0.08,2.71,0.74,2025-06-01
2025-03-11,1.97,2025-06-03,2.95,0.08,2.71,0.74,2025-06-01
2025-03-11,1.97,2025-06-03,2.95,0.08,2.71,0.74,2025-06-01
2025-03-11,1.97,2025-05-10,2.97,0.08,2.73,0.76,2025-05-01
2025-03-11,1.97,2025-05-09,2.97,0.08,2.73,0.76,2025-05-01
2025-03-11,1.97,2025-05-09,2.97,0.08,2.73,0.76,2025-05-01
2025-03-11,1.97,2025-05-09,2.97,0.08,2.73,0.76,2025-05-01
2025-03-11,1.97,2025-06-18,2.95,0.08,2.71,0.74,2025-06-01
2025-03-11,3.49,2025-03-13,4.32,0.08,3.97,0.48,2025-03-01
2025-03-11,2.5,2025-06-22,2.77,0.08,2.55,0.05,2025-06-01
2025-03-11,0.11,2025-06-16,0.42,0.08,0.39,0.28,2025-06-01
2025-03-11,0.11,2025-06-08,0.42,0.08,0.39,0.28,2025-06-01
2025-03-11,0.11,2025-06-08,0.42,0.08,0.39,0.28,2025-06-01
2025-03-11,3.28,2025-03-19,5.61,0.08,5.16,1.88,2025-03-01
2025-03-11,0.25,2025-05-01,0.3,0.08,0.28,0.03,2025-05-01
2025-03-11,1.8,2025-03-21,3.17,0.08,2.92,1.12,2025-03-01
2025-03-11,45.85,2025-03-20,57.41,0.08,52.82,6.97,2025-03-01
2025-03-11,0.19,2025-06-07,0.41,0.08,0.38,0.19,2025-06-01
2025-03-11,0.19,2025-06-07,0.41,0.08,0.38,0.19,2025-06-01
2025-03-11,0.19,2025-06-07,0.41,0.08,0.38,0.19,2025-06-01
2025-03-11,0.87,2025-04-09,2.47,0.08,2.27,1.4,2025-04-01
2025-03-10,0.54,2025-03-14,1.17,0.08,1.08,0.54,2025-03-01
2025-03-10,0.54,2025-03-14,1.08,0.08,0.99,0.45,2025-03-01
2025-03-10,0.54,2025-03-14,1.08,0.08,0.99,0.45,2025-03-01
2025-03-10,1.16,2025-04-18,1.82,0.08,1.67,0.51,2025-04-01
2025-03-10,5.47,2025-03-14,9.42,0.08,8.67,3.2,2025-03-01
2025-03-10,0.53,2025-04-18,1.21,0.08,1.11,0.58,2025-04-01
2025-03-10,1.5,2025-03-20,2.59,0.08,2.38,0.88,2025-03-01
2025-03-10,2.14,2025-03-18,3.8,0.08,3.5,1.36,2025-03-01
2025-03-10,20.0,2025-03-22,23.04,0.08,21.2,1.2,2025-03-01
2025-03-10,1.66,2025-05-06,2.22,0.08,2.04,0.38,2025-05-01
2025-03-10,2.56,2025-03-11,3.9,0.08,3.59,1.03,2025-03-01
2025-03-10,2.78,2025-03-19,4.32,0.08,3.97,1.19,2025-03-01
2025-03-10,3.35,2025-03-26,4.55,0.08,4.19,0.84,2025-03-01
2025-03-10,3.68,2025-03-20,4.55,0.08,4.19,0.51,2025-03-01
2025-03-10,3.53,2025-03-20,4.55,0.08,4.19,0.66,2025-03-01
2025-03-10,3.43,2025-03-30,4.55,0.08,4.19,0.76,2025-03-01
2025-03-10,3.18,2025-04-19,4.42,0.08,4.07,0.89,2025-04-01
2025-03-10,13.43,2025-04-08,14.49,0.08,13.33,-0.1,2025-04-01
2025-03-10,12.52,2025-03-25,15.77,0.08,14.51,1.99,2025-03-01
2025-03-10,0.27,2025-05-01,0.62,0.08,0.57,0.3,2025-05-01
2025-03-10,0.29,2025-06-08,0.41,0.08,0.38,0.09,2025-06-01
2025-03-10,0.29,2025-06-08,0.41,0.08,0.38,0.09,2025-06-01
2025-03-10,0.29,2025-06-07,0.41,0.08,0.38,0.09,2025-06-01
2025-03-10,0.39,2025-04-20,0.52,0.08,0.48,0.09,2025-04-01
2025-03-10,0.39,2025-04-20,0.52,0.08,0.48,0.09,2025-04-01
2025-03-10,0.39,2025-04-17,0.5,0.08,0.46,0.07,2025-04-01
2025-03-10,0.37,2025-04-17,0.52,0.08,0.48,0.11,2025-04-01
2025-03-10,2.22,2025-04-02,3.63,0.08,3.34,1.12,2025-04-01
2025-03-10,0.78,2025-06-09,0.52,0.08,0.48,-0.3,2025-06-01
2025-03-10,1.19,2025-03-18,2.37,0.08,2.18,0.99,2025-03-01
2025-03-10,1.12,2025-05-12,1.48,0.08,1.36,0.24,2025-05-01
2025-03-10,3.13,2025-04-17,3.5,0.08,3.22,0.09,2025-04-01
2025-03-10,13.95,2025-03-18,17.18,0.08,15.81,1.86,2025-03-01
2025-03-10,13.95,2025-03-11,17.18,0.08,15.81,1.86,2025-03-01
2025-03-10,0.15,2025-04-17,0.26,0.08,0.24,0.09,2025-04-01
2025-03-10,0.15,2025-04-17,0.26,0.08,0.24,0.09,2025-04-01
2025-03-10,0.15,2025-04-17,0.26,0.08,0.24,0.09,2025-04-01
2025-03-10,0.15,2025-04-17,0.26,0.08,0.24,0.09,2025-04-01
2025-03-10,0.15,2025-04-17,0.26,0.08,0.24,0.09,2025-04-01
2025-03-10,0.15,2025-04-17,0.26,0.08,0.24,0.09,2025-04-01
2025-03-10,0.15,2025-04-14,0.35,0.08,0.32,0.17,2025-04-01
2025-03-10,0.15,2025-04-14,0.35,0.08,0.32,0.17,2025-04-01
2025-03-10,0.15,2025-04-14,0.35,0.08,0.32,0.17,2025-04-01
2025-03-10,0.15,2025-04-14,0.35,0.08,0.32,0.17,2025-04-01
2025-03-10,0.15,2025-04-12,0.35,0.08,0.32,0.17,2025-04-01
2025-03-10,0.15,2025-04-12,0.35,0.08,0.32,0.17,2025-04-01
2025-03-10,0.15,2025-04-12,0.35,0.08,0.32,0.17,2025-04-01
2025-03-10,0.15,2025-04-12,0.35,0.08,0.32,0.17,2025-04-01
2025-03-10,0.15,2025-04-12,0.35,0.08,0.32,0.17,2025-04-01
2025-03-10,0.11,2025-05-02,0.49,0.08,0.45,0.34,2025-05-01
2025-03-10,0.28,2025-05-01,0.34,0.08,0.31,0.03,2025-05-01
2025-03-10,0.42,2025-03-27,1.1,0.08,1.01,0.59,2025-03-01
2025-03-10,0.46,2025-03-14,1.02,0.08,0.94,0.48,2025-03-01
2025-03-10,0.43,2025-05-01,0.98,0.08,0.9,0.47,2025-05-01
2025-03-10,0.89,2025-05-04,1.98,0.08,1.82,0.93,2025-05-01
2025-03-10,2.9,2025-06-18,2.95,0.08,2.71,-0.19,2025-06-01
2025-03-10,2.9,2025-06-16,2.95,0.08,2.71,-0.19,2025-06-01
2025-03-10,2.9,2025-06-12,2.95,0.08,2.71,-0.19,2025-06-01
2025-03-10,2.9,2025-06-12,2.95,0.08,2.71,-0.19,2025-06-01
2025-03-10,2.9,2025-06-03,2.95,0.08,2.71,-0.19,2025-06-01
2025-03-10,2.9,2025-06-03,2.95,0.08,2.71,-0.19,2025-06-01
2025-03-10,2.9,2025-06-03,2.95,0.08,2.71,-0.19,2025-06-01
2025-03-10,2.53,2025-03-16,3.69,0.08,3.39,0.86,2025-03-01
2025-03-10,3.09,2025-03-15,3.8,0.08,3.5,0.41,2025-03-01
2025-03-10,3.19,2025-03-14,3.89,0.08,3.58,0.39,2025-03-01
2025-03-10,3.18,2025-03-16,3.89,0.08,3.58,0.4,2025-03-01
2025-03-10,2.89,2025-03-17,3.89,0.08,3.58,0.69,2025-03-01
2025-03-10,2.89,2025-04-19,2.62,0.08,2.41,-0.48,2025-04-01
2025-03-10,2.72,2025-03-27,3.93,0.08,3.62,0.9,2025-03-01
2025-03-10,3.33,2025-03-16,3.8,0.08,3.5,0.17,2025-03-01
2025-03-10,3.33,2025-03-13,3.8,0.08,3.5,0.17,2025-03-01
2025-03-10,3.2,2025-03-13,4.15,0.08,3.82,0.62,2025-03-01
2025-03-10,2.94,2025-03-26,4.15,0.08,3.82,0.88,2025-03-01
2025-03-10,2.92,2025-03-14,4.15,0.08,3.82,0.9,2025-03-01
2025-03-10,2.49,2025-07-11,2.78,0.1,2.5,0.01,2025-07-01
2025-03-10,3.33,2025-03-13,4.32,0.08,3.97,0.64,2025-03-01
2025-03-10,2.99,2025-03-16,4.32,0.08,3.97,0.98,2025-03-01
2025-03-10,2.79,2025-03-20,4.32,0.08,3.97,1.18,2025-03-01
2025-03-10,2.83,2025-06-22,2.77,0.08,2.55,-0.28,2025-06-01
2025-03-10,3.76,2025-03-22,4.55,0.08,4.19,0.43,2025-03-01
2025-03-10,3.68,2025-03-15,4.55,0.08,4.19,0.51,2025-03-01
2025-03-10,3.32,2025-03-12,4.55,0.08,4.19,0.87,2025-03-01
2025-03-10,1.97,2025-06-01,3.57,0.08,3.28,1.31,2025-06-01
2025-03-10,3.0,2025-03-12,5.05,0.08,4.65,1.65,2025-03-01
2025-03-10,3.83,2025-04-18,4.42,0.08,4.07,0.24,2025-04-01
2025-03-10,4.39,2025-04-01,5.44,0.08,5.0,0.61,2025-04-01
2025-03-10,3.2,2025-04-20,4.03,0.08,3.71,0.51,2025-04-01
2025-03-10,4.25,2025-03-21,5.5,0.08,5.06,0.81,2025-03-01
2025-03-10,4.49,2025-03-14,5.54,0.08,5.1,0.61,2025-03-01
2025-03-10,4.1,2025-05-04,4.97,0.08,4.57,0.47,2025-05-01
2025-03-10,3.41,2025-03-13,5.74,0.08,5.28,1.87,2025-03-01
2025-03-10,4.13,2025-04-21,4.59,0.08,4.22,0.09,2025-04-01
2025-03-10,4.99,2025-03-14,6.24,0.08,5.74,0.75,2025-03-01
2025-03-10,4.15,2025-05-13,4.52,0.08,4.16,0.01,2025-05-01
2025-03-10,5.0,2025-06-20,3.12,0.08,2.87,-2.13,2025-06-01
2025-03-10,5.0,2025-03-16,6.37,0.08,5.86,0.86,2025-03-01
2025-03-10,5.52,2025-03-17,7.04,0.08,6.48,0.96,2025-03-01
2025-03-10,5.76,2025-03-15,8.14,0.08,7.49,1.73,2025-03-01
2025-03-10,6.75,2025-04-18,7.35,0.08,6.76,0.01,2025-04-01
2025-03-10,6.28,2025-04-17,6.4,0.08,5.89,-0.39,2025-04-01
2025-03-10,6.69,2025-03-19,8.38,0.08,7.71,1.02,2025-03-01
2025-03-10,6.65,2025-03-31,8.38,0.08,7.71,1.06,2025-03-01
2025-03-10,7.25,2025-03-12,8.81,0.08,8.11,0.86,2025-03-01
2025-03-10,7.0,2025-06-24,4.98,0.08,4.58,-2.42,2025-06-01
2025-03-10,7.81,2025-03-21,10.34,0.08,9.51,1.7,2025-03-01
2025-03-10,9.01,2025-03-11,10.11,0.08,9.3,0.29,2025-03-01
2025-03-10,8.99,2025-03-12,10.11,0.08,9.3,0.31,2025-03-01
2025-03-10,8.75,2025-04-19,7.92,0.08,7.29,-1.46,2025-04-01
2025-03-10,8.68,2025-06-06,8.37,0.08,7.7,-0.98,2025-06-01
2025-03-10,9.42,2025-03-12,10.51,0.08,9.67,0.25,2025-03-01
2025-03-10,9.04,2025-03-11,12.25,0.08,11.27,2.23,2025-03-01
2025-03-10,8.74,2025-04-22,9.6,0.08,8.83,0.09,2025-04-01
2025-03-10,9.93,2025-05-06,10.8,0.08,9.94,0.01,2025-05-01
2025-03-10,11.0,2025-06-01,9.99,0.08,9.19,-1.81,2025-06-01
2025-03-10,10.5,2025-06-22,8.57,0.08,7.88,-2.62,2025-06-01
2025-03-10,10.47,2025-03-14,13.72,0.08,12.62,2.15,2025-03-01
2025-03-10,10.5,2025-06-03,9.6,0.08,8.83,-1.67,2025-06-01
2025-03-10,9.16,2025-05-09,9.99,0.08,9.19,0.03,2025-05-01
2025-03-10,12.41,2025-04-01,15.03,0.08,13.83,1.42,2025-04-01
2025-03-10,12.27,2025-04-05,15.03,0.08,13.83,1.56,2025-04-01
2025-03-10,11.24,2025-03-18,15.03,0.08,13.83,2.59,2025-03-01
2025-03-10,11.23,2025-05-08,12.22,0.08,11.24,0.01,2025-05-01
2025-03-10,12.91,2025-03-19,15.92,0.08,14.65,1.74,2025-03-01
2025-03-10,12.99,2025-03-11,15.14,0.08,13.93,0.94,2025-03-01
2025-03-10,16.0,2025-06-02,15.99,0.08,14.71,-1.29,2025-06-01
2025-03-10,40.0,2025-03-27,53.43,0.08,49.16,9.16,2025-03-01
2025-03-10,55.42,2025-07-29,59.68,0.05,56.7,1.28,2025-07-01
2025-03-07,70.32,2025-03-15,81.76,0.08,75.22,4.9,2025-03-01
2025-03-06,13.93,2025-03-08,15.99,0.1,14.39,0.46,2025-03-01
2025-03-06,5.49,2025-05-10,5.07,0.08,4.66,-0.83,2025-05-01
2025-03-06,28.0,2025-03-10,35.65,0.1,32.08,4.09,2025-03-01
2025-03-06,18.46,2025-05-17,16.18,0.08,14.89,-3.57,2025-05-01
2025-03-05,4.48,2025-05-11,4.31,0.08,3.97,-0.51,2025-05-01
2025-03-05,28.21,2025-03-10,34.88,0.1,31.39,3.18,2025-03-01
2025-03-05,4.69,2025-04-21,4.85,0.08,4.46,-0.23,2025-04-01
2025-03-05,5.05,2025-03-13,7.72,0.1,6.95,1.9,2025-03-01
2025-03-05,5.35,2025-03-08,6.43,0.1,5.79,0.44,2025-03-01
2025-03-05,4.66,2025-03-07,6.51,0.1,5.86,1.2,2025-03-01
2025-03-05,11.0,2025-03-10,13.92,0.1,12.53,1.53,2025-03-01
2025-03-05,12.84,2025-03-15,15.98,0.1,14.38,1.54,2025-03-01
2025-03-05,6.17,2025-03-08,8.58,0.1,7.72,1.55,2025-03-01
2025-03-05,8.8,2025-03-06,10.93,0.1,9.84,1.04,2025-03-01
2025-03-05,5.88,2025-03-10,8.39,0.1,7.55,1.67,2025-03-01
2025-03-05,9.86,2025-03-08,12.82,0.1,11.54,1.68,2025-03-01
2025-03-05,5.68,2025-03-13,8.36,0.1,7.52,1.84,2025-03-01
2025-03-05,5.42,2025-03-12,7.08,0.1,6.37,0.95,2025-03-01
2025-03-04,5.99,2025-03-09,7.95,0.1,7.16,1.17,2025-03-01
2025-03-04,6.24,2025-03-14,7.79,0.1,7.01,0.77,2025-03-01
2025-03-04,36.63,2025-03-22,42.98,0.08,39.54,2.91,2025-03-01
2025-03-04,12.0,2025-04-20,13.4,0.08,12.33,0.33,2025-04-01
2025-03-04,214.87,2025-03-09,229.99,0.1,206.99,-7.88,2025-03-01
2025-03-04,5.88,2025-03-06,8.39,0.1,7.55,1.67,2025-03-01
2025-03-04,7.87,2025-03-08,10.88,0.1,9.79,1.92,2025-03-01
2025-03-04,2.49,2025-05-08,2.63,0.08,2.42,-0.07,2025-05-01
2025-03-04,4.31,2025-03-06,8.48,0.1,7.63,3.32,2025-03-01
2025-03-04,14.01,2025-03-07,17.98,0.1,16.18,2.17,2025-03-01
2025-03-04,6.71,2025-03-14,9.06,0.1,8.15,1.44,2025-03-01
2025-03-04,14.0,2025-03-11,17.97,0.1,16.17,2.17,2025-03-01
2025-03-04,9.17,2025-03-07,15.17,0.1,13.65,4.48,2025-03-01
2025-03-04,8.64,2025-03-10,10.77,0.1,9.69,1.05,2025-03-01
2025-03-04,3.85,2025-03-13,5.92,0.1,5.33,1.48,2025-03-01
2025-03-04,4.4,2025-03-12,9.78,0.1,8.8,4.4,2025-03-01
2025-03-04,10.45,2025-03-12,15.17,0.1,13.65,3.2,2025-03-01
2025-03-04,12.54,2025-04-21,12.49,0.08,11.49,-1.05,2025-04-01
2025-03-04,5.57,2025-03-06,6.98,0.1,6.28,0.71,2025-03-01
2025-03-04,6.81,2025-03-17,9.34,0.08,8.59,1.78,2025-03-01
2025-03-04,8.66,2025-03-11,13.45,0.1,12.1,3.45,2025-03-01
2025-03-04,4.62,2025-03-12,6.01,0.1,5.41,0.79,2025-03-01
2025-03-03,6.15,2025-03-07,8.66,0.1,7.79,1.64,2025-03-01
2025-03-03,22.38,2025-03-04,26.94,0.1,24.25,1.87,2025-03-01
2025-03-03,4.08,2025-03-14,5.44,0.1,4.9,0.82,2025-03-01
2025-03-03,9.58,2025-04-13,15.13,0.08,13.92,4.34,2025-04-01
2025-03-03,2.32,2025-03-29,4.0,0.08,3.68,1.36,2025-03-01
2025-03-03,6.74,2025-05-01,9.99,0.08,9.19,2.45,2025-05-01
2025-03-03,6.15,2025-03-12,8.66,0.1,7.79,1.64,2025-03-01
2025-03-03,7.6,2025-04-26,7.43,0.08,6.84,-0.76,2025-04-01
2025-03-03,12.24,2025-03-11,16.7,0.1,15.03,2.79,2025-03-01
2025-03-03,4.08,2025-03-13,5.92,0.1,5.33,1.25,2025-03-01
2025-03-03,6.57,2025-03-09,8.21,0.1,7.39,0.82,2025-03-01
2025-03-03,12.41,2025-03-10,16.51,0.1,14.86,2.45,2025-03-01
2025-03-03,7.96,2025-03-14,10.21,0.1,9.19,1.23,2025-03-01
2025-03-03,11.4,2025-04-30,13.73,0.08,12.63,1.23,2025-04-01
2025-03-03,5.45,2025-03-11,7.08,0.1,6.37,0.92,2025-03-01
2025-03-03,6.44,2025-03-13,9.06,0.1,8.15,1.71,2025-03-01
2025-03-03,4.27,2025-03-06,9.78,0.1,8.8,4.53,2025-03-01
2025-03-03,4.37,2025-04-19,4.74,0.08,4.36,-0.01,2025-04-01
2025-03-03,7.4,2025-03-08,10.88,0.1,9.79,2.39,2025-03-01
2025-03-03,6.13,2025-03-04,7.9,0.1,7.11,0.98,2025-03-01
2025-03-03,7.28,2025-05-07,6.71,0.08,6.17,-1.11,2025-05-01
2025-03-03,10.61,2025-04-16,13.28,0.08,12.22,1.61,2025-04-01
2025-03-03,4.69,2025-03-04,5.38,0.1,4.84,0.15,2025-03-01
2025-03-03,6.9,2025-05-08,6.71,0.08,6.17,-0.73,2025-05-01
2025-03-03,8.34,2025-03-04,10.93,0.1,9.84,1.5,2025-03-01
2025-03-03,8.42,2025-03-14,12.3,0.1,11.07,2.65,2025-03-01
2025-03-03,11.1,2025-05-08,12.07,0.08,11.1,0.0,2025-05-01
2025-03-03,11.04,2025-03-13,16.7,0.1,15.03,3.99,2025-03-01
2025-03-03,12.58,2025-03-11,17.07,0.1,15.36,2.78,2025-03-01
2025-03-03,4.08,2025-03-13,5.44,0.1,4.9,0.82,2025-03-01
2025-03-03,5.8,2025-03-12,7.95,0.1,7.16,1.36,2025-03-01
2025-03-03,3.17,2025-05-17,2.63,0.08,2.42,-0.75,2025-05-01
2025-03-03,3.67,2025-03-15,5.92,0.1,5.33,1.66,2025-03-01
2025-03-03,5.58,2025-03-10,7.08,0.1,6.37,0.79,2025-03-01
2025-03-03,5.5,2025-03-05,7.15,0.1,6.44,0.94,2025-03-01
2025-03-03,6.21,2025-03-03,7.2,0.1,6.48,0.27,2025-03-01
2025-03-03,6.21,2025-03-09,7.2,0.1,6.48,0.27,2025-03-01
2025-03-03,6.71,2025-03-08,8.34,0.1,7.51,0.8,2025-03-01
2025-03-03,6.37,2025-03-11,8.36,0.1,7.52,1.15,2025-03-01
2025-03-03,6.92,2025-03-07,8.58,0.1,7.72,0.8,2025-03-01
2025-03-03,7.97,2025-04-27,8.36,0.08,7.69,-0.28,2025-04-01
2025-03-03,9.6,2025-05-22,9.1,0.08,8.37,-1.23,2025-05-01
2025-03-03,8.37,2025-05-22,9.1,0.08,8.37,0.0,2025-05-01
2025-03-03,11.7,2025-03-06,15.17,0.1,13.65,1.95,2025-03-01
2025-03-03,11.11,2025-06-04,9.48,0.08,8.72,-2.39,2025-06-01
2025-03-03,17.94,2025-05-18,16.18,0.08,14.89,-3.05,2025-05-01
2025-03-03,17.73,2025-05-20,16.18,0.08,14.89,-2.84,2025-05-01
2025-03-03,17.72,2025-05-28,16.18,0.08,14.89,-2.83,2025-05-01
2025-03-03,37.77,2025-03-21,42.98,0.08,39.54,1.77,2025-03-01
2025-03-02,12.41,2025-03-11,17.28,0.1,15.55,3.14,2025-03-01
2025-03-02,6.09,2025-03-03,9.69,0.1,8.72,2.63,2025-03-01
2025-03-02,10.61,2025-03-11,15.13,0.1,13.62,3.01,2025-03-01
2025-03-02,4.54,2025-03-06,6.89,0.1,6.2,1.66,2025-03-01
2025-03-02,5.7,2025-03-07,7.7,0.1,6.93,1.23,2025-03-01
2025-03-02,4.65,2025-05-13,4.31,0.08,3.97,-0.68,2025-05-01
2025-03-02,6.42,2025-03-18,8.68,0.08,7.99,1.57,2025-03-01
2025-03-02,4.1,2025-03-03,4.93,0.1,4.44,0.34,2025-03-01
2025-03-02,7.92,2025-03-08,11.8,0.1,10.62,2.7,2025-03-01
2025-03-02,4.98,2025-03-10,7.14,0.1,6.43,1.45,2025-03-01
2025-03-02,4.0,2025-05-04,5.12,0.08,4.71,0.71,2025-05-01
2025-03-02,10.62,2025-03-04,15.82,0.1,14.24,3.62,2025-03-01
2025-03-02,5.03,2025-03-11,7.78,0.1,7.0,1.97,2025-03-01
2025-03-02,6.71,2025-03-08,11.8,0.1,10.62,3.91,2025-03-01
2025-03-02,14.81,2025-03-15,16.5,0.08,15.18,0.37,2025-03-01
2025-03-02,4.67,2025-03-06,5.59,0.1,5.03,0.36,2025-03-01
2025-03-01,7.82,2025-03-10,10.48,0.1,9.43,1.61,2025-03-01
2025-03-01,5.79,2025-03-08,7.0,0.1,6.3,0.51,2025-03-01
2025-03-01,12.38,2025-03-13,16.99,0.08,15.63,3.25,2025-03-01
2025-03-01,4.15,2025-04-13,10.74,0.08,9.88,5.73,2025-04-01
2025-02-28,42.72,2025-03-09,54.52,0.1,49.07,6.35,2025-03-01
2025-02-28,2.84,2025-04-15,4.49,0.08,4.13,1.29,2025-04-01
2025-02-28,6.13,2025-03-08,7.36,0.1,6.62,0.49,2025-03-01
2025-02-28,5.83,2025-03-03,8.36,0.1,7.52,1.69,2025-03-01
2025-02-28,6.11,2025-03-07,7.22,0.1,6.5,0.39,2025-03-01
2025-02-28,5.84,2025-03-04,7.7,0.1,6.93,1.09,2025-03-01
2025-02-28,3.04,2025-05-13,3.08,0.08,2.83,-0.21,2025-05-01
2025-02-28,3.75,2025-03-04,5.59,0.1,5.03,1.28,2025-03-01
2025-02-28,12.29,2025-03-08,17.28,0.1,15.55,3.26,2025-03-01
2025-02-28,2.96,2025-03-13,4.63,0.1,4.17,1.21,2025-03-01
2025-02-28,5.25,2025-03-02,6.23,0.1,5.61,0.36,2025-03-01
2025-02-28,5.25,2025-03-10,7.7,0.1,6.93,1.68,2025-03-01
2025-02-28,7.66,2025-03-01,9.99,0.1,8.99,1.33,2025-03-01
2025-02-28,7.66,2025-03-01,9.99,0.1,8.99,1.33,2025-03-01
2025-02-28,7.66,2025-03-01,9.99,0.1,8.99,1.33,2025-03-01
2025-02-28,7.66,2025-03-01,9.99,0.1,8.99,1.33,2025-03-01
2025-02-28,6.79,2025-03-31,10.98,0.08,10.1,3.31,2025-03-01
2025-02-28,6.79,2025-03-28,10.98,0.08,10.1,3.31,2025-03-01
2025-02-28,6.79,2025-03-28,10.98,0.08,10.1,3.31,2025-03-01
2025-02-28,15.47,2025-03-09,19.56,0.1,17.6,2.13,2025-03-01
2025-02-28,15.47,2025-03-09,19.56,0.1,17.6,2.13,2025-03-01
2025-02-28,15.47,2025-03-08,19.56,0.1,17.6,2.13,2025-03-01
2025-02-28,15.47,2025-03-08,19.56,0.1,17.6,2.13,2025-03-01
2025-02-28,15.47,2025-03-07,19.56,0.1,17.6,2.13,2025-03-01
2025-02-28,15.47,2025-03-07,19.56,0.1,17.6,2.13,2025-03-01
2025-02-28,15.47,2025-03-07,19.56,0.1,17.6,2.13,2025-03-01
2025-02-28,15.47,2025-03-07,19.56,0.1,17.6,2.13,2025-03-01
2025-02-28,3.77,2025-03-04,5.59,0.1,5.03,1.26,2025-03-01
2025-02-28,5.73,2025-03-11,7.22,0.1,6.5,0.77,2025-03-01
2025-02-28,5.81,2025-04-28,6.07,0.08,5.58,-0.23,2025-04-01
2025-02-27,3.0,2025-03-01,4.63,0.1,4.17,1.17,2025-03-01
2025-02-27,4.4,2025-03-03,6.72,0.1,6.05,1.65,2025-03-01
2025-02-27,3.69,2025-03-16,6.72,0.08,6.18,2.49,2025-03-01
2025-02-27,5.43,2025-03-05,7.0,0.1,6.3,0.87,2025-03-01
2025-02-27,6.5,2025-03-07,7.7,0.1,6.93,0.43,2025-03-01
2025-02-27,6.5,2025-03-07,7.7,0.1,6.93,0.43,2025-03-01
2025-02-27,6.5,2025-03-07,7.7,0.1,6.93,0.43,2025-03-01
2025-02-27,7.74,2025-03-06,11.8,0.1,10.62,2.88,2025-03-01
2025-02-27,9.44,2025-03-03,13.96,0.1,12.56,3.12,2025-03-01
2025-02-27,9.85,2025-04-17,10.51,0.08,9.67,-0.18,2025-04-01
2025-02-27,13.27,2025-03-15,16.5,0.08,15.18,1.91,2025-03-01
2025-02-26,3.03,2025-04-18,3.35,0.08,3.08,0.05,2025-04-01
2025-02-26,2.86,2025-04-14,4.49,0.08,4.13,1.27,2025-04-01
2025-02-26,6.98,2025-03-04,9.72,0.1,8.75,1.77,2025-03-01
2025-02-26,8.48,2025-03-02,11.8,0.1,10.62,2.14,2025-03-01
2025-02-24,12.37,2025-03-10,17.41,0.1,15.67,3.3,2025-03-01
2025-02-24,71.1,2025-03-12,81.78,0.1,73.6,2.5,2025-03-01
2025-02-24,4.27,2025-04-29,4.88,0.08,4.49,0.22,2025-04-01
2025-02-23,194.8,2025-03-04,229.0,0.1,206.1,11.3,2025-03-01
2025-02-21,15.52,2025-02-26,19.27,0.1,17.34,1.82,2025-02-01
2025-02-21,5.85,2025-02-26,8.28,0.1,7.45,1.6,2025-02-01
2025-02-21,12.95,2025-02-26,15.24,0.1,13.72,0.77,2025-02-01
2025-02-21,4.05,2025-02-27,4.81,0.1,4.33,0.28,2025-02-01
2025-02-21,6.92,2025-02-26,8.45,0.1,7.6,0.68,2025-02-01
2025-02-21,7.19,2025-03-01,9.68,0.1,8.71,1.52,2025-03-01
2025-02-21,5.72,2025-03-03,7.0,0.1,6.3,0.58,2025-03-01
2025-02-21,5.0,2025-02-26,6.65,0.1,5.98,0.99,2025-02-01
2025-02-21,14.95,2025-04-16,15.42,0.08,14.19,-0.76,2025-04-01
2025-02-21,34.99,2025-03-24,36.13,0.08,33.24,-1.75,2025-03-01
2025-02-21,4.85,2025-03-01,6.29,0.1,5.66,0.81,2025-03-01
2025-02-21,8.0,2025-03-04,11.46,0.1,10.31,2.31,2025-03-01
2025-02-21,17.94,2025-02-27,22.82,0.1,20.54,2.6,2025-02-01
2025-02-21,3.35,2025-03-09,4.49,0.1,4.04,0.69,2025-03-01
2025-02-21,4.01,2025-02-23,5.15,0.1,4.64,0.63,2025-02-01
2025-02-21,3.46,2025-06-15,3.63,0.08,3.34,-0.12,2025-06-01
2025-02-21,6.0,2025-05-04,4.24,0.08,3.9,-2.1,2025-05-01
2025-02-21,6.0,2025-04-19,4.8,0.08,4.42,-1.58,2025-04-01
2025-02-21,5.8,2025-05-05,4.24,0.08,3.9,-1.9,2025-05-01
2025-02-21,6.51,2025-02-23,8.02,0.1,7.22,0.71,2025-02-01
2025-02-21,5.53,2025-02-26,8.28,0.1,7.45,1.92,2025-02-01
2025-02-21,6.67,2025-02-22,8.4,0.1,7.56,0.89,2025-02-01
2025-02-21,6.19,2025-04-17,6.93,0.08,6.38,0.19,2025-04-01
2025-02-21,5.42,2025-04-17,6.94,0.08,6.38,0.96,2025-04-01
2025-02-21,5.4,2025-05-04,6.29,0.08,5.79,0.39,2025-05-01
2025-02-21,7.0,2025-02-28,8.43,0.1,7.59,0.59,2025-02-01
2025-02-21,6.97,2025-04-17,6.68,0.08,6.15,-0.82,2025-04-01
2025-02-21,6.97,2025-04-21,7.02,0.08,6.46,-0.51,2025-04-01
2025-02-21,7.13,2025-02-28,8.78,0.1,7.9,0.77,2025-02-01
2025-02-21,7.11,2025-02-25,8.78,0.1,7.9,0.79,2025-02-01
2025-02-21,7.11,2025-02-27,8.78,0.1,7.9,0.79,2025-02-01
2025-02-21,6.72,2025-02-26,9.43,0.1,8.49,1.77,2025-02-01
2025-02-21,6.66,2025-02-28,9.43,0.1,8.49,1.83,2025-02-01
2025-02-21,7.66,2025-03-01,9.68,0.1,8.71,1.05,2025-03-01
2025-02-21,7.84,2025-02-28,9.71,0.1,8.74,0.9,2025-02-01
2025-02-21,8.94,2025-02-25,10.71,0.1,9.64,0.7,2025-02-01
2025-02-21,4.85,2025-03-02,10.74,0.1,9.67,4.82,2025-03-01
2025-02-21,8.94,2025-02-28,10.92,0.1,9.83,0.89,2025-02-01
2025-02-21,13.49,2025-02-25,16.16,0.1,14.54,1.05,2025-02-01
2025-02-21,13.49,2025-02-21,16.16,0.1,14.54,1.05,2025-02-01
2025-02-21,9.5,2025-02-25,11.39,0.1,10.25,0.75,2025-02-01
2025-02-21,8.09,2025-03-01,11.39,0.1,10.25,2.16,2025-03-01
2025-02-21,9.57,2025-02-28,12.07,0.1,10.86,1.29,2025-02-01
2025-02-21,9.5,2025-03-01,12.07,0.1,10.86,1.36,2025-03-01
2025-02-21,9.0,2025-03-01,12.07,0.1,10.86,1.86,2025-03-01
2025-02-21,8.88,2025-03-01,12.07,0.1,10.86,1.98,2025-03-01
2025-02-21,10.42,2025-03-01,12.93,0.1,11.64,1.22,2025-03-01
2025-02-21,9.7,2025-02-21,13.13,0.1,11.82,2.12,2025-02-01
2025-02-21,11.29,2025-02-24,13.66,0.1,12.29,1.0,2025-02-01
2025-02-21,12.71,2025-02-27,15.31,0.1,13.78,1.07,2025-02-01
2025-02-21,14.15,2025-02-27,16.98,0.1,15.28,1.13,2025-02-01
2025-02-21,14.15,2025-02-27,16.98,0.1,15.28,1.13,2025-02-01
2025-02-21,13.94,2025-02-28,16.98,0.1,15.28,1.34,2025-02-01
2025-02-21,11.7,2025-03-05,17.44,0.1,15.7,4.0,2025-03-01
2025-02-21,14.73,2025-02-27,17.77,0.1,15.99,1.26,2025-02-01
2025-02-21,14.73,2025-02-28,17.77,0.1,15.99,1.26,2025-02-01
2025-02-21,14.73,2025-03-01,17.77,0.1,15.99,1.26,2025-03-01
2025-02-21,14.73,2025-03-01,17.77,0.1,15.99,1.26,2025-03-01
2025-02-21,14.0,2025-03-08,17.98,0.1,16.18,2.18,2025-03-01
2025-02-21,17.0,2025-05-01,16.25,0.08,14.95,-2.05,2025-05-01
2025-02-21,33.11,2025-03-18,36.13,0.08,33.24,0.13,2025-03-01
2025-02-21,32.0,2025-05-05,13.99,0.08,12.87,-19.13,2025-05-01
2025-02-21,40.31,2025-02-27,51.86,0.1,46.67,6.36,2025-02-01
2025-02-20,4.63,2025-03-01,10.79,0.1,9.71,5.08,2025-03-01
2025-02-20,5.34,2025-02-23,8.39,0.1,7.55,2.21,2025-02-01
2025-02-19,5.99,2025-03-02,7.76,0.1,6.98,0.99,2025-03-01
2025-02-19,4.0,2025-05-05,4.99,0.08,4.59,0.59,2025-05-01
2025-02-19,5.59,2025-02-27,8.44,0.1,7.6,2.01,2025-02-01
2025-02-19,5.98,2025-02-27,7.31,0.1,6.58,0.6,2025-02-01
2025-02-19,7.84,2025-03-19,10.98,0.08,10.1,2.26,2025-03-01
2025-02-19,5.09,2025-05-01,4.24,0.08,3.9,-1.19,2025-05-01
2025-02-19,5.53,2025-02-28,10.36,0.1,9.32,3.79,2025-02-01
2025-02-18,4.45,2025-05-02,4.24,0.08,3.9,-0.55,2025-05-01
2025-02-18,6.34,2025-02-21,8.85,0.1,7.96,1.62,2025-02-01
2025-02-18,6.72,2025-03-05,12.27,0.1,11.04,4.32,2025-03-01
2025-02-18,3.98,2025-02-26,5.53,0.1,4.98,1.0,2025-02-01
2025-02-18,6.0,2025-03-02,7.76,0.1,6.98,0.98,2025-03-01
2025-02-18,13.41,2025-03-01,16.65,0.1,14.98,1.57,2025-03-01
2025-02-18,4.07,2025-02-20,6.41,0.1,5.77,1.7,2025-02-01
2025-02-18,4.99,2025-02-22,6.85,0.1,6.16,1.17,2025-02-01
2025-02-18,5.97,2025-02-22,8.85,0.1,7.96,2.0,2025-02-01
2025-02-18,6.5,2025-02-26,10.79,0.1,9.71,3.21,2025-02-01
2025-02-18,6.2,2025-03-01,10.79,0.1,9.71,3.51,2025-03-01
2025-02-17,5.59,2025-02-27,10.36,0.07,9.63,4.04,2025-02-01
2025-02-17,13.9,2025-02-24,17.18,0.07,15.98,2.08,2025-02-01
2025-02-17,6.33,2025-02-25,7.76,0.07,7.22,0.89,2025-02-01
2025-02-17,6.13,2025-02-25,9.05,0.07,8.42,2.29,2025-02-01
2025-02-17,0.73,2025-05-06,0.99,0.1,0.89,0.16,2025-05-01
2025-02-17,5.26,2025-02-25,8.44,0.07,7.85,2.59,2025-02-01
2025-02-17,5.26,2025-04-18,6.01,0.07,5.59,0.33,2025-04-01
2025-02-17,10.0,2025-02-24,12.51,0.07,11.63,1.63,2025-02-01
2025-02-16,4.99,2025-02-24,10.79,0.07,10.03,5.04,2025-02-01
2025-02-16,0.71,2025-02-20,1.26,0.07,1.17,0.46,2025-02-01
2025-02-16,3.93,2025-02-18,5.53,0.07,5.14,1.21,2025-02-01
2025-02-16,4.44,2025-02-23,6.21,0.07,5.78,1.34,2025-02-01
2025-02-16,6.73,2025-02-20,9.33,0.07,8.68,1.95,2025-02-01
2025-02-16,7.19,2025-02-24,9.21,0.07,8.57,1.38,2025-02-01
2025-02-16,8.5,2025-03-03,10.79,0.07,10.03,1.53,2025-03-01
2025-02-16,7.9,2025-04-04,10.79,0.07,10.03,2.13,2025-04-01
2025-02-16,7.5,2025-03-02,10.79,0.07,10.03,2.53,2025-03-01
2025-02-16,6.5,2025-05-07,4.98,0.07,4.63,-1.87,2025-05-01
2025-02-15,5.22,2025-02-16,6.39,0.07,5.94,0.72,2025-02-01
2025-02-14,9.94,2025-02-15,12.51,0.07,11.63,1.69,2025-02-01
2025-02-14,2.43,2025-02-19,4.13,0.07,3.84,1.41,2025-02-01
2025-02-14,3.91,2025-02-15,5.53,0.07,5.14,1.23,2025-02-01
2025-02-14,5.56,2025-02-22,10.36,0.07,9.63,4.07,2025-02-01
2025-02-14,5.26,2025-05-11,4.98,0.07,4.63,-0.63,2025-05-01
2025-02-14,8.8,2025-02-16,12.23,0.07,11.37,2.57,2025-02-01
2025-02-14,9.94,2025-02-16,12.51,0.07,11.63,1.69,2025-02-01
2025-02-14,5.9,2025-03-02,10.36,0.07,9.63,3.73,2025-03-01
2025-02-14,5.16,2025-02-22,8.44,0.07,7.85,2.69,2025-02-01
2025-02-14,5.39,2025-02-22,8.85,0.07,8.23,2.84,2025-02-01
2025-02-14,4.32,2025-02-15,5.42,0.07,5.04,0.72,2025-02-01
2025-02-14,7.65,2025-02-21,9.83,0.07,9.14,1.49,2025-02-01
2025-02-14,2.29,2025-02-26,4.13,0.07,3.84,1.55,2025-02-01
2025-02-13,7.74,2025-02-15,12.36,0.07,11.49,3.75,2025-02-01
2025-02-13,13.57,2025-02-22,18.88,0.07,17.56,3.99,2025-02-01
2025-02-13,2.84,2025-05-12,3.08,0.07,2.86,0.02,2025-05-01
2025-02-13,6.99,2025-02-20,9.21,0.07,8.57,1.58,2025-02-01
2025-02-13,8.19,2025-02-23,12.36,0.07,11.49,3.3,2025-02-01
2025-02-11,4.44,2025-02-20,6.21,0.07,5.78,1.34,2025-02-01
2025-02-11,2.07,2025-02-15,2.93,0.07,2.72,0.65,2025-02-01
2025-02-11,2.22,2025-04-27,2.74,0.07,2.55,0.33,2025-04-01
2025-02-11,5.63,2025-02-16,8.39,0.07,7.8,2.17,2025-02-01
2025-02-11,13.28,2025-02-24,16.65,0.07,15.48,2.2,2025-02-01
2025-02-11,6.2,2025-02-17,8.85,0.07,8.23,2.03,2025-02-01
2025-02-11,2.99,2025-02-19,4.13,0.07,3.84,0.85,2025-02-01
2025-02-11,5.5,2025-02-18,10.36,0.07,9.63,4.13,2025-02-01
2025-02-11,5.49,2025-02-20,10.36,0.07,9.63,4.14,2025-02-01
2025-02-11,7.61,2025-02-22,12.36,0.07,11.49,3.88,2025-02-01
2025-02-11,13.28,2025-02-24,16.65,0.07,15.48,2.2,2025-02-01
2025-02-05,1.34,2025-02-09,2.0,0.15,1.7,0.36,2025-02-01
2025-02-05,0.32,2025-02-12,0.5,0.15,0.42,0.1,2025-02-01
2025-02-05,0.28,2025-02-13,0.5,0.15,0.42,0.14,2025-02-01
2025-02-05,1.8,2025-02-10,2.33,0.15,1.98,0.18,2025-02-01
2025-02-05,5.08,2025-02-10,6.54,0.15,5.56,0.48,2025-02-01
2025-02-05,0.85,2025-05-10,0.35,0.07,0.33,-0.52,2025-05-01
2025-02-05,3.02,2025-02-11,4.12,0.15,3.5,0.48,2025-02-01
2025-02-05,3.69,2025-02-14,5.35,0.15,4.55,0.86,2025-02-01
2025-02-05,0.99,2025-02-17,1.96,0.15,1.67,0.68,2025-02-01
2025-02-05,0.99,2025-02-17,1.96,0.15,1.67,0.68,2025-02-01
2025-02-05,0.71,2025-02-11,1.14,0.15,0.97,0.26,2025-02-01
2025-02-05,1.48,2025-05-02,0.51,0.07,0.47,-1.01,2025-05-01
2025-02-05,1.48,2025-05-03,0.51,0.07,0.47,-1.01,2025-05-01
2025-02-05,3.58,2025-08-10,2.32,0.05,2.2,-1.38,2025-08-01
2025-02-05,1.8,2025-02-05,2.38,0.15,2.02,0.22,2025-02-01
2025-02-05,1.72,2025-02-05,2.46,0.15,2.09,0.37,2025-02-01
2025-02-05,1.93,2025-02-05,2.58,0.15,2.19,0.26,2025-02-01
2025-02-05,0.8,2025-02-11,1.98,0.15,1.68,0.88,2025-02-01
2025-02-05,1.25,2025-02-05,1.93,0.15,1.64,0.39,2025-02-01
2025-02-04,0.69,2025-02-20,1.33,0.07,1.24,0.55,2025-02-01
2025-02-04,1.5,2025-02-07,2.09,0.15,1.78,0.28,2025-02-01
2025-02-04,4.98,2025-02-15,6.4,0.15,5.44,0.46,2025-02-01
2025-02-04,0.71,2025-06-01,0.7,0.07,0.65,-0.06,2025-06-01
2025-02-04,0.71,2025-06-01,0.7,0.07,0.65,-0.06,2025-06-01
2025-02-04,3.73,2025-02-05,5.22,0.15,4.44,0.71,2025-02-01
2025-02-04,1.22,2025-02-12,2.1,0.15,1.78,0.56,2025-02-01
2025-02-04,1.36,2025-03-04,3.06,0.07,2.85,1.49,2025-03-01
2025-02-04,2.8,2025-02-09,3.68,0.15,3.13,0.33,2025-02-01
2025-02-04,0.24,2025-02-13,0.7,0.15,0.6,0.35,2025-02-01
2025-02-04,0.24,2025-02-13,0.7,0.15,0.6,0.35,2025-02-01
2025-02-04,0.24,2025-02-13,0.7,0.15,0.6,0.35,2025-02-01
2025-02-04,4.94,2025-02-09,6.33,0.15,5.38,0.44,2025-02-01
2025-02-04,0.83,2025-02-12,1.52,0.15,1.29,0.46,2025-02-01
2025-02-04,2.28,2025-02-13,4.11,0.15,3.49,1.21,2025-02-01
2025-02-03,0.74,2025-02-14,1.52,0.15,1.29,0.55,2025-02-01
2025-02-03,0.99,2025-02-11,1.39,0.15,1.18,0.19,2025-02-01
2025-02-03,2.87,2025-02-08,3.83,0.15,3.26,0.39,2025-02-01
2025-02-03,2.26,2025-04-17,2.46,0.07,2.29,0.03,2025-04-01
2025-02-03,0.7,2025-02-05,1.11,0.15,0.94,0.24,2025-02-01
2025-02-03,1.45,2025-05-02,0.51,0.07,0.47,-0.98,2025-05-01
2025-02-03,1.82,2025-05-02,0.51,0.07,0.47,-1.35,2025-05-01
2025-02-03,0.6,2025-05-04,0.52,0.07,0.48,-0.12,2025-05-01
2025-02-03,0.79,2025-02-08,1.11,0.15,0.94,0.15,2025-02-01
2025-02-03,1.44,2025-02-10,1.85,0.15,1.57,0.13,2025-02-01
2025-02-03,3.09,2025-02-11,4.12,0.15,3.5,0.41,2025-02-01
2025-02-03,3.59,2025-02-16,4.62,0.15,3.93,0.34,2025-02-01
2025-02-03,0.8,2025-04-17,0.5,0.07,0.46,-0.34,2025-04-01
2025-02-03,0.95,2025-06-01,0.7,0.07,0.65,-0.3,2025-06-01
2025-02-03,2.25,2025-02-16,4.01,0.15,3.41,1.16,2025-02-01
2025-02-03,3.67,2025-02-15,4.69,0.15,3.99,0.32,2025-02-01
2025-02-03,1.62,2025-02-10,3.06,0.15,2.6,0.98,2025-02-01
2025-02-02,1.5,2025-04-25,2.78,0.07,2.59,1.09,2025-04-01
2025-02-02,2.17,2025-04-18,2.55,0.07,2.37,0.2,2025-04-01
2025-02-02,2.03,2025-03-12,4.34,0.07,4.04,2.01,2025-03-01
2025-02-02,7.84,2025-02-10,10.05,0.15,8.54,0.7,2025-02-01
2025-02-02,0.54,2025-02-13,0.95,0.15,0.81,0.27,2025-02-01
2025-02-02,3.07,2025-02-08,4.33,0.15,3.68,0.61,2025-02-01
2025-02-02,0.87,2025-02-15,1.52,0.15,1.29,0.42,2025-02-01
2025-02-02,1.9,2025-02-05,2.66,0.15,2.26,0.36,2025-02-01
2025-02-02,0.57,2025-05-28,0.87,0.07,0.81,0.24,2025-05-01
2025-02-02,3.07,2025-02-08,4.33,0.15,3.68,0.61,2025-02-01
2025-02-02,1.31,2025-02-08,1.93,0.15,1.64,0.33,2025-02-01
2025-02-02,0.37,2025-05-02,0.47,0.07,0.44,0.07,2025-05-01
2025-02-02,1.2,2025-02-20,2.42,0.07,2.25,1.05,2025-02-01
2025-02-02,3.33,2025-02-11,4.78,0.15,4.06,0.73,2025-02-01
2025-02-02,3.43,2025-02-11,6.08,0.15,5.17,1.74,2025-02-01
2025-02-02,7.18,2025-02-12,10.05,0.15,8.54,1.36,2025-02-01
2025-02-02,0.79,2025-03-07,1.13,0.07,1.05,0.26,2025-03-01
2025-02-02,0.81,2025-05-03,0.36,0.07,0.33,-0.48,2025-05-01
2025-02-02,0.81,2025-02-28,1.13,0.07,1.05,0.24,2025-02-01
2025-02-02,1.39,2025-02-05,1.87,0.15,1.59,0.2,2025-02-01
2025-02-02,0.94,2025-06-26,0.7,0.07,0.65,-0.29,2025-06-01
2025-02-02,2.74,2025-02-05,3.53,0.15,3.0,0.26,2025-02-01
2025-02-02,4.49,2025-02-19,7.0,0.07,6.51,2.02,2025-02-01
2025-02-02,1.43,2025-02-05,1.87,0.15,1.59,0.16,2025-02-01
2025-02-02,1.55,2025-02-06,2.08,0.15,1.77,0.22,2025-02-01
2025-02-02,1.26,2025-02-11,2.42,0.15,2.06,0.8,2025-02-01
2025-02-02,2.12,2025-02-09,4.11,0.15,3.49,1.37,2025-02-01
2025-02-02,0.85,2025-03-02,1.13,0.07,1.05,0.2,2025-03-01
2025-02-02,0.81,2025-05-03,0.36,0.07,0.33,-0.48,2025-05-01
2025-02-02,0.73,2025-02-09,1.52,0.15,1.29,0.56,2025-02-01
2025-02-02,1.16,2025-02-11,1.58,0.15,1.34,0.18,2025-02-01
2025-02-02,1.53,2025-02-13,2.0,0.15,1.7,0.17,2025-02-01
2025-02-02,1.75,2025-05-02,0.51,0.07,0.47,-1.28,2025-05-01
2025-02-02,1.81,2025-02-05,2.48,0.15,2.11,0.3,2025-02-01
2025-02-02,2.21,2025-03-24,4.01,0.07,3.73,1.52,2025-03-01
2025-02-02,2.58,2025-02-05,3.53,0.15,3.0,0.42,2025-02-01
2025-02-01,3.0,2025-02-11,4.12,0.15,3.5,0.5,2025-02-01
2025-02-01,1.5,2025-02-08,2.0,0.15,1.7,0.2,2025-02-01
2025-02-01,0.48,2025-02-14,1.02,0.15,0.87,0.39,2025-02-01
2025-02-01,0.4,2025-05-08,0.26,0.07,0.24,-0.16,2025-05-01
2025-02-01,1.0,2025-02-12,1.39,0.15,1.18,0.18,2025-02-01
2025-01-31,3.3,2025-02-08,4.27,0.15,3.63,0.33,2025-02-01
2025-01-31,2.0,2025-06-23,1.15,0.07,1.07,-0.93,2025-06-01
2025-01-31,5.75,2025-02-10,8.04,0.15,6.83,1.08,2025-02-01
2025-01-31,0.4,2025-05-07,0.28,0.07,0.26,-0.14,2025-05-01
2025-01-31,0.54,2025-05-04,0.28,0.07,0.26,-0.28,2025-05-01
2025-01-31,1.78,2025-02-01,2.31,0.15,1.96,0.18,2025-02-01
2025-01-31,1.38,2025-02-09,1.91,0.15,1.62,0.24,2025-02-01
2025-01-31,1.54,2025-02-09,3.0,0.15,2.55,1.01,2025-02-01
2025-01-31,6.6,2025-02-01,8.7,0.15,7.4,0.79,2025-02-01
2025-01-31,1.52,2025-02-08,2.59,0.15,2.2,0.68,2025-02-01
2025-01-31,3.13,2025-02-16,4.54,0.15,3.86,0.73,2025-02-01
2025-01-31,1.68,2025-02-08,2.18,0.15,1.85,0.17,2025-02-01
2025-01-31,0.5,2025-05-08,0.26,0.07,0.24,-0.26,2025-05-01
2025-01-31,3.42,2025-02-03,4.45,0.15,3.78,0.36,2025-02-01
2025-01-31,0.53,2025-05-04,0.52,0.07,0.48,-0.05,2025-05-01
2025-01-31,0.53,2025-05-02,0.52,0.07,0.48,-0.05,2025-05-01
2025-01-31,1.48,2025-02-08,1.93,0.15,1.64,0.16,2025-02-01
2025-01-31,0.43,2025-02-14,1.02,0.15,0.87,0.44,2025-02-01
2025-01-31,2.89,2025-02-07,3.83,0.15,3.26,0.37,2025-02-01
2025-01-31,4.08,2025-02-01,5.29,0.15,4.5,0.42,2025-02-01
2025-01-30,0.62,2025-02-03,0.84,0.15,0.71,0.09,2025-02-01
2025-01-30,0.44,2025-05-02,0.47,0.07,0.44,-0.0,2025-05-01
2025-01-30,1.3,2025-02-05,1.87,0.15,1.59,0.29,2025-02-01
2025-01-30,4.5,2025-02-05,8.22,0.15,6.99,2.49,2025-02-01
2025-01-30,0.14,2025-02-21,0.52,0.07,0.48,0.34,2025-02-01
2025-01-30,1.74,2025-02-03,2.26,0.15,1.92,0.18,2025-02-01
2025-01-30,4.2,2025-02-08,6.16,0.15,5.24,1.04,2025-02-01
2025-01-30,2.9,2025-02-10,4.12,0.15,3.5,0.6,2025-02-01
2025-01-30,3.56,2025-08-04,2.25,0.05,2.14,-1.42,2025-08-01
2025-01-30,3.56,2025-06-04,2.62,0.07,2.44,-1.12,2025-06-01
2025-01-30,0.88,2025-05-01,0.64,0.07,0.6,-0.28,2025-05-01
2025-01-30,1.45,2025-02-07,1.89,0.15,1.61,0.16,2025-02-01
2025-01-30,5.88,2025-02-07,8.04,0.15,6.83,0.95,2025-02-01
2025-01-30,0.63,2025-05-02,0.52,0.07,0.48,-0.15,2025-05-01
2025-01-30,0.44,2025-05-01,0.47,0.07,0.44,-0.0,2025-05-01
2025-01-30,1.01,2025-05-25,0.87,0.07,0.81,-0.2,2025-05-01
2025-01-30,1.42,2025-02-08,1.93,0.15,1.64,0.22,2025-02-01
2025-01-30,1.7,2025-02-02,2.59,0.15,2.2,0.5,2025-02-01
2025-01-30,3.4,2025-06-22,1.15,0.07,1.07,-2.33,2025-06-01
2025-01-30,0.81,2025-02-02,1.12,0.15,0.95,0.14,2025-02-01
2025-01-30,1.35,2025-02-04,2.59,0.15,2.2,0.85,2025-02-01
2025-01-30,4.0,2025-02-09,8.22,0.15,6.99,2.99,2025-02-01
2025-01-30,0.38,2025-05-14,0.26,0.07,0.24,-0.14,2025-05-01
2025-01-30,0.5,2025-06-03,0.53,0.07,0.49,-0.01,2025-06-01
2025-01-30,2.1,2025-02-07,2.76,0.15,2.35,0.25,2025-02-01
2025-01-30,1.75,2025-05-08,1.88,0.07,1.75,-0.0,2025-05-01
2025-01-29,0.3,2025-02-01,0.5,0.15,0.42,0.12,2025-02-01
2025-01-29,0.51,2025-02-07,0.74,0.15,0.63,0.12,2025-02-01
2025-01-29,0.56,2025-06-14,0.53,0.07,0.49,-0.07,2025-06-01
2025-01-29,0.88,2025-02-05,1.22,0.15,1.04,0.16,2025-02-01
2025-01-29,1.19,2025-02-12,2.42,0.15,2.06,0.87,2025-02-01
2025-01-29,1.35,2025-02-09,1.91,0.15,1.62,0.27,2025-02-01
2025-01-29,1.49,2025-02-02,2.08,0.15,1.77,0.28,2025-02-01
2025-01-29,5.22,2025-02-01,7.0,0.15,5.95,0.73,2025-02-01
2025-01-29,5.36,2025-02-02,7.75,0.15,6.59,1.23,2025-02-01
2025-01-29,1.85,2025-06-23,1.15,0.07,1.07,-0.78,2025-06-01
2025-01-29,1.87,2025-02-01,2.59,0.15,2.2,0.33,2025-02-01
2025-01-29,3.07,2025-02-07,4.69,0.15,3.99,0.92,2025-02-01
2025-01-29,3.07,2025-02-08,4.69,0.15,3.99,0.92,2025-02-01
2025-01-29,1.7,2025-02-01,2.24,0.15,1.9,0.2,2025-02-01
2025-01-29,1.74,2025-02-01,2.33,0.15,1.98,0.24,2025-02-01
2025-01-29,2.0,2025-02-08,3.99,0.15,3.39,1.39,2025-02-01
2025-01-29,4.13,2025-02-03,5.88,0.15,5.0,0.87,2025-02-01
2025-01-29,1.44,2025-02-03,2.59,0.15,2.2,0.76,2025-02-01
2025-01-29,3.42,2025-02-07,7.58,0.15,6.44,3.02,2025-02-01
2025-01-29,27.27,2025-02-05,35.18,0.15,29.9,2.63,2025-02-01
2025-01-29,0.48,2025-05-20,0.26,0.07,0.24,-0.24,2025-05-01
2025-01-29,0.5,2025-05-01,0.47,0.07,0.44,-0.06,2025-05-01
2025-01-29,6.62,2025-02-01,8.7,0.15,7.4,0.77,2025-02-01
2025-01-29,5.88,2025-02-10,8.04,0.15,6.83,0.95,2025-02-01
2025-01-29,3.08,2025-02-01,4.33,0.15,3.68,0.6,2025-02-01
2025-01-29,4.85,2025-02-08,6.72,0.15,5.71,0.86,2025-02-01
2025-01-29,1.5,2025-02-05,2.59,0.15,2.2,0.7,2025-02-01
2025-01-29,0.55,2025-05-28,0.54,0.07,0.5,-0.05,2025-05-01
2025-01-29,0.55,2025-04-27,0.31,0.08,0.29,-0.26,2025-04-01
2025-01-29,0.55,2025-05-06,0.28,0.08,0.26,-0.29,2025-05-01
2025-01-29,0.56,2025-05-10,0.54,0.08,0.5,-0.06,2025-05-01
2025-01-29,1.15,2025-01-31,1.58,0.1,1.42,0.27,2025-01-01
2025-01-29,1.26,2025-02-23,1.66,0.1,1.49,0.23,2025-02-01
2025-01-29,1.43,2025-01-30,1.87,0.1,1.68,0.25,2025-01-01
2025-01-29,3.4,2025-01-29,4.45,0.1,4.0,0.6,2025-01-01
2025-01-29,2.81,2025-02-07,4.54,0.1,4.09,1.28,2025-02-01
2025-01-29,5.23,2025-01-29,7.0,0.1,6.3,1.07,2025-01-01
2025-01-28,3.57,2025-02-08,4.65,0.1,4.19,0.62,2025-02-01
2025-01-28,0.96,2025-06-01,0.74,0.08,0.68,-0.28,2025-06-01
2025-01-28,0.49,2025-05-01,0.47,0.07,0.44,-0.05,2025-05-01
2025-01-28,1.41,2025-02-04,1.85,0.1,1.66,0.26,2025-02-01
2025-01-28,1.4,2025-02-02,1.85,0.1,1.66,0.27,2025-02-01
2025-01-28,1.5,2025-02-08,1.94,0.1,1.75,0.25,2025-02-01
2025-01-28,2.17,2025-02-08,4.01,0.1,3.61,1.44,2025-02-01
2025-01-28,3.08,2025-08-04,1.24,0.05,1.18,-1.9,2025-08-01
2025-01-28,4.25,2025-02-07,5.73,0.1,5.16,0.91,2025-02-01
2025-01-28,4.93,2025-02-15,6.4,0.1,5.76,0.83,2025-02-01
2025-01-27,1.89,2025-08-04,1.24,0.05,1.18,-0.71,2025-08-01
2025-01-27,0.82,2025-03-17,1.18,0.08,1.09,0.27,2025-03-01
2025-01-27,0.82,2025-03-28,1.18,0.08,1.09,0.27,2025-03-01
2025-01-27,0.4,2025-03-01,1.17,0.1,1.05,0.65,2025-03-01
2025-01-27,0.97,2025-06-26,0.7,0.08,0.64,-0.33,2025-06-01
2025-01-26,1.5,2025-04-05,1.18,0.08,1.09,-0.41,2025-04-01
2025-01-26,1.5,2025-06-04,0.74,0.08,0.68,-0.82,2025-06-01
2025-01-26,1.5,2025-06-07,0.74,0.08,0.68,-0.82,2025-06-01
2025-01-26,1.81,2025-06-20,1.24,0.08,1.14,-0.67,2025-06-01
2025-01-26,0.39,2025-01-26,1.17,0.1,1.05,0.66,2025-01-01
2025-01-26,0.8,2025-01-26,1.69,0.1,1.52,0.72,2025-01-01
2025-01-26,0.42,2025-02-23,1.17,0.1,1.05,0.63,2025-02-01
2025-01-26,1.44,2025-02-11,3.21,0.1,2.89,1.45,2025-02-01
2025-01-25,4.27,2025-05-11,3.08,0.08,2.83,-1.44,2025-05-01
2025-01-25,4.49,2025-03-05,7.28,0.1,6.55,2.06,2025-03-01
2025-01-25,4.49,2025-03-18,7.28,0.08,6.7,2.21,2025-03-01
2025-01-25,0.68,2025-01-28,1.69,0.1,1.52,0.84,2025-01-01
2025-01-25,0.29,2025-05-17,0.43,0.08,0.4,0.11,2025-05-01
2025-01-25,0.62,2025-03-20,0.95,0.08,0.87,0.25,2025-03-01
2025-01-25,0.62,2025-03-20,0.95,0.08,0.87,0.25,2025-03-01
2025-01-25,0.62,2025-03-20,0.95,0.08,0.87,0.25,2025-03-01
2025-01-25,0.62,2025-03-17,0.95,0.08,0.87,0.25,2025-03-01
2025-01-25,1.02,2025-04-19,1.37,0.08,1.26,0.24,2025-04-01
2025-01-25,1.02,2025-04-18,1.21,0.08,1.11,0.09,2025-04-01
2025-01-25,1.02,2025-04-18,1.21,0.08,1.11,0.09,2025-04-01
2025-01-25,3.7,2025-03-18,5.16,0.08,4.75,1.05,2025-03-01
2025-01-25,59.39,2025-01-29,69.99,0.1,62.99,3.6,2025-01-01
2025-01-24,1.78,2025-02-02,2.36,0.1,2.12,0.34,2025-02-01
2025-01-24,3.0,2025-02-09,4.12,0.1,3.71,0.71,2025-02-01
2025-01-24,0.55,2025-02-01,1.26,0.1,1.13,0.58,2025-02-01
2025-01-24,5.75,2025-02-02,7.53,0.1,6.78,1.03,2025-02-01
2025-01-24,6.5,2025-05-08,3.08,0.08,2.83,-3.67,2025-05-01
2025-01-24,1.07,2025-06-23,0.74,0.08,0.68,-0.39,2025-06-01
2025-01-24,6.5,2025-02-15,9.04,0.1,8.14,1.64,2025-02-01
2025-01-24,6.5,2025-01-29,9.04,0.1,8.14,1.64,2025-01-01
2025-01-24,9.33,2025-01-26,12.05,0.1,10.84,1.52,2025-01-01
2025-01-24,2.0,2025-01-26,2.86,0.1,2.57,0.57,2025-01-01
2025-01-24,2.47,2025-02-09,4.63,0.1,4.17,1.7,2025-02-01
2025-01-24,4.92,2025-02-12,7.85,0.1,7.06,2.14,2025-02-01
2025-01-24,0.46,2025-01-26,0.69,0.1,0.62,0.16,2025-01-01
2025-01-24,0.53,2025-01-31,0.82,0.1,0.74,0.21,2025-01-01
2025-01-24,0.53,2025-02-09,0.82,0.1,0.74,0.21,2025-02-01
2025-01-24,0.58,2025-02-02,1.09,0.1,0.98,0.4,2025-02-01
2025-01-24,0.67,2025-01-26,1.28,0.1,1.15,0.48,2025-01-01
2025-01-24,0.62,2025-05-31,0.54,0.08,0.5,-0.12,2025-05-01
2025-01-24,0.6,2025-06-01,0.53,0.08,0.49,-0.11,2025-06-01
2025-01-24,0.6,2025-04-28,0.57,0.08,0.52,-0.08,2025-04-01
2025-01-24,0.81,2025-02-20,1.47,0.1,1.32,0.51,2025-02-01
2025-01-24,0.79,2025-03-10,1.47,0.1,1.32,0.53,2025-03-01
2025-01-24,0.79,2025-03-10,1.47,0.1,1.32,0.53,2025-03-01
2025-01-24,0.7,2025-05-30,0.86,0.08,0.79,0.09,2025-05-01
2025-01-24,0.69,2025-02-28,1.49,0.1,1.34,0.65,2025-02-01
2025-01-24,0.3,2025-03-16,0.28,0.08,0.26,-0.04,2025-03-01
2025-01-24,0.3,2025-03-16,0.28,0.08,0.26,-0.04,2025-03-01
2025-01-24,0.3,2025-03-16,0.28,0.08,0.26,-0.04,2025-03-01
2025-01-24,0.3,2025-03-16,0.28,0.08,0.26,-0.04,2025-03-01
2025-01-24,0.3,2025-03-16,0.28,0.08,0.26,-0.04,2025-03-01
2025-01-24,0.3,2025-03-16,0.28,0.08,0.26,-0.04,2025-03-01
2025-01-24,0.3,2025-03-16,0.28,0.08,0.26,-0.04,2025-03-01
2025-01-24,0.3,2025-03-16,0.28,0.08,0.26,-0.04,2025-03-01
2025-01-24,0.3,2025-03-16,0.28,0.08,0.26,-0.04,2025-03-01
2025-01-24,0.3,2025-03-16,0.28,0.08,0.26,-0.04,2025-03-01
2025-01-24,0.3,2025-03-16,0.28,0.08,0.26,-0.04,2025-03-01
2025-01-24,0.89,2025-05-28,0.87,0.08,0.8,-0.09,2025-05-01
2025-01-24,0.89,2025-03-25,0.55,0.08,0.51,-0.38,2025-03-01
2025-01-24,0.89,2025-03-23,0.55,0.08,0.51,-0.38,2025-03-01
2025-01-24,0.89,2025-03-23,0.55,0.08,0.51,-0.38,2025-03-01
2025-01-24,0.89,2025-03-20,0.55,0.08,0.51,-0.38,2025-03-01
2025-01-24,0.86,2025-02-03,1.3,0.1,1.17,0.31,2025-02-01
2025-01-24,0.96,2025-04-16,1.04,0.08,0.96,-0.0,2025-04-01
2025-01-24,1.23,2025-02-03,1.58,0.1,1.42,0.19,2025-02-01
2025-01-24,1.2,2025-02-12,1.58,0.1,1.42,0.22,2025-02-01
2025-01-24,1.2,2025-02-12,1.58,0.1,1.42,0.22,2025-02-01
2025-01-24,1.2,2025-02-03,1.58,0.1,1.42,0.22,2025-02-01
2025-01-24,1.27,2025-02-04,1.61,0.1,1.45,0.18,2025-02-01
2025-01-24,1.19,2025-03-01,1.66,0.1,1.49,0.3,2025-03-01
2025-01-24,1.3,2025-01-26,1.78,0.1,1.6,0.3,2025-01-01
2025-01-24,1.46,2025-01-30,1.84,0.1,1.66,0.2,2025-01-01
2025-01-24,1.35,2025-01-30,1.84,0.1,1.66,0.31,2025-01-01
2025-01-24,1.35,2025-01-30,1.84,0.1,1.66,0.31,2025-01-01
2025-01-24,1.46,2025-01-28,1.84,0.1,1.66,0.2,2025-01-01
2025-01-24,1.74,2025-01-29,2.2,0.1,1.98,0.24,2025-01-01
2025-01-24,1.74,2025-01-28,2.2,0.1,1.98,0.24,2025-01-01
2025-01-24,1.79,2025-02-01,2.36,0.1,2.12,0.33,2025-02-01
2025-01-24,1.88,2025-01-31,3.15,0.1,2.84,0.96,2025-01-01
2025-01-24,1.99,2025-02-01,3.15,0.1,2.84,0.84,2025-02-01
2025-01-24,1.99,2025-01-31,2.62,0.1,2.36,0.37,2025-01-01
2025-01-24,2.29,2025-02-02,3.62,0.1,3.26,0.97,2025-02-01
2025-01-24,2.36,2025-01-29,3.03,0.1,2.73,0.37,2025-01-01
2025-01-24,2.41,2025-01-31,3.11,0.1,2.8,0.39,2025-01-01
2025-01-24,2.4,2025-01-29,3.11,0.1,2.8,0.4,2025-01-01
2025-01-24,2.29,2025-04-17,1.21,0.08,1.11,-1.18,2025-04-01
2025-01-24,2.29,2025-05-09,1.96,0.08,1.8,-0.49,2025-05-01
2025-01-24,2.29,2025-05-09,1.96,0.08,1.8,-0.49,2025-05-01
2025-01-24,2.29,2025-05-02,1.97,0.08,1.81,-0.48,2025-05-01
2025-01-24,2.29,2025-05-02,1.97,0.08,1.81,-0.48,2025-05-01
2025-01-24,2.0,2025-05-02,1.97,0.08,1.81,-0.19,2025-05-01
2025-01-24,2.0,2025-05-02,1.97,0.08,1.81,-0.19,2025-05-01
2025-01-24,1.06,2025-05-02,1.97,0.08,1.81,0.75,2025-05-01
2025-01-24,1.06,2025-04-19,1.25,0.08,1.15,0.09,2025-04-01
2025-01-24,1.06,2025-04-18,1.25,0.08,1.15,0.09,2025-04-01
2025-01-24,2.62,2025-02-01,3.49,0.1,3.14,0.52,2025-02-01
2025-01-24,2.84,2025-02-15,4.63,0.1,4.17,1.33,2025-02-01
2025-01-24,2.62,2025-02-09,4.63,0.1,4.17,1.55,2025-02-01
2025-01-24,3.12,2025-01-26,5.47,0.1,4.92,1.8,2025-01-01
2025-01-24,6.9,2025-08-04,3.61,0.05,3.43,-3.47,2025-08-01
2025-01-24,6.6,2025-05-31,3.08,0.08,2.83,-3.77,2025-05-01
2025-01-24,59.39,2025-02-01,69.99,0.1,62.99,3.6,2025-02-01
2025-01-24,4.57,2025-01-31,7.27,0.1,6.54,1.97,2025-01-01
2025-01-24,4.57,2025-01-29,7.27,0.1,6.54,1.97,2025-01-01
2025-01-24,2.82,2025-04-01,1.18,0.08,1.09,-1.73,2025-04-01
2025-01-24,2.82,2025-02-11,5.98,0.1,5.38,2.56,2025-02-01
2025-01-24,1.65,2025-04-04,1.18,0.08,1.09,-0.56,2025-04-01
2025-01-24,1.48,2025-06-07,0.74,0.08,0.68,-0.8,2025-06-01
2025-01-24,4.0,2025-03-22,6.58,0.08,6.05,2.05,2025-03-01
2025-01-24,4.38,2025-06-02,2.62,0.08,2.41,-1.97,2025-06-01
2025-01-24,5.61,2025-01-31,8.83,0.1,7.95,2.34,2025-01-01
2025-01-24,6.9,2025-05-09,3.08,0.08,2.83,-4.07,2025-05-01
2025-01-24,6.3,2025-05-03,3.09,0.08,2.84,-3.46,2025-05-01
2025-01-24,5.14,2025-05-03,3.09,0.08,2.84,-2.3,2025-05-01
2025-01-20,7.13,2025-01-22,10.83,0.1,9.75,2.62,2025-01-01
2025-01-19,4.22,2025-05-09,2.73,0.08,2.51,-1.71,2025-05-01
2025-01-19,4.12,2025-05-04,2.85,0.08,2.62,-1.5,2025-05-01
2025-01-19,3.79,2025-05-12,1.88,0.08,1.73,-2.06,2025-05-01
2025-01-18,7.05,2025-03-27,5.16,0.08,4.75,-2.3,2025-03-01
2025-01-18,6.36,2025-03-22,5.16,0.08,4.75,-1.61,2025-03-01
2025-01-18,1.71,2025-06-24,0.7,0.08,0.64,-1.07,2025-06-01
2025-01-18,3.21,2025-05-22,1.88,0.08,1.73,-1.48,2025-05-01
2025-01-18,3.21,2025-06-26,1.24,0.08,1.14,-2.07,2025-06-01
2025-01-18,3.21,2025-06-26,1.24,0.08,1.14,-2.07,2025-06-01
2025-01-18,1.57,2025-05-25,0.87,0.08,0.8,-0.77,2025-05-01
2025-01-18,1.46,2025-06-13,0.75,0.08,0.69,-0.77,2025-06-01
2025-01-18,0.79,2025-01-25,1.24,0.1,1.12,0.33,2025-01-01
2025-01-18,7.0,2025-03-22,5.16,0.08,4.75,-2.25,2025-03-01
2025-01-18,0.89,2025-05-02,0.64,0.08,0.59,-0.3,2025-05-01
2025-01-17,0.55,2025-04-19,0.7,0.08,0.64,0.09,2025-04-01
2025-01-17,0.58,2025-03-02,1.09,0.1,0.98,0.4,2025-03-01
2025-01-17,0.55,2025-02-02,1.06,0.1,0.95,0.4,2025-02-01
2025-01-17,1.04,2025-02-07,1.38,0.1,1.24,0.2,2025-02-01
2025-01-17,8.0,2025-01-20,11.59,0.1,10.43,2.43,2025-01-01
2025-01-17,14.0,2025-02-04,15.59,0.1,14.03,0.03,2025-02-01
2025-01-17,3.45,2025-02-23,5.06,0.1,4.55,1.1,2025-02-01
2025-01-16,7.61,2025-02-20,8.36,0.1,7.52,-0.09,2025-02-01
2025-01-16,0.76,2025-04-18,0.96,0.08,0.88,0.12,2025-04-01
2025-01-16,0.21,2025-06-24,0.14,0.08,0.13,-0.08,2025-06-01
2025-01-16,2.03,2025-01-26,2.79,0.1,2.51,0.48,2025-01-01
2025-01-16,0.4,2025-01-28,0.67,0.1,0.6,0.2,2025-01-01
2025-01-16,0.4,2025-01-28,0.67,0.1,0.6,0.2,2025-01-01
2025-01-16,0.4,2025-01-28,0.67,0.1,0.6,0.2,2025-01-01
2025-01-16,0.4,2025-01-28,0.67,0.1,0.6,0.2,2025-01-01
2025-01-16,0.4,2025-01-28,0.67,0.1,0.6,0.2,2025-01-01
2025-01-16,0.4,2025-01-28,0.67,0.1,0.6,0.2,2025-01-01
2025-01-16,0.4,2025-01-28,0.67,0.1,0.6,0.2,2025-01-01
2025-01-16,0.4,2025-01-28,0.67,0.1,0.6,0.2,2025-01-01
2025-01-16,0.4,2025-01-28,0.67,0.1,0.6,0.2,2025-01-01
2025-01-16,1.81,2025-06-24,0.7,0.08,0.64,-1.17,2025-06-01
2025-01-16,5.73,2025-01-23,7.47,0.1,6.72,0.99,2025-01-01
2025-01-16,0.75,2025-04-24,0.57,0.08,0.52,-0.23,2025-04-01
2025-01-16,0.79,2025-02-16,1.57,0.1,1.41,0.62,2025-02-01
2025-01-15,7.43,2025-05-03,3.09,0.08,2.84,-4.59,2025-05-01
2025-01-15,0.56,2025-02-18,1.06,0.08,0.98,0.42,2025-02-01
2025-01-15,0.56,2025-02-12,1.06,0.1,0.95,0.39,2025-02-01
2025-01-15,0.79,2025-03-15,1.57,0.1,1.41,0.62,2025-03-01
2025-01-15,0.77,2025-03-11,1.57,0.1,1.41,0.64,2025-03-01
2025-01-15,1.96,2025-01-26,2.79,0.1,2.51,0.55,2025-01-01
2025-01-15,1.96,2025-01-27,2.79,0.1,2.51,0.55,2025-01-01
2025-01-15,1.83,2025-01-20,3.92,0.1,3.53,1.7,2025-01-01
2025-01-15,1.85,2025-04-18,2.11,0.08,1.94,0.09,2025-04-01
2025-01-15,1.85,2025-06-01,2.04,0.08,1.88,0.03,2025-06-01
2025-01-15,4.24,2025-01-23,6.36,0.1,5.72,1.48,2025-01-01
2025-01-15,8.21,2025-01-20,10.88,0.1,9.79,1.58,2025-01-01
2025-01-15,2.0,2025-01-27,3.92,0.1,3.53,1.53,2025-01-01
2025-01-15,2.54,2025-01-17,3.34,0.08,3.07,0.53,2025-01-01
2025-01-15,3.79,2025-02-26,4.96,0.1,4.46,0.67,2025-02-01
2025-01-15,5.37,2025-01-26,7.17,0.1,6.45,1.08,2025-01-01
2025-01-15,0.9,2025-04-19,0.96,0.08,0.88,-0.02,2025-04-01
2025-01-15,7.48,2025-01-24,10.17,0.08,9.36,1.88,2025-01-01
2025-01-15,0.46,2025-01-21,0.98,0.08,0.9,0.44,2025-01-01
2025-01-15,5.78,2025-01-24,7.47,0.08,6.87,1.09,2025-01-01
2025-01-14,1.74,2025-01-17,2.4,0.08,2.21,0.47,2025-01-01
2025-01-14,1.93,2025-01-29,2.97,0.08,2.73,0.8,2025-01-01
2025-01-14,2.52,2025-04-07,3.43,0.08,3.16,0.64,2025-04-01
2025-01-14,1.65,2025-01-22,2.54,0.08,2.34,0.69,2025-01-01
2025-01-14,6.94,2025-01-16,10.57,0.08,9.72,2.78,2025-01-01
2025-01-14,1.49,2025-01-25,2.95,0.08,2.71,1.22,2025-01-01
2025-01-14,1.5,2025-01-15,3.02,0.08,2.78,1.28,2025-01-01
2025-01-14,6.94,2025-01-17,10.57,0.08,9.72,2.78,2025-01-01
2025-01-14,0.75,2025-01-30,1.5,0.08,1.38,0.63,2025-01-01
2025-01-14,2.0,2025-01-15,2.68,0.08,2.47,0.47,2025-01-01
2025-01-14,3.13,2025-01-25,4.56,0.08,4.2,1.07,2025-01-01
2025-01-14,3.13,2025-01-25,4.56,0.08,4.2,1.07,2025-01-01
2025-01-14,3.13,2025-01-24,4.56,0.08,4.2,1.07,2025-01-01
2025-01-14,3.13,2025-01-24,4.56,0.08,4.2,1.07,2025-01-01
2025-01-14,3.13,2025-01-24,4.56,0.08,4.2,1.07,2025-01-01
2025-01-14,2.3,2025-01-22,3.15,0.08,2.9,0.6,2025-01-01
2025-01-14,3.17,2025-01-25,4.45,0.08,4.09,0.92,2025-01-01
2025-01-14,1.78,2025-01-22,3.26,0.08,3.0,1.22,2025-01-01
2025-01-14,1.86,2025-03-01,3.02,0.08,2.78,0.92,2025-03-01
2025-01-13,1.4,2025-02-02,1.82,0.08,1.67,0.27,2025-02-01
2025-01-13,2.42,2025-01-23,3.34,0.1,3.01,0.59,2025-01-01
2025-01-13,2.61,2025-01-21,3.43,0.08,3.16,0.55,2025-01-01
2025-01-13,2.92,2025-01-25,3.86,0.08,3.55,0.63,2025-01-01
2025-01-13,3.69,2025-01-26,4.85,0.08,4.46,0.77,2025-01-01
2025-01-13,4.1,2025-01-17,5.34,0.08,4.91,0.81,2025-01-01
2025-01-12,19.4,2025-01-23,25.61,0.08,23.56,4.16,2025-01-01
2025-01-12,0.89,2025-01-25,1.89,0.08,1.74,0.85,2025-01-01
2025-01-12,1.18,2025-01-14,2.66,0.15,2.26,1.08,2025-01-01
2025-01-12,0.42,2025-04-24,0.75,0.08,0.69,0.27,2025-04-01
2025-01-12,100.0,2025-02-02,139.99,0.08,128.79,28.79,2025-02-01
2025-01-12,0.58,2025-03-05,1.09,0.08,1.0,0.42,2025-03-01
2025-01-12,2.42,2025-01-17,4.47,0.08,4.11,1.69,2025-01-01
2025-01-12,2.61,2025-03-05,5.01,0.08,4.61,2.0,2025-03-01
2025-01-12,1.3,2025-06-25,1.05,0.08,0.97,-0.33,2025-06-01
2025-01-12,0.53,2025-02-18,1.06,0.1,0.95,0.42,2025-02-01
2025-01-12,0.77,2025-02-09,1.57,0.08,1.44,0.67,2025-02-01
2025-01-12,1.71,2025-01-14,3.26,0.15,2.77,1.06,2025-01-01
2025-01-12,2.0,2025-01-13,2.92,0.15,2.48,0.48,2025-01-01
2025-01-12,6.94,2025-02-18,8.93,0.08,8.22,1.28,2025-02-01
2025-01-12,0.6,2025-01-15,1.5,0.08,1.38,0.78,2025-01-01
2025-01-11,0.78,2025-04-06,1.52,0.08,1.4,0.62,2025-04-01
2025-01-11,19.37,2025-01-30,24.99,0.08,22.99,3.62,2025-01-01
2025-01-11,5.94,2025-02-12,10.83,0.08,9.96,4.02,2025-02-01
2025-01-11,21.68,2025-01-18,28.1,0.08,25.85,4.17,2025-01-01
2025-01-11,0.54,2025-01-18,1.7,0.08,1.56,1.02,2025-01-01
2025-01-11,0.82,2025-02-09,1.57,0.08,1.44,0.62,2025-02-01
2025-01-11,2.3,2025-01-13,4.15,0.15,3.53,1.23,2025-01-01
2025-01-11,9.0,2025-01-14,11.96,0.15,10.17,1.17,2025-01-01
2025-01-11,2.06,2025-01-20,2.92,0.08,2.69,0.63,2025-01-01
2025-01-11,3.43,2025-02-17,5.06,0.08,4.66,1.23,2025-02-01
2025-01-11,0.58,2025-01-13,1.09,0.15,0.93,0.35,2025-01-01
2025-01-11,0.55,2025-04-28,0.7,0.08,0.64,0.09,2025-04-01
2025-01-11,0.55,2025-04-28,0.7,0.08,0.64,0.09,2025-04-01
2025-01-11,0.55,2025-04-28,0.7,0.08,0.64,0.09,2025-04-01
2025-01-11,0.55,2025-04-27,0.68,0.08,0.63,0.08,2025-04-01
2025-01-11,0.55,2025-04-25,0.66,0.08,0.61,0.06,2025-04-01
2025-01-11,0.79,2025-03-17,1.57,0.08,1.44,0.65,2025-03-01
2025-01-11,1.3,2025-06-22,1.15,0.08,1.06,-0.24,2025-06-01
2025-01-11,1.3,2025-06-22,1.15,0.08,1.06,-0.24,2025-06-01
2025-01-11,1.3,2025-06-05,1.28,0.08,1.18,-0.12,2025-06-01
2025-01-11,1.3,2025-06-05,1.28,0.08,1.18,-0.12,2025-06-01
2025-01-11,1.3,2025-06-05,1.28,0.08,1.18,-0.12,2025-06-01
2025-01-11,3.82,2025-06-24,1.15,0.08,1.06,-2.76,2025-06-01
2025-01-09,0.6,2025-01-20,1.5,0.08,1.38,0.78,2025-01-01
2025-01-09,0.52,2025-01-13,0.98,0.15,0.83,0.31,2025-01-01
2025-01-09,0.52,2025-01-13,0.98,0.15,0.83,0.31,2025-01-01
2025-01-09,0.52,2025-01-24,0.98,0.08,0.9,0.38,2025-01-01
2025-01-09,0.42,2025-04-24,0.75,0.08,0.69,0.27,2025-04-01
2025-01-09,0.58,2025-03-03,1.09,0.08,1.0,0.42,2025-03-01
2025-01-09,0.55,2025-04-25,0.66,0.08,0.61,0.06,2025-04-01
2025-01-09,0.55,2025-04-25,0.66,0.08,0.61,0.06,2025-04-01
2025-01-09,0.55,2025-04-25,0.66,0.08,0.61,0.06,2025-04-01
2025-01-09,0.55,2025-04-27,0.7,0.08,0.64,0.09,2025-04-01
2025-01-09,0.55,2025-04-27,0.7,0.08,0.64,0.09,2025-04-01
2025-01-09,0.82,2025-03-15,1.57,0.08,1.44,0.62,2025-03-01
2025-01-09,0.78,2025-04-18,1.08,0.08,0.99,0.21,2025-04-01
2025-01-09,1.04,2025-01-28,1.4,0.08,1.29,0.25,2025-01-01
2025-01-09,1.3,2025-01-17,1.68,0.08,1.55,0.25,2025-01-01
2025-01-09,1.3,2025-06-05,1.28,0.08,1.18,-0.12,2025-06-01
2025-01-09,1.3,2025-06-03,1.28,0.08,1.18,-0.12,2025-06-01
2025-01-09,1.3,2025-06-03,1.28,0.08,1.18,-0.12,2025-06-01
2025-01-09,1.3,2025-06-03,1.28,0.08,1.18,-0.12,2025-06-01
2025-01-09,1.3,2025-06-03,1.28,0.08,1.18,-0.12,2025-06-01
2025-01-09,1.3,2025-06-03,1.28,0.08,1.18,-0.12,2025-06-01
2025-01-09,1.3,2025-06-03,1.28,0.08,1.18,-0.12,2025-06-01
2025-01-09,1.3,2025-05-02,1.36,0.08,1.25,-0.05,2025-05-01
2025-01-09,1.3,2025-05-02,1.36,0.08,1.25,-0.05,2025-05-01
2025-01-09,1.3,2025-05-02,1.36,0.08,1.25,-0.05,2025-05-01
2025-01-09,1.03,2025-06-10,1.14,0.08,1.05,0.02,2025-06-01
2025-01-09,1.03,2025-06-10,1.14,0.08,1.05,0.02,2025-06-01
2025-01-09,1.03,2025-06-10,1.14,0.08,1.05,0.02,2025-06-01
2025-01-09,1.03,2025-06-08,1.14,0.08,1.05,0.02,2025-06-01
2025-01-09,1.03,2025-06-08,1.14,0.08,1.05,0.02,2025-06-01
2025-01-09,1.03,2025-06-08,1.14,0.08,1.05,0.02,2025-06-01
2025-01-09,1.03,2025-06-08,1.14,0.08,1.05,0.02,2025-06-01
2025-01-09,1.03,2025-06-08,1.14,0.08,1.05,0.02,2025-06-01
2025-01-09,1.03,2025-05-15,1.18,0.08,1.09,0.06,2025-05-01
2025-01-09,1.03,2025-05-15,1.18,0.08,1.09,0.06,2025-05-01
2025-01-09,1.03,2025-05-15,1.18,0.08,1.09,0.06,2025-05-01
2025-01-09,1.03,2025-05-14,1.18,0.08,1.09,0.06,2025-05-01
2025-01-09,1.03,2025-05-14,1.18,0.08,1.09,0.06,2025-05-01
2025-01-09,1.03,2025-05-14,1.18,0.08,1.09,0.06,2025-05-01
2025-01-09,1.03,2025-05-14,1.18,0.08,1.09,0.06,2025-05-01
2025-01-09,7.21,2025-01-15,10.17,0.08,9.36,2.15,2025-01-01
2025-01-08,0.22,2025-06-20,0.14,0.08,0.13,-0.09,2025-06-01
2025-01-08,0.45,2025-04-19,0.56,0.08,0.52,0.07,2025-04-01
2025-01-08,3.93,2025-01-10,6.33,0.1,5.7,1.77,2025-01-01
2025-01-08,0.71,2025-06-03,0.53,0.08,0.49,-0.22,2025-06-01
2025-01-07,0.42,2025-04-24,0.56,0.08,0.52,0.1,2025-04-01
2025-01-07,1.77,2025-01-13,3.98,0.1,3.58,1.81,2025-01-01
2025-01-07,41.43,2025-01-10,50.07,0.1,45.06,3.63,2025-01-01
2025-01-07,0.5,2025-01-16,1.28,0.1,1.15,0.65,2025-01-01
2025-01-07,0.88,2025-01-14,1.48,0.1,1.33,0.45,2025-01-01
2025-01-07,0.85,2025-01-16,1.89,0.1,1.7,0.85,2025-01-01
2025-01-07,1.3,2025-01-15,1.6,0.1,1.44,0.14,2025-01-01
2025-01-07,1.5,2025-01-09,1.9,0.1,1.71,0.21,2025-01-01
2025-01-07,5.8,2025-01-08,7.43,0.1,6.69,0.89,2025-01-01
2025-01-07,1.12,2025-01-18,1.42,0.1,1.28,0.16,2025-01-01
2025-01-07,0.37,2025-01-15,1.28,0.1,1.15,0.78,2025-01-01
2025-01-07,3.11,2025-01-11,3.83,0.1,3.45,0.34,2025-01-01
2025-01-07,8.05,2025-01-18,9.97,0.1,8.97,0.92,2025-01-01
2025-01-07,0.73,2025-03-06,1.17,0.1,1.05,0.32,2025-03-01
2025-01-07,3.99,2025-02-24,5.27,0.1,4.74,0.75,2025-02-01
2025-01-07,8.0,2025-01-18,9.89,0.1,8.9,0.9,2025-01-01
2025-01-07,0.84,2025-01-18,1.44,0.1,1.3,0.46,2025-01-01
2025-01-07,1.38,2025-01-09,1.69,0.1,1.52,0.14,2025-01-01
2025-01-07,15.2,2025-01-11,18.38,0.1,16.54,1.34,2025-01-01
2025-01-07,1.46,2025-01-09,1.95,0.1,1.76,0.29,2025-01-01
2025-01-07,0.67,2025-01-15,1.17,0.1,1.05,0.38,2025-01-01
2025-01-07,2.0,2025-01-12,3.24,0.1,2.92,0.92,2025-01-01
2025-01-07,1.22,2025-01-09,1.51,0.1,1.36,0.14,2025-01-01
2025-01-07,1.26,2025-01-09,1.51,0.1,1.36,0.1,2025-01-01
2025-01-07,0.55,2025-01-15,0.74,0.1,0.67,0.12,2025-01-01
2025-01-07,2.32,2025-01-09,3.4,0.1,3.06,0.74,2025-01-01
2025-01-07,2.81,2025-01-11,4.21,0.1,3.79,0.98,2025-01-01
2025-01-07,13.0,2025-01-13,16.04,0.1,14.44,1.44,2025-01-01
2025-01-07,0.14,2025-04-19,0.25,0.08,0.23,0.09,2025-04-01
2025-01-07,0.14,2025-04-18,0.25,0.08,0.23,0.09,2025-04-01
2025-01-07,0.14,2025-04-18,0.25,0.08,0.23,0.09,2025-04-01
2025-01-07,0.14,2025-04-18,0.25,0.08,0.23,0.09,2025-04-01
2025-01-07,0.14,2025-04-18,0.25,0.08,0.23,0.09,2025-04-01
2025-01-07,0.14,2025-04-18,0.25,0.08,0.23,0.09,2025-04-01
2025-01-07,0.14,2025-04-18,0.25,0.08,0.23,0.09,2025-04-01
2025-01-07,0.14,2025-04-18,0.25,0.08,0.23,0.09,2025-04-01
2025-01-07,0.18,2025-05-02,0.2,0.08,0.18,0.0,2025-05-01
2025-01-07,0.18,2025-05-02,0.2,0.08,0.18,0.0,2025-05-01
2025-01-07,0.18,2025-05-08,0.19,0.08,0.17,-0.01,2025-05-01
2025-01-07,0.18,2025-05-06,0.2,0.08,0.18,0.0,2025-05-01
2025-01-07,0.18,2025-05-06,0.2,0.08,0.18,0.0,2025-05-01
2025-01-07,0.18,2025-05-06,0.2,0.08,0.18,0.0,2025-05-01
2025-01-07,0.18,2025-05-06,0.2,0.08,0.18,0.0,2025-05-01
2025-01-07,0.18,2025-05-06,0.2,0.08,0.18,0.0,2025-05-01
2025-01-07,0.18,2025-05-05,0.2,0.08,0.18,0.0,2025-05-01
2025-01-07,0.18,2025-05-05,0.2,0.08,0.18,0.0,2025-05-01
2025-01-07,0.18,2025-05-05,0.2,0.08,0.18,0.0,2025-05-01
2025-01-07,0.17,2025-01-22,0.65,0.1,0.59,0.42,2025-01-01
2025-01-07,0.17,2025-01-26,0.65,0.1,0.59,0.42,2025-01-01
2025-01-07,0.17,2025-01-22,0.65,0.1,0.59,0.42,2025-01-01
2025-01-07,0.17,2025-01-22,0.65,0.1,0.59,0.42,2025-01-01
2025-01-07,0.17,2025-01-22,0.65,0.1,0.59,0.42,2025-01-01
2025-01-07,0.41,2025-01-18,0.99,0.1,0.89,0.48,2025-01-01
2025-01-07,0.41,2025-01-17,0.99,0.1,0.89,0.48,2025-01-01
2025-01-07,0.41,2025-01-16,0.99,0.1,0.89,0.48,2025-01-01
2025-01-07,0.41,2025-01-15,0.99,0.1,0.89,0.48,2025-01-01
2025-01-07,0.41,2025-01-15,0.99,0.1,0.89,0.48,2025-01-01
2025-01-07,3.0,2025-01-19,3.63,0.1,3.27,0.27,2025-01-01
2025-01-07,9.99,2025-01-13,12.11,0.1,10.9,0.91,2025-01-01
2025-01-06,0.41,2025-01-15,0.99,0.1,0.89,0.48,2025-01-01
2025-01-06,0.41,2025-01-15,0.99,0.1,0.89,0.48,2025-01-01
2025-01-06,0.41,2025-01-15,0.99,0.1,0.89,0.48,2025-01-01
2025-01-06,0.41,2025-01-15,0.99,0.1,0.89,0.48,2025-01-01
2025-01-06,0.41,2025-01-19,0.99,0.1,0.89,0.48,2025-01-01
2025-01-06,0.41,2025-01-19,0.99,0.1,0.89,0.48,2025-01-01
2025-01-06,0.41,2025-01-19,0.99,0.1,0.89,0.48,2025-01-01
2025-01-06,0.45,2025-05-02,0.39,0.08,0.36,-0.09,2025-05-01
2025-01-06,0.45,2025-05-02,0.39,0.08,0.36,-0.09,2025-05-01
2025-01-06,0.45,2025-05-02,0.39,0.08,0.36,-0.09,2025-05-01
2025-01-06,0.45,2025-05-02,0.39,0.08,0.36,-0.09,2025-05-01
2025-01-06,0.45,2025-05-02,0.39,0.08,0.36,-0.09,2025-05-01
2025-01-06,0.45,2025-05-01,0.39,0.08,0.36,-0.09,2025-05-01
2025-01-06,0.71,2025-01-18,2.09,0.1,1.88,1.17,2025-01-01
2025-01-06,0.71,2025-01-18,2.09,0.1,1.88,1.17,2025-01-01
2025-01-06,0.71,2025-01-18,2.09,0.1,1.88,1.17,2025-01-01
2025-01-06,0.71,2025-01-18,2.09,0.1,1.88,1.17,2025-01-01
2025-01-06,0.71,2025-01-18,2.09,0.1,1.88,1.17,2025-01-01
2025-01-06,0.71,2025-01-18,2.09,0.1,1.88,1.17,2025-01-01
2025-01-06,0.71,2025-01-18,2.09,0.1,1.88,1.17,2025-01-01
2025-01-06,0.71,2025-01-18,2.09,0.1,1.88,1.17,2025-01-01
2025-01-06,0.71,2025-01-18,2.09,0.1,1.88,1.17,2025-01-01
2025-01-06,0.71,2025-01-15,2.09,0.1,1.88,1.17,2025-01-01
2025-01-06,0.71,2025-01-15,2.09,0.1,1.88,1.17,2025-01-01
2025-01-06,0.71,2025-01-15,2.09,0.1,1.88,1.17,2025-01-01
2025-01-06,0.71,2025-01-15,2.09,0.1,1.88,1.17,2025-01-01
2025-01-06,2.08,2025-01-16,2.88,0.1,2.59,0.51,2025-01-01
2025-01-06,2.93,2025-01-11,4.21,0.1,3.79,0.86,2025-01-01
2025-01-06,0.21,2025-05-05,0.2,0.08,0.18,-0.03,2025-05-01
2025-01-06,0.73,2025-04-24,0.89,0.08,0.82,0.09,2025-04-01
2025-01-06,0.86,2025-01-30,1.44,0.1,1.3,0.44,2025-01-01
2025-01-06,0.95,2025-05-01,0.64,0.08,0.59,-0.36,2025-05-01
2025-01-06,0.36,2025-01-15,1.28,0.1,1.15,0.79,2025-01-01
2025-01-06,0.36,2025-01-15,1.28,0.1,1.15,0.79,2025-01-01
2025-01-06,1.2,2025-01-14,2.34,0.1,2.11,0.91,2025-01-01
2025-01-06,1.72,2025-01-12,3.24,0.1,2.92,1.2,2025-01-01
2025-01-06,4.34,2025-06-01,2.62,0.08,2.41,-1.93,2025-06-01
2025-01-06,2.08,2025-01-14,2.88,0.1,2.59,0.51,2025-01-01
2025-01-06,2.66,2025-01-08,3.3,0.1,2.97,0.31,2025-01-01
2025-01-06,2.42,2025-01-15,3.4,0.1,3.06,0.64,2025-01-01
2025-01-06,2.69,2025-01-08,3.42,0.1,3.08,0.39,2025-01-01
2025-01-06,2.39,2025-01-17,3.63,0.1,3.27,0.88,2025-01-01
2025-01-06,3.71,2025-01-11,4.81,0.1,4.33,0.62,2025-01-01
2025-01-06,4.04,2025-01-08,5.26,0.1,4.73,0.69,2025-01-01
2025-01-06,0.15,2025-01-22,0.65,0.1,0.59,0.44,2025-01-01
2025-01-06,0.37,2025-01-19,0.99,0.1,0.89,0.52,2025-01-01
2025-01-06,0.37,2025-01-18,0.99,0.1,0.89,0.52,2025-01-01
2025-01-06,0.41,2025-05-01,0.39,0.08,0.36,-0.05,2025-05-01
2025-01-06,0.65,2025-01-15,2.09,0.1,1.88,1.23,2025-01-01
2025-01-06,0.65,2025-01-15,2.09,0.1,1.88,1.23,2025-01-01
2025-01-06,0.5,2025-04-28,0.7,0.08,0.64,0.14,2025-04-01
2025-01-06,0.44,2025-05-01,0.95,0.08,0.87,0.43,2025-05-01
2025-01-06,0.34,2025-01-15,1.28,0.1,1.15,0.81,2025-01-01
2025-01-06,8.37,2025-01-14,10.96,0.1,9.86,1.49,2025-01-01
2025-01-06,0.4,2025-05-08,0.32,0.08,0.29,-0.11,2025-05-01
2025-01-06,1.57,2025-01-08,2.48,0.1,2.23,0.66,2025-01-01
2025-01-06,2.39,2025-01-12,3.63,0.1,3.27,0.88,2025-01-01
2025-01-06,3.19,2025-01-11,4.7,0.1,4.23,1.04,2025-01-01
2025-01-06,7.2,2025-01-22,8.95,0.1,8.06,0.85,2025-01-01
2025-01-06,1.84,2025-02-05,2.87,0.1,2.58,0.74,2025-02-01
2025-01-06,0.66,2025-01-08,1.25,0.1,1.12,0.46,2025-01-01
2025-01-06,2.03,2025-01-13,3.43,0.1,3.09,1.06,2025-01-01
2025-01-06,0.47,2025-01-13,0.91,0.1,0.82,0.35,2025-01-01
2025-01-06,0.47,2025-01-13,0.91,0.1,0.82,0.35,2025-01-01
2025-01-06,0.08,2025-05-04,0.06,0.08,0.06,-0.02,2025-05-01
2025-01-06,0.08,2025-05-04,0.06,0.08,0.06,-0.02,2025-05-01
2025-01-06,0.73,2025-01-18,1.24,0.1,1.12,0.39,2025-01-01
2025-01-06,0.75,2025-01-08,1.25,0.1,1.12,0.38,2025-01-01
2025-01-06,0.62,2025-01-10,1.28,0.1,1.15,0.53,2025-01-01
2025-01-06,0.49,2025-01-19,1.28,0.1,1.15,0.66,2025-01-01
2025-01-06,0.49,2025-01-19,1.28,0.1,1.15,0.66,2025-01-01
2025-01-06,0.59,2025-01-14,1.57,0.1,1.41,0.82,2025-01-01
2025-01-06,1.2,2025-01-31,1.9,0.1,1.71,0.51,2025-01-01
2025-01-06,1.31,2025-01-13,2.34,0.1,2.11,0.8,2025-01-01
2025-01-06,2.3,2025-01-27,3.49,0.1,3.14,0.84,2025-01-01
2025-01-06,2.24,2025-01-10,3.49,0.1,3.14,0.9,2025-01-01
2025-01-06,2.24,2025-01-31,3.49,0.1,3.14,0.9,2025-01-01
2025-01-06,2.23,2025-01-27,3.49,0.1,3.14,0.91,2025-01-01
2025-01-06,2.0,2025-02-10,3.49,0.1,3.14,1.14,2025-02-01
2025-01-06,2.0,2025-02-08,3.49,0.1,3.14,1.14,2025-02-01
2025-01-06,1.98,2025-02-15,3.49,0.1,3.14,1.16,2025-02-01
2025-01-06,1.97,2025-02-17,3.49,0.1,3.14,1.17,2025-02-01
2025-01-06,3.5,2025-01-13,5.33,0.1,4.8,1.3,2025-01-01
2025-01-06,5.0,2025-02-19,7.24,0.1,6.52,1.52,2025-02-01
2025-01-04,0.18,2025-05-05,0.2,0.08,0.18,0.0,2025-05-01
2025-01-04,0.18,2025-05-04,0.2,0.08,0.18,0.0,2025-05-01
2025-01-04,0.15,2025-04-27,0.31,0.08,0.29,0.14,2025-04-01
2025-01-04,0.28,2025-05-08,0.34,0.1,0.31,0.03,2025-05-01
2025-01-04,0.26,2025-05-06,0.35,0.1,0.32,0.05,2025-05-01
2025-01-04,0.16,2025-01-29,0.93,0.1,0.84,0.68,2025-01-01
2025-01-04,0.45,2025-05-15,0.37,0.08,0.34,-0.11,2025-05-01
2025-01-04,0.45,2025-05-15,0.37,0.08,0.34,-0.11,2025-05-01
2025-01-04,1.32,2025-05-01,1.12,0.1,1.01,-0.31,2025-05-01
2025-01-04,0.18,2025-05-04,0.2,0.08,0.18,0.0,2025-05-01
2025-01-04,0.28,2025-04-26,0.37,0.1,0.33,0.05,2025-04-01
2025-01-04,11.08,2025-01-10,13.77,0.1,12.39,1.31,2025-01-01
2025-01-04,0.42,2025-01-11,1.02,0.1,0.92,0.5,2025-01-01
2025-01-04,0.81,2025-01-11,1.55,0.1,1.4,0.58,2025-01-01
2025-01-04,1.22,2025-01-06,1.58,0.1,1.42,0.2,2025-01-01
2025-01-03,6.0,2025-01-08,9.09,0.1,8.18,2.18,2025-01-01
2025-01-03,1.37,2025-01-05,1.77,0.1,1.59,0.22,2025-01-01
2025-01-03,0.63,2025-01-05,1.12,0.1,1.01,0.38,2025-01-01
2025-01-03,0.88,2025-01-11,1.15,0.1,1.03,0.15,2025-01-01
2025-01-03,1.49,2025-03-12,2.33,0.1,2.1,0.61,2025-03-01
2025-01-03,2.25,2025-01-12,3.79,0.1,3.41,1.16,2025-01-01
2025-01-03,2.25,2025-04-18,2.11,0.08,1.94,-0.31,2025-04-01
2025-01-03,2.25,2025-04-07,2.89,0.08,2.66,0.41,2025-04-01
2025-01-03,2.25,2025-04-08,2.89,0.08,2.66,0.41,2025-04-01
2025-01-03,0.42,2025-04-19,0.56,0.08,0.52,0.1,2025-04-01
2025-01-03,1.2,2025-05-04,1.12,0.08,1.03,-0.17,2025-05-01
2025-01-03,6.88,2025-04-22,7.58,0.08,6.97,0.09,2025-04-01
2025-01-03,10.13,2025-01-11,13.2,0.1,11.88,1.75,2025-01-01
2025-01-03,1.83,2025-01-05,2.56,0.1,2.3,0.47,2025-01-01
2025-01-03,6.22,2025-01-06,8.3,0.1,7.47,1.25,2025-01-01
2025-01-03,1.03,2025-07-05,2.64,0.1,2.38,1.35,2025-07-01
2025-01-03,1.69,2025-05-04,1.12,0.08,1.03,-0.66,2025-05-01
2025-01-03,1.69,2025-05-04,1.12,0.08,1.03,-0.66,2025-05-01
2025-01-03,1.05,2025-01-10,1.82,0.1,1.64,0.59,2025-01-01
2025-01-03,0.53,2025-05-15,0.37,0.08,0.34,-0.19,2025-05-01
2025-01-03,1.15,2025-01-06,2.09,0.1,1.88,0.73,2025-01-01
2025-01-03,2.5,2025-01-07,3.13,0.1,2.82,0.32,2025-01-01
2025-01-03,4.15,2025-01-12,5.61,0.1,5.05,0.9,2025-01-01
2025-01-03,4.28,2025-01-11,6.79,0.1,6.11,1.83,2025-01-01
2025-01-03,6.85,2025-01-12,10.61,0.1,9.55,2.7,2025-01-01
2025-01-03,14.24,2025-01-07,18.36,0.1,16.52,2.28,2025-01-01
2025-01-02,4.82,2025-01-02,5.97,0.1,5.37,0.55,2025-01-01
2025-01-02,0.96,2025-01-27,1.49,0.1,1.34,0.38,2025-01-01
2025-01-01,3.91,2025-01-09,7.33,0.1,6.6,2.69,2025-01-01
2025-01-01,5.23,2025-01-18,10.61,0.1,9.55,4.32,2025-01-01
2025-01-01,0.12,2025-05-17,0.18,0.08,0.17,0.05,2025-05-01
2025-01-01,0.26,2025-05-04,0.35,0.1,0.32,0.05,2025-05-01
2024-12-31,0.12,2025-05-17,0.18,0.08,0.17,0.05,2025-05-01
2024-12-31,0.25,2025-05-10,0.34,0.08,0.31,0.06,2025-05-01
2024-12-31,0.41,2025-05-15,0.37,0.08,0.34,-0.07,2025-05-01
2024-12-31,1.15,2025-01-02,2.56,0.1,2.3,1.15,2025-01-01
2024-12-31,0.53,2025-01-11,1.89,0.1,1.7,1.17,2025-01-01
2024-12-31,0.59,2025-01-08,1.61,0.1,1.45,0.86,2025-01-01
2024-12-31,0.1,2025-05-01,0.04,0.08,0.04,-0.06,2025-05-01
2024-12-31,0.48,2025-04-19,0.56,0.08,0.52,0.04,2025-04-01
2024-12-31,0.81,2025-02-26,1.74,0.1,1.57,0.76,2025-02-01
2024-12-31,9.06,2025-01-13,12.0,0.1,10.8,1.74,2025-01-01
2024-12-31,0.19,2025-04-27,0.31,0.08,0.29,0.1,2025-04-01
2024-12-31,2.06,2025-01-07,2.68,0.1,2.41,0.35,2025-01-01
2024-12-31,4.62,2025-01-02,7.95,0.1,7.16,2.54,2025-01-01
2024-12-31,0.53,2025-04-28,0.7,0.08,0.64,0.11,2025-04-01
2024-12-31,10.0,2025-02-05,13.2,0.1,11.88,1.88,2025-02-01
2024-12-30,0.77,2025-03-18,1.32,0.08,1.21,0.44,2025-03-01
2024-12-30,0.42,2025-04-25,0.59,0.08,0.54,0.12,2025-04-01
2024-12-30,1.3,2025-01-04,1.69,0.1,1.52,0.22,2025-01-01
2024-12-30,1.3,2025-01-04,1.69,0.1,1.52,0.22,2025-01-01
2024-12-30,1.25,2025-04-29,1.48,0.08,1.36,0.11,2025-04-01
2024-12-30,1.25,2025-04-29,1.48,0.08,1.36,0.11,2025-04-01
2024-12-30,1.3,2025-01-04,1.69,0.1,1.52,0.22,2025-01-01
2024-12-30,1.2,2025-01-04,1.69,0.1,1.52,0.32,2025-01-01
2024-12-30,1.2,2025-01-04,1.69,0.1,1.52,0.32,2025-01-01
2024-12-30,1.2,2025-01-03,1.69,0.1,1.52,0.32,2025-01-01
2024-12-30,1.2,2025-03-16,0.28,0.08,0.26,-0.94,2025-03-01
2024-12-30,1.2,2025-03-16,0.28,0.08,0.26,-0.94,2025-03-01
2024-12-30,1.2,2025-03-16,0.28,0.08,0.26,-0.94,2025-03-01
2024-12-30,1.2,2025-03-16,0.28,0.08,0.26,-0.94,2025-03-01
2024-12-30,1.66,2025-05-04,1.12,0.08,1.03,-0.63,2025-05-01
2024-12-30,1.66,2025-05-04,1.12,0.08,1.03,-0.63,2025-05-01
2024-12-30,1.66,2025-05-02,1.12,0.08,1.03,-0.63,2025-05-01
2024-12-30,1.66,2025-05-02,1.12,0.08,1.03,-0.63,2025-05-01
2024-12-30,2.37,2025-01-02,2.97,0.1,2.67,0.3,2025-01-01
2024-12-30,0.11,2025-03-13,0.54,0.1,0.49,0.38,2025-03-01
2024-12-30,0.1,2025-05-17,0.18,0.08,0.17,0.07,2025-05-01
2024-12-30,0.1,2025-05-17,0.18,0.08,0.17,0.07,2025-05-01
2024-12-30,0.14,2025-01-29,0.93,0.1,0.84,0.7,2025-01-01
2024-12-30,0.48,2025-04-28,0.7,0.08,0.64,0.16,2025-04-01
2024-12-30,0.48,2025-04-28,0.7,0.08,0.64,0.16,2025-04-01
2024-12-30,0.48,2025-04-28,0.7,0.08,0.64,0.16,2025-04-01
2024-12-30,0.42,2025-04-25,0.62,0.08,0.57,0.15,2025-04-01
2024-12-30,0.65,2025-01-09,1.61,0.1,1.45,0.8,2025-01-01
2024-12-30,0.87,2025-01-31,1.74,0.1,1.57,0.7,2025-01-01
2024-12-30,5.3,2025-05-03,4.24,0.08,3.9,-1.4,2025-05-01
2024-12-30,36.05,2025-02-01,39.99,0.1,35.99,-0.06,2025-02-01
2024-12-30,7.11,2025-01-24,13.2,0.1,11.88,4.77,2025-01-01
2024-12-30,0.87,2025-01-21,1.82,0.1,1.64,0.77,2025-01-01
2024-12-29,0.8,2025-02-12,1.74,0.1,1.57,0.77,2025-02-01
2024-12-29,0.04,2025-05-04,0.06,0.08,0.06,0.02,2025-05-01
2024-12-29,45.0,2025-02-20,50.1,0.1,45.09,0.09,2025-02-01
2024-12-29,1.2,2025-01-10,2.09,0.1,1.88,0.68,2025-01-01
2024-12-29,1.33,2025-01-02,1.74,0.1,1.57,0.24,2025-01-01
2024-12-29,4.08,2025-01-06,5.43,0.1,4.89,0.81,2025-01-01
2024-12-29,1.18,2025-01-07,2.16,0.1,1.94,0.76,2025-01-01
2024-12-29,1.18,2025-01-02,2.16,0.1,1.94,0.76,2025-01-01
2024-12-29,7.61,2025-01-04,13.2,0.1,11.88,4.27,2025-01-01
2024-12-29,0.4,2025-01-09,0.67,0.1,0.6,0.2,2025-01-01
2024-12-29,0.4,2025-01-09,0.67,0.1,0.6,0.2,2025-01-01
2024-12-29,0.4,2025-01-07,0.72,0.1,0.65,0.25,2025-01-01
2024-12-29,0.44,2025-01-02,0.86,0.1,0.77,0.33,2025-01-01
2024-12-29,0.44,2025-01-02,0.86,0.1,0.77,0.33,2025-01-01
2024-12-29,0.44,2025-01-02,0.86,0.1,0.77,0.33,2025-01-01
2024-12-29,4.92,2025-01-08,6.73,0.1,6.06,1.14,2025-01-01
2024-12-29,0.93,2025-01-13,1.55,0.1,1.4,0.46,2025-01-01
2024-12-29,0.58,2025-06-02,0.53,0.08,0.49,-0.09,2025-06-01
2024-12-29,0.43,2025-04-19,0.57,0.08,0.52,0.09,2025-04-01
2024-12-29,0.96,2025-02-13,1.74,0.1,1.57,0.61,2025-02-01
2024-12-29,1.22,2025-01-11,1.92,0.1,1.73,0.51,2025-01-01
2024-12-29,7.99,2025-02-08,13.2,0.1,11.88,3.89,2025-02-01
2024-12-29,30.0,2025-01-02,37.34,0.1,33.61,3.61,2025-01-01
2024-12-29,29.69,2025-01-06,39.06,0.1,35.15,5.46,2025-01-01
2024-12-27,0.13,2025-05-17,0.18,0.08,0.17,0.04,2025-05-01
2024-12-27,0.64,2024-12-30,1.89,0.1,1.7,1.06,2024-12-01
2024-12-27,12.72,2025-01-06,15.78,0.1,14.2,1.48,2025-01-01
2024-12-27,0.53,2025-05-15,0.37,0.08,0.34,-0.19,2025-05-01
2024-12-27,0.07,2025-05-01,0.04,0.08,0.04,-0.03,2025-05-01
2024-12-27,14.7,2024-12-28,18.36,0.1,16.52,1.82,2024-12-01
2024-12-27,14.7,2025-01-04,18.36,0.1,16.52,1.82,2025-01-01
2024-12-27,14.7,2025-01-04,18.36,0.1,16.52,1.82,2025-01-01
2024-12-27,29.35,2025-01-29,35.34,0.1,31.81,2.46,2025-01-01
2024-12-27,0.57,2024-12-30,1.61,0.1,1.45,0.88,2024-12-01
2024-12-26,0.58,2024-12-28,0.81,0.1,0.73,0.15,2024-12-01
2024-12-26,0.15,2025-05-17,0.18,0.08,0.17,0.02,2025-05-01
2024-12-26,0.15,2025-05-17,0.18,0.08,0.17,0.02,2025-05-01
2024-12-26,0.15,2025-05-17,0.18,0.08,0.17,0.02,2025-05-01
2024-12-26,0.15,2025-05-17,0.18,0.08,0.17,0.02,2025-05-01
2024-12-26,7.14,2024-12-28,8.97,0.1,8.07,0.93,2024-12-01
2024-12-26,0.57,2025-01-03,1.61,0.1,1.45,0.88,2025-01-01
2024-12-26,30.0,2025-01-30,35.34,0.1,31.81,1.81,2025-01-01
2024-12-26,4.1,2025-01-03,5.36,0.1,4.82,0.72,2025-01-01
2024-12-26,4.1,2025-01-03,5.36,0.1,4.82,0.72,2025-01-01
2024-12-26,4.1,2025-01-03,5.36,0.1,4.82,0.72,2025-01-01
2024-12-26,4.1,2025-01-03,5.36,0.1,4.82,0.72,2025-01-01
2024-12-26,0.75,2025-01-03,1.89,0.1,1.7,0.95,2025-01-01
2024-12-26,0.62,2025-01-05,1.61,0.1,1.45,0.83,2025-01-01
2024-12-26,0.4,2025-01-07,0.72,0.1,0.65,0.25,2025-01-01
2024-12-26,0.61,2024-12-28,0.84,0.1,0.76,0.15,2024-12-01
2024-12-26,1.18,2025-04-24,1.23,0.08,1.13,-0.05,2025-04-01
2024-12-26,1.3,2024-12-28,1.69,0.1,1.52,0.22,2024-12-01
2024-12-26,1.3,2024-12-28,1.69,0.1,1.52,0.22,2024-12-01
2024-12-26,1.36,2024-12-30,2.09,0.1,1.88,0.52,2024-12-01
2024-12-26,1.14,2024-12-28,2.09,0.1,1.88,0.74,2024-12-01
2024-12-26,1.45,2025-01-02,1.86,0.1,1.67,0.22,2025-01-01
2024-12-26,1.33,2025-04-29,1.55,0.08,1.43,0.1,2025-04-01
2024-12-26,2.0,2025-01-26,2.55,0.1,2.3,0.29,2025-01-01
2024-12-26,5.0,2024-12-30,6.73,0.1,6.06,1.06,2024-12-01
2024-12-26,0.72,2025-03-31,1.37,0.08,1.26,0.54,2025-03-01
2024-12-26,5.92,2024-12-30,7.45,0.1,6.7,0.79,2024-12-01
2024-12-25,0.45,2025-05-01,0.95,0.08,0.87,0.42,2025-05-01
2024-12-25,0.45,2025-05-01,0.95,0.08,0.87,0.42,2025-05-01
2024-12-25,8.0,2025-02-08,9.95,0.1,8.96,0.96,2025-02-01
2024-12-25,0.28,2025-01-13,0.9,0.1,0.81,0.53,2025-01-01
2024-12-25,0.05,2025-05-04,0.06,0.08,0.06,0.01,2025-05-01
2024-12-25,8.0,2025-02-08,9.95,0.1,8.96,0.96,2025-02-01
2024-12-25,8.0,2025-02-08,9.95,0.1,8.96,0.96,2025-02-01
2024-12-25,8.0,2025-02-08,9.95,0.1,8.96,0.96,2025-02-01
2024-12-25,8.0,2025-02-08,9.95,0.1,8.96,0.96,2025-02-01
2024-12-25,8.0,2025-02-08,9.95,0.1,8.96,0.96,2025-02-01
2024-12-25,8.0,2025-02-08,9.95,0.1,8.96,0.96,2025-02-01
2024-12-25,8.0,2025-02-08,9.95,0.1,8.96,0.96,2025-02-01
2024-12-25,8.0,2025-02-08,9.95,0.1,8.96,0.96,2025-02-01
2024-12-25,8.0,2025-02-08,9.95,0.1,8.96,0.96,2025-02-01
2024-12-25,0.55,2025-01-02,1.61,0.1,1.45,0.9,2025-01-01
2024-12-25,0.11,2025-05-17,0.18,0.08,0.17,0.06,2025-05-01
2024-12-25,1.71,2025-01-02,2.56,0.1,2.3,0.59,2025-01-01
2024-12-25,29.45,2025-01-31,35.34,0.1,31.81,2.36,2025-01-01
2024-12-25,5.5,2025-01-03,10.61,0.1,9.55,4.05,2025-01-01
2024-12-25,5.5,2024-12-30,10.61,0.1,9.55,4.05,2024-12-01
2024-12-25,3.89,2024-12-30,4.96,0.1,4.46,0.57,2024-12-01
2024-12-25,0.4,2024-12-29,0.82,0.1,0.74,0.34,2024-12-01
2024-12-25,1.08,2025-01-01,1.82,0.1,1.64,0.56,2025-01-01
2024-12-25,0.18,2025-04-27,0.31,0.08,0.29,0.11,2025-04-01
2024-12-25,0.2,2025-01-29,0.93,0.1,0.84,0.64,2025-01-01
2024-12-25,0.2,2025-01-29,0.93,0.1,0.84,0.64,2025-01-01
2024-12-25,1.19,2024-12-27,1.92,0.1,1.73,0.54,2024-12-01
2024-12-25,0.41,2025-01-07,0.72,0.1,0.65,0.24,2025-01-01
2024-12-25,0.12,2025-05-17,0.18,0.08,0.17,0.05,2025-05-01
2024-12-25,2.1,2025-01-02,3.79,0.1,3.41,1.31,2025-01-01
2024-12-25,2.1,2025-01-04,3.79,0.1,3.41,1.31,2025-01-01
2024-12-25,0.61,2024-12-28,0.84,0.1,0.76,0.15,2024-12-01
2024-12-25,0.61,2024-12-28,0.84,0.1,0.76,0.15,2024-12-01
2024-12-25,0.61,2024-12-28,0.84,0.1,0.76,0.15,2024-12-01
2024-12-25,0.61,2024-12-28,0.84,0.1,0.76,0.15,2024-12-01
2024-12-25,0.61,2024-12-28,0.84,0.1,0.76,0.15,2024-12-01
2024-12-25,0.61,2024-12-28,0.84,0.1,0.76,0.15,2024-12-01
2024-12-25,0.15,2025-05-10,0.18,0.08,0.17,0.02,2025-05-01
2024-12-25,0.19,2025-04-25,0.26,0.08,0.24,0.05,2025-04-01
2024-12-25,0.19,2025-04-25,0.26,0.08,0.24,0.05,2025-04-01
2024-12-25,0.21,2025-01-29,0.93,0.1,0.84,0.63,2025-01-01
2024-12-25,1.37,2025-01-02,2.56,0.1,2.3,0.93,2025-01-01
2024-12-24,7.0,2025-01-04,10.61,0.1,9.55,2.55,2025-01-01
2024-12-24,0.65,2025-03-17,0.95,0.08,0.87,0.22,2025-03-01
2024-12-24,0.14,2025-03-13,0.54,0.1,0.49,0.35,2025-03-01
2024-12-24,0.37,2025-03-28,0.54,0.08,0.5,0.13,2025-03-01
2024-12-24,0.54,2025-04-24,0.75,0.08,0.69,0.15,2025-04-01
2024-12-24,0.85,2024-12-27,1.81,0.1,1.63,0.78,2024-12-01
2024-12-24,1.47,2025-01-08,3.79,0.1,3.41,1.94,2025-01-01
2024-12-24,6.9,2025-02-18,8.01,0.1,7.21,0.31,2025-02-01
2024-12-24,1.39,2025-01-01,1.86,0.1,1.67,0.28,2025-01-01
2024-12-24,0.94,2025-01-10,1.55,0.1,1.4,0.46,2025-01-01
2024-12-24,6.0,2024-12-30,7.82,0.1,7.04,1.04,2024-12-01
2024-12-24,0.92,2025-01-14,1.55,0.1,1.4,0.47,2025-01-01
2024-12-24,2.5,2025-01-03,3.18,0.1,2.86,0.36,2025-01-01
2024-12-24,1.4,2025-01-01,2.09,0.1,1.88,0.48,2025-01-01
2024-12-24,0.05,2025-05-01,0.05,0.08,0.05,-0.0,2025-05-01
2024-12-24,0.58,2024-12-26,0.81,0.1,0.73,0.15,2024-12-01
2024-12-24,0.58,2024-12-28,0.81,0.1,0.73,0.15,2024-12-01
2024-12-24,1.33,2025-04-22,2.02,0.08,1.86,0.53,2025-04-01
2024-12-24,1.5,2024-12-28,2.56,0.1,2.3,0.8,2024-12-01
2024-12-24,1.79,2025-01-02,2.28,0.1,2.05,0.26,2025-01-01
2024-12-24,2.2,2024-12-30,2.99,0.1,2.69,0.49,2024-12-01
2024-12-24,1.6,2025-01-02,2.24,0.1,2.02,0.42,2025-01-01
2024-12-24,2.08,2024-12-28,2.81,0.1,2.53,0.45,2024-12-01
2024-12-24,3.39,2024-12-26,5.11,0.1,4.6,1.21,2024-12-01
2024-12-24,4.12,2024-12-30,5.43,0.1,4.89,0.77,2024-12-01
2024-12-24,7.77,2024-12-25,9.69,0.1,8.72,0.95,2024-12-01
2024-12-24,7.77,2024-12-25,9.69,0.1,8.72,0.95,2024-12-01
2024-12-24,2.09,2025-04-20,2.38,0.08,2.19,0.1,2025-04-01
2024-12-24,0.36,2025-01-13,0.9,0.1,0.81,0.45,2025-01-01
2024-12-24,0.27,2025-01-13,0.9,0.1,0.81,0.54,2025-01-01
2024-12-24,0.53,2025-05-05,0.67,0.08,0.62,0.09,2025-05-01
2024-12-24,1.02,2025-02-14,1.74,0.1,1.57,0.55,2025-02-01
2024-12-24,1.49,2025-04-14,2.33,0.08,2.14,0.65,2025-04-01
2024-12-23,1.5,2025-06-02,2.04,0.08,1.88,0.38,2025-06-01
2024-12-22,0.49,2025-01-04,1.12,0.1,1.01,0.52,2025-01-01
2024-12-22,0.57,2025-03-17,0.95,0.08,0.87,0.3,2025-03-01
2024-12-22,0.92,2024-12-30,1.81,0.1,1.63,0.71,2024-12-01
2024-12-22,30.0,2025-01-31,35.34,0.1,31.81,1.81,2025-01-01
2024-12-22,7.12,2025-02-18,8.01,0.1,7.21,0.09,2025-02-01
2024-12-22,1.25,2024-12-23,2.04,0.1,1.84,0.59,2024-12-01
2024-12-22,1.52,2025-01-02,2.25,0.1,2.02,0.5,2025-01-01
2024-12-22,8.08,2024-12-30,13.2,0.1,11.88,3.8,2024-12-01
2024-12-22,14.06,2024-12-30,17.57,0.1,15.81,1.75,2024-12-01
2024-12-22,1.0,2025-01-01,1.82,0.1,1.64,0.64,2025-01-01
2024-12-22,2.73,2025-01-05,3.6,0.1,3.24,0.51,2025-01-01
2024-12-22,4.35,2024-12-30,5.61,0.1,5.05,0.7,2024-12-01
2024-12-22,0.96,2025-01-10,1.92,0.1,1.73,0.77,2025-01-01
2024-12-22,1.46,2024-12-30,1.86,0.1,1.67,0.21,2024-12-01
2024-12-22,5.41,2024-12-23,7.52,0.1,6.77,1.36,2024-12-01
2024-12-22,3.97,2025-01-01,7.33,0.1,6.6,2.63,2025-01-01
2024-12-22,6.94,2025-02-20,9.08,0.1,8.17,1.23,2025-02-01
2024-12-22,1.75,2024-12-27,2.68,0.1,2.41,0.66,2024-12-01
2024-12-22,0.44,2025-01-07,0.72,0.1,0.65,0.21,2025-01-01
2024-12-22,0.91,2024-12-30,1.49,0.1,1.34,0.43,2024-12-01
2024-12-22,0.93,2025-01-15,1.55,0.1,1.4,0.46,2025-01-01
2024-12-22,1.05,2025-02-03,1.92,0.1,1.73,0.68,2025-02-01
2024-12-22,0.98,2024-12-28,1.92,0.1,1.73,0.75,2024-12-01
2024-12-22,1.22,2024-12-27,2.09,0.1,1.88,0.66,2024-12-01
2024-12-22,1.47,2025-01-01,1.86,0.1,1.67,0.2,2025-01-01
2024-12-22,5.41,2024-12-29,7.05,0.1,6.34,0.93,2024-12-01
2024-12-21,2.95,2024-12-29,5.6,0.1,5.04,2.09,2024-12-01
2024-12-21,4.16,2024-12-29,5.36,0.1,4.82,0.66,2024-12-01
2024-12-21,0.41,2024-12-28,1.56,0.1,1.4,0.99,2024-12-01
2024-12-21,7.11,2025-05-07,6.99,0.08,6.43,-0.68,2025-05-01
2024-12-21,13.98,2024-12-24,17.32,0.1,15.59,1.61,2024-12-01
2024-12-21,4.0,2024-12-28,7.19,0.1,6.47,2.47,2024-12-01
2024-12-21,0.21,2025-01-29,0.93,0.1,0.84,0.63,2025-01-01
2024-12-21,0.54,2024-12-28,1.02,0.1,0.92,0.38,2024-12-01
2024-12-21,0.54,2024-12-28,1.02,0.1,0.92,0.38,2024-12-01
2024-12-21,0.54,2024-12-28,1.02,0.1,0.92,0.38,2024-12-01
2024-12-21,0.54,2024-12-28,1.02,0.1,0.92,0.38,2024-12-01
2024-12-21,0.88,2025-01-27,1.49,0.1,1.34,0.46,2025-01-01
2024-12-21,1.16,2025-05-06,1.27,0.08,1.17,0.01,2025-05-01
2024-12-21,1.16,2025-05-06,1.27,0.08,1.17,0.01,2025-05-01
2024-12-21,1.16,2025-05-05,1.27,0.08,1.17,0.01,2025-05-01
2024-12-21,1.16,2025-05-05,1.27,0.08,1.17,0.01,2025-05-01
2024-12-21,1.16,2025-05-02,1.27,0.08,1.17,0.01,2025-05-01
2024-12-21,1.11,2025-05-01,1.27,0.08,1.17,0.06,2025-05-01
2024-12-21,1.2,2024-12-25,1.69,0.1,1.52,0.32,2024-12-01
2024-12-21,1.2,2024-12-23,1.69,0.1,1.52,0.32,2024-12-01
2024-12-21,1.2,2024-12-23,1.69,0.1,1.52,0.32,2024-12-01
2024-12-21,1.2,2024-12-23,1.69,0.1,1.52,0.32,2024-12-01
2024-12-21,1.2,2024-12-23,1.69,0.1,1.52,0.32,2024-12-01
2024-12-21,1.2,2024-12-23,1.69,0.1,1.52,0.32,2024-12-01
2024-12-21,1.2,2024-12-23,1.69,0.1,1.52,0.32,2024-12-01
2024-12-21,1.3,2024-12-25,2.09,0.1,1.88,0.58,2024-12-01
2024-12-21,1.25,2024-12-30,2.09,0.1,1.88,0.63,2024-12-01
2024-12-21,1.2,2024-12-30,2.09,0.1,1.88,0.68,2024-12-01
2024-12-21,1.42,2025-03-12,2.33,0.1,2.1,0.68,2025-03-01
2024-12-21,1.42,2025-02-23,2.33,0.1,2.1,0.68,2025-02-01
2024-12-20,1.15,2025-03-27,2.33,0.08,2.14,0.99,2025-03-01
2024-12-20,0.12,2024-12-29,0.65,0.1,0.59,0.47,2024-12-01
2024-12-20,0.12,2025-05-10,0.18,0.08,0.17,0.05,2025-05-01
2024-12-20,0.12,2025-05-08,0.18,0.08,0.17,0.05,2025-05-01
2024-12-20,0.15,2024-12-28,0.77,0.1,0.69,0.54,2024-12-01
2024-12-20,0.15,2025-04-25,0.26,0.08,0.24,0.09,2025-04-01
2024-12-20,0.15,2025-04-27,0.3,0.08,0.28,0.13,2025-04-01
2024-12-20,0.26,2025-05-10,0.34,0.08,0.31,0.05,2025-05-01
2024-12-20,0.26,2025-05-09,0.34,0.08,0.31,0.05,2025-05-01
2024-12-20,0.26,2025-05-09,0.34,0.08,0.31,0.05,2025-05-01
2024-12-20,0.26,2025-05-09,0.34,0.08,0.31,0.05,2025-05-01
2024-12-20,0.17,2025-01-26,0.93,0.1,0.84,0.67,2025-01-01
2024-12-20,0.17,2025-01-26,0.93,0.1,0.84,0.67,2025-01-01
2024-12-20,0.17,2025-01-26,0.93,0.1,0.84,0.67,2025-01-01
2024-12-20,0.17,2025-01-03,0.93,0.1,0.84,0.67,2025-01-01
2024-12-20,0.17,2025-01-03,0.93,0.1,0.84,0.67,2025-01-01
2024-12-20,5.18,2024-12-24,7.91,0.1,7.12,1.94,2024-12-01
2024-12-20,13.99,2024-12-24,17.47,0.1,15.72,1.73,2024-12-01
2024-12-20,6.92,2024-12-27,8.62,0.1,7.76,0.84,2024-12-01
2024-12-20,0.16,2025-04-20,0.26,0.08,0.24,0.08,2025-04-01
2024-12-20,0.17,2025-01-03,0.93,0.1,0.84,0.67,2025-01-01
2024-12-20,1.0,2024-12-21,1.56,0.1,1.4,0.4,2024-12-01
2024-12-20,1.0,2025-05-15,0.37,0.08,0.34,-0.66,2025-05-01
2024-12-20,1.0,2025-05-15,0.37,0.08,0.34,-0.66,2025-05-01
2024-12-20,1.0,2025-05-04,0.39,0.08,0.36,-0.64,2025-05-01
2024-12-20,0.59,2024-12-22,1.61,0.1,1.45,0.86,2024-12-01
2024-12-19,1.06,2024-12-22,2.54,0.1,2.29,1.23,2024-12-01
2024-12-19,1.2,2025-04-01,2.33,0.08,2.14,0.94,2025-04-01
2024-12-19,1.35,2024-12-23,2.12,0.1,1.91,0.56,2024-12-01
2024-12-19,1.77,2024-12-28,2.24,0.1,2.02,0.25,2024-12-01
2024-12-19,2.4,2024-12-27,3.79,0.1,3.41,1.01,2024-12-01
2024-12-19,2.4,2024-12-29,3.79,0.1,3.41,1.01,2024-12-01
2024-12-19,2.25,2025-06-03,2.04,0.08,1.88,-0.37,2025-06-01
2024-12-19,3.54,2024-12-25,4.46,0.1,4.01,0.47,2024-12-01
2024-12-19,4.5,2024-12-27,5.99,0.1,5.39,0.89,2024-12-01
2024-12-19,4.42,2024-12-29,5.61,0.1,5.05,0.63,2024-12-01
2024-12-19,4.9,2024-12-28,7.91,0.1,7.12,2.22,2024-12-01
2024-12-19,13.75,2024-12-24,17.32,0.1,15.59,1.84,2024-12-01
2024-12-19,0.08,2025-05-01,0.04,0.08,0.04,-0.04,2025-05-01
2024-12-19,0.06,2025-05-01,0.05,0.08,0.05,-0.01,2025-05-01
2024-12-19,0.58,2024-12-23,1.61,0.1,1.45,0.87,2024-12-01
2024-12-19,0.08,2025-05-01,0.04,0.08,0.04,-0.04,2025-05-01
2024-12-19,0.82,2025-02-10,1.74,0.1,1.57,0.75,2025-02-01
2024-12-19,1.0,2025-05-10,0.22,0.08,0.2,-0.8,2025-05-01
2024-12-19,1.0,2025-05-10,0.22,0.08,0.2,-0.8,2025-05-01
2024-12-19,1.0,2025-05-10,0.22,0.08,0.2,-0.8,2025-05-01
2024-12-19,1.0,2025-05-10,0.22,0.08,0.2,-0.8,2025-05-01
2024-12-19,1.0,2025-05-10,0.22,0.08,0.2,-0.8,2025-05-01
2024-12-19,1.0,2025-05-10,0.22,0.08,0.2,-0.8,2025-05-01
2024-12-19,1.0,2025-05-10,0.22,0.08,0.2,-0.8,2025-05-01
2024-12-19,1.0,2025-05-10,0.22,0.08,0.2,-0.8,2025-05-01
2024-12-19,1.0,2025-05-10,0.22,0.08,0.2,-0.8,2025-05-01
2024-12-19,1.0,2025-05-10,0.22,0.08,0.2,-0.8,2025-05-01
2024-12-19,1.0,2025-05-10,0.22,0.08,0.2,-0.8,2025-05-01
2024-12-19,1.0,2025-05-10,0.22,0.08,0.2,-0.8,2025-05-01
2024-12-19,1.0,2025-05-10,0.22,0.08,0.2,-0.8,2025-05-01
2024-12-19,1.0,2025-05-10,0.22,0.08,0.2,-0.8,2025-05-01
2024-12-19,1.0,2025-05-10,0.22,0.08,0.2,-0.8,2025-05-01
2024-12-19,1.29,2025-01-03,2.54,0.1,2.29,1.0,2025-01-01
2024-12-19,2.91,2024-12-26,5.6,0.1,5.04,2.13,2024-12-01
2024-12-19,67.1,2024-12-26,71.47,0.1,64.32,-2.78,2024-12-01
2024-12-19,66.69,2024-12-26,71.47,0.1,64.32,-2.37,2024-12-01
2024-12-15,0.4,2024-12-20,1.07,0.08,0.98,0.58,2024-12-01
2024-12-14,3.89,2024-12-15,7.65,0.08,7.04,3.15,2024-12-01
2024-12-14,27.96,2024-12-23,34.69,0.08,31.91,3.95,2024-12-01
2024-12-14,4.13,2024-12-16,5.17,0.08,4.76,0.63,2024-12-01
2024-12-14,2.97,2024-12-17,4.03,0.08,3.71,0.74,2024-12-01
2024-12-14,2.9,2024-12-27,4.01,0.08,3.69,0.79,2024-12-01
2024-12-14,0.82,2025-02-13,1.74,0.08,1.6,0.78,2025-02-01
2024-12-14,0.82,2025-01-19,1.74,0.08,1.6,0.78,2025-01-01
2024-12-13,1.3,2024-12-21,1.77,0.08,1.63,0.33,2024-12-01
2024-12-13,0.67,2025-01-31,0.91,0.08,0.84,0.17,2025-01-01
2024-12-13,0.82,2024-12-21,0.86,0.08,0.79,-0.03,2024-12-01
2024-12-13,1.3,2024-12-23,1.51,0.08,1.39,0.09,2024-12-01
2024-12-13,3.1,2025-01-16,4.76,0.08,4.38,1.28,2025-01-01
2024-12-13,0.71,2024-12-21,0.87,0.08,0.8,0.09,2024-12-01
2024-12-13,0.7,2024-12-21,0.99,0.08,0.91,0.21,2024-12-01
2024-12-13,0.55,2025-06-07,0.25,0.08,0.23,-0.32,2025-06-01
2024-12-13,1.05,2025-03-17,0.95,0.08,0.87,-0.18,2025-03-01
2024-12-13,0.68,2025-03-17,0.95,0.08,0.87,0.19,2025-03-01
2024-12-13,1.5,2024-12-19,1.97,0.08,1.81,0.31,2024-12-01
2024-12-13,5.68,2024-12-21,6.36,0.08,5.85,0.17,2024-12-01
2024-12-13,5.68,2024-12-20,6.36,0.08,5.85,0.17,2024-12-01
2024-12-13,2.25,2024-12-20,3.39,0.08,3.12,0.87,2024-12-01
2024-12-13,2.49,2024-12-25,3.53,0.08,3.25,0.76,2024-12-01
2024-12-12,14.4,2024-12-22,18.36,0.08,16.89,2.49,2024-12-01
2024-12-12,6.91,2024-12-20,8.97,0.08,8.25,1.34,2024-12-01
2024-12-12,0.62,2025-05-05,0.98,0.08,0.9,0.28,2025-05-01
2024-12-12,1.42,2024-12-20,1.95,0.08,1.79,0.37,2024-12-01
2024-12-12,1.62,2024-12-23,1.95,0.08,1.79,0.17,2024-12-01
2024-12-12,1.05,2024-12-24,1.32,0.08,1.21,0.16,2024-12-01
2024-12-12,4.13,2024-12-20,4.74,0.08,4.36,0.23,2024-12-01
2024-12-12,1.18,2024-12-20,2.09,0.08,1.92,0.74,2024-12-01
2024-12-12,1.5,2025-01-05,1.86,0.08,1.71,0.21,2025-01-01
2024-12-12,0.83,2025-01-06,1.74,0.08,1.6,0.77,2025-01-01
2024-12-12,1.05,2025-05-05,0.98,0.08,0.9,-0.15,2025-05-01
2024-12-12,1.05,2025-04-25,0.82,0.08,0.75,-0.3,2025-04-01
2024-12-12,1.05,2025-04-25,0.82,0.08,0.75,-0.3,2025-04-01
2024-12-12,1.74,2024-12-20,2.89,0.08,2.66,0.92,2024-12-01
2024-12-12,7.26,2024-12-17,9.03,0.08,8.31,1.05,2024-12-01
2024-12-11,0.52,2025-06-07,0.25,0.08,0.23,-0.29,2025-06-01
2024-12-11,0.52,2025-06-07,0.25,0.08,0.23,-0.29,2025-06-01
2024-12-11,5.2,2024-12-18,7.65,0.08,7.04,1.84,2024-12-01
2024-12-10,0.8,2024-12-18,1.99,0.08,1.83,1.03,2024-12-01
2024-12-10,9.61,2024-12-21,10.55,0.08,9.71,0.1,2024-12-01
2024-12-10,0.78,2024-12-13,1.58,0.08,1.45,0.67,2024-12-01
2024-12-10,0.89,2024-12-18,1.5,0.08,1.38,0.49,2024-12-01
2024-12-10,1.32,2024-12-19,2.04,0.08,1.88,0.56,2024-12-01
2024-12-10,10.0,2024-12-16,15.33,0.08,14.1,4.1,2024-12-01
2024-12-10,1.78,2024-12-23,2.24,0.08,2.06,0.28,2024-12-01
2024-12-10,2.39,2024-12-21,3.39,0.08,3.12,0.73,2024-12-01
2024-12-10,2.43,2024-12-25,3.53,0.08,3.25,0.82,2024-12-01
2024-12-10,4.1,2024-12-19,4.74,0.08,4.36,0.26,2024-12-01
2024-12-10,0.49,2025-01-01,1.07,0.08,0.98,0.49,2025-01-01
2024-12-10,0.49,2025-01-02,1.07,0.08,0.98,0.49,2025-01-01
2024-12-10,0.83,2025-01-15,1.49,0.08,1.37,0.54,2025-01-01
2024-12-10,0.7,2024-12-16,1.4,0.08,1.29,0.59,2024-12-01
2024-12-10,0.7,2024-12-20,0.86,0.08,0.79,0.09,2024-12-01
2024-12-10,0.7,2024-12-20,0.86,0.08,0.79,0.09,2024-12-01
2024-12-10,1.52,2024-12-18,1.95,0.08,1.79,0.27,2024-12-01
2024-12-10,1.38,2024-12-23,1.95,0.08,1.79,0.41,2024-12-01
2024-12-10,0.7,2024-12-21,0.86,0.08,0.79,0.09,2024-12-01
2024-12-10,0.59,2024-12-19,1.61,0.08,1.48,0.89,2024-12-01
2024-12-10,1.37,2024-12-19,2.14,0.08,1.97,0.6,2024-12-01
2024-12-10,1.74,2024-12-18,2.82,0.08,2.59,0.85,2024-12-01
2024-12-10,3.0,2024-12-19,5.33,0.08,4.9,1.9,2024-12-01
2024-12-10,0.81,2024-12-20,1.61,0.08,1.48,0.67,2024-12-01
2024-12-09,4.83,2025-01-08,7.46,0.08,6.86,2.03,2025-01-01
2024-12-09,4.83,2025-01-11,7.46,0.08,6.86,2.03,2025-01-01
2024-12-09,4.83,2024-12-10,10.51,0.08,9.67,4.84,2024-12-01
2024-12-09,4.83,2024-12-30,7.46,0.08,6.86,2.03,2024-12-01
2024-12-09,6.16,2025-01-12,7.46,0.08,6.86,0.7,2025-01-01
2024-12-09,0.88,2025-01-31,1.49,0.08,1.37,0.49,2025-01-01
2024-12-09,7.51,2024-12-10,9.98,0.08,9.18,1.67,2024-12-01
2024-12-09,1.06,2024-12-27,1.82,0.08,1.67,0.61,2024-12-01
2024-12-09,2.47,2024-12-17,3.3,0.08,3.04,0.57,2024-12-01
2024-12-09,3.86,2024-12-20,5.33,0.08,4.9,1.04,2024-12-01
2024-12-09,7.51,2024-12-10,9.98,0.08,9.18,1.67,2024-12-01
2024-12-09,10.0,2025-01-05,15.34,0.08,14.11,4.11,2025-01-01
2024-12-09,4.45,2024-12-19,5.33,0.08,4.9,0.45,2024-12-01
2024-12-09,1.18,2024-12-15,2.11,0.08,1.94,0.76,2024-12-01
2024-12-09,5.59,2024-12-11,6.95,0.08,6.39,0.8,2024-12-01
2024-12-09,0.69,2025-03-28,0.54,0.08,0.5,-0.19,2025-03-01
2024-12-09,0.69,2025-03-23,0.54,0.08,0.5,-0.19,2025-03-01
2024-12-08,0.49,2024-12-19,1.12,0.08,1.03,0.54,2024-12-01
2024-12-08,0.78,2025-04-04,1.54,0.08,1.42,0.64,2025-04-01
2024-12-08,0.42,2025-03-23,0.54,0.08,0.5,0.08,2025-03-01
2024-12-08,0.96,2025-04-02,1.54,0.08,1.42,0.46,2025-04-01
2024-12-08,1.3,2024-12-20,1.51,0.08,1.39,0.09,2024-12-01
2024-12-08,6.19,2025-04-17,6.63,0.08,6.1,-0.09,2025-04-01
2024-12-08,0.56,2024-12-12,1.2,0.08,1.1,0.54,2024-12-01
2024-12-08,1.19,2025-01-05,1.82,0.08,1.67,0.48,2025-01-01
2024-12-08,1.33,2024-12-29,1.55,0.08,1.43,0.1,2024-12-01
2024-12-08,1.8,2024-12-15,2.71,0.08,2.49,0.69,2024-12-01
2024-12-08,3.83,2025-02-05,5.72,0.08,5.26,1.43,2025-02-01
2024-12-08,1.37,2025-01-16,2.32,0.08,2.13,0.76,2025-01-01
2024-12-08,2.1,2024-12-10,2.68,0.08,2.47,0.37,2024-12-01
2024-12-08,1.79,2024-12-24,1.95,0.08,1.79,0.0,2024-12-01
2024-12-08,1.06,2025-01-30,1.82,0.08,1.67,0.61,2025-01-01
2024-12-08,3.38,2024-12-15,4.38,0.08,4.03,0.65,2024-12-01
2024-12-08,1.28,2024-12-10,2.04,0.08,1.88,0.6,2024-12-01
2024-12-08,0.57,2024-12-19,1.07,0.08,0.98,0.41,2024-12-01
2024-12-08,0.57,2025-01-01,1.07,0.08,0.98,0.41,2025-01-01
2024-12-08,0.82,2024-12-21,0.88,0.08,0.81,-0.01,2024-12-01
2024-12-08,0.76,2024-12-22,1.61,0.08,1.48,0.72,2024-12-01
2024-12-08,1.77,2024-12-19,2.89,0.08,2.66,0.89,2024-12-01
2024-12-08,1.35,2024-12-18,1.78,0.08,1.64,0.29,2024-12-01
2024-12-08,4.03,2024-12-21,5.33,0.08,4.9,0.87,2024-12-01
2024-12-07,1.53,2025-02-19,1.76,0.08,1.62,0.09,2025-02-01
2024-12-07,1.53,2025-02-19,1.76,0.08,1.62,0.09,2025-02-01
2024-12-07,1.53,2025-02-19,1.76,0.08,1.62,0.09,2025-02-01
2024-12-07,1.53,2025-02-19,1.76,0.08,1.62,0.09,2025-02-01
2024-12-07,1.53,2025-02-19,1.76,0.08,1.62,0.09,2025-02-01
2024-12-07,1.53,2025-02-19,1.76,0.08,1.62,0.09,2025-02-01
2024-12-07,1.53,2025-02-19,1.76,0.08,1.62,0.09,2025-02-01
2024-12-07,1.53,2025-02-19,1.76,0.08,1.62,0.09,2025-02-01
2024-12-07,1.53,2025-02-19,1.76,0.08,1.62,0.09,2025-02-01
2024-12-07,1.53,2025-02-19,1.76,0.08,1.62,0.09,2025-02-01
2024-12-07,0.72,2024-12-21,0.86,0.08,0.79,0.07,2024-12-01
2024-12-07,12.0,2025-01-12,16.06,0.08,14.78,2.78,2025-01-01
2024-12-07,0.72,2024-12-18,1.99,0.08,1.83,1.11,2024-12-01
2024-12-07,0.72,2024-12-27,1.61,0.08,1.48,0.76,2024-12-01
2024-12-07,1.25,2024-12-29,2.09,0.08,1.92,0.67,2024-12-01
2024-12-07,4.25,2024-12-18,5.36,0.08,4.93,0.68,2024-12-01
2024-12-07,4.0,2024-12-21,5.33,0.08,4.9,0.9,2024-12-01
2024-12-07,9.27,2024-12-21,10.18,0.08,9.37,0.1,2024-12-01
2024-12-07,4.4,2024-12-21,5.33,0.08,4.9,0.5,2024-12-01
2024-12-07,0.9,2025-01-11,1.6,0.08,1.47,0.57,2025-01-01
2024-12-07,1.24,2025-01-10,1.69,0.08,1.55,0.31,2025-01-01
2024-12-07,1.24,2025-04-25,0.82,0.08,0.75,-0.49,2025-04-01
2024-12-07,1.33,2024-12-10,2.04,0.08,1.88,0.55,2024-12-01
2024-12-07,1.24,2025-04-22,0.82,0.08,0.75,-0.49,2025-04-01
2024-12-07,1.24,2025-04-22,0.82,0.08,0.75,-0.49,2025-04-01
2024-12-07,1.18,2025-04-28,1.36,0.08,1.25,0.07,2025-04-01
2024-12-07,1.16,2025-04-28,1.38,0.08,1.27,0.11,2025-04-01
2024-12-07,1.3,2024-12-11,2.04,0.08,1.88,0.58,2024-12-01
2024-12-07,1.18,2024-12-14,2.11,0.08,1.94,0.76,2024-12-01
2024-12-07,1.74,2024-12-22,2.24,0.08,2.06,0.32,2024-12-01
2024-12-07,2.0,2025-02-03,2.27,0.08,2.09,0.09,2025-02-01
2024-12-07,2.0,2025-01-08,2.02,0.08,1.86,-0.14,2025-01-01
2024-12-07,2.0,2025-01-28,2.27,0.08,2.09,0.09,2025-01-01
2024-12-07,1.85,2025-02-05,2.27,0.08,2.09,0.24,2025-02-01
2024-12-07,2.34,2024-12-24,3.53,0.08,3.25,0.91,2024-12-01
2024-12-06,2.62,2024-12-10,3.26,0.08,3.0,0.38,2024-12-01
2024-12-06,0.72,2024-12-19,1.61,0.08,1.48,0.76,2024-12-01
2024-12-06,6.01,2025-06-01,5.38,0.08,4.95,-1.06,2025-06-01
2024-12-06,0.48,2025-03-23,0.54,0.08,0.5,0.02,2025-03-01
2024-12-06,0.48,2025-03-19,0.54,0.08,0.5,0.02,2025-03-01
2024-12-06,0.48,2025-03-17,0.54,0.08,0.5,0.02,2025-03-01
2024-12-06,0.42,2025-05-01,0.49,0.08,0.45,0.03,2025-05-01
2024-12-06,0.95,2025-04-28,1.13,0.08,1.04,0.09,2025-04-01
2024-12-06,0.95,2025-04-17,1.13,0.08,1.04,0.09,2025-04-01
2024-12-06,6.0,2024-12-11,8.92,0.08,8.21,2.21,2024-12-01
2024-12-06,1.77,2025-01-08,2.11,0.08,1.94,0.17,2025-01-01
2024-12-06,4.45,2024-12-14,7.65,0.08,7.04,2.59,2024-12-01
2024-12-06,7.0,2025-01-04,7.65,0.08,7.04,0.04,2025-01-01
2024-12-06,6.95,2025-03-14,6.98,0.08,6.42,-0.53,2025-03-01
2024-12-05,0.29,2025-05-12,0.34,0.08,0.31,0.02,2025-05-01
2024-12-05,0.25,2025-05-11,0.34,0.08,0.31,0.06,2025-05-01
2024-12-05,0.59,2025-06-03,0.25,0.08,0.23,-0.36,2025-06-01
2024-12-05,0.59,2025-06-03,0.25,0.08,0.23,-0.36,2025-06-01
2024-12-05,0.59,2025-06-03,0.25,0.08,0.23,-0.36,2025-06-01
2024-12-05,0.55,2024-12-12,1.67,0.08,1.54,0.99,2024-12-01
2024-12-05,0.63,2024-12-28,1.61,0.08,1.48,0.85,2024-12-01
2024-12-05,1.58,2024-12-21,1.86,0.08,1.71,0.13,2024-12-01
2024-12-05,4.5,2024-12-23,4.99,0.08,4.59,0.09,2024-12-01
2024-12-05,4.3,2024-12-23,4.77,0.08,4.39,0.09,2024-12-01
2024-12-05,3.99,2024-12-22,4.44,0.08,4.08,0.09,2024-12-01
2024-12-05,3.98,2024-12-22,4.43,0.08,4.08,0.1,2024-12-01
2024-12-05,3.53,2024-12-22,4.42,0.08,4.07,0.54,2024-12-01
2024-12-05,3.53,2024-12-22,4.42,0.08,4.07,0.54,2024-12-01
2024-12-04,2.86,2024-12-10,3.56,0.08,3.28,0.42,2024-12-01
2024-12-04,0.5,2025-06-03,0.25,0.08,0.23,-0.27,2025-06-01
2024-12-04,0.5,2025-05-20,0.26,0.08,0.24,-0.26,2025-05-01
2024-12-03,7.98,2024-12-13,9.27,0.08,8.53,0.55,2024-12-01
2024-12-03,0.5,2025-01-10,1.07,0.08,0.98,0.48,2025-01-01
2024-12-03,0.94,2025-01-11,1.6,0.08,1.47,0.53,2025-01-01
2024-12-03,0.49,2025-01-07,1.07,0.08,0.98,0.49,2025-01-01
2024-12-03,2.04,2024-12-15,2.32,0.08,2.13,0.09,2024-12-01
2024-12-03,2.04,2024-12-31,2.32,0.08,2.13,0.09,2024-12-01
2024-12-03,2.04,2024-12-15,2.32,0.08,2.13,0.09,2024-12-01
2024-12-02,0.64,2024-12-23,1.61,0.08,1.48,0.84,2024-12-01
2024-12-02,2.94,2024-12-07,3.56,0.08,3.28,0.34,2024-12-01
2024-12-02,0.7,2024-12-23,1.61,0.08,1.48,0.78,2024-12-01
2024-12-02,3.8,2024-12-23,4.42,0.08,4.07,0.27,2024-12-01
2024-12-02,3.8,2024-12-23,4.42,0.08,4.07,0.27,2024-12-01
2024-12-02,3.8,2024-12-23,4.42,0.08,4.07,0.27,2024-12-01
2024-12-02,4.15,2024-12-21,5.33,0.08,4.9,0.75,2024-12-01
2024-12-02,0.65,2024-12-31,1.61,0.08,1.48,0.83,2024-12-01
2024-12-02,0.54,2024-12-14,1.67,0.08,1.54,1.0,2024-12-01
2024-12-02,0.49,2025-05-20,0.26,0.08,0.24,-0.25,2025-05-01
2024-12-02,0.49,2025-01-27,0.63,0.08,0.58,0.09,2025-01-01
2024-12-02,0.49,2025-01-27,0.63,0.08,0.58,0.09,2025-01-01
2024-12-02,0.49,2025-01-27,0.63,0.08,0.58,0.09,2025-01-01
2024-12-01,0.51,2025-01-08,1.07,0.08,0.98,0.47,2025-01-01
2024-12-01,0.51,2025-01-19,1.07,0.08,0.98,0.47,2025-01-01
2024-12-01,0.51,2024-12-09,1.07,0.08,0.98,0.47,2024-12-01
2024-12-01,0.44,2025-05-02,0.32,0.08,0.29,-0.15,2025-05-01
2024-12-01,0.44,2025-05-04,0.32,0.08,0.29,-0.15,2025-05-01
2024-12-01,0.51,2025-01-03,1.07,0.08,0.98,0.47,2025-01-01
2024-12-01,5.04,2025-01-09,5.72,0.08,5.26,0.22,2025-01-01
2024-12-01,0.56,2024-12-12,0.59,0.08,0.54,-0.02,2024-12-01
2024-12-01,0.56,2024-12-24,0.71,0.08,0.65,0.09,2024-12-01
2024-12-01,0.45,2024-12-30,0.71,0.08,0.65,0.2,2024-12-01
2024-12-01,0.67,2024-12-27,1.61,0.08,1.48,0.81,2024-12-01
2024-12-01,0.72,2024-12-07,1.88,0.08,1.73,1.01,2024-12-01
2024-12-01,0.65,2024-12-06,1.99,0.08,1.83,1.18,2024-12-01
2024-12-01,3.9,2024-12-23,4.42,0.08,4.07,0.17,2024-12-01
2024-11-30,0.19,2025-03-13,0.54,0.08,0.5,0.31,2025-03-01
2024-11-30,0.19,2025-03-13,0.54,0.08,0.5,0.31,2025-03-01
2024-11-30,0.19,2025-03-08,0.54,0.08,0.5,0.31,2025-03-01
2024-11-30,0.19,2025-02-17,0.54,0.08,0.5,0.31,2025-02-01
2024-11-30,0.19,2024-12-16,0.64,0.08,0.59,0.4,2024-12-01
2024-11-30,0.19,2024-12-10,0.64,0.08,0.59,0.4,2024-12-01
2024-11-30,0.19,2024-12-10,0.64,0.08,0.59,0.4,2024-12-01
2024-11-30,0.19,2024-12-10,0.64,0.08,0.59,0.4,2024-12-01
2024-11-30,0.19,2024-12-10,0.64,0.08,0.59,0.4,2024-12-01
2024-11-30,0.19,2024-12-09,0.64,0.08,0.59,0.4,2024-12-01
2024-11-30,0.5,2024-12-23,0.83,0.08,0.76,0.26,2024-12-01
2024-11-30,0.5,2025-05-10,0.34,0.08,0.31,-0.19,2025-05-01
2024-11-30,0.5,2025-05-10,0.34,0.08,0.31,-0.19,2025-05-01
2024-11-30,0.5,2025-05-10,0.34,0.08,0.31,-0.19,2025-05-01
2024-11-30,0.52,2025-05-01,0.27,0.08,0.25,-0.27,2025-05-01
2024-11-30,1.05,2024-12-08,1.99,0.08,1.83,0.78,2024-12-01
2024-11-30,0.87,2025-06-15,0.53,0.08,0.49,-0.38,2025-06-01
2024-11-30,0.87,2024-12-09,1.99,0.08,1.83,0.96,2024-12-01
2024-11-30,3.9,2024-12-23,4.42,0.08,4.07,0.17,2024-12-01
2024-11-30,3.89,2024-12-23,4.42,0.08,4.07,0.18,2024-12-01
2024-11-30,3.6,2024-12-19,4.42,0.08,4.07,0.47,2024-12-01
2024-11-30,3.55,2024-12-19,4.42,0.08,4.07,0.52,2024-12-01
2024-11-30,3.5,2024-12-19,4.42,0.08,4.07,0.57,2024-12-01
2024-11-30,3.45,2024-12-08,3.85,0.08,3.54,0.09,2024-12-01
2024-11-30,9.69,2024-12-21,10.63,0.08,9.78,0.09,2024-12-01
2024-11-29,9.15,2024-12-17,10.05,0.08,9.25,0.1,2024-12-01
2024-11-29,9.0,2024-12-17,9.88,0.08,9.09,0.09,2024-12-01
2024-11-29,10.0,2025-01-20,10.97,0.08,10.09,0.09,2025-01-01
2024-11-27,0.52,2024-12-20,1.03,0.08,0.95,0.43,2024-12-01
2024-11-26,7.81,2024-12-06,9.27,0.08,8.53,0.72,2024-12-01
2024-11-26,7.99,2024-12-07,9.27,0.08,8.53,0.54,2024-12-01
2024-11-26,7.99,2024-12-19,8.83,0.08,8.12,0.13,2024-12-01
2024-11-26,1.11,2024-12-06,2.27,0.08,2.09,0.98,2024-12-01
2024-11-26,10.0,2025-01-01,10.1,0.08,9.29,-0.71,2025-01-01
2024-11-26,9.71,2025-01-29,10.97,0.08,10.09,0.38,2025-01-01
2024-11-26,9.2,2025-01-12,10.6,0.08,9.75,0.55,2025-01-01
2024-11-25,0.6,2024-12-16,1.2,0.08,1.1,0.5,2024-12-01
2024-11-25,0.6,2024-12-16,1.2,0.08,1.1,0.5,2024-12-01
2024-11-25,0.6,2024-12-14,1.2,0.08,1.1,0.5,2024-12-01
2024-11-25,0.6,2024-12-13,1.2,0.08,1.1,0.5,2024-12-01
2024-11-25,0.6,2024-12-13,1.2,0.08,1.1,0.5,2024-12-01
2024-11-25,0.6,2024-12-13,1.2,0.08,1.1,0.5,2024-12-01
2024-11-25,0.6,2024-12-13,1.2,0.08,1.1,0.5,2024-12-01
2024-11-25,0.6,2024-12-09,1.2,0.08,1.1,0.5,2024-12-01
2024-11-25,10.0,2024-12-26,10.6,0.08,9.75,-0.25,2024-12-01
2024-11-24,9.66,2025-01-13,10.65,0.08,9.8,0.14,2025-01-01
2024-11-24,0.61,2024-12-09,1.2,0.08,1.1,0.49,2024-12-01
2024-11-24,0.5,2024-12-23,0.83,0.08,0.76,0.26,2024-12-01
2024-11-24,9.66,2025-01-28,10.97,0.08,10.09,0.43,2025-01-01
2024-11-23,0.72,2024-12-03,1.84,0.08,1.69,0.97,2024-12-01
2024-11-23,1.08,2025-02-26,1.3,0.08,1.2,0.12,2025-02-01
2024-11-23,8.32,2024-12-27,9.14,0.08,8.41,0.09,2024-12-01
2024-11-23,8.32,2024-12-29,9.14,0.08,8.41,0.09,2024-12-01
2024-11-23,8.25,2024-12-29,9.09,0.08,8.36,0.11,2024-12-01
2024-11-23,1.54,2024-11-24,1.85,0.08,1.7,0.16,2024-11-01
2024-11-22,7.85,2024-11-28,8.63,0.08,7.94,0.09,2024-11-01
2024-11-22,0.15,2025-05-02,0.12,0.08,0.11,-0.04,2025-05-01
2024-11-22,7.85,2024-12-07,8.77,0.08,8.07,0.22,2024-12-01
2024-11-21,0.54,2024-12-19,1.89,0.08,1.74,1.2,2024-12-01
2024-11-21,1.45,2024-11-22,2.41,0.08,2.22,0.77,2024-11-01
2024-11-21,1.2,2024-12-05,2.2,0.08,2.02,0.82,2024-12-01
2024-11-20,7.64,2024-12-06,8.4,0.08,7.73,0.09,2024-12-01
2024-11-20,0.5,2024-11-28,1.17,0.08,1.08,0.58,2024-11-01
2024-11-20,7.87,2024-11-28,8.65,0.08,7.96,0.09,2024-11-01
2024-11-18,4.02,2024-11-26,7.93,0.08,7.3,3.28,2024-11-01
2024-11-18,2.79,2024-12-07,3.69,0.08,3.39,0.6,2024-12-01
2024-11-18,0.13,2024-12-15,0.63,0.08,0.58,0.45,2024-12-01
2024-11-18,0.35,2024-11-25,0.56,0.08,0.52,0.17,2024-11-01
2024-11-18,0.35,2024-11-24,0.56,0.08,0.52,0.17,2024-11-01
2024-11-18,0.35,2024-11-24,0.56,0.08,0.52,0.17,2024-11-01
2024-11-18,0.35,2024-11-24,0.56,0.08,0.52,0.17,2024-11-01
2024-11-18,0.35,2024-11-24,0.56,0.08,0.52,0.17,2024-11-01
2024-11-18,0.35,2024-11-24,0.56,0.08,0.52,0.17,2024-11-01
2024-11-17,0.13,2025-01-15,0.63,0.08,0.58,0.45,2025-01-01
2024-11-17,7.86,2024-11-28,8.64,0.08,7.95,0.09,2024-11-01
2024-11-17,7.86,2024-11-28,8.64,0.08,7.95,0.09,2024-11-01
2024-11-17,0.53,2024-11-25,2.94,0.08,2.7,2.17,2024-11-01
2024-11-17,0.69,2024-12-07,0.54,0.08,0.5,-0.19,2024-12-01
2024-11-17,0.99,2024-11-22,1.34,0.08,1.23,0.24,2024-11-01
2024-11-17,1.19,2024-12-10,1.39,0.08,1.28,0.09,2024-12-01
2024-11-17,1.23,2024-12-12,1.44,0.08,1.32,0.09,2024-12-01
2024-11-17,1.16,2024-11-30,2.15,0.08,1.98,0.82,2024-11-01
2024-11-17,1.6,2024-12-11,1.84,0.08,1.69,0.09,2024-12-01
2024-11-16,0.69,2025-05-01,0.49,0.08,0.45,-0.24,2025-05-01
2024-11-16,0.69,2025-05-01,0.49,0.08,0.45,-0.24,2025-05-01
2024-11-16,0.69,2025-05-01,0.49,0.08,0.45,-0.24,2025-05-01
2024-11-16,0.69,2025-05-01,0.49,0.08,0.45,-0.24,2025-05-01
2024-11-16,1.35,2024-11-28,1.57,0.08,1.44,0.09,2024-11-01
2024-11-16,1.25,2024-11-27,2.04,0.08,1.88,0.63,2024-11-01
2024-11-16,1.89,2024-11-19,2.34,0.08,2.15,0.26,2024-11-01
2024-11-16,5.33,2025-02-20,6.73,0.08,6.19,0.86,2025-02-01
2024-11-16,5.33,2025-03-09,6.73,0.08,6.19,0.86,2025-03-01
2024-11-16,5.33,2024-11-16,8.85,0.08,8.14,2.81,2024-11-01
2024-11-16,1.74,2024-11-26,2.56,0.08,2.36,0.62,2024-11-01
2024-11-16,0.68,2025-05-04,0.49,0.08,0.45,-0.23,2025-05-01
2024-11-16,0.68,2025-05-04,0.49,0.08,0.45,-0.23,2025-05-01
2024-11-16,0.67,2025-05-03,0.49,0.08,0.45,-0.22,2025-05-01
2024-11-16,0.67,2025-05-03,0.49,0.08,0.45,-0.22,2025-05-01
2024-11-15,3.07,2024-11-23,3.54,0.08,3.26,0.19,2024-11-01
2024-11-15,1.11,2024-11-30,1.37,0.08,1.26,0.15,2024-11-01
2024-11-15,1.8,2024-12-05,2.2,0.08,2.02,0.22,2024-12-01
2024-11-15,1.09,2025-03-12,1.28,0.08,1.18,0.09,2025-03-01
2024-11-15,1.09,2025-03-10,1.28,0.08,1.18,0.09,2025-03-01
2024-11-15,1.09,2025-03-06,1.28,0.08,1.18,0.09,2025-03-01
2024-11-15,1.09,2025-03-06,1.28,0.08,1.18,0.09,2025-03-01
2024-11-15,1.09,2025-03-06,1.28,0.08,1.18,0.09,2025-03-01
2024-11-15,1.09,2025-03-06,1.28,0.08,1.18,0.09,2025-03-01
2024-11-15,1.09,2025-02-17,1.28,0.08,1.18,0.09,2025-02-01
2024-11-15,1.09,2025-02-08,1.28,0.08,1.18,0.09,2025-02-01
2024-11-15,1.09,2025-02-08,1.28,0.08,1.18,0.09,2025-02-01
2024-11-15,1.09,2025-02-08,1.28,0.08,1.18,0.09,2025-02-01
2024-11-15,1.09,2025-02-03,1.28,0.08,1.18,0.09,2025-02-01
2024-11-15,1.09,2025-01-20,1.28,0.08,1.18,0.09,2025-01-01
2024-11-15,1.09,2025-01-19,1.28,0.08,1.18,0.09,2025-01-01
2024-11-15,0.53,2024-11-18,1.06,0.08,0.98,0.45,2024-11-01
2024-11-15,0.87,2024-11-26,1.46,0.08,1.34,0.47,2024-11-01
2024-11-15,1.3,2024-11-28,2.04,0.08,1.88,0.58,2024-11-01
2024-11-15,1.82,2024-11-26,2.78,0.08,2.56,0.74,2024-11-01
2024-11-15,2.73,2024-11-24,3.43,0.08,3.16,0.43,2024-11-01
2024-11-15,4.19,2024-11-25,6.23,0.08,5.73,1.54,2024-11-01
2024-11-15,4.38,2024-11-25,4.86,0.08,4.47,0.09,2024-11-01
2024-11-15,0.42,2025-05-01,0.35,0.08,0.32,-0.1,2025-05-01
2024-11-15,1.0,2024-12-15,1.19,0.08,1.09,0.09,2024-12-01
2024-11-15,0.39,2024-11-17,0.82,0.08,0.75,0.36,2024-11-01
2024-11-15,3.31,2024-11-15,5.18,0.08,4.77,1.46,2024-11-01
2024-11-15,5.5,2024-12-02,7.99,0.08,7.35,1.85,2024-12-01
2024-11-15,1.0,2024-12-23,0.83,0.08,0.76,-0.24,2024-12-01
2024-11-15,4.53,2025-03-12,6.73,0.08,6.19,1.66,2025-03-01
2024-11-14,1.37,2024-12-07,1.5,0.08,1.38,0.01,2024-12-01
2024-11-14,1.2,2024-11-24,1.45,0.08,1.33,0.13,2024-11-01
2024-11-14,2.08,2024-11-17,2.62,0.08,2.41,0.33,2024-11-01
2024-11-14,1.99,2024-11-27,2.27,0.08,2.09,0.1,2024-11-01
2024-11-14,2.0,2024-11-22,2.81,0.08,2.59,0.59,2024-11-01
2024-11-14,8.0,2024-11-23,9.67,0.08,8.9,0.9,2024-11-01
2024-11-14,0.96,2024-11-15,1.34,0.08,1.23,0.27,2024-11-01
2024-11-14,1.75,2024-12-08,2.03,0.08,1.87,0.12,2024-12-01
2024-11-14,4.28,2024-11-26,7.93,0.08,7.3,3.02,2024-11-01
2024-11-14,1.19,2024-12-12,1.39,0.08,1.28,0.09,2024-12-01
2024-11-14,2.63,2024-11-16,3.27,0.08,3.01,0.38,2024-11-01
2024-11-14,2.86,2024-12-18,4.68,0.08,4.31,1.45,2024-12-01
2024-11-14,1.48,2024-11-30,1.98,0.08,1.82,0.34,2024-11-01
2024-11-14,2.0,2024-12-05,2.27,0.08,2.09,0.09,2024-12-01
2024-11-14,1.22,2024-12-10,1.43,0.08,1.32,0.1,2024-12-01
2024-11-14,1.39,2024-11-22,2.19,0.08,2.01,0.62,2024-11-01
2024-11-14,3.28,2024-12-01,3.96,0.08,3.64,0.36,2024-12-01
2024-11-14,1.3,2025-03-16,1.51,0.08,1.39,0.09,2025-03-01
2024-11-14,4.92,2024-12-06,5.72,0.08,5.26,0.34,2024-12-01
2024-11-14,5.65,2024-12-13,6.24,0.08,5.74,0.09,2024-12-01
2024-11-13,4.0,2024-11-20,5.2,0.08,4.78,0.78,2024-11-01
2024-11-13,0.56,2024-11-16,0.78,0.08,0.72,0.16,2024-11-01
2024-11-13,2.16,2024-11-17,2.91,0.08,2.68,0.52,2024-11-01
2024-11-13,5.0,2024-12-06,5.72,0.08,5.26,0.26,2024-12-01
2024-11-13,0.85,2024-11-15,1.34,0.08,1.23,0.38,2024-11-01
2024-11-13,3.0,2025-02-14,4.76,0.08,4.38,1.38,2025-02-01
2024-11-13,3.12,2024-11-15,3.94,0.08,3.62,0.5,2024-11-01
2024-11-13,4.38,2024-11-30,6.7,0.08,6.16,1.78,2024-11-01
2024-11-13,4.35,2024-11-24,4.83,0.08,4.44,0.09,2024-11-01
2024-11-13,2.0,2024-11-27,2.26,0.08,2.08,0.08,2024-11-01
2024-11-13,1.92,2024-11-21,2.62,0.08,2.41,0.49,2024-11-01
2024-11-13,0.5,2024-11-14,1.06,0.08,0.98,0.48,2024-11-01
2024-11-13,0.53,2024-11-18,1.06,0.08,0.98,0.45,2024-11-01
2024-11-13,1.36,2024-12-26,1.58,0.08,1.45,0.09,2024-12-01
2024-11-13,1.3,2025-04-28,1.51,0.08,1.39,0.09,2025-04-01
2024-11-13,0.6,2024-11-18,1.06,0.08,0.98,0.38,2024-11-01
2024-11-13,7.0,2024-11-14,10.19,0.08,9.37,2.37,2024-11-01
2024-11-13,3.06,2024-11-14,3.88,0.08,3.57,0.51,2024-11-01
2024-11-13,2.91,2024-12-20,4.33,0.08,3.98,1.07,2024-12-01
2024-11-13,3.27,2024-12-02,3.96,0.08,3.64,0.37,2024-12-01
2024-11-13,7.82,2024-11-23,9.0,0.08,8.28,0.46,2024-11-01
2024-11-13,0.42,2024-12-21,0.83,0.08,0.76,0.34,2024-12-01
2024-11-13,0.42,2024-12-20,0.83,0.08,0.76,0.34,2024-12-01
2024-11-13,0.42,2024-12-07,0.96,0.08,0.88,0.46,2024-12-01
2024-11-13,0.42,2024-12-07,0.96,0.08,0.88,0.46,2024-12-01
2024-11-13,0.42,2024-12-07,0.96,0.08,0.88,0.46,2024-12-01
2024-11-13,1.42,2024-11-25,1.65,0.08,1.52,0.1,2024-11-01
2024-11-13,3.41,2024-11-23,4.88,0.08,4.49,1.08,2024-11-01
2024-11-13,4.48,2024-11-14,8.48,0.08,7.8,3.32,2024-11-01
2024-11-13,11.14,2024-12-07,13.13,0.08,12.08,0.94,2024-12-01
2024-11-12,0.55,2024-11-18,0.78,0.08,0.72,0.17,2024-11-01
2024-11-12,1.16,2024-12-05,1.36,0.08,1.25,0.09,2024-12-01
2024-11-12,0.85,2025-01-03,1.02,0.08,0.94,0.09,2025-01-01
2024-11-12,1.74,2024-11-13,3.07,0.08,2.82,1.08,2024-11-01
2024-11-12,1.5,2024-11-17,2.64,0.08,2.43,0.93,2024-11-01
2024-11-12,1.69,2024-12-05,2.2,0.08,2.02,0.33,2024-12-01
2024-11-12,0.42,2024-12-07,0.96,0.08,0.88,0.46,2024-12-01
2024-11-12,1.67,2024-11-23,1.85,0.08,1.7,0.03,2024-11-01
2024-11-12,1.33,2024-11-24,1.92,0.08,1.77,0.44,2024-11-01
2024-11-12,8.81,2024-12-07,9.79,0.08,9.01,0.2,2024-12-01
2024-11-12,0.53,2024-11-18,1.06,0.08,0.98,0.45,2024-11-01
2024-11-12,1.21,2025-04-02,1.44,0.08,1.32,0.11,2025-04-01
2024-11-12,1.21,2025-04-02,1.44,0.08,1.32,0.11,2025-04-01
2024-11-12,1.21,2025-04-02,1.44,0.08,1.32,0.11,2025-04-01
2024-11-12,1.21,2025-03-31,1.44,0.08,1.32,0.11,2025-03-01
2024-11-12,1.21,2025-03-31,1.44,0.08,1.32,0.11,2025-03-01
2024-11-12,2.0,2024-11-23,2.87,0.08,2.64,0.64,2024-11-01
2024-11-12,1.46,2024-11-26,1.69,0.08,1.55,0.09,2024-11-01
2024-11-12,2.32,2024-11-18,2.91,0.08,2.68,0.36,2024-11-01
2024-11-12,0.56,2024-11-18,0.78,0.08,0.72,0.16,2024-11-01
2024-11-12,0.69,2024-12-20,0.85,0.08,0.78,0.09,2024-12-01
2024-11-12,0.69,2024-12-16,0.85,0.08,0.78,0.09,2024-12-01
2024-11-12,0.69,2024-12-16,0.85,0.08,0.78,0.09,2024-12-01
2024-11-12,0.69,2024-12-14,0.85,0.08,0.78,0.09,2024-12-01
2024-11-12,0.69,2024-12-14,0.85,0.08,0.78,0.09,2024-12-01
2024-11-12,0.69,2024-12-13,0.85,0.08,0.78,0.09,2024-12-01
2024-11-12,2.0,2024-11-29,2.27,0.08,2.09,0.09,2024-11-01
2024-11-12,1.87,2024-12-05,2.2,0.08,2.02,0.15,2024-12-01
2024-11-12,1.91,2024-11-20,3.36,0.08,3.09,1.18,2024-11-01
2024-11-12,3.8,2024-11-20,4.71,0.08,4.33,0.53,2024-11-01
2024-11-12,4.5,2024-11-24,4.99,0.08,4.59,0.09,2024-11-01
2024-11-12,8.8,2024-11-15,11.01,0.08,10.13,1.33,2024-11-01
2024-10-31,2.01,2024-11-08,3.57,0.15,3.03,1.02,2024-11-01
2024-10-31,4.17,2024-12-05,2.2,0.08,2.02,-2.15,2024-12-01
2024-10-31,4.17,2024-12-23,2.12,0.08,1.95,-2.22,2024-12-01
2024-10-31,4.17,2025-06-22,0.65,0.08,0.6,-3.57,2025-06-01
2024-10-31,1.37,2024-12-07,2.03,0.08,1.87,0.5,2024-12-01
2024-10-31,4.5,2025-01-05,7.46,0.08,6.86,2.36,2025-01-01
2024-10-31,8.99,2024-12-19,9.87,0.08,9.08,0.09,2024-12-01
2024-10-30,0.36,2024-11-05,0.77,0.1,0.69,0.33,2024-11-01
2024-10-30,0.36,2024-11-05,0.77,0.1,0.69,0.33,2024-11-01
2024-10-30,4.17,2024-12-07,2.03,0.1,1.83,-2.34,2024-12-01
2024-10-30,1.2,2024-11-29,2.2,0.1,1.98,0.78,2024-11-01
2024-10-30,7.36,2024-11-06,8.42,0.1,7.58,0.22,2024-11-01
2024-10-30,6.72,2024-11-08,8.42,0.1,7.58,0.86,2024-11-01
2024-10-30,14.0,2024-11-11,15.66,0.1,14.09,0.09,2024-11-01
2024-10-28,0.13,2024-10-31,0.64,0.1,0.58,0.45,2024-10-01
2024-10-28,0.45,2025-04-03,0.6,0.08,0.55,0.1,2025-04-01
2024-10-28,0.36,2024-11-05,0.77,0.1,0.69,0.33,2024-11-01
2024-10-28,15.0,2024-11-10,16.77,0.1,15.09,0.09,2024-11-01
2024-10-28,15.0,2024-11-07,16.77,0.1,15.09,0.09,2024-11-01
2024-10-28,15.0,2024-11-07,16.77,0.1,15.09,0.09,2024-11-01
2024-10-27,4.75,2024-11-04,7.67,0.1,6.9,2.15,2024-11-01
2024-10-27,0.65,2024-12-22,1.39,0.1,1.25,0.6,2024-12-01
2024-10-27,1.35,2024-11-15,1.77,0.1,1.59,0.24,2024-11-01
2024-10-27,1.95,2024-10-29,2.87,0.1,2.58,0.63,2024-10-01
2024-10-27,3.72,2024-11-04,4.45,0.1,4.0,0.28,2024-11-01
2024-10-27,12.0,2025-06-01,7.77,0.08,7.15,-4.85,2025-06-01
2024-10-27,1.96,2024-11-02,3.3,0.1,2.97,1.01,2024-11-01
2024-10-27,1.18,2025-01-24,2.38,0.1,2.14,0.96,2025-01-01
2024-10-27,8.0,2024-11-10,8.99,0.1,8.09,0.09,2024-11-01
2024-10-26,0.17,2024-10-31,0.77,0.1,0.69,0.52,2024-10-01
2024-10-26,3.13,2024-11-05,4.43,0.1,3.99,0.86,2024-11-01
2024-10-26,4.1,2024-12-07,5.07,0.1,4.56,0.46,2024-12-01
2024-10-26,5.99,2024-11-07,8.24,0.1,7.42,1.43,2024-11-01
2024-10-26,8.71,2024-11-26,9.57,0.1,8.61,-0.1,2024-11-01
2024-10-26,0.04,2025-02-22,0.14,0.1,0.13,0.09,2025-02-01
2024-10-26,3.13,2024-10-27,4.37,0.1,3.93,0.8,2024-10-01
2024-10-26,3.1,2024-11-05,5.31,0.1,4.78,1.68,2024-11-01
2024-10-26,3.54,2025-01-08,5.79,0.1,5.21,1.67,2025-01-01
2024-10-26,5.75,2024-11-08,8.24,0.1,7.42,1.67,2024-11-01
2024-10-26,5.75,2024-11-08,8.24,0.1,7.42,1.67,2024-11-01
2024-10-26,4.84,2024-11-08,8.24,0.1,7.42,2.58,2024-11-01
2024-10-26,16.53,2024-12-07,15.33,0.08,14.1,-2.43,2024-12-01
2024-10-24,8.29,2024-11-02,10.79,0.1,9.71,1.42,2024-11-01
2024-10-24,1.3,2024-11-01,1.92,0.1,1.73,0.43,2024-11-01
2024-10-24,0.86,2024-12-09,1.39,0.1,1.25,0.39,2024-12-01
2024-10-23,1.1,2024-11-08,1.43,0.1,1.29,0.19,2024-11-01
2024-10-23,5.02,2024-11-02,9.34,0.1,8.41,3.39,2024-11-01
2024-10-23,0.18,2024-11-27,0.56,0.1,0.5,0.32,2024-11-01
2024-10-23,1.19,2024-12-03,1.98,0.1,1.78,0.59,2024-12-01
2024-10-23,1.28,2024-11-14,2.1,0.1,1.89,0.61,2024-11-01
2024-10-23,0.24,2024-12-03,0.45,0.1,0.4,0.17,2024-12-01
2024-10-23,0.55,2024-11-02,0.75,0.1,0.68,0.12,2024-11-01
2024-10-23,1.33,2024-11-03,2.37,0.1,2.13,0.8,2024-11-01
2024-10-23,3.82,2024-10-25,4.61,0.1,4.15,0.33,2024-10-01
2024-10-23,1.83,2024-11-11,2.75,0.1,2.48,0.65,2024-11-01
2024-10-23,4.73,2024-10-31,10.18,0.1,9.16,4.43,2024-10-01
2024-10-23,1.7,2024-10-24,1.99,0.1,1.79,0.09,2024-10-01
2024-10-23,1.81,2024-11-08,3.05,0.1,2.74,0.94,2024-11-01
2024-10-23,4.66,2024-10-27,8.32,0.1,7.49,2.83,2024-10-01
2024-10-23,4.42,2024-11-08,8.24,0.1,7.42,3.0,2024-11-01
2024-10-23,1.2,2024-11-04,1.32,0.1,1.19,-0.01,2024-11-01
2024-10-23,1.43,2024-11-15,2.66,0.1,2.39,0.96,2024-11-01
2024-10-23,1.64,2024-11-02,2.21,0.1,1.99,0.35,2024-11-01
2024-10-23,0.21,2024-12-12,0.19,0.08,0.17,-0.04,2024-12-01
2024-10-23,7.1,2024-11-01,10.28,0.1,9.25,2.15,2024-11-01
2024-10-23,4.96,2024-11-08,8.24,0.1,7.42,2.46,2024-11-01
2024-10-23,5.43,2024-10-29,6.84,0.1,6.16,0.73,2024-10-01
2024-10-23,1.12,2024-12-19,1.7,0.1,1.53,0.41,2024-12-01
2024-10-23,2.01,2024-11-08,2.99,0.1,2.69,0.68,2024-11-01
2024-10-23,3.16,2024-10-31,5.08,0.1,4.57,1.41,2024-10-01
2024-10-23,5.19,2024-10-23,6.72,0.1,6.05,0.86,2024-10-01
2024-10-21,1.56,2024-10-30,2.5,0.1,2.25,0.69,2024-10-01
2024-10-20,1.01,2024-12-13,1.61,0.1,1.45,0.44,2024-12-01
2024-10-20,3.57,2024-10-21,3.6,0.1,3.24,-0.33,2024-10-01
2024-10-20,1.26,2024-12-13,1.47,0.1,1.32,0.06,2024-12-01
2024-10-20,7.31,2024-11-06,9.0,0.1,8.1,0.79,2024-11-01
2024-10-20,1.35,2024-10-21,2.06,0.1,1.85,0.5,2024-10-01
2024-10-20,1.72,2024-10-23,2.25,0.1,2.02,0.3,2024-10-01
2024-10-20,3.73,2024-12-06,5.89,0.1,5.3,1.57,2024-12-01
2024-10-20,2.0,2024-10-23,3.29,0.1,2.96,0.96,2024-10-01
2024-10-20,4.39,2024-11-08,8.24,0.1,7.42,3.03,2024-11-01
2024-10-20,8.62,2024-11-17,11.08,0.1,9.97,1.35,2024-11-01
2024-10-19,0.92,2024-11-03,1.68,0.1,1.51,0.59,2024-11-01
2024-10-19,2.72,2024-11-03,3.26,0.1,2.93,0.21,2024-11-01
2024-10-19,11.82,2024-10-28,14.5,0.1,13.05,1.23,2024-10-01
2024-10-19,4.56,2024-10-30,7.67,0.1,6.9,2.34,2024-10-01
2024-10-19,0.55,2024-10-28,0.75,0.1,0.68,0.12,2024-10-01
2024-10-19,1.85,2024-10-29,2.96,0.1,2.66,0.81,2024-10-01
2024-10-19,5.27,2024-11-05,7.1,0.1,6.39,1.12,2024-11-01
2024-10-19,1.14,2024-10-27,1.58,0.1,1.42,0.28,2024-10-01
2024-10-19,2.75,2024-10-29,3.26,0.1,2.93,0.18,2024-10-01
2024-10-19,1.5,2024-10-26,1.98,0.1,1.78,0.28,2024-10-01
2024-10-19,2.0,2024-10-21,3.1,0.1,2.79,0.79,2024-10-01
2024-10-19,1.5,2024-10-19,2.11,0.1,1.9,0.4,2024-10-01
2024-10-19,1.82,2024-10-27,2.43,0.1,2.19,0.37,2024-10-01
2024-10-18,7.26,2024-10-20,10.92,0.1,9.83,2.57,2024-10-01
2024-10-18,1.77,2024-10-24,2.13,0.1,1.92,0.15,2024-10-01
2024-10-18,2.12,2024-10-27,3.3,0.1,2.97,0.85,2024-10-01
2024-10-18,1.91,2024-10-20,2.67,0.1,2.4,0.49,2024-10-01
2024-10-18,1.14,2024-10-22,1.52,0.1,1.37,0.23,2024-10-01
2024-10-18,1.1,2024-10-19,1.44,0.1,1.3,0.2,2024-10-01
2024-10-18,6.77,2024-10-26,7.99,0.1,7.19,0.42,2024-10-01
2024-10-18,1.04,2024-10-21,1.46,0.1,1.31,0.27,2024-10-01
2024-10-18,1.46,2024-10-26,1.94,0.1,1.75,0.29,2024-10-01
2024-10-18,1.62,2024-10-19,2.19,0.1,1.97,0.35,2024-10-01
2024-10-18,0.18,2024-11-04,0.48,0.1,0.43,0.25,2024-11-01
2024-10-18,5.4,2024-11-09,7.71,0.1,6.94,1.54,2024-11-01
2024-10-18,0.25,2024-12-07,0.34,0.1,0.31,0.06,2024-12-01
2024-10-18,0.25,2024-12-07,0.38,0.1,0.34,0.09,2024-12-01
2024-10-18,0.25,2024-12-07,0.38,0.1,0.34,0.09,2024-12-01
2024-10-18,0.25,2025-02-01,0.38,0.1,0.34,0.09,2025-02-01
2024-10-18,0.22,2025-06-28,0.31,0.1,0.28,0.06,2025-06-01
2024-10-18,0.2,2024-11-16,0.32,0.1,0.29,0.09,2024-11-01
2024-10-18,0.19,2024-12-07,0.31,0.1,0.28,0.09,2024-12-01
2024-10-18,0.19,2024-12-07,0.31,0.1,0.28,0.09,2024-12-01
2024-10-17,1.5,2024-10-25,2.5,0.1,2.25,0.75,2024-10-01
2024-10-17,1.99,2025-04-06,1.72,0.08,1.58,-0.41,2025-04-01
2024-10-17,1.99,2025-03-31,1.37,0.08,1.26,-0.73,2025-03-01
2024-10-16,1.18,2024-12-08,1.38,0.1,1.24,0.06,2024-12-01
2024-10-16,2.36,2024-11-10,3.37,0.1,3.03,0.67,2024-11-01
2024-10-16,12.43,2024-10-31,14.69,0.1,13.22,0.79,2024-10-01
2024-10-16,0.55,2024-10-23,0.77,0.1,0.69,0.14,2024-10-01
2024-10-15,0.63,2024-10-23,1.18,0.1,1.06,0.43,2024-10-01
2024-10-15,0.76,2024-10-18,0.97,0.1,0.87,0.11,2024-10-01
2024-10-15,0.79,2024-10-25,1.08,0.1,0.97,0.18,2024-10-01
2024-10-15,1.09,2024-10-22,1.43,0.1,1.29,0.2,2024-10-01
2024-10-15,1.09,2024-10-23,1.43,0.1,1.29,0.2,2024-10-01
2024-10-15,1.09,2024-10-23,1.43,0.1,1.29,0.2,2024-10-01
2024-10-15,0.99,2025-02-20,0.82,0.08,0.75,-0.24,2025-02-01
2024-10-15,0.48,2025-05-08,0.43,0.08,0.4,-0.08,2025-05-01
2024-10-15,3.5,2024-10-24,5.23,0.1,4.71,1.21,2024-10-01
2024-10-15,5.05,2024-10-18,7.45,0.1,6.7,1.66,2024-10-01
2024-10-15,5.2,2024-10-23,7.82,0.1,7.04,1.84,2024-10-01
2024-10-15,5.5,2024-10-23,8.56,0.1,7.7,2.2,2024-10-01
2024-10-15,5.8,2024-11-09,7.71,0.1,6.94,1.14,2024-11-01
2024-10-15,50.48,2025-01-17,54.97,0.1,49.47,-1.01,2025-01-01
2024-10-13,0.03,2024-11-04,0.16,0.1,0.14,0.11,2024-11-01
2024-10-12,0.29,2024-11-11,0.48,0.1,0.43,0.14,2024-11-01
2024-10-12,21.0,2024-10-15,24.95,0.15,21.21,0.21,2024-10-01
2024-10-12,1.78,2024-12-09,2.52,0.1,2.27,0.49,2024-12-01
2024-10-12,5.58,2024-10-28,10.18,0.1,9.16,3.58,2024-10-01
2024-10-12,1.36,2024-10-27,1.61,0.1,1.45,0.09,2024-10-01
2024-10-12,2.13,2024-10-29,3.18,0.1,2.86,0.73,2024-10-01
2024-10-12,1.95,2024-10-29,3.18,0.1,2.86,0.91,2024-10-01
2024-10-12,2.59,2024-10-18,4.11,0.1,3.7,1.11,2024-10-01
2024-10-12,2.92,2024-10-18,4.19,0.1,3.77,0.85,2024-10-01
2024-10-12,2.98,2024-10-19,4.34,0.1,3.91,0.93,2024-10-01
2024-10-12,2.9,2024-10-18,4.34,0.1,3.91,1.01,2024-10-01
2024-10-12,3.15,2024-10-20,4.5,0.1,4.05,0.9,2024-10-01
2024-10-12,9.5,2024-10-21,16.77,0.1,15.09,5.59,2024-10-01
2024-10-12,0.83,2024-10-19,1.13,0.1,1.02,0.19,2024-10-01
2024-10-12,0.49,2024-11-18,0.67,0.1,0.6,0.11,2024-11-01
2024-10-12,1.61,2024-10-13,2.9,0.1,2.61,1.0,2024-10-01
2024-10-11,3.72,2024-10-29,5.55,0.1,5.0,1.27,2024-10-01
2024-10-11,11.91,2024-10-20,16.55,0.1,14.9,2.99,2024-10-01
2024-10-11,6.0,2024-10-14,7.73,0.1,6.96,0.96,2024-10-01
2024-10-11,10.43,2024-10-26,13.29,0.1,11.96,1.53,2024-10-01
2024-10-10,2.77,2024-10-19,3.96,0.1,3.56,0.79,2024-10-01
2024-10-10,6.92,2024-10-25,10.28,0.1,9.25,2.33,2024-10-01
2024-10-10,1.91,2024-10-16,2.75,0.1,2.48,0.57,2024-10-01
2024-10-10,0.32,2024-10-17,0.5,0.1,0.45,0.13,2024-10-01
2024-10-10,0.49,2024-11-18,0.67,0.1,0.6,0.11,2024-11-01
2024-10-10,0.36,2025-03-02,0.5,0.1,0.45,0.09,2025-03-01
2024-10-10,0.53,2024-10-17,0.88,0.1,0.79,0.26,2024-10-01
2024-10-10,0.51,2025-02-14,1.17,0.1,1.05,0.54,2025-02-01
2024-10-10,0.51,2025-02-03,1.17,0.1,1.05,0.54,2025-02-01
2024-10-10,1.02,2024-10-22,1.37,0.1,1.23,0.21,2024-10-01
2024-10-10,1.01,2024-10-19,1.61,0.1,1.45,0.44,2024-10-01
2024-10-10,2.84,2024-10-17,4.34,0.1,3.91,1.07,2024-10-01
2024-10-10,3.71,2024-10-22,4.79,0.1,4.31,0.6,2024-10-01
2024-10-10,3.5,2024-10-20,4.79,0.1,4.31,0.81,2024-10-01
2024-10-10,3.19,2024-10-16,4.79,0.1,4.31,1.12,2024-10-01
2024-10-10,3.19,2024-10-13,4.79,0.1,4.31,1.12,2024-10-01
2024-10-10,3.13,2024-10-27,5.08,0.1,4.57,1.44,2024-10-01
2024-10-10,3.13,2024-10-27,5.08,0.1,4.57,1.44,2024-10-01
2024-10-10,3.13,2024-10-27,5.08,0.1,4.57,1.44,2024-10-01
2024-10-10,3.13,2024-10-25,5.08,0.1,4.57,1.44,2024-10-01
2024-10-10,18.44,2024-10-18,23.43,0.1,21.09,2.65,2024-10-01
2024-10-08,2.52,2024-10-09,4.42,0.15,3.76,1.24,2024-10-01
2024-10-08,2.31,2024-10-13,4.22,0.1,3.8,1.49,2024-10-01
2024-10-08,0.12,2024-10-27,0.77,0.1,0.69,0.57,2024-10-01
2024-10-08,1.74,2024-12-03,2.52,0.1,2.27,0.53,2024-12-01
2024-10-08,1.19,2024-12-14,2.37,0.1,2.13,0.94,2024-12-01
2024-10-08,13.35,2024-10-13,16.98,0.1,15.28,1.93,2024-10-01
2024-10-08,0.67,2024-10-10,0.94,0.15,0.8,0.13,2024-10-01
2024-10-08,5.0,2024-10-10,6.21,0.15,5.28,0.28,2024-10-01
2024-10-08,1.64,2024-10-10,2.34,0.15,1.99,0.35,2024-10-01
2024-10-08,7.46,2024-10-15,10.63,0.1,9.57,2.11,2024-10-01
2024-10-08,1.79,2024-12-06,3.14,0.1,2.83,1.04,2024-12-01
2024-10-07,2.03,2024-11-05,2.69,0.1,2.42,0.39,2024-11-01
2024-10-07,0.03,2024-10-26,0.16,0.1,0.14,0.11,2024-10-01
2024-10-07,0.03,2024-10-26,0.16,0.1,0.14,0.11,2024-10-01
2024-10-07,0.03,2024-10-26,0.16,0.1,0.14,0.11,2024-10-01
2024-10-07,1.31,2024-10-09,2.65,0.15,2.25,0.94,2024-10-01
2024-10-07,1.91,2024-10-10,3.37,0.15,2.86,0.95,2024-10-01
2024-10-07,13.12,2024-11-29,14.36,0.1,12.92,-0.2,2024-11-01
2024-10-07,0.1,2024-10-08,0.34,0.15,0.29,0.19,2024-10-01
2024-10-07,0.18,2024-11-04,0.48,0.1,0.43,0.25,2024-11-01
2024-10-07,0.18,2024-10-20,0.63,0.1,0.57,0.39,2024-10-01
2024-10-07,0.18,2024-10-20,0.63,0.1,0.57,0.39,2024-10-01
2024-10-07,0.18,2024-10-20,0.63,0.1,0.57,0.39,2024-10-01
2024-10-07,0.18,2024-10-20,0.63,0.1,0.57,0.39,2024-10-01
2024-10-07,0.51,2025-03-01,0.61,0.1,0.55,0.04,2025-03-01
2024-10-07,0.47,2025-03-01,0.61,0.1,0.55,0.08,2025-03-01
2024-10-07,0.47,2025-03-01,0.62,0.1,0.56,0.09,2025-03-01
2024-10-07,0.46,2025-03-02,0.67,0.1,0.6,0.14,2025-03-01
2024-10-07,0.46,2025-02-28,0.61,0.1,0.55,0.09,2025-02-01
2024-10-07,0.59,2025-01-24,1.17,0.1,1.05,0.46,2025-01-01
2024-10-07,0.59,2025-05-08,0.43,0.08,0.4,-0.19,2025-05-01
2024-10-07,0.59,2025-05-08,0.43,0.08,0.4,-0.19,2025-05-01
2024-10-07,1.29,2024-11-16,1.7,0.1,1.53,0.24,2024-11-01
2024-10-07,1.23,2024-10-19,1.77,0.1,1.59,0.36,2024-10-01
2024-10-07,1.23,2024-10-14,1.77,0.1,1.59,0.36,2024-10-01
2024-10-07,1.11,2024-10-31,1.81,0.1,1.63,0.52,2024-10-01
2024-10-07,1.36,2024-10-13,2.78,0.1,2.5,1.14,2024-10-01
2024-10-07,1.77,2024-10-19,2.87,0.1,2.58,0.81,2024-10-01
2024-10-07,2.11,2024-12-14,2.52,0.1,2.27,0.16,2024-12-01
2024-10-07,2.08,2024-12-22,2.52,0.1,2.27,0.19,2024-12-01
2024-10-07,2.21,2024-12-20,3.36,0.1,3.02,0.81,2024-12-01
2024-10-07,2.26,2024-10-10,3.37,0.15,2.86,0.6,2024-10-01
2024-10-07,2.82,2024-10-12,4.16,0.15,3.54,0.72,2024-10-01
2024-10-07,2.76,2024-10-14,4.16,0.1,3.74,0.98,2024-10-01
2024-10-07,2.7,2024-11-13,4.73,0.1,4.26,1.56,2024-11-01
2024-10-07,5.18,2024-10-11,6.26,0.15,5.32,0.14,2024-10-01
2024-10-07,5.18,2024-10-11,6.26,0.15,5.32,0.14,2024-10-01
2024-10-07,0.63,2024-10-16,0.87,0.1,0.78,0.15,2024-10-01
2024-10-07,1.26,2024-10-19,1.93,0.1,1.74,0.48,2024-10-01
2024-10-07,4.01,2024-11-26,5.07,0.1,4.56,0.55,2024-11-01
2024-10-06,0.21,2024-12-06,0.56,0.1,0.5,0.29,2024-12-01
2024-10-06,0.71,2024-10-16,1.17,0.1,1.05,0.34,2024-10-01
2024-10-06,5.58,2024-10-15,7.48,0.1,6.73,1.15,2024-10-01
2024-10-06,1.59,2024-10-25,1.87,0.1,1.68,0.09,2024-10-01
2024-10-06,2.31,2024-10-18,2.98,0.1,2.68,0.37,2024-10-01
2024-10-06,2.31,2024-10-18,2.98,0.1,2.68,0.37,2024-10-01
2024-10-06,4.62,2024-10-09,7.49,0.15,6.37,1.75,2024-10-01
2024-10-05,1.55,2024-10-06,2.53,0.15,2.15,0.6,2024-10-01
2024-10-05,12.06,2024-10-06,15.42,0.15,13.11,1.05,2024-10-01
2024-10-05,1.29,2024-10-17,2.15,0.1,1.94,0.65,2024-10-01
2024-10-05,4.91,2024-10-14,6.16,0.1,5.54,0.63,2024-10-01
2024-10-05,1.59,2024-12-08,2.37,0.1,2.13,0.54,2024-12-01
2024-10-05,1.93,2024-10-12,3.44,0.15,2.92,0.99,2024-10-01
2024-10-05,1.53,2024-10-19,2.42,0.1,2.18,0.65,2024-10-01
2024-10-05,1.51,2024-10-12,2.64,0.1,2.38,0.87,2024-10-01
2024-10-05,1.89,2024-10-12,2.86,0.1,2.57,0.68,2024-10-01
2024-10-04,2.28,2024-10-12,3.44,0.1,3.1,0.82,2024-10-01
2024-10-04,5.45,2024-10-06,6.87,0.15,5.84,0.39,2024-10-01
2024-10-04,0.4,2024-10-08,0.59,0.15,0.5,0.1,2024-10-01
2024-10-04,2.02,2024-10-13,2.98,0.1,2.68,0.66,2024-10-01
2024-10-04,0.33,2024-10-11,0.5,0.15,0.42,0.09,2024-10-01
2024-10-04,0.33,2024-10-07,0.55,0.15,0.47,0.14,2024-10-01
2024-10-04,1.13,2024-10-13,1.53,0.1,1.38,0.25,2024-10-01
2024-10-04,1.2,2024-10-23,1.7,0.1,1.53,0.33,2024-10-01
2024-10-04,1.11,2024-10-14,2.27,0.1,2.04,0.93,2024-10-01
2024-10-04,1.8,2024-10-19,2.77,0.1,2.49,0.69,2024-10-01
2024-10-01,5.19,2024-10-07,9.1,0.15,7.74,2.54,2024-10-01
2024-10-01,0.58,2024-12-14,0.74,0.1,0.67,0.09,2024-12-01
2024-10-01,9.35,2024-10-09,11.73,0.15,9.97,0.62,2024-10-01
2024-10-01,11.83,2024-10-07,15.42,0.15,13.11,1.28,2024-10-01
2024-10-01,1.53,2024-10-09,2.18,0.15,1.85,0.32,2024-10-01
2024-10-01,5.79,2024-10-10,9.1,0.15,7.74,1.94,2024-10-01
2024-10-01,0.35,2024-10-05,0.48,0.15,0.41,0.06,2024-10-01
2024-10-01,1.29,2024-10-06,1.58,0.15,1.34,0.05,2024-10-01
2024-10-01,1.65,2024-10-03,2.35,0.15,2.0,0.35,2024-10-01
2024-10-01,2.09,2024-10-25,1.47,0.1,1.32,-0.77,2024-10-01
2024-10-01,2.09,2024-10-02,2.58,0.15,2.19,0.1,2024-10-01
2024-10-01,2.09,2024-12-14,2.37,0.1,2.13,0.04,2024-12-01
2024-10-01,2.09,2024-11-03,1.87,0.1,1.68,-0.41,2024-11-01
2024-10-01,2.22,2024-10-11,2.65,0.15,2.25,0.03,2024-10-01
2024-10-01,2.3,2024-10-24,2.66,0.1,2.39,0.09,2024-10-01
2024-10-01,2.3,2024-10-20,3.09,0.1,2.78,0.48,2024-10-01
2024-10-01,2.47,2024-10-05,3.5,0.15,2.98,0.5,2024-10-01
2024-10-01,2.5,2024-10-23,2.98,0.1,2.68,0.18,2024-10-01
2024-10-01,2.7,2024-10-08,4.15,0.15,3.53,0.83,2024-10-01
2024-10-01,2.63,2024-10-13,3.98,0.1,3.58,0.95,2024-10-01
2024-10-01,3.98,2024-10-09,5.27,0.15,4.48,0.5,2024-10-01
2024-10-01,3.66,2024-10-09,5.27,0.15,4.48,0.82,2024-10-01
2024-10-01,1.76,2024-10-06,2.2,0.15,1.87,0.11,2024-10-01
2024-10-01,4.58,2024-10-12,5.52,0.15,4.69,0.11,2024-10-01
2024-10-01,5.58,2024-11-10,6.67,0.1,6.0,0.42,2024-11-01
2024-10-01,1.5,2024-10-01,1.98,0.15,1.68,0.18,2024-10-01
2024-10-01,4.6,2024-10-12,5.3,0.1,4.77,0.17,2024-10-01
2024-10-01,0.15,2024-10-01,0.69,0.15,0.59,0.44,2024-10-01
2024-10-01,0.48,2024-10-08,0.87,0.15,0.74,0.26,2024-10-01
2024-09-30,3.31,2024-10-09,5.27,0.15,4.48,1.17,2024-10-01
2024-09-30,6.73,2024-10-07,8.86,0.15,7.53,0.8,2024-10-01
2024-09-30,20.06,2024-10-04,25.69,0.15,21.84,1.78,2024-10-01
2024-09-30,4.45,2024-10-15,6.96,0.1,6.26,1.81,2024-10-01
2024-09-30,0.53,2024-10-08,0.74,0.15,0.63,0.1,2024-10-01
2024-09-30,0.64,2024-10-01,0.87,0.15,0.74,0.1,2024-10-01
2024-09-30,1.15,2024-10-08,1.88,0.15,1.6,0.45,2024-10-01
2024-09-30,0.53,2024-10-10,0.65,0.15,0.55,0.02,2024-10-01
2024-09-30,1.24,2024-10-16,1.4,0.1,1.26,0.02,2024-10-01
2024-09-30,2.23,2024-10-11,3.44,0.15,2.92,0.69,2024-10-01
2024-09-29,0.15,2024-10-04,0.69,0.15,0.59,0.44,2024-10-01
2024-09-29,1.32,2024-10-17,2.0,0.1,1.8,0.48,2024-10-01
2024-09-29,3.89,2024-10-01,7.04,0.15,5.98,2.09,2024-10-01
2024-09-29,0.46,2024-10-30,0.61,0.1,0.55,0.09,2024-10-01
2024-09-29,0.79,2024-10-05,1.33,0.15,1.13,0.34,2024-10-01
2024-09-29,1.4,2025-05-01,0.78,0.08,0.72,-0.68,2025-05-01
2024-09-29,1.0,2025-05-01,0.78,0.08,0.72,-0.28,2025-05-01
2024-09-29,1.0,2024-12-09,0.81,0.08,0.75,-0.25,2024-12-01
2024-09-29,1.8,2024-10-14,2.36,0.1,2.12,0.32,2024-10-01
2024-09-29,4.13,2024-10-18,5.93,0.1,5.34,1.21,2024-10-01
2024-09-29,5.39,2024-10-06,9.1,0.15,7.74,2.34,2024-10-01
2024-09-29,5.39,2024-10-10,7.72,0.15,6.56,1.17,2024-10-01
2024-09-29,5.39,2024-10-10,7.72,0.15,6.56,1.17,2024-10-01
2024-09-29,7.24,2024-10-05,8.8,0.15,7.48,0.24,2024-10-01
2024-09-29,7.56,2024-10-03,9.94,0.15,8.45,0.89,2024-10-01
2024-09-29,7.56,2024-10-11,9.94,0.15,8.45,0.89,2024-10-01
2024-09-22,0.98,2024-10-12,0.59,0.1,0.53,-0.45,2024-10-01
2024-09-22,0.98,2024-10-12,0.59,0.1,0.53,-0.45,2024-10-01
2024-09-22,0.98,2024-10-12,0.59,0.1,0.53,-0.45,2024-10-01
2024-09-22,0.98,2024-10-12,0.59,0.1,0.53,-0.45,2024-10-01
2024-09-22,0.98,2024-10-12,0.59,0.1,0.53,-0.45,2024-10-01
2024-09-21,4.15,2024-10-05,5.09,0.15,4.33,0.18,2024-10-01
2024-09-21,0.54,2024-10-06,0.65,0.15,0.55,0.01,2024-10-01
2024-09-21,0.93,2024-10-01,1.48,0.15,1.26,0.33,2024-10-01
2024-09-21,0.53,2024-12-17,1.22,0.1,1.1,0.57,2024-12-01
2024-09-21,1.21,2024-10-10,2.37,0.15,2.01,0.8,2024-10-01
2024-09-21,3.18,2024-09-30,5.33,0.15,4.53,1.35,2024-09-01
2024-09-21,5.99,2024-09-22,8.22,0.15,6.99,1.0,2024-09-01
2024-09-21,0.33,2024-10-11,0.44,0.15,0.37,0.04,2024-10-01
2024-09-21,0.5,2024-10-07,0.65,0.15,0.55,0.05,2024-10-01
2024-09-21,0.58,2024-09-28,1.18,0.15,1.0,0.42,2024-09-01
2024-09-21,0.82,2024-10-07,1.03,0.15,0.88,0.06,2024-10-01
2024-09-20,1.2,2024-10-01,2.71,0.15,2.3,1.1,2024-10-01
2024-09-20,1.61,2024-11-10,3.1,0.1,2.79,1.18,2024-11-01
2024-09-20,11.17,2024-09-20,14.78,0.15,12.56,1.39,2024-09-01
2024-09-20,0.6,2024-10-01,1.18,0.15,1.0,0.4,2024-10-01
2024-09-20,1.09,2024-09-22,2.11,0.15,1.79,0.7,2024-09-01
2024-09-20,3.54,2024-09-23,6.56,0.15,5.58,2.04,2024-09-01
2024-09-20,2.01,2024-10-09,3.0,0.15,2.55,0.54,2024-10-01
2024-09-20,2.16,2024-09-27,3.41,0.15,2.9,0.74,2024-09-01
2024-09-20,3.05,2024-09-27,4.12,0.15,3.5,0.45,2024-09-01
2024-09-20,4.45,2024-09-30,8.06,0.15,6.85,2.4,2024-09-01
2024-09-19,1.22,2024-09-20,2.71,0.15,2.3,1.08,2024-09-01
2024-09-19,11.17,2024-09-20,14.78,0.15,12.56,1.39,2024-09-01
2024-09-19,1.09,2024-09-26,1.69,0.15,1.44,0.35,2024-09-01
2024-09-19,1.01,2024-09-23,1.69,0.15,1.44,0.43,2024-09-01
2024-09-19,0.91,2024-10-06,1.69,0.15,1.44,0.53,2024-10-01
2024-09-19,1.27,2024-09-27,1.87,0.15,1.59,0.32,2024-09-01
2024-09-19,1.47,2024-10-11,1.78,0.15,1.51,0.04,2024-10-01
2024-09-19,1.89,2024-09-22,2.42,0.15,2.06,0.17,2024-09-01
2024-09-19,2.01,2024-10-15,2.12,0.1,1.91,-0.1,2024-10-01
2024-09-19,2.55,2024-10-11,3.87,0.15,3.29,0.74,2024-10-01
2024-09-19,2.52,2024-09-25,4.62,0.15,3.93,1.41,2024-09-01
2024-09-18,0.7,2024-09-26,1.43,0.15,1.22,0.52,2024-09-01
2024-09-18,1.91,2024-09-27,4.62,0.15,3.93,2.02,2024-09-01
2024-09-18,0.16,2024-10-05,0.74,0.15,0.63,0.47,2024-10-01
2024-09-18,2.24,2024-10-12,2.12,0.1,1.91,-0.33,2024-10-01
2024-09-18,3.87,2024-09-27,7.12,0.15,6.05,2.18,2024-09-01
2024-09-18,0.81,2024-09-22,1.76,0.15,1.5,0.69,2024-09-01
2024-09-18,0.16,2024-09-21,0.79,0.15,0.67,0.51,2024-09-01
2024-09-18,5.04,2024-10-13,5.9,0.1,5.31,0.27,2024-10-01
2024-09-17,4.65,2024-09-19,6.82,0.15,5.8,1.15,2024-09-01
2024-09-17,0.13,2024-09-25,0.32,0.15,0.27,0.14,2024-09-01
2024-09-17,0.44,2024-09-18,0.99,0.15,0.84,0.4,2024-09-01
2024-09-17,1.92,2024-10-05,3.64,0.15,3.09,1.17,2024-10-01
2024-09-17,7.8,2024-10-07,12.35,0.15,10.5,2.7,2024-10-01
2024-09-16,0.1,2024-10-07,0.17,0.15,0.14,0.04,2024-10-01
2024-09-16,0.1,2024-10-07,0.17,0.15,0.14,0.04,2024-10-01
2024-09-16,0.1,2024-10-07,0.17,0.15,0.14,0.04,2024-10-01
2024-09-16,0.1,2024-10-07,0.17,0.15,0.14,0.04,2024-10-01
2024-09-16,0.1,2024-10-06,0.17,0.15,0.14,0.04,2024-10-01
2024-09-16,0.1,2024-10-06,0.17,0.15,0.14,0.04,2024-10-01
2024-09-16,0.34,2024-10-14,0.91,0.1,0.82,0.48,2024-10-01
2024-09-16,0.67,2024-10-13,1.53,0.1,1.38,0.71,2024-10-01
2024-09-14,0.58,2024-10-09,0.97,0.15,0.82,0.24,2024-10-01
2024-09-14,1.73,2024-09-16,2.24,0.15,1.9,0.17,2024-09-01
2024-09-14,0.2,2024-09-19,0.83,0.15,0.71,0.51,2024-09-01
2024-09-14,0.16,2024-09-22,0.83,0.15,0.71,0.55,2024-09-01
2024-09-14,3.18,2024-09-23,4.4,0.15,3.74,0.56,2024-09-01
2024-09-13,3.22,2024-10-10,4.79,0.15,4.07,0.85,2024-10-01
2024-09-13,4.77,2024-09-27,6.23,0.15,5.3,0.53,2024-09-01
2024-09-13,1.2,2024-09-18,1.59,0.15,1.35,0.15,2024-09-01
2024-09-13,0.52,2024-10-05,0.65,0.15,0.55,0.03,2024-10-01
2024-09-13,0.74,2024-10-15,0.67,0.1,0.6,-0.14,2024-10-01
2024-09-13,1.64,2024-09-21,2.13,0.15,1.81,0.17,2024-09-01
2024-09-13,1.72,2024-09-20,2.32,0.15,1.97,0.25,2024-09-01
2024-09-13,2.12,2024-09-27,3.14,0.15,2.67,0.55,2024-09-01
2024-09-13,2.8,2024-09-27,5.89,0.15,5.01,2.21,2024-09-01
2024-09-12,0.37,2024-10-14,0.91,0.1,0.82,0.45,2024-10-01
2024-09-12,2.57,2024-09-19,3.32,0.15,2.82,0.25,2024-09-01
2024-09-11,1.27,2024-09-19,2.13,0.15,1.81,0.54,2024-09-01
2024-09-11,4.61,2024-09-19,6.0,0.15,5.1,0.49,2024-09-01
2024-09-11,5.35,2024-09-18,6.73,0.15,5.72,0.37,2024-09-01
2024-09-11,0.74,2024-10-14,0.67,0.1,0.6,-0.14,2024-10-01
2024-09-11,1.47,2024-09-13,2.57,0.15,2.18,0.71,2024-09-01
2024-09-11,0.47,2024-10-09,0.67,0.15,0.57,0.1,2024-10-01
2024-09-11,1.14,2024-09-19,2.34,0.15,1.99,0.85,2024-09-01
2024-09-11,2.68,2024-09-19,4.03,0.15,3.43,0.75,2024-09-01
2024-09-11,5.93,2024-09-20,8.75,0.15,7.44,1.51,2024-09-01
2024-09-10,0.22,2024-09-30,0.39,0.15,0.33,0.11,2024-09-01
2024-09-10,4.01,2024-09-18,6.08,0.15,5.17,1.16,2024-09-01
2024-09-10,0.22,2024-09-30,0.39,0.15,0.33,0.11,2024-09-01
2024-09-10,1.22,2024-09-21,1.92,0.15,1.63,0.41,2024-09-01
2024-09-10,2.9,2024-10-26,3.84,0.1,3.46,0.56,2024-10-01
2024-09-09,0.51,2024-10-05,0.67,0.15,0.57,0.06,2024-10-01
2024-09-09,0.45,2024-10-07,0.67,0.15,0.57,0.12,2024-10-01
2024-09-09,0.4,2024-09-26,1.74,0.15,1.48,1.08,2024-09-01
2024-09-09,3.69,2024-10-10,4.64,0.15,3.94,0.25,2024-10-01
2024-09-09,5.32,2024-09-27,8.02,0.15,6.82,1.5,2024-09-01
2024-09-09,0.22,2024-09-30,0.39,0.15,0.33,0.11,2024-09-01
2024-09-09,2.22,2024-09-12,2.75,0.15,2.34,0.12,2024-09-01
2024-09-09,3.11,2024-09-10,4.98,0.15,4.23,1.12,2024-09-01
2024-09-08,0.46,2024-09-20,1.55,0.15,1.32,0.86,2024-09-01
2024-09-08,1.0,2024-09-16,1.52,0.15,1.29,0.29,2024-09-01
2024-09-08,1.4,2024-10-10,1.81,0.15,1.54,0.14,2024-10-01
2024-09-08,0.8,2024-10-06,1.36,0.15,1.16,0.36,2024-10-01
2024-09-08,2.01,2024-09-20,3.69,0.15,3.14,1.13,2024-09-01
2024-09-08,2.36,2024-09-11,3.65,0.15,3.1,0.74,2024-09-01
2024-09-08,4.87,2024-09-26,7.46,0.15,6.34,1.47,2024-09-01
2024-09-08,4.87,2024-09-27,7.46,0.15,6.34,1.47,2024-09-01
2024-09-08,4.87,2024-09-27,7.46,0.15,6.34,1.47,2024-09-01
2024-09-08,0.13,2024-09-20,0.34,0.15,0.29,0.16,2024-09-01
2024-09-08,2.21,2024-09-24,3.69,0.15,3.14,0.93,2024-09-01
2024-09-08,0.54,2024-09-09,0.76,0.15,0.65,0.11,2024-09-01
2024-09-08,0.45,2024-09-22,1.55,0.15,1.32,0.87,2024-09-01
2024-09-08,2.39,2024-09-16,4.01,0.15,3.41,1.02,2024-09-01
2024-09-08,40.0,2024-09-28,49.99,0.15,42.49,2.49,2024-09-01
2024-09-08,4.0,2024-09-10,5.06,0.15,4.3,0.3,2024-09-01
2024-09-08,0.53,2024-09-09,0.76,0.15,0.65,0.12,2024-09-01
2024-09-08,0.79,2024-09-18,1.47,0.15,1.25,0.46,2024-09-01
2024-09-08,1.15,2024-09-16,2.72,0.15,2.31,1.16,2024-09-01
2024-09-08,4.7,2024-09-17,6.02,0.15,5.12,0.42,2024-09-01
2024-09-08,3.57,2024-09-12,7.57,0.15,6.43,2.86,2024-09-01
2024-09-08,12.25,2024-09-27,16.22,0.15,13.79,1.54,2024-09-01
2024-09-08,5.47,2024-09-16,8.67,0.15,7.37,1.9,2024-09-01
2024-09-08,0.35,2024-10-05,0.48,0.15,0.41,0.06,2024-10-01
2024-09-08,2.31,2024-09-17,3.56,0.15,3.03,0.72,2024-09-01
2024-09-08,4.8,2024-09-21,7.57,0.15,6.43,1.63,2024-09-01
2024-09-08,5.1,2024-09-09,6.91,0.15,5.87,0.77,2024-09-01
2024-09-08,0.66,2024-09-16,0.9,0.15,0.76,0.1,2024-09-01
2024-09-08,2.12,2024-09-11,2.75,0.15,2.34,0.22,2024-09-01
2024-09-08,1.16,2024-09-15,2.12,0.15,1.8,0.64,2024-09-01
2024-09-08,0.22,2024-09-21,0.39,0.15,0.33,0.11,2024-09-01
2024-09-08,1.29,2024-09-19,2.14,0.15,1.82,0.53,2024-09-01
2024-09-08,1.29,2024-09-17,2.14,0.15,1.82,0.53,2024-09-01
2024-09-08,2.45,2024-10-04,4.51,0.15,3.83,1.38,2024-10-01
2024-09-08,2.45,2024-10-04,4.51,0.15,3.83,1.38,2024-10-01
2024-09-08,2.45,2024-10-04,4.51,0.15,3.83,1.38,2024-10-01
2024-09-08,2.45,2024-10-04,4.51,0.15,3.83,1.38,2024-10-01
2024-09-08,2.45,2024-10-04,4.51,0.15,3.83,1.38,2024-10-01
2024-09-08,0.62,2024-09-09,0.9,0.15,0.76,0.15,2024-09-01
2024-09-08,0.94,2024-09-28,1.11,0.15,0.94,0.0,2024-09-01
2024-09-08,1.35,2024-09-28,2.29,0.15,1.95,0.6,2024-09-01
2024-09-08,1.66,2024-09-09,2.94,0.15,2.5,0.84,2024-09-01
2024-09-08,1.64,2024-09-14,2.07,0.15,1.76,0.12,2024-09-01
2024-09-08,0.22,2024-09-30,0.39,0.15,0.33,0.11,2024-09-01
2024-09-08,0.7,2024-09-18,0.99,0.15,0.84,0.14,2024-09-01
2024-09-08,0.86,2024-09-22,1.19,0.15,1.01,0.15,2024-09-01
2024-09-08,0.82,2024-10-07,1.03,0.15,0.88,0.06,2024-10-01
2024-09-08,0.94,2024-09-28,1.11,0.15,0.94,0.0,2024-09-01
2024-09-08,0.94,2024-09-28,1.11,0.15,0.94,0.0,2024-09-01
2024-09-08,0.9,2024-09-18,1.67,0.15,1.42,0.52,2024-09-01
2024-09-08,1.43,2024-10-07,1.81,0.15,1.54,0.11,2024-10-01
2024-09-08,1.43,2024-11-01,1.68,0.1,1.51,0.08,2024-11-01
2024-09-04,2.87,2024-09-14,4.21,0.15,3.58,0.71,2024-09-01
2024-09-04,3.23,2024-10-05,4.64,0.15,3.94,0.71,2024-10-01
2024-09-04,0.46,2024-09-12,0.77,0.15,0.65,0.19,2024-09-01
2024-09-04,0.62,2024-09-22,0.79,0.15,0.67,0.05,2024-09-01
2024-09-04,0.65,2024-09-29,0.79,0.15,0.67,0.02,2024-09-01
2024-09-04,0.39,2024-09-14,0.85,0.15,0.72,0.33,2024-09-01
2024-09-04,0.71,2024-09-18,0.99,0.15,0.84,0.13,2024-09-01
2024-09-04,0.77,2024-11-19,1.45,0.1,1.3,0.53,2024-11-01
2024-09-04,1.19,2024-09-07,1.48,0.15,1.26,0.07,2024-09-01
2024-09-04,1.37,2024-09-07,1.65,0.15,1.4,0.03,2024-09-01
2024-09-04,1.37,2024-09-07,1.65,0.15,1.4,0.03,2024-09-01
2024-09-04,1.37,2024-09-06,1.65,0.15,1.4,0.03,2024-09-01
2024-09-04,1.3,2024-09-06,2.27,0.15,1.93,0.63,2024-09-01
2024-09-04,1.3,2024-09-06,2.27,0.15,1.93,0.63,2024-09-01
2024-09-04,0.99,2024-10-12,0.59,0.1,0.53,-0.46,2024-10-01
2024-09-04,2.6,2024-10-01,3.07,0.15,2.61,0.01,2024-10-01
2024-09-04,2.6,2024-09-13,2.14,0.15,1.82,-0.78,2024-09-01
2024-09-04,2.5,2024-09-13,3.1,0.15,2.64,0.13,2024-09-01
2024-09-04,1.25,2024-09-13,2.99,0.15,2.54,1.29,2024-09-01
2024-09-04,9.0,2024-09-11,11.85,0.15,10.07,1.07,2024-09-01
2024-09-04,9.99,2024-09-11,13.06,0.15,11.1,1.11,2024-09-01
