transfer_id,buy_price,buy_date,name,wear,uuid,meta_offer_id,stackable,sale_id,offer_date_created,offer_date_trade_unlock,state,offer_date_sold,time_to_sell,commission_factor,selling_price,min_selling_price,profit
GTS6E2SFSALN,1.3,2024-09-04,Sticker | Team Liquid (Holo) | Paris 2023,,,45016993,True,11ca2c05-60fb-4cf0-9972-d89cef956a55,2024-09-05,,SOLD,2024-09-06,1.0,0.15,2.27,1.54,0.63
G3TKZWKRD02L,1.3,2024-09-04,Sticker | Team Liquid (Holo) | Paris 2023,,,45016993,True,d3934d8f-95ee-418d-b866-ffe2ce564464,2024-09-05,,SOLD,2024-09-06,1.0,0.15,2.27,1.54,0.63
G4ZZDGNPS7A8,1.37,2024-09-04,Sticker | Vitality (Holo) | Paris 2023,,,45017001,True,8ba83654-fbc6-4b7a-a9fa-4bbc067654bc,2024-09-05,,SOLD,2024-09-06,1.0,0.15,1.65,1.62,0.03
GAWZH9LAKCU0,1.37,2024-09-04,Sticker | Vitality (Holo) | Paris 2023,,,45017001,True,fded8d8b-2762-4b28-9d0b-c143d110ef81,2024-09-05,,SOLD,2024-09-07,2.0,0.15,1.65,1.62,0.03
GA30UK8CRW28,1.37,2024-09-04,Sticker | Vitality (Holo) | Paris 2023,,,45017001,True,59f0aa5f-0cb5-4174-add1-ebe3b345d87c,2024-09-05,,SOLD,2024-09-07,2.0,0.15,1.65,1.62,0.03
GE3E0U2L2Z97,1.19,2024-09-04,Sticker | FaZe Clan (Holo) | Paris 2023,,,45027435,True,021ce1d7-b640-46cd-9581-13ca3534e048,2024-09-05,,SOLD,2024-09-07,2.0,0.15,1.48,1.41,0.07
G8NU4HND5RF0,0.54,2024-09-08,USP-S | Ticket to Hell (Minimal Wear),9.98,1ce73066-e45f-4492-955e-8621d2fffdf6,54287986,False,1ce73066-e45f-4492-955e-8621d2fffdf6,2024-09-10,2024-09-16,SOLD,2024-09-09,0.0,0.15,0.76,0.65,0.11
G0P2KSHA962C,0.53,2024-09-08,USP-S | Ticket to Hell (Minimal Wear),7.28,4eca0344-982d-456a-bc7e-42da35bc4376,54287982,False,4eca0344-982d-456a-bc7e-42da35bc4376,2024-09-10,2024-09-16,SOLD,2024-09-09,0.0,0.15,0.76,0.64,0.12
G3E7K8X6G2NA,5.1,2024-09-08,Winter Offensive Weapon Case,,,223,True,c64b4de7-481c-4151-bbfa-4f6ea5f1ea30,2024-09-10,,SOLD,2024-09-09,0.0,0.15,6.91,6.01,0.77
G6W406RC3TEH,0.62,2024-09-08,SSG 08 | Acid Fade (Factory New),2.48,91b153b6-4ade-4213-9ea4-c810368163a4,54287972,False,91b153b6-4ade-4213-9ea4-c810368163a4,2024-09-10,2024-09-16,SOLD,2024-09-09,0.0,0.15,0.9,0.74,0.15
G5069A3W6R57,1.66,2024-09-08,MP9 | Food Chain (Field-Tested),22.74,15d66a82-182e-4d48-9a8e-73536da52ed5,54287963,False,15d66a82-182e-4d48-9a8e-73536da52ed5,2024-09-10,2024-09-16,SOLD,2024-09-09,0.0,0.15,2.94,1.96,0.84
G5S9K56DFTA7,4.0,2024-09-08,MAC-10 | Neon Rider (Field-Tested),18.91,1418de44-2454-4ea0-978b-24d6395050bc,54287983,False,1418de44-2454-4ea0-978b-24d6395050bc,2024-09-10,2024-09-16,SOLD,2024-09-10,1.0,0.15,5.06,4.72,0.3
GS72D80HUKSK,3.11,2024-09-09,Galil AR | Chromatic Aberration (Minimal Wear),14.17,a36d5953-64b5-447b-af0d-0eac56552f64,54305777,False,a36d5953-64b5-447b-af0d-0eac56552f64,2024-09-10,2024-09-16,SOLD,2024-09-10,0.0,0.15,4.98,3.67,1.12
GWLL6PSWCL69,2.36,2024-09-08,Enforcer | Phoenix,,84d8db50-9ea9-48de-b33a-3fcba6190eff,54287970,False,84d8db50-9ea9-48de-b33a-3fcba6190eff,2024-09-10,2024-09-16,SOLD,2024-09-11,2.0,0.15,3.65,2.79,0.74
G2F85RRDFK3D,2.12,2024-09-08,Five-SeveN | Monkey Business (Field-Tested),18.59,4a6caca5-e363-4deb-8d4f-ff6da901684f,54287974,False,4a6caca5-e363-4deb-8d4f-ff6da901684f,2024-09-10,2024-09-16,SOLD,2024-09-11,2.0,0.15,2.75,2.51,0.22
GG7LH0CXD0P6,9.99,2024-09-04,"Music Kit | Knock2, dashstar*",,,41605242,True,27c0979f-0559-419f-8350-273c8ab07feb,2024-09-05,,SOLD,2024-09-11,6.0,0.15,13.06,11.76,1.11
GSK2DU06CKH9,9.0,2024-09-04,Lieutenant Rex Krikey | SEAL Frogman,,7f62ab04-168b-4f8a-820c-72fdc35d87a4,54199637,False,7f62ab04-168b-4f8a-820c-72fdc35d87a4,2024-09-05,2024-09-11,SOLD,2024-09-11,6.0,0.15,11.85,10.6,1.07
GD0FUK3KN88F,2.22,2024-09-09,Five-SeveN | Monkey Business (Field-Tested),30.62,c23c9092-a4dd-462e-a4e5-d14e1113887f,54305778,False,c23c9092-a4dd-462e-a4e5-d14e1113887f,2024-09-10,2024-09-17,SOLD,2024-09-12,2.0,0.15,2.75,2.62,0.12
G6L2AXD2FPAA,0.46,2024-09-04,Sticker | Gold Web,,,7241726,True,69437ed6-94d2-4ca0-b914-917f9bb5a818,2024-09-05,,SOLD,2024-09-12,7.0,0.15,0.77,0.55,0.19
GE8E23TRD6AZ,3.57,2024-09-08,M4A1-S | Nitro (Factory New),6.88,51cf5320-daf1-4474-bb6c-e01fff5662ae,54287978,False,51cf5320-daf1-4474-bb6c-e01fff5662ae,2024-09-10,2024-09-16,SOLD,2024-09-12,3.0,0.15,7.57,4.21,2.86
GLF2WC6ZS4UH,1.25,2024-09-04,Sticker | Vitality (Holo) | Stockholm 2021,,,36663837,True,6a20ff8c-470e-46b7-abc1-bda22e8644ef,2024-09-05,,SOLD,2024-09-13,8.0,0.15,2.99,1.48,1.29
GPH2L92NKWX3,2.5,2024-09-04,Sticker | Vitality (Holo) | Stockholm 2021,,,36663837,True,508de0aa-63fb-4029-b4f6-1236b95ca214,2024-09-05,,SOLD,2024-09-13,8.0,0.15,3.1,2.95,0.13
G4UZ3ASZ4DR5,2.6,2024-09-04,Sticker | Vitality (Holo) | Stockholm 2021,,,36663837,True,05e58264-bdb0-499f-a696-e50eb1e096d1,2024-09-05,,SOLD,2024-09-13,8.0,0.15,2.14,3.07,-0.78
G3GCK9S64H6G,1.47,2024-09-11,StatTrak™ M4A1-S | Emphorosaur-S (Field-Tested),15.19,b574e635-4592-4178-a8e6-e8eb3cd98e10,54392952,False,b574e635-4592-4178-a8e6-e8eb3cd98e10,2024-09-12,2024-09-19,SOLD,2024-09-13,1.0,0.15,2.57,1.74,0.71
GX64GS7D90RA,0.39,2024-09-04,Sticker | Eternal Fire (Glitter) | Copenhagen 2024,,,50337348,True,6a017559-4244-4eb7-8e6c-9083697aad0f,2024-09-05,,SOLD,2024-09-14,9.0,0.15,0.85,0.47,0.33
G4LN4HGDLSZ8,1.64,2024-09-08,Galil AR | Rocket Pop (Minimal Wear),13.89,6f69b7c6-93f8-4b27-b1e6-1cad5bb2267d,54263775,False,6f69b7c6-93f8-4b27-b1e6-1cad5bb2267d,2024-09-09,,SOLD,2024-09-14,5.0,0.15,2.07,1.94,0.12
GPE0X5UX39GP,2.87,2024-09-04,Wildfire Pin,,,870733,True,c28631b3-8929-420d-ba19-8a28048269f8,2024-09-05,,SOLD,2024-09-14,9.0,0.15,4.21,3.39,0.71
GFSCGN0XCX79,1.16,2024-09-08,Galil AR | Tuxedo (Factory New),5.56,e7409c84-c9c3-435a-923b-5e2e2a26f32d,54287973,False,e7409c84-c9c3-435a-923b-5e2e2a26f32d,2024-09-10,2024-09-14,SOLD,2024-09-15,6.0,0.15,2.12,1.38,0.64
GL72R6P4AH83,1.0,2024-09-08,Sticker | Cedar Creek (Holo),,,48957894,True,84292264-ee11-4301-a906-5d6304472a38,2024-09-10,,SOLD,2024-09-16,7.0,0.15,1.52,1.19,0.29
G6D30FSSF5E4,5.47,2024-09-08,Seal Team 6 Soldier | NSWC SEAL,,93b56f17-3926-43b1-8c4d-a7ebef3b04e2,54287976,False,93b56f17-3926-43b1-8c4d-a7ebef3b04e2,2024-09-10,2024-09-16,SOLD,2024-09-16,7.0,0.15,8.67,6.45,1.9
GH8LXRKN62H2,1.73,2024-09-14,USP-S | Cortex (Field-Tested),34.07,260f39b7-865e-4bef-a778-d51b14ad8efc,54468253,False,260f39b7-865e-4bef-a778-d51b14ad8efc,2024-09-16,2024-09-22,SOLD,2024-09-16,1.0,0.15,2.24,2.05,0.17
GUAS6TUT7WSD,0.66,2024-09-08,SSG 08 | Acid Fade (Factory New),1.25,4370e26e-2b3e-451a-9328-c47cc94155af,54287964,False,4370e26e-2b3e-451a-9328-c47cc94155af,2024-09-10,2024-09-16,SOLD,2024-09-16,7.0,0.15,0.9,0.79,0.1
G3CTFGD97627,1.15,2024-09-08,USP-S | Ticket to Hell (Factory New),6.35,b3bac850-7140-466f-a4bb-fae6829c1245,54287980,False,b3bac850-7140-466f-a4bb-fae6829c1245,2024-09-10,2024-09-16,SOLD,2024-09-16,7.0,0.15,2.72,1.36,1.16
G4NG3TT59092,2.39,2024-09-08,Soldier | Phoenix,,a1171b33-83ff-4bef-a315-2c234fc54cbc,54287984,False,a1171b33-83ff-4bef-a315-2c234fc54cbc,2024-09-10,2024-09-09,SOLD,2024-09-16,7.0,0.15,4.01,2.82,1.02
G3AHC3S3ZXHP,4.7,2024-09-08,M4A4 | Spider Lily (Minimal Wear),13.57,b8869d9c-ae2d-4bb3-ae79-8345e2ea50c6,54287979,False,b8869d9c-ae2d-4bb3-ae79-8345e2ea50c6,2024-09-10,2024-09-16,SOLD,2024-09-17,8.0,0.15,6.02,5.54,0.42
G2NDDDDFXE2S,1.29,2024-09-08,Sticker | Vitality (Holo) | Stockholm 2021,,,36663837,True,ecdae86f-b23c-4ecb-b2c0-0f903737cb30,2024-09-10,,SOLD,2024-09-17,8.0,0.15,2.14,1.53,0.53
GZNHHUFWG5GC,2.31,2024-09-08,Inferno 2 Pin,,,864504,True,6739298d-aef3-4e31-b472-7236c1515299,2024-09-10,,SOLD,2024-09-17,8.0,0.15,3.56,2.73,0.72
GX3EGTDKX6G6,0.71,2024-09-04,"Music Kit | Meechy Darko, Gothic Luxury",,,41803222,True,d6241cb9-20c6-435d-a083-4b5651b2d40e,2024-09-05,,SOLD,2024-09-18,13.0,0.15,0.99,0.85,0.13
GHZ84LRXE3ZZ,0.79,2024-09-08,M4A1-S | Mud-Spec (Factory New),6.66,3ed5283c-ffc5-4235-bb3d-71800741e102,54287981,False,3ed5283c-ffc5-4235-bb3d-71800741e102,2024-09-10,2024-09-16,SOLD,2024-09-18,9.0,0.15,1.47,0.94,0.46
GH9WREUNFSHC,0.44,2024-09-17,USP-S | Ticket to Hell (Minimal Wear),8.89,7f8c2a0d-d5f5-4523-bbd5-7e0c4b957ada,54580175,False,7f8c2a0d-d5f5-4523-bbd5-7e0c4b957ada,2024-09-18,2024-09-25,SOLD,2024-09-18,0.0,0.15,0.99,0.53,0.4
GG258A9TH8P9,4.01,2024-09-10,MAC-10 | Neon Rider (Field-Tested),17.19,1a222f3f-4a59-4ae5-8f51-faaeecec3527,54350909,False,1a222f3f-4a59-4ae5-8f51-faaeecec3527,2024-09-11,2024-09-17,SOLD,2024-09-18,7.0,0.15,6.08,4.73,1.16
GE7P6E79330Z,5.35,2024-09-11,Zeus x27 | Olympus (Field-Tested),21.83,a76ac1f9-e837-4007-bddd-ca6b53b43664,54396001,False,a76ac1f9-e837-4007-bddd-ca6b53b43664,2024-09-12,2024-09-18,SOLD,2024-09-18,6.0,0.15,6.73,6.31,0.37
G26LLW9W2CPR,0.7,2024-09-08,"Music Kit | Meechy Darko, Gothic Luxury",,,41803222,True,39c6cc6c-1628-4225-a69f-26ff7d112fdf,2024-09-09,,SOLD,2024-09-18,9.0,0.15,0.99,0.84,0.14
G8E4CA26336E,1.2,2024-09-13,Name Tag,,,1229920,True,73a47809-df62-4fba-b761-96c6ff614ba8,2024-09-14,,SOLD,2024-09-18,4.0,0.15,1.59,1.42,0.15
G0PK47KKUUKE,0.9,2024-09-08,FAMAS | ZX Spectron (Field-Tested),35.54,89c3accd-3971-4b23-9444-1d8cb12442cc,54257799,False,89c3accd-3971-4b23-9444-1d8cb12442cc,2024-09-09,2024-09-15,SOLD,2024-09-18,9.0,0.15,1.67,1.07,0.52
GTU83CCA0XDT,0.2,2024-09-14,Dual Berettas | Cobalt Quartz (Factory New),2.54,2f348ae7-ece7-44fd-a7c3-9d4452bb7444,54465733,False,2f348ae7-ece7-44fd-a7c3-9d4452bb7444,2024-09-15,2024-09-21,SOLD,2024-09-19,4.0,0.15,0.83,0.25,0.51
GAL5W3K8G72X,4.61,2024-09-11,AK-47 | Phantom Disruptor (Minimal Wear),13.02,d1dc4656-914b-4a79-9fc4-60c8d0061241,54396002,False,d1dc4656-914b-4a79-9fc4-60c8d0061241,2024-09-12,2024-09-19,SOLD,2024-09-19,7.0,0.15,6.0,5.44,0.49
G74ZDSNNUEGG,1.27,2024-09-11,Glock-18 | Umbral Rabbit (Factory New),6.25,054949a9-816e-4d03-84b4-589efff6f87d,54396003,False,054949a9-816e-4d03-84b4-589efff6f87d,2024-09-12,2024-09-19,SOLD,2024-09-19,7.0,0.15,2.13,1.51,0.54
GXRXDU5CEG03,1.29,2024-09-08,Sticker | Vitality (Holo) | Stockholm 2021,,,36663837,True,9f1ba0f1-f2b4-4667-a12b-6874069e890c,2024-09-10,,SOLD,2024-09-19,10.0,0.15,2.14,1.53,0.53
GXCR0645G29K,2.68,2024-09-11,Bravo Pin,,,19578,True,56bab690-3ec4-4cca-a9dd-29c64a408897,2024-09-12,,SOLD,2024-09-19,7.0,0.15,4.03,3.16,0.75
GK6TXPKHD6G7,1.14,2024-09-11,M4A1-S | Night Terror (Factory New),6.62,32fe68e9-f017-43a3-ab74-9d6aa98907d3,54370422,False,32fe68e9-f017-43a3-ab74-9d6aa98907d3,2024-09-12,2024-09-18,SOLD,2024-09-19,7.0,0.15,2.34,1.35,0.85
G4ALF2K68TDL,2.57,2024-09-12,Inferno 2 Pin,,,864504,True,4d5ebcfe-e6da-445e-abbd-53d1cb6c2938,2024-09-13,,SOLD,2024-09-19,6.0,0.15,3.32,3.04,0.25
GCUL3HL25CL6,4.65,2024-09-17,AWP | Atheris (Minimal Wear),13.26,bc3e7eca-39ce-40f0-ab91-250a3bdcbb83,54580176,False,bc3e7eca-39ce-40f0-ab91-250a3bdcbb83,2024-09-18,2024-09-25,SOLD,2024-09-19,1.0,0.15,6.82,5.48,1.15
G4WWFASKRPA8,2.01,2024-09-08,Glock-18 | Nuclear Garden (Minimal Wear),14.48,179335b6-7d2a-48c3-8a97-d5a7e4a1946e,54287988,False,179335b6-7d2a-48c3-8a97-d5a7e4a1946e,2024-09-10,2024-09-16,SOLD,2024-09-20,11.0,0.15,3.69,2.38,1.13
GN7LX0GNN9DS,0.46,2024-09-08,Tec-9 | Ice Cap (Factory New),6.95,9359b9f5-9e67-4822-8df8-6046dac62f58,54287991,False,9359b9f5-9e67-4822-8df8-6046dac62f58,2024-09-10,2024-09-16,SOLD,2024-09-20,11.0,0.15,1.55,0.55,0.86
G78UHKARAHPZ,1.22,2024-09-19,USP-S | Ticket to Hell (Factory New),0.42,4b0eb428-4502-412f-9c43-17325b4c402d,54637683,False,4b0eb428-4502-412f-9c43-17325b4c402d,2024-09-21,2024-09-27,SOLD,2024-09-20,0.0,0.15,2.71,1.45,1.08
GN6DWKDE7LSW,11.17,2024-09-19,B Squadron Officer | SAS,,0ff9edbe-06c1-4a1c-b161-8ff2b042a72f,54637682,False,0ff9edbe-06c1-4a1c-b161-8ff2b042a72f,2024-09-21,2024-09-27,SOLD,2024-09-20,0.0,0.15,14.78,13.15,1.39
GTAW3KG6DXXL,5.93,2024-09-11,Seal Team 6 Soldier | NSWC SEAL,,8166ac87-7ce3-4667-8182-1925e938170e,54370421,False,8166ac87-7ce3-4667-8182-1925e938170e,2024-09-12,2024-09-15,SOLD,2024-09-20,8.0,0.15,8.75,6.99,1.51
GHD8REECTS7W,0.13,2024-09-08,Sticker | KOI (Glitter) | Copenhagen 2024,,,50925888,True,b9c6bf15-a357-4226-9335-536badc50d69,2024-09-10,,SOLD,2024-09-20,11.0,0.15,0.34,0.16,0.16
G2H0HF8P657U,11.17,2024-09-20,B Squadron Officer | SAS,,6300a2e7-70cd-45dd-a7c7-cb024702a790,54676583,False,6300a2e7-70cd-45dd-a7c7-cb024702a790,2024-09-21,2024-09-28,SOLD,2024-09-20,0.0,0.15,14.78,13.15,1.39
GUZ0CDXG5PT0,1.72,2024-09-13,USP-S | Cortex (Field-Tested),31.46,2400f195-5a8a-4017-896e-8d54989d5f9d,54420338,False,2400f195-5a8a-4017-896e-8d54989d5f9d,2024-09-14,2024-09-20,SOLD,2024-09-20,6.0,0.15,2.32,2.04,0.25
GA6RZ0N3H8A3,1.64,2024-09-13,Glock-18 | Umbral Rabbit (Factory New),6.95,c680dc90-1614-458d-a2df-7a35d0c3f31f,54420339,False,c680dc90-1614-458d-a2df-7a35d0c3f31f,2024-09-14,2024-09-18,SOLD,2024-09-21,7.0,0.15,2.13,1.94,0.17
G728L0Z3UTKK,0.22,2024-09-08,Sticker | FaZe Clan (Glitter) | Antwerp 2022,,,39880359,True,4d22a72f-ecbd-4ca4-8560-f3f83af67130,2024-09-10,,SOLD,2024-09-21,12.0,0.15,0.39,0.27,0.11
GHHFHNG552AW,4.8,2024-09-08,StatTrak™ Desert Eagle | Light Rail (Minimal Wear),7.75,45b48551-ccd7-4ceb-8a8b-b969a8159e34,54287975,False,45b48551-ccd7-4ceb-8a8b-b969a8159e34,2024-09-10,2024-09-16,SOLD,2024-09-21,12.0,0.15,7.57,5.66,1.63
GFZU58PS8ALG,1.22,2024-09-10,Galil AR | Tuxedo (Factory New),6.43,cabafda4-06be-46ec-9184-c7010e67090b,54329154,False,cabafda4-06be-46ec-9184-c7010e67090b,2024-09-11,2024-09-17,SOLD,2024-09-21,10.0,0.15,1.92,1.45,0.41
GTAWA5LW39FK,0.16,2024-09-18,Dual Berettas | Cobalt Quartz (Factory New),3.9,b1ccb875-400e-4866-91ef-3dbe52c84deb,54608674,False,b1ccb875-400e-4866-91ef-3dbe52c84deb,2024-09-19,2024-09-25,SOLD,2024-09-21,2.0,0.15,0.79,0.2,0.51
GRPCAUHHT0AL,0.16,2024-09-14,Dual Berettas | Cobalt Quartz (Factory New),4.4,1d465526-e582-463b-a6b9-f6b19b264ae4,54465732,False,1d465526-e582-463b-a6b9-f6b19b264ae4,2024-09-15,2024-09-22,SOLD,2024-09-22,7.0,0.15,0.83,0.2,0.55
GN9HCPP7W3UK,1.89,2024-09-19,Guardian 3 Pin,,,870797,True,77384948-0728-4561-9fa4-f641a5bb55e7,2024-09-20,,SOLD,2024-09-22,2.0,0.15,2.42,2.24,0.17
G9CXHTTDG4AG,1.09,2024-09-20,Galil AR | Tuxedo (Factory New),6.94,0dc34fc0-f1b4-4ac6-947c-0e0f44823934,54676581,False,0dc34fc0-f1b4-4ac6-947c-0e0f44823934,2024-09-21,2024-09-28,SOLD,2024-09-22,1.0,0.15,2.11,1.29,0.7
GUA3THPXSUUD,0.81,2024-09-18,USP-S | Check Engine (Factory New),6.1,258f558e-4520-4c2b-b706-369c2268c420,54608675,False,258f558e-4520-4c2b-b706-369c2268c420,2024-09-19,2024-09-26,SOLD,2024-09-22,3.0,0.15,1.76,0.96,0.69
G32G4KDUUFSK,0.86,2024-09-08,Desert Eagle | Meteorite (Factory New),4.95,acff27f0-b015-462d-a32b-cb4b55d57306,54257801,False,acff27f0-b015-462d-a32b-cb4b55d57306,2024-09-09,,SOLD,2024-09-22,13.0,0.15,1.19,1.02,0.15
GHLLZP8825K2,0.62,2024-09-04,Sticker | Ninjas in Pyjamas (Holo) | Paris 2023,,,45016971,True,b3bc4ec9-2c0a-4595-aa7a-f6ac68987df3,2024-09-05,,SOLD,2024-09-22,17.0,0.15,0.79,0.74,0.05
GDE2L9D06FCH,5.99,2024-09-21,AK-47 | Legion of Anubis (Minimal Wear),14.27,e753f2d4-df84-47b2-91a1-04a11f27e229,54695462,False,e753f2d4-df84-47b2-91a1-04a11f27e229,2024-09-22,2024-09-22,SOLD,2024-09-22,0.0,0.15,8.22,7.06,1.0
GS4H09XUTZG5,0.45,2024-09-08,Tec-9 | Ice Cap (Factory New),5.06,9b64f1bf-1d11-4d08-a257-7e5f278b4081,54287985,False,9b64f1bf-1d11-4d08-a257-7e5f278b4081,2024-09-10,2024-09-16,SOLD,2024-09-22,13.0,0.15,1.55,0.54,0.87
GK3N9WE3TAUE,3.18,2024-09-14,Souvenir USP-S | Purple DDPAT (Field-Tested),23.14,8eb91daa-01bf-4188-9400-37b221bf1d78,54465731,False,8eb91daa-01bf-4188-9400-37b221bf1d78,2024-09-15,2024-09-22,SOLD,2024-09-23,8.0,0.15,4.4,3.75,0.56
GN7TDA5CA03N,1.01,2024-09-19,MP7 | Bloodsport (Field-Tested),16.97,e5fbec1c-6160-4caf-a3b3-5b8d8ddf695e,54634542,False,e5fbec1c-6160-4caf-a3b3-5b8d8ddf695e,2024-09-20,2024-09-26,SOLD,2024-09-23,3.0,0.15,1.69,1.2,0.43
G3GETRTFWL5Z,3.54,2024-09-20,M4A1-S | Basilisk (Field-Tested),30.0,d9ee4dc0-0c25-40e6-94b5-70efd6c50ef4,54674937,False,d9ee4dc0-0c25-40e6-94b5-70efd6c50ef4,2024-09-21,2024-09-28,SOLD,2024-09-23,2.0,0.15,6.56,4.18,2.04
G3PD5AZ3DS0R,2.21,2024-09-08,Glock-18 | Nuclear Garden (Minimal Wear),11.07,5730c809-a486-4077-bd96-d33a7d012119,54287987,False,5730c809-a486-4077-bd96-d33a7d012119,2024-09-10,2024-09-16,SOLD,2024-09-24,15.0,0.15,3.69,2.61,0.93
GEEKRH88CAUW,2.52,2024-09-19,StatTrak™ USP-S | Ticket to Hell (Minimal Wear),8.32,3bfb30b2-6a6a-42bb-a8cb-5698409f0ef7,54634536,False,3bfb30b2-6a6a-42bb-a8cb-5698409f0ef7,2024-09-20,2024-09-27,SOLD,2024-09-25,5.0,0.15,4.62,2.98,1.41
GDPDP7980W4H,0.13,2024-09-17,Sticker | KOI (Glitter) | Copenhagen 2024,,,50925888,True,4a9ee4bc-3d02-40d6-b739-4ceb3bc8693a,2024-09-18,,SOLD,2024-09-25,7.0,0.15,0.32,0.16,0.14
GUSHUN64T0GC,1.09,2024-09-19,MP7 | Bloodsport (Field-Tested),26.06,12910043-34b5-4892-afd3-dd6423ad5346,54634543,False,12910043-34b5-4892-afd3-dd6423ad5346,2024-09-20,2024-09-25,SOLD,2024-09-26,6.0,0.15,1.69,1.29,0.35
G5S4WXRDU95A,0.4,2024-09-09,Tec-9 | Ice Cap (Factory New),1.93,dfeb727c-27df-4ec0-a0a3-87abd45bd5bd,54319951,False,dfeb727c-27df-4ec0-a0a3-87abd45bd5bd,2024-09-11,2024-09-17,SOLD,2024-09-26,16.0,0.15,1.74,0.48,1.08
GA695W4GNX86,4.87,2024-09-08,Operator | FBI SWAT,,6411213c-75ed-489f-a1d8-5c1e1418ac77,54287969,False,6411213c-75ed-489f-a1d8-5c1e1418ac77,2024-09-10,2024-09-16,SOLD,2024-09-26,17.0,0.15,7.46,5.74,1.47
G5D0C2A5CK9Z,0.7,2024-09-18,Sticker | FaZe Clan (Holo) | Paris 2023,,,45027435,True,03f482c8-fe66-4e87-91ef-406382fe3dff,2024-09-20,,SOLD,2024-09-26,7.0,0.15,1.43,0.84,0.52
GU8ST45AD8TF,2.12,2024-09-13,Sticker | Infinite Triangle (Holo),,,43562063,True,e8f19b9e-83f1-4092-9e1b-fdbf8c570ff4,2024-09-14,,SOLD,2024-09-27,13.0,0.15,3.14,2.51,0.55
G09WL05Z67A7,4.77,2024-09-13,SSG 08 | Turbo Peek (Field-Tested),25.96,bde46e0a-acb8-4c26-848b-0ab2ab2380d5,54437393,False,bde46e0a-acb8-4c26-848b-0ab2ab2380d5,2024-09-14,2024-09-21,SOLD,2024-09-27,13.0,0.15,6.23,5.62,0.53
GK88UA68DZTH,12.25,2024-09-08,Desert Eagle | Night Heist (Factory New),6.64,1c989ba3-66e0-4ed8-9396-455a4737b0d0,54287965,False,1c989ba3-66e0-4ed8-9396-455a4737b0d0,2024-09-10,2024-09-16,SOLD,2024-09-27,18.0,0.15,16.22,14.42,1.54
GX0H4X34SN8D,1.91,2024-09-18,StatTrak™ USP-S | Ticket to Hell (Minimal Wear),10.42,75c651e9-63c6-459d-848d-fe27e6ac05b4,54611904,False,75c651e9-63c6-459d-848d-fe27e6ac05b4,2024-09-20,2024-09-26,SOLD,2024-09-27,8.0,0.15,4.62,2.26,2.02
G65ZZCSLTF52,3.05,2024-09-20,Wildfire Pin,,,870733,True,1c1487fd-ba20-448f-b5fc-94db6cd72591,2024-09-21,,SOLD,2024-09-27,6.0,0.15,4.12,3.6,0.45
GLG4NKCEK2FE,4.87,2024-09-08,Operator | FBI SWAT,,b7aff601-8bb7-4b62-9e31-982f5f69b7ea,54287968,False,b7aff601-8bb7-4b62-9e31-982f5f69b7ea,2024-09-10,2024-09-16,SOLD,2024-09-27,18.0,0.15,7.46,5.74,1.47
GD5HNEK6EH86,2.16,2024-09-20,AWP | Atheris (Well-Worn),39.39,256f4943-34a9-4cca-878c-76238e250fd3,54638379,False,256f4943-34a9-4cca-878c-76238e250fd3,2024-09-21,2024-09-27,SOLD,2024-09-27,6.0,0.15,3.41,2.55,0.74
GSH6H87G3GW0,5.32,2024-09-09,"Music Kit | ISOxo, inhuman",,,48900999,True,61c0d010-6634-4840-94ac-df8a8a8e7de1,2024-09-11,,SOLD,2024-09-27,17.0,0.15,8.02,6.27,1.5
G5X8U6S3T93L,3.87,2024-09-18,Galil AR | Eco (Field-Tested),30.98,33ed7fcd-0f43-465c-b84a-f9290b47a3c3,54611902,False,33ed7fcd-0f43-465c-b84a-f9290b47a3c3,2024-09-20,2024-09-26,SOLD,2024-09-27,8.0,0.15,7.12,4.56,2.18
GEK07N8ZU78C,4.87,2024-09-08,Operator | FBI SWAT,,828ab5bd-dc84-4578-8bba-43412cc2d121,54287967,False,828ab5bd-dc84-4578-8bba-43412cc2d121,2024-09-10,2024-09-16,SOLD,2024-09-27,18.0,0.15,7.46,5.74,1.47
GE8T679CD805,2.8,2024-09-13,Sticker | Ouchie (Foil),,,49017107,True,55f28dc1-01f6-4c0e-a3ce-c9ba2b9d4602,2024-09-14,,SOLD,2024-09-27,13.0,0.15,5.89,3.31,2.21
G6082SFCGX57,1.27,2024-09-19,Glock-18 | Block-18 (Minimal Wear),11.62,03e5c8fa-1121-42a5-8a56-cf8cc6327ab7,54634540,False,03e5c8fa-1121-42a5-8a56-cf8cc6327ab7,2024-09-20,2024-09-26,SOLD,2024-09-27,7.0,0.15,1.87,1.51,0.32
GAW3D5767P69,0.94,2024-09-08,Sticker | Imperial Esports (Glitter) | Antwerp 2022,,,39915683,True,23935eda-06ee-401d-84b9-c91e48f7aee0,2024-09-10,,SOLD,2024-09-28,19.0,0.15,1.11,1.12,0.0
GE59RA39UPF5,40.0,2024-09-08,StatTrak™ Desert Eagle | Printstream (Field-Tested),32.75,e7b73ebd-1789-4940-a9d6-d0ffaaafb010,54287966,False,e7b73ebd-1789-4940-a9d6-d0ffaaafb010,2024-09-10,2024-09-12,SOLD,2024-09-28,19.0,0.15,49.99,47.07,2.49
G6UUSNGEGNN8,0.94,2024-09-08,Sticker | Imperial Esports (Glitter) | Antwerp 2022,,,39915683,True,24f0abd9-3e32-4003-8058-69f842f93c7e,2024-09-09,,SOLD,2024-09-28,19.0,0.15,1.11,1.12,0.0
G6R5SU0X2C0W,0.94,2024-09-08,Sticker | Imperial Esports (Glitter) | Antwerp 2022,,,39915683,True,9dc2e1b4-fee6-4802-87d3-78c0a9ce99f4,2024-09-09,,SOLD,2024-09-28,19.0,0.15,1.11,1.12,0.0
GU5NW39L33GP,1.35,2024-09-08,Glock-18 | Block-18 (Minimal Wear),8.03,1f38d043-498a-41bc-b396-8ca6c88d216f,54287971,False,1f38d043-498a-41bc-b396-8ca6c88d216f,2024-09-10,2024-09-16,SOLD,2024-09-28,19.0,0.15,2.29,1.6,0.6
GNFWL0R4S9XR,0.58,2024-09-21,Glock-18 | Umbral Rabbit (Minimal Wear),8.78,f73fd005-d56b-43c0-a465-4b0236254bb9,54677297,False,f73fd005-d56b-43c0-a465-4b0236254bb9,2024-09-22,2024-09-28,SOLD,2024-09-28,6.0,0.15,1.18,0.69,0.42
G4KEA500F47C,0.65,2024-09-04,Sticker | Heroic (Holo) | Paris 2023,,,45017007,True,61ef699b-bfde-41f7-a185-29599acec471,2024-09-05,,SOLD,2024-09-29,24.0,0.15,0.79,0.78,0.02
GWGNNGTP8RSC,3.18,2024-09-21,MP9 | Food Chain (Minimal Wear),14.99,7d2e9c21-a0b2-4a3c-9fb1-951bb33c7232,54695463,False,7d2e9c21-a0b2-4a3c-9fb1-951bb33c7232,2024-09-22,2024-09-29,SOLD,2024-09-30,8.0,0.15,5.33,3.75,1.35
GTU00APRWA6K,0.22,2024-09-08,Sticker | FaZe Clan (Glitter) | Antwerp 2022,,,39880359,True,ad864c99-a5f1-4282-aa21-76f8579ddfb5,2024-09-18,,SOLD,2024-09-30,21.0,0.15,0.39,0.27,0.11
GXZC9X2U24SF,4.45,2024-09-20,MP7 | Fade (Factory New),3.25,bf6748ec-817d-4730-9d36-7ed896e218ea,54638378,False,bf6748ec-817d-4730-9d36-7ed896e218ea,2024-09-21,2024-09-27,SOLD,2024-09-30,9.0,0.15,8.06,5.25,2.4
G6GZH8F947T3,0.22,2024-09-09,Sticker | FaZe Clan (Glitter) | Antwerp 2022,,,39880359,True,3df2f438-4107-4992-b5f8-72ba316214ce,2024-09-10,,SOLD,2024-09-30,20.0,0.15,0.39,0.27,0.11
GFGK3G867L4U,0.22,2024-09-10,Sticker | FaZe Clan (Glitter) | Antwerp 2022,,,39880359,True,9b1dac47-4c6c-424e-9ebd-8ca2ac7d0779,2024-09-11,,SOLD,2024-09-30,19.0,0.15,0.39,0.27,0.11
GRNSSTDWZ4K7,0.22,2024-09-10,Sticker | FaZe Clan (Glitter) | Antwerp 2022,,,39880359,True,debd4d63-0ec8-4a00-896a-ec24b7180e28,2024-09-11,,SOLD,2024-09-30,19.0,0.15,0.39,0.27,0.11
GXR6WCCGKU0L,2.6,2024-09-04,Sticker | Natus Vincere (Holo) | Paris 2023,,,44994901,True,b3ac0220-336c-4b4d-8376-ad552bf36b94,2024-09-05,,SOLD,2024-10-01,26.0,0.15,3.07,3.07,0.01
GRPDHC4P54D0,1.2,2024-09-20,USP-S | Ticket to Hell (Factory New),4.78,7990c116-6cb7-4924-99bb-646091e0d91d,54676585,False,7990c116-6cb7-4924-99bb-646091e0d91d,2024-09-21,2024-09-28,SOLD,2024-10-01,10.0,0.15,2.71,1.42,1.1
GG979N945KX8,3.89,2024-09-29,M4A1-S | Basilisk (Field-Tested),26.66,8a31ddc7-5b9b-4b65-b2c9-2d1fb6ed2712,54979624,False,8a31ddc7-5b9b-4b65-b2c9-2d1fb6ed2712,2024-10-01,2024-10-07,SOLD,2024-10-01,1.0,0.15,7.04,4.59,2.09
G74RAXE04ZCK,0.64,2024-09-30,SSG 08 | Acid Fade (Factory New),0.57,8e4e95b9-c741-4d2b-a43a-e40fa221f826,55020081,False,8e4e95b9-c741-4d2b-a43a-e40fa221f826,2024-10-02,2024-10-08,SOLD,2024-10-01,0.0,0.15,0.87,0.76,0.1
GKZUTLHRHDC0,0.93,2024-09-21,M4A1-S | Mud-Spec (Factory New),3.89,67e60019-e5c1-4661-9d2d-a803c7588598,54695465,False,67e60019-e5c1-4661-9d2d-a803c7588598,2024-09-22,2024-09-29,SOLD,2024-10-01,9.0,0.15,1.48,1.11,0.33
G799FNDW4E2X,0.6,2024-09-20,Glock-18 | Umbral Rabbit (Minimal Wear),13.72,606388cd-a2dc-4c34-ad0a-1bbc217aa52f,54676582,False,606388cd-a2dc-4c34-ad0a-1bbc217aa52f,2024-09-21,2024-09-27,SOLD,2024-10-01,10.0,0.15,1.18,0.72,0.4
GLHWP4HAFH3P,1.5,2024-10-01,Gamma Case,,,230,True,5b042a07-33fd-48fe-bdba-88b519b7f82d,2024-10-02,,SOLD,2024-10-01,0.0,0.15,1.98,1.78,0.18
G4KUR08NLKP3,0.15,2024-10-01,Dual Berettas | Cobalt Quartz (Factory New),6.58,7eb68036-97aa-4845-a9a2-913dbe60a24e,55020092,False,7eb68036-97aa-4845-a9a2-913dbe60a24e,2024-10-02,2024-10-08,SOLD,2024-10-01,0.0,0.15,0.69,0.19,0.44
G7LD5NGG2T0R,2.09,2024-10-01,StatTrak™ M4A1-S | Emphorosaur-S (Field-Tested),29.66,1d261ada-a2f8-4885-8560-72d6e2f3e520,55057424,False,1d261ada-a2f8-4885-8560-72d6e2f3e520,2024-10-02,,SOLD,2024-10-02,0.0,0.15,2.58,2.47,0.1
G7L9DFSE2EAK,7.56,2024-09-29,USP-S | Blueprint (Minimal Wear),10.6,90cbd26a-ad52-48b7-b516-3b7a50e0c90c,54979616,False,90cbd26a-ad52-48b7-b516-3b7a50e0c90c,2024-10-01,2024-10-01,SOLD,2024-10-03,3.0,0.15,9.94,8.91,0.89
G706SE8C8ZC6,1.65,2024-10-01,MP9 | Food Chain (Field-Tested),36.79,46203455-41e3-4f1d-bda7-8788de9beaaa,55057426,False,46203455-41e3-4f1d-bda7-8788de9beaaa,2024-10-02,2024-10-09,SOLD,2024-10-03,1.0,0.15,2.35,1.95,0.35
G0ZXEXHEU820,20.06,2024-09-30,StatTrak™ M4A1-S | Black Lotus (Field-Tested),30.26,2ae105c1-1881-41f0-a110-505e95e76adc,55020082,False,2ae105c1-1881-41f0-a110-505e95e76adc,2024-10-02,2024-10-08,SOLD,2024-10-04,3.0,0.15,25.69,23.61,1.78
GTLU5XNRLFCP,2.45,2024-09-08,Sticker | Team Liquid (Holo) | Stockholm 2021,,,36663836,True,33ed6705-753b-4a09-b830-9c748926b2da,2024-09-10,,SOLD,2024-10-04,25.0,0.15,4.51,2.89,1.38
GT87UR4AAAD9,2.45,2024-09-08,Sticker | Team Liquid (Holo) | Stockholm 2021,,,36663836,True,26a1aa41-c39e-4749-b8a5-c4695047057a,2024-09-10,,SOLD,2024-10-04,25.0,0.15,4.51,2.89,1.38
G7A93UPD72L9,2.45,2024-09-08,Sticker | Team Liquid (Holo) | Stockholm 2021,,,36663836,True,e2911dbe-82d7-4781-ae6d-094af00a23e6,2024-09-10,,SOLD,2024-10-04,25.0,0.15,4.51,2.89,1.38
G55XTGFNX8LA,2.45,2024-09-08,Sticker | Team Liquid (Holo) | Stockholm 2021,,,36663836,True,d1b6e806-85f1-4243-a46d-9e8cd0f04886,2024-09-10,,SOLD,2024-10-04,25.0,0.15,4.51,2.89,1.38
GTU7AWL2DE6U,0.15,2024-09-29,Dual Berettas | Cobalt Quartz (Factory New),3.7,44e9fd04-5041-4651-81c3-ee85f6dce130,54979626,False,44e9fd04-5041-4651-81c3-ee85f6dce130,2024-10-01,2024-10-07,SOLD,2024-10-04,4.0,0.15,0.69,0.19,0.44
GNTUHUCNXTNH,2.45,2024-09-08,Sticker | Team Liquid (Holo) | Stockholm 2021,,,36663836,True,a45a72e4-a701-432c-acb6-2f97be0b019f,2024-09-10,,SOLD,2024-10-04,25.0,0.15,4.51,2.89,1.38
GK908KAAC20X,0.16,2024-09-18,Dual Berettas | Cobalt Quartz (Factory New),6.89,a8a7adb0-d291-4573-a566-6c54e0ce8775,54611903,False,a8a7adb0-d291-4573-a566-6c54e0ce8775,2024-09-20,2024-09-26,SOLD,2024-10-05,16.0,0.15,0.74,0.2,0.47
GSRCUD774S0X,0.51,2024-09-09,M4A1-S | Nitro (Field-Tested),35.65,9b58dc74-526d-4ed8-9ab4-6b5f53c61cc0,54319953,False,9b58dc74-526d-4ed8-9ab4-6b5f53c61cc0,2024-09-11,,SOLD,2024-10-05,25.0,0.15,0.67,0.61,0.06
G5S9LKXHC53E,4.15,2024-09-21,AK-47 | Ice Coaled (Field-Tested),20.17,23a911b0-de8e-4a04-9f6c-44f170a425bb,54695467,False,23a911b0-de8e-4a04-9f6c-44f170a425bb,2024-09-22,2024-09-29,SOLD,2024-10-05,13.0,0.15,5.09,4.89,0.18
GKN8S3A22EU8,0.35,2024-10-01,SG 553 | Anodized Navy (Factory New),3.18,bba8839d-f64b-4b2f-a35c-3dd800a0a543,55057428,False,bba8839d-f64b-4b2f-a35c-3dd800a0a543,2024-10-02,2024-10-09,SOLD,2024-10-05,3.0,0.15,0.48,0.42,0.06
GW2EC5X53RH7,7.24,2024-09-29,Desert Eagle | Crimson Web (Field-Tested),36.27,9900ec98-5351-4f07-abe9-c2ebfa1cc62b,54979617,False,9900ec98-5351-4f07-abe9-c2ebfa1cc62b,2024-10-01,2024-10-01,SOLD,2024-10-05,5.0,0.15,8.8,8.53,0.24
G043XPR7A86S,0.52,2024-09-13,M4A1-S | Night Terror (Minimal Wear),9.46,f2cdc027-9094-41e7-a086-5328b7af8871,54420341,False,f2cdc027-9094-41e7-a086-5328b7af8871,2024-09-14,2024-09-19,SOLD,2024-10-05,21.0,0.15,0.65,0.62,0.03
GGERCXNZL7LR,1.92,2024-09-17,StatTrak™ USP-S | Ticket to Hell (Minimal Wear),11.38,72765f28-c5da-4478-bc2d-575b67670b94,54580174,False,72765f28-c5da-4478-bc2d-575b67670b94,2024-09-18,2024-09-25,SOLD,2024-10-05,17.0,0.15,3.64,2.27,1.17
GKLZ0S9P7DDW,3.23,2024-09-04,Phoenix Pin,,,13112,True,5f1a8de7-56ad-424e-8524-d93f4c2d31b7,2024-09-05,,SOLD,2024-10-05,30.0,0.15,4.64,3.81,0.71
GKL8ZLS84WHE,0.35,2024-09-08,SG 553 | Anodized Navy (Factory New),2.91,25465d42-4c29-4bba-a275-b55a31877441,54287977,False,25465d42-4c29-4bba-a275-b55a31877441,2024-09-10,2024-09-16,SOLD,2024-10-05,26.0,0.15,0.48,0.42,0.06
GECFX0EAFA8X,0.79,2024-09-29,M4A1-S | Mud-Spec (Factory New),6.7,c37bff26-36f8-4a4c-a3cf-b824cb56ec61,54979622,False,c37bff26-36f8-4a4c-a3cf-b824cb56ec61,2024-10-01,2024-10-02,SOLD,2024-10-05,5.0,0.15,1.33,0.94,0.34
GSCRWTH4LWS3,2.47,2024-10-01,Glock-18 | Block-18 (Factory New),3.07,4e9e68d0-9ba9-4c30-b061-17d2102cc9cd,55057418,False,4e9e68d0-9ba9-4c30-b061-17d2102cc9cd,2024-10-02,2024-10-09,SOLD,2024-10-05,3.0,0.15,3.5,2.92,0.5
GD368PF66LAP,1.76,2024-10-01,USP-S | Cortex (Field-Tested),22.96,df78708e-8108-4876-95a1-12000855994c,55045630,False,df78708e-8108-4876-95a1-12000855994c,2024-10-02,2024-10-09,SOLD,2024-10-06,4.0,0.15,2.2,2.08,0.11
GX9GGU77AS3S,0.1,2024-09-16,Copenhagen 2024 Champions Autograph Capsule,,,51334600,True,77572ec0-7bbc-4d7c-a7b5-c23880767126,2024-09-18,,SOLD,2024-10-06,19.0,0.15,0.17,0.13,0.04
GX7XDWN2W88R,1.55,2024-10-05,AK-47 | Slate (Well-Worn),44.56,0ba24a26-b92c-4e78-a750-f3db1cb0b117,55211676,False,0ba24a26-b92c-4e78-a750-f3db1cb0b117,2024-10-07,2024-10-13,SOLD,2024-10-06,0.0,0.15,2.53,1.84,0.6
G5LU0FN875P0,12.06,2024-10-05,M4A1-S | Black Lotus (Minimal Wear),7.1,1f0ce9c2-5e70-4876-8e43-701b67a68819,55211675,False,1f0ce9c2-5e70-4876-8e43-701b67a68819,2024-10-07,2024-10-13,SOLD,2024-10-06,0.0,0.15,15.42,14.2,1.05
G65W3CWA74FZ,0.8,2024-09-08,M4A1-S | Emphorosaur-S (Minimal Wear),8.81,7205aa09-eaa8-4d57-8d22-04520ffe5282,54287989,False,7205aa09-eaa8-4d57-8d22-04520ffe5282,2024-09-10,2024-09-16,SOLD,2024-10-06,27.0,0.15,1.36,0.95,0.36
GUHE9H9N89NX,0.91,2024-09-19,MP7 | Bloodsport (Field-Tested),26.95,e24aab70-5eef-410e-b37f-3729046dcdae,54634541,False,e24aab70-5eef-410e-b37f-3729046dcdae,2024-09-20,2024-09-26,SOLD,2024-10-06,16.0,0.15,1.69,1.08,0.53
GL42KP7PC875,5.39,2024-09-29,StatTrak™ M4A1-S | Night Terror (Factory New),6.03,0ad33e7d-a7b8-4f2e-abf3-3136df8f13ea,54979620,False,0ad33e7d-a7b8-4f2e-abf3-3136df8f13ea,2024-10-01,2024-10-02,SOLD,2024-10-06,6.0,0.15,9.1,6.35,2.34
GR9URP9RH69W,5.45,2024-10-04,Sous-Lieutenant Medic | Gendarmerie Nationale,,5c820ac3-a57b-46ef-967d-fa2f736bc3bf,55161346,False,5c820ac3-a57b-46ef-967d-fa2f736bc3bf,2024-10-06,2024-10-12,SOLD,2024-10-06,1.0,0.15,6.87,6.42,0.39
GK57C2W8AKC9,1.29,2024-10-01,AWP | Mortis (Field-Tested),28.61,c61d9558-9aee-4ae4-87d3-2efab5a9485f,55057427,False,c61d9558-9aee-4ae4-87d3-2efab5a9485f,2024-10-02,2024-10-03,SOLD,2024-10-06,4.0,0.15,1.58,1.53,0.05
G5AWCNKCRP2K,0.54,2024-09-21,M4A1-S | Night Terror (Minimal Wear),10.15,dcd935d4-409b-4c94-a04c-a2948cb4352e,54695466,False,dcd935d4-409b-4c94-a04c-a2948cb4352e,2024-09-22,2024-09-29,SOLD,2024-10-06,14.0,0.15,0.65,0.65,0.01
G84C36X5K2A5,0.1,2024-09-16,Copenhagen 2024 Champions Autograph Capsule,,,51334600,True,9d366a82-d44b-40d2-ade7-197b25e5c43e,2024-09-18,,SOLD,2024-10-06,19.0,0.15,0.17,0.13,0.04
GZGLRF4F9FH5,6.73,2024-09-30,AK-47 | Ice Coaled (Minimal Wear),10.41,39357af2-9e0b-401c-931a-f2c73d472bf6,55020090,False,39357af2-9e0b-401c-931a-f2c73d472bf6,2024-10-02,2024-10-08,SOLD,2024-10-07,6.0,0.15,8.86,7.93,0.8
GNSZNLWLTP3R,5.19,2024-10-01,StatTrak™ M4A1-S | Night Terror (Factory New),6.09,55bc51ec-d575-4b69-936c-36b5217c8adb,55077506,False,55bc51ec-d575-4b69-936c-36b5217c8adb,2024-10-02,2024-10-02,SOLD,2024-10-07,5.0,0.15,9.1,6.12,2.54
GSGLSEGES47N,11.83,2024-10-01,M4A1-S | Black Lotus (Minimal Wear),14.6,b5da8acb-33df-4f1c-a6f3-f11b2e49db64,55077503,False,b5da8acb-33df-4f1c-a6f3-f11b2e49db64,2024-10-02,2024-10-09,SOLD,2024-10-07,5.0,0.15,15.42,13.93,1.28
GN2CCHDEUT4A,0.33,2024-10-04,Sticker | GO,,,41546906,True,cad5caf8-e346-4a03-a537-04736f2c9c34,2024-10-06,,SOLD,2024-10-07,2.0,0.15,0.55,0.4,0.14
G79H6NT5HEWS,0.1,2024-09-16,Copenhagen 2024 Champions Autograph Capsule,,,51334600,True,6fc9a6f6-2fca-4e9a-a4cb-aaeb4da9ecca,2024-09-18,,SOLD,2024-10-07,20.0,0.15,0.17,0.13,0.04
GZKE8KT5AWA9,0.1,2024-09-16,Copenhagen 2024 Champions Autograph Capsule,,,51334600,True,6bd42bcf-9c96-48cf-9970-a64e9b2c7fb7,2024-09-18,,SOLD,2024-10-07,20.0,0.15,0.17,0.13,0.04
GA6CEGH88K7X,1.43,2024-09-08,Glock-18 | Nuclear Garden (Field-Tested),30.36,c0a686b4-122a-4412-bae6-cacff2a25e02,54257798,False,c0a686b4-122a-4412-bae6-cacff2a25e02,2024-09-09,2024-09-09,SOLD,2024-10-07,28.0,0.15,1.81,1.69,0.11
GCTXCFLR4ZT6,0.5,2024-09-21,M4A1-S | Night Terror (Minimal Wear),10.4,81d6b52f-cc0b-4d1d-88b0-055bb8cbd805,54695460,False,81d6b52f-cc0b-4d1d-88b0-055bb8cbd805,2024-09-22,2024-09-25,SOLD,2024-10-07,15.0,0.15,0.65,0.6,0.05
G8US4LRXASEW,0.1,2024-09-16,Copenhagen 2024 Champions Autograph Capsule,,,51334600,True,b76e8a78-8a33-4ca2-84f1-02bfca387bcf,2024-09-18,,SOLD,2024-10-07,20.0,0.15,0.17,0.13,0.04
G569GGKGFRUW,0.82,2024-09-08,Desert Eagle | Meteorite (Factory New),6.3,8080cc68-9f05-4b3c-8c35-28f57e4027a1,54257800,False,8080cc68-9f05-4b3c-8c35-28f57e4027a1,2024-09-09,2024-09-09,SOLD,2024-10-07,28.0,0.15,1.03,0.98,0.06
G5P6US2P0L9F,7.8,2024-09-17,"Music Kit | Knock2, dashstar*",,,41605242,True,098a6595-8727-4d94-ad5c-75b45390e35a,2024-09-18,,SOLD,2024-10-07,19.0,0.15,12.35,9.19,2.7
GCH475P6WT63,0.1,2024-09-16,Copenhagen 2024 Champions Autograph Capsule,,,51334600,True,6a06d142-c216-4498-a943-ce75d90ee572,2024-09-18,,SOLD,2024-10-07,20.0,0.15,0.17,0.13,0.04
G9SNXE8W42R2,0.82,2024-09-21,Desert Eagle | Meteorite (Factory New),2.52,de57faa3-5d93-4744-86cd-f0106e644364,54677296,False,de57faa3-5d93-4744-86cd-f0106e644364,2024-09-22,2024-09-28,SOLD,2024-10-07,15.0,0.15,1.03,0.98,0.06
GTSNFXZK0HHX,0.45,2024-09-09,M4A1-S | Nitro (Field-Tested),37.76,331ee8f7-d75f-4d09-91d4-353538093688,54319952,False,331ee8f7-d75f-4d09-91d4-353538093688,2024-09-11,,SOLD,2024-10-07,27.0,0.15,0.67,0.54,0.12
GED8DCGCRRCH,2.7,2024-10-01,Tec-9 | Isaac (Minimal Wear),14.59,3be7049d-d7ea-4342-9d49-59d28c20ea0e,55057416,False,3be7049d-d7ea-4342-9d49-59d28c20ea0e,2024-10-02,2024-10-08,SOLD,2024-10-08,6.0,0.15,4.15,3.19,0.83
GLHW8N735W39,0.1,2024-10-07,P250 | Metallic DDPAT (Factory New),2.33,3b555d12-39b2-4c6f-87d2-a62b5afd991b,55243588,False,3b555d12-39b2-4c6f-87d2-a62b5afd991b,2024-10-08,2024-10-15,SOLD,2024-10-08,0.0,0.15,0.34,0.13,0.19
GXXT22894UDX,1.15,2024-09-30,M4A1-S | Night Terror (Factory New),6.39,9fafe76a-960b-44be-b5db-4928360035b8,55020087,False,9fafe76a-960b-44be-b5db-4928360035b8,2024-10-02,2024-10-08,SOLD,2024-10-08,7.0,0.15,1.88,1.36,0.45
GSF3EZ097G5A,0.4,2024-10-04,Sticker | Team Liquid (Holo) | Paris 2023,,,45016993,True,75008132-ae59-4389-a705-9f1ed48c193f,2024-10-06,,SOLD,2024-10-08,3.0,0.15,0.59,0.48,0.1
GWLLLR0UTN4Z,0.48,2024-10-01,Glock-18 | Candy Apple (Factory New),5.7,c4352764-3727-4d00-9381-a0316c024ace,55020083,False,c4352764-3727-4d00-9381-a0316c024ace,2024-10-02,2024-10-08,SOLD,2024-10-08,6.0,0.15,0.87,0.58,0.26
GS5SX82DR65Z,0.53,2024-09-30,USP-S | Ticket to Hell (Minimal Wear),7.94,f55b33e9-1ae4-451a-aef5-7c59f6e046fc,55020088,False,f55b33e9-1ae4-451a-aef5-7c59f6e046fc,2024-10-02,2024-10-08,SOLD,2024-10-08,7.0,0.15,0.74,0.64,0.1
G2RG5TUT7HC3,3.98,2024-10-01,AWP | Black Nile (Factory New),6.83,4e93d3d4-3073-4a9e-b00b-df942145ccfd,55045851,False,4e93d3d4-3073-4a9e-b00b-df942145ccfd,2024-10-02,2024-10-08,SOLD,2024-10-09,7.0,0.15,5.27,4.69,0.5
GCGLLSE4XWS0,3.66,2024-10-01,AWP | Black Nile (Factory New),6.8,09a9c408-a366-467d-8e2b-2dfeade14ace,55045850,False,09a9c408-a366-467d-8e2b-2dfeade14ace,2024-10-02,2024-10-09,SOLD,2024-10-09,7.0,0.15,5.27,4.32,0.82
GX4CA0S0SPU7,3.31,2024-09-30,AWP | Black Nile (Factory New),6.43,a524e1dd-cb4e-4cc2-a61d-cf0ec1e7d714,55020091,False,a524e1dd-cb4e-4cc2-a61d-cf0ec1e7d714,2024-10-02,2024-10-08,SOLD,2024-10-09,8.0,0.15,5.27,3.91,1.17
GPANDHEKKPNU,0.58,2024-09-14,Glock-18 | Umbral Rabbit (Minimal Wear),9.16,a40d98b5-17ad-4bec-85b3-110c14c5180f,54468254,False,a40d98b5-17ad-4bec-85b3-110c14c5180f,2024-09-16,2024-09-22,SOLD,2024-10-09,24.0,0.15,0.97,0.69,0.24
GH5APZAZLHLS,1.53,2024-10-01,USP-S | Cyrex (Minimal Wear),10.17,0afacad0-0a76-4c95-87f4-10d71c037691,55057414,False,0afacad0-0a76-4c95-87f4-10d71c037691,2024-10-02,2024-10-09,SOLD,2024-10-09,7.0,0.15,2.18,1.81,0.32
GU46KRFHNSK8,1.31,2024-10-07,Galil AR | Stone Cold (Field-Tested),25.39,88acb195-8f4a-4952-8342-03b4e0bba79f,55243597,False,88acb195-8f4a-4952-8342-03b4e0bba79f,2024-10-08,2024-10-15,SOLD,2024-10-09,1.0,0.15,2.65,1.55,0.94
GSK4ANTW2023,9.35,2024-10-01,MP9 | Mount Fuji (Factory New),6.71,5e505e28-fd37-48d4-8fe4-fe07ea0c42e6,55077504,False,5e505e28-fd37-48d4-8fe4-fe07ea0c42e6,2024-10-02,2024-10-09,SOLD,2024-10-09,7.0,0.15,11.73,11.01,0.62
GLR5PPC33RZ5,0.47,2024-09-11,M4A1-S | Night Terror (Minimal Wear),12.77,db83c42d-d4cb-43b9-be27-ef1c8872ca0c,54370423,False,db83c42d-d4cb-43b9-be27-ef1c8872ca0c,2024-09-12,2024-09-18,SOLD,2024-10-09,27.0,0.15,0.67,0.56,0.1
G7N5WSPZZZE4,2.01,2024-09-20,AWP | Atheris (Battle-Scarred),63.14,594dba85-d0e6-4bec-867d-32fb00e3cbee,54638380,False,594dba85-d0e6-4bec-867d-32fb00e3cbee,2024-09-21,2024-09-27,SOLD,2024-10-09,18.0,0.15,3.0,2.38,0.54
GF05LGUXHTS5,2.52,2024-10-08,Desert Eagle | Trigger Discipline (Factory New),4.57,056fa144-7bcd-460e-b607-8a7888d868a1,55305896,False,056fa144-7bcd-460e-b607-8a7888d868a1,2024-10-10,2024-10-16,SOLD,2024-10-09,0.0,0.15,4.42,2.98,1.24
GFNL8XF3DPL4,4.62,2024-10-06,Tec-9 | Fuel Injector (Minimal Wear),12.75,ef47be95-3ce3-426b-a855-de30a64b6b37,55211677,False,ef47be95-3ce3-426b-a855-de30a64b6b37,2024-10-07,,SOLD,2024-10-09,2.0,0.15,7.49,5.45,1.75
G79FZ8RFASE5,0.53,2024-09-30,USP-S | Check Engine (Minimal Wear),10.33,3a15746d-9f5d-47c1-a1bc-d9fb902681b2,55020086,False,3a15746d-9f5d-47c1-a1bc-d9fb902681b2,2024-10-02,2024-10-08,SOLD,2024-10-10,9.0,0.15,0.65,0.64,0.02
G8FPW4TC8XLS,3.69,2024-09-09,Phoenix Pin,,,13112,True,c3908699-69bc-4831-a874-20f26188dc68,2024-09-11,,SOLD,2024-10-10,30.0,0.15,4.64,4.35,0.25
G22RE4XZ2N29,1.4,2024-09-08,Glock-18 | Nuclear Garden (Field-Tested),23.21,eb7a3962-1675-4fc3-b102-84888869c743,54287990,False,eb7a3962-1675-4fc3-b102-84888869c743,2024-09-10,2024-09-16,SOLD,2024-10-10,31.0,0.15,1.81,1.66,0.14
GUSPAR8A3ARW,5.0,2024-10-08,Rezan The Ready | Sabre,,0c55e29e-b3cf-44ca-85a1-b9e9ef410203,55270686,False,0c55e29e-b3cf-44ca-85a1-b9e9ef410203,2024-10-09,2024-10-09,SOLD,2024-10-10,1.0,0.15,6.21,5.89,0.28
GSES0ZNP73F9,3.22,2024-09-13,Sticker | Lotus (Glitter),,,48957895,True,e7d784ef-0a33-474f-ad65-246ec89eaa1a,2024-09-14,,SOLD,2024-10-10,26.0,0.15,4.79,3.8,0.85
GKEARFXPSRZZ,5.39,2024-09-29,StatTrak™ M4A1-S | Night Terror (Factory New),6.44,19b41be6-f6b9-405d-b1cd-54edd3014d9c,54979619,False,19b41be6-f6b9-405d-b1cd-54edd3014d9c,2024-10-01,2024-10-02,SOLD,2024-10-10,10.0,0.15,7.72,6.35,1.17
GENSSR92GCF4,5.39,2024-09-29,StatTrak™ M4A1-S | Night Terror (Factory New),6.18,a82a44ad-67c1-4d41-9011-994a22644ef1,54979618,False,a82a44ad-67c1-4d41-9011-994a22644ef1,2024-10-01,2024-10-02,SOLD,2024-10-10,10.0,0.15,7.72,6.35,1.17
GEX2EDWX7P9G,1.91,2024-10-07,Desert Eagle | Sputnik (Factory New),4.51,6bc34484-ad1c-4282-a82f-a70445a3d687,55243596,False,6bc34484-ad1c-4282-a82f-a70445a3d687,2024-10-08,2024-10-15,SOLD,2024-10-10,2.0,0.15,3.37,2.26,0.95
GU78H66KW3Z6,0.67,2024-10-08,SSG 08 | Acid Fade (Factory New),0.34,4c8c655c-bbb2-4329-9430-2821bd399337,55283050,False,4c8c655c-bbb2-4329-9430-2821bd399337,2024-10-09,2024-10-16,SOLD,2024-10-10,1.0,0.15,0.94,0.8,0.13
GRXHGSC00EW6,5.79,2024-10-01,StatTrak™ M4A1-S | Night Terror (Factory New),6.06,2667d33c-0f3a-4cee-b716-9a086c62b5ae,55057413,False,2667d33c-0f3a-4cee-b716-9a086c62b5ae,2024-10-02,2024-10-09,SOLD,2024-10-10,8.0,0.15,9.1,6.82,1.94
GPS7GA7W2WS2,1.64,2024-10-08,AWP | Duality (Field-Tested),29.02,1798a640-272f-4997-8325-b5ae4ee2d188,55270685,False,1798a640-272f-4997-8325-b5ae4ee2d188,2024-10-09,2024-10-15,SOLD,2024-10-10,1.0,0.15,2.34,1.94,0.35
GZF5XT2D20HN,1.21,2024-09-21,USP-S | Ticket to Hell (Factory New),6.18,2598a8ae-8544-408a-b0d9-89363d450805,54695461,False,2598a8ae-8544-408a-b0d9-89363d450805,2024-09-22,2024-09-29,SOLD,2024-10-10,18.0,0.15,2.37,1.44,0.8
G5SNHDDT4CDW,2.26,2024-10-07,Desert Eagle | Sputnik (Factory New),5.13,da01efc8-5e09-409c-a0ff-21e22daa5e27,55243589,False,da01efc8-5e09-409c-a0ff-21e22daa5e27,2024-10-08,2024-10-12,SOLD,2024-10-10,2.0,0.15,3.37,2.67,0.6
G5EPGX8A7XZT,2.22,2024-10-01,MP7 | Abyssal Apparition (Minimal Wear),13.55,ea35ff7d-3a9d-4374-859d-c9be60bf080a,55057421,False,ea35ff7d-3a9d-4374-859d-c9be60bf080a,2024-10-02,,SOLD,2024-10-11,9.0,0.15,2.65,2.62,0.03
GA8HTNL787AH,5.18,2024-10-07,Winter Offensive Weapon Case,,,223,True,bab08b70-a632-4158-8260-7c86d3146cd9,2024-10-08,,SOLD,2024-10-11,3.0,0.15,6.26,6.11,0.14
G0SR9087H4SL,5.18,2024-10-07,Winter Offensive Weapon Case,,,223,True,c9d499b1-db66-4c03-97ca-a75d212a08db,2024-10-08,,SOLD,2024-10-11,3.0,0.15,6.26,6.11,0.14
GLLGFE6RSDS3,0.33,2024-10-04,Sticker | GO,,,41546906,True,798fff3c-4fb9-4a88-bc0c-1bc77a180a7e,2024-10-06,,SOLD,2024-10-11,6.0,0.15,0.5,0.4,0.09
GT88XWX3GFKW,7.56,2024-09-29,USP-S | Blueprint (Minimal Wear),12.31,58a3a799-9fce-4dc8-b790-0cb53f0e6c3f,54979615,False,58a3a799-9fce-4dc8-b790-0cb53f0e6c3f,2024-10-01,2024-10-01,SOLD,2024-10-11,11.0,0.15,9.94,8.91,0.89
GZXDD0NCFZ5E,1.47,2024-09-19,R8 Revolver | Blaze (Factory New),3.2,1a3bf121-a36f-4fd3-bd9a-29ff0b5453c4,54634539,False,1a3bf121-a36f-4fd3-bd9a-29ff0b5453c4,2024-09-20,2024-09-27,SOLD,2024-10-11,21.0,0.15,1.78,1.74,0.04
GE747KNDU8WK,0.33,2024-09-21,Sticker | Web Stuck,,,7243184,True,0be2b4ad-cf8a-4abd-b707-22a7d6aff066,2024-09-22,,SOLD,2024-10-11,19.0,0.15,0.44,0.4,0.04
GEU7EN9N2NCL,2.23,2024-09-30,StatTrak™ USP-S | Ticket to Hell (Minimal Wear),13.83,b9390bab-6509-4098-a377-776ba912e7ba,55020084,False,b9390bab-6509-4098-a377-776ba912e7ba,2024-10-02,2024-10-08,SOLD,2024-10-11,10.0,0.15,3.44,2.64,0.69
GP4260UNCW65,2.55,2024-09-19,SSG 08 | Abyss (Factory New),2.12,e60235ed-8642-44fa-8ae0-8cfe2721f2f0,54634537,False,e60235ed-8642-44fa-8ae0-8cfe2721f2f0,2024-09-20,2024-09-26,SOLD,2024-10-11,21.0,0.15,3.87,3.01,0.74
G7KZUTRFC0D9,1.51,2024-10-05,MP9 | Food Chain (Field-Tested),33.03,3184459f-4ea2-4f02-a3f2-572e6012d8a8,55405861,False,3184459f-4ea2-4f02-a3f2-572e6012d8a8,2024-10-13,,SOLD,2024-10-12,6.0,0.1,2.64,1.69,0.87
GGGWEKW8RPC5,0.98,2024-09-22,Sticker | Team Liquid (Holo) | Paris 2023,,,45016993,True,3d6c83e6-0380-46b6-8e6b-c29b9f8a78f2,2024-10-13,,SOLD,2024-10-12,19.0,0.1,0.59,1.1,-0.45
G5DZR5G9DWSH,0.98,2024-09-22,Sticker | Team Liquid (Holo) | Paris 2023,,,45016993,True,9efa9924-e7d0-449d-9ce6-9aaa915d8149,2024-10-13,,SOLD,2024-10-12,19.0,0.1,0.59,1.1,-0.45
GZZ5NLSPFHAN,0.98,2024-09-22,Sticker | Team Liquid (Holo) | Paris 2023,,,45016993,True,a00ddef5-9510-4ac5-a2ee-b6e1a4e968bb,2024-10-13,,SOLD,2024-10-12,19.0,0.1,0.59,1.1,-0.45
GSGFR2003628,4.58,2024-10-01,AK-47 | Legion of Anubis (Field-Tested),20.01,44e95336-13c6-4f1c-8cf0-633ea6ddc557,55045629,False,44e95336-13c6-4f1c-8cf0-633ea6ddc557,2024-10-02,2024-10-09,SOLD,2024-10-12,10.0,0.15,5.52,5.4,0.11
G40PP50L0ZTZ,2.28,2024-10-04,StatTrak™ USP-S | Ticket to Hell (Minimal Wear),10.16,cf4459f1-1df1-429a-8aec-c3f4e9a095ac,55405899,False,cf4459f1-1df1-429a-8aec-c3f4e9a095ac,2024-10-13,,SOLD,2024-10-12,7.0,0.1,3.44,2.54,0.82
GX7298TCAXE7,1.89,2024-10-05,AK-47 | Slate (Well-Worn),38.69,ed67c31c-352e-420a-84a0-6a46fab1c893,55405651,False,ed67c31c-352e-420a-84a0-6a46fab1c893,2024-10-13,,SOLD,2024-10-12,6.0,0.1,2.86,2.11,0.68
G4PWE473423R,4.6,2024-10-01,AK-47 | Legion of Anubis (Field-Tested),34.23,90eeb028-610d-43d8-ad75-fcb5f51b982b,55405658,False,90eeb028-610d-43d8-ad75-fcb5f51b982b,2024-10-13,,SOLD,2024-10-12,10.0,0.1,5.3,5.12,0.17
GXCE7D3X725X,0.98,2024-09-22,Sticker | Team Liquid (Holo) | Paris 2023,,,45016993,True,4d99fc98-84be-46bc-9628-dbf9000f76c9,2024-10-13,,SOLD,2024-10-12,19.0,0.1,0.59,1.1,-0.45
G4DRC5TEU8AR,0.98,2024-09-22,Sticker | Team Liquid (Holo) | Paris 2023,,,45016993,True,8d81a6b2-e9ef-47fe-a659-2d4a2c6f4d46,2024-10-13,,SOLD,2024-10-12,19.0,0.1,0.59,1.1,-0.45
G5LN82DGP7RT,2.24,2024-09-18,P250 | See Ya Later (Field-Tested),24.82,e8ec735c-793d-49fb-9b34-f2c61fa574e7,55405875,False,e8ec735c-793d-49fb-9b34-f2c61fa574e7,2024-10-13,,SOLD,2024-10-12,23.0,0.1,2.12,2.5,-0.33
GLZ0KKNX5XKW,0.99,2024-09-04,Sticker | Team Liquid (Holo) | Paris 2023,,,45016993,True,0fbd95b1-7a59-4437-adec-97fc9591ad69,2024-10-13,,SOLD,2024-10-12,37.0,0.1,0.59,1.11,-0.46
GHD8KX62K8EA,2.82,2024-10-07,Tec-9 | Isaac (Minimal Wear),14.51,98b76fb8-ccd1-43df-9721-9f374811e6f1,55243587,False,98b76fb8-ccd1-43df-9721-9f374811e6f1,2024-10-08,2024-10-11,SOLD,2024-10-12,4.0,0.15,4.16,3.33,0.72
GCF3H57P5HKH,1.93,2024-10-05,StatTrak™ USP-S | Ticket to Hell (Minimal Wear),10.98,fb5bcceb-9567-489d-a059-1f1b0d6cd2d4,55211671,False,fb5bcceb-9567-489d-a059-1f1b0d6cd2d4,2024-10-07,2024-10-12,SOLD,2024-10-12,6.0,0.15,3.44,2.28,0.99
GASLEG04AT5T,1.61,2024-10-12,Guardian 3 Pin,,,870797,True,c5b51264-e28f-4b40-b4d9-fc2fd1b68d64,2024-10-13,,SOLD,2024-10-13,0.0,0.1,2.9,1.8,1.0
G3RGF4K9TT7F,2.02,2024-10-04,M4A1-S | Emphorosaur-S (Factory New),6.9,a3ffa787-a177-4128-adf1-b4c4ca934f90,55405868,False,a3ffa787-a177-4128-adf1-b4c4ca934f90,2024-10-13,,SOLD,2024-10-13,8.0,0.1,2.98,2.26,0.66
G9329H4SH672,1.13,2024-10-04,Sticker | Vitality (Holo) | Paris 2023,,,45017001,True,ffb68b5f-bf81-46ef-99a0-36a1aac4828f,2024-10-13,,SOLD,2024-10-13,8.0,0.1,1.53,1.27,0.25
G72PPSF4HH0X,5.04,2024-09-18,M4A4 | 龍王 (Dragon King) (Field-Tested),31.98,c1e33eaa-60d4-4140-974b-4560a3696143,55405865,False,c1e33eaa-60d4-4140-974b-4560a3696143,2024-10-13,,SOLD,2024-10-13,24.0,0.1,5.9,5.61,0.27
G7K6SP9XC7UE,0.67,2024-09-16,Sticker | Vitality (Holo) | Paris 2023,,,45017001,True,f738f3db-37b1-4a19-8fc4-0c6bb1c71135,2024-10-13,,SOLD,2024-10-13,26.0,0.1,1.53,0.76,0.71
GU6CANF2D5DK,1.36,2024-10-07,Galil AR | Stone Cold (Field-Tested),33.27,6067f888-147e-4c1e-a093-4144725fa2b9,55405640,False,6067f888-147e-4c1e-a093-4144725fa2b9,2024-10-13,,SOLD,2024-10-13,5.0,0.1,2.78,1.52,1.14
GWCGFH45CUPT,3.19,2024-10-10,Sticker | Lotus (Glitter),,,48957895,True,a5d57722-babd-45b7-8069-e5f9dd2a0a64,2024-10-13,,SOLD,2024-10-13,2.0,0.1,4.79,3.56,1.12
GDEURALKSWKE,13.35,2024-10-08,Sticker Capsule 2,,,234,True,59707bf7-b82e-442e-9cb5-6c3ba8a7141b,2024-10-13,,SOLD,2024-10-13,4.0,0.1,16.98,14.84,1.93
G08RHRKW7ZCA,2.31,2024-10-08,Easy Peasy Pin,,,885060,True,ba14421e-66bb-45a7-923e-3d1236b249c4,2024-10-13,,SOLD,2024-10-13,4.0,0.1,4.22,2.58,1.49
GWKX4HL2WWLA,2.63,2024-10-01,SSG 08 | Abyss (Factory New),3.07,f98e311d-e8c8-4bf3-8766-51f513c67c2e,55405911,False,f98e311d-e8c8-4bf3-8766-51f513c67c2e,2024-10-13,,SOLD,2024-10-13,11.0,0.1,3.98,2.93,0.95
GRFR0D0ADE72,4.91,2024-10-05,Rezan The Ready | Sabre,,e6567a84-0f42-4e94-b935-c4272f349097,55405874,False,e6567a84-0f42-4e94-b935-c4272f349097,2024-10-13,2024-10-13,SOLD,2024-10-14,8.0,0.1,6.16,5.47,0.63
GTGE586EG2CZ,0.34,2024-09-16,Sticker | m0NESY (Glitter) | Copenhagen 2024,,,51338054,True,2023898c-8222-4d92-964e-d3c25194d7c4,2024-10-13,,SOLD,2024-10-14,27.0,0.1,0.91,0.39,0.48
GWD0SRDEASDX,2.76,2024-10-07,Tec-9 | Isaac (Minimal Wear),13.64,a36981d1-8216-44a3-a593-18cf5eb27c4f,55405898,False,a36981d1-8216-44a3-a593-18cf5eb27c4f,2024-10-13,,SOLD,2024-10-14,6.0,0.1,4.16,3.08,0.98
G6H8SP63GAS0,6.0,2024-10-11,Bio-Haz Specialist | SWAT,,8b45f308-c29e-40a7-bf8e-672837217e87,55405654,False,8b45f308-c29e-40a7-bf8e-672837217e87,2024-10-13,2024-10-14,SOLD,2024-10-14,2.0,0.1,7.73,6.68,0.96
GH39HTGSL0ZE,1.23,2024-10-07,USP-S | Lead Conduit (Minimal Wear),12.4,b19eb888-7405-441e-92d3-7bf449482584,55405896,False,b19eb888-7405-441e-92d3-7bf449482584,2024-10-13,,SOLD,2024-10-14,6.0,0.1,1.77,1.38,0.36
GRTHEX683F7C,1.8,2024-09-29,StatTrak™ Glock-18 | Moonrise (Minimal Wear),12.11,2e731f98-b1cb-4ff5-b25f-6f81c258c308,55405908,False,2e731f98-b1cb-4ff5-b25f-6f81c258c308,2024-10-13,,SOLD,2024-10-14,14.0,0.1,2.36,2.01,0.32
G9X4S8EFKAT3,0.74,2024-09-11,Desert Eagle | Corinthian (Factory New),5.12,02ebc5e4-b376-4ebc-83f1-972d459d48e6,55405638,False,02ebc5e4-b376-4ebc-83f1-972d459d48e6,2024-10-13,,SOLD,2024-10-14,32.0,0.1,0.67,0.83,-0.14
GGEEP6ET80XZ,1.11,2024-10-04,Galil AR | Tuxedo (Factory New),5.47,3ecc5568-f4a6-46c5-8997-cc3b0a01cce1,55405657,False,3ecc5568-f4a6-46c5-8997-cc3b0a01cce1,2024-10-13,,SOLD,2024-10-14,9.0,0.1,2.27,1.24,0.93
GP27XRPR75R2,0.37,2024-09-12,Sticker | m0NESY (Glitter) | Copenhagen 2024,,,51338054,True,e6fc9d7d-b432-491e-9c53-895210531a6d,2024-10-13,,SOLD,2024-10-14,31.0,0.1,0.91,0.42,0.45
GUFRH6US7PA4,0.74,2024-09-13,Desert Eagle | Corinthian (Factory New),5.32,c8dc7cb9-45e4-4336-b30a-28fe4db5b248,55405652,False,c8dc7cb9-45e4-4336-b30a-28fe4db5b248,2024-10-13,,SOLD,2024-10-15,31.0,0.1,0.67,0.83,-0.14
G27CSLTXF9WF,4.45,2024-09-30,Glock-18 | Nuclear Garden (Factory New),4.55,86c8bbff-07e3-46ca-ac8b-bf8d20238c43,55405659,False,86c8bbff-07e3-46ca-ac8b-bf8d20238c43,2024-10-13,,SOLD,2024-10-15,14.0,0.1,6.96,4.96,1.81
G92S3F3WUREK,2.01,2024-09-19,P250 | See Ya Later (Field-Tested),27.97,bbd6862d-b8d1-4187-b227-41f7050444ff,55405871,False,bbd6862d-b8d1-4187-b227-41f7050444ff,2024-10-13,,SOLD,2024-10-15,25.0,0.1,2.12,2.24,-0.1
GHRZ84LD7H03,21.0,2024-10-12,AK-47 | The Empress (Well-Worn),42.76,c249da8e-c725-4d0d-bc21-bae33d42d522,55417268,False,c249da8e-c725-4d0d-bc21-bae33d42d522,2024-10-14,2024-10-14,SOLD,2024-10-15,2.0,0.15,24.95,24.72,0.21
GED0GNS0NDXN,7.46,2024-10-08,3rd Commando Company | KSK,,6d9d78ab-026c-4e71-8393-172dab3193b6,55405641,False,6d9d78ab-026c-4e71-8393-172dab3193b6,2024-10-13,2024-10-15,SOLD,2024-10-15,6.0,0.1,10.63,8.3,2.11
G5DA55WRLKZH,5.58,2024-10-06,Operator | FBI SWAT,,9b41d7b3-8bfa-49fc-83b5-a229d6534a3a,55405663,False,9b41d7b3-8bfa-49fc-83b5-a229d6534a3a,2024-10-13,2024-10-14,SOLD,2024-10-15,8.0,0.1,7.48,6.21,1.15
G44LWNACSK22,1.24,2024-09-30,SG 553 | Dragon Tech (Factory New),6.97,0c80c834-c3f6-4334-96a8-72cad1caede4,55405872,False,0c80c834-c3f6-4334-96a8-72cad1caede4,2024-10-13,,SOLD,2024-10-16,15.0,0.1,1.4,1.39,0.02
GCA8E02GTAK2,0.71,2024-10-06,Galil AR | Tuxedo (Minimal Wear),10.32,bf62607d-798f-429c-aaab-3436d8cde415,55405653,False,bf62607d-798f-429c-aaab-3436d8cde415,2024-10-13,2024-10-14,SOLD,2024-10-16,9.0,0.1,1.17,0.8,0.34
GU8FH8X4XT08,0.63,2024-10-07,P250 | Franklin (Minimal Wear),10.0,fbfa7ae0-a214-4e4a-9039-830c5897424a,55405661,False,fbfa7ae0-a214-4e4a-9039-830c5897424a,2024-10-13,2024-10-15,SOLD,2024-10-16,8.0,0.1,0.87,0.71,0.15
G9ZCC2WZ6P8S,3.19,2024-10-10,Sticker | Lotus (Glitter),,,48957895,True,8e86dfe5-9073-4ac3-9890-f1ea23271941,2024-10-13,,SOLD,2024-10-16,5.0,0.1,4.79,3.56,1.12
GW94PW788RZ6,1.91,2024-10-10,Sticker | Gold Web (Foil),,,7177483,True,7805df7b-4d1f-49bb-b8f8-e7896affeeba,2024-10-13,,SOLD,2024-10-16,5.0,0.1,2.75,2.13,0.57
G7ZU6WA7NNKK,1.32,2024-09-29,Desert Eagle | Light Rail (Minimal Wear),12.31,e2673741-14db-4b41-a1ab-52c0d4254792,55405656,False,e2673741-14db-4b41-a1ab-52c0d4254792,2024-10-13,,SOLD,2024-10-17,17.0,0.1,2.0,1.48,0.48
GNZU8HUGRXNW,0.53,2024-10-10,Glock-18 | Candy Apple (Factory New),5.97,c5408555-e12c-4053-bdce-80dbe84931a0,55405648,False,c5408555-e12c-4053-bdce-80dbe84931a0,2024-10-13,2024-10-17,SOLD,2024-10-17,6.0,0.1,0.88,0.6,0.26
GLDXS67WFF7T,2.84,2024-10-10,MP9 | Starlight Protector (Field-Tested),20.3,9a3fd8cc-ef6b-41e2-9c5c-c3a61e202257,55405665,False,9a3fd8cc-ef6b-41e2-9c5c-c3a61e202257,2024-10-13,2024-10-17,SOLD,2024-10-17,6.0,0.1,4.34,3.17,1.07
G9LXE3C7DK20,1.29,2024-10-05,Glock-18 | Umbral Rabbit (Factory New),6.64,d15ef054-4c24-4604-b5aa-eae64c059d12,55405867,False,d15ef054-4c24-4604-b5aa-eae64c059d12,2024-10-13,2024-10-13,SOLD,2024-10-17,11.0,0.1,2.15,1.44,0.65
GLN997NK76SR,0.32,2024-10-10,Sticker | GO,,,41546906,True,cc1ec08b-71b1-4ea8-a921-8d7aa4c6f926,2024-10-13,,SOLD,2024-10-17,6.0,0.1,0.5,0.37,0.13
G4LA7G26T307,2.31,2024-10-06,M4A1-S | Emphorosaur-S (Factory New),6.46,e76ed1de-c6bb-42b2-809b-979a1e7e2bf8,55405869,False,e76ed1de-c6bb-42b2-809b-979a1e7e2bf8,2024-10-13,2024-10-14,SOLD,2024-10-18,11.0,0.1,2.98,2.58,0.37
GS43CXP65UWF,2.9,2024-10-12,MP9 | Starlight Protector (Field-Tested),21.26,2de1fec5-6b93-421d-94bd-36c04328ca23,55405629,False,2de1fec5-6b93-421d-94bd-36c04328ca23,2024-10-13,2024-10-18,SOLD,2024-10-18,5.0,0.1,4.34,3.23,1.01
G8TN4PU6FE40,4.13,2024-09-29,StatTrak™ Glock-18 | Moonrise (Factory New),6.7,748ca747-d14c-4dfe-829d-e9042738f3b1,55405646,False,748ca747-d14c-4dfe-829d-e9042738f3b1,2024-10-13,,SOLD,2024-10-18,18.0,0.1,5.93,4.6,1.21
GHD78W8NG056,2.59,2024-10-12,StatTrak™ M4A1-S | Night Terror (Minimal Wear),8.57,a7437360-a38d-43a8-aa54-745d05594264,55405632,False,a7437360-a38d-43a8-aa54-745d05594264,2024-10-13,2024-10-18,SOLD,2024-10-18,5.0,0.1,4.11,2.89,1.11
G2DX53NDWW7P,2.92,2024-10-12,Desert Eagle | Trigger Discipline (Factory New),6.75,ad0b09f8-a0bd-4c53-b0ff-4e4a0a3ab07e,55405631,False,ad0b09f8-a0bd-4c53-b0ff-4e4a0a3ab07e,2024-10-13,2024-10-18,SOLD,2024-10-18,5.0,0.1,4.19,3.26,0.85
G7Z660877EEZ,0.76,2024-10-15,SSG 08 | Acid Fade (Factory New),1.35,299ecd85-5371-46d3-891d-e47600cc0651,55516288,False,299ecd85-5371-46d3-891d-e47600cc0651,2024-10-17,2024-10-23,SOLD,2024-10-18,2.0,0.1,0.97,0.86,0.11
G3R2ZD99S8CS,18.44,2024-10-10,Lt. Commander Ricksaw | NSWC SEAL,,ce2350ee-e53a-471d-b8cb-a5b753ec19e9,55405383,False,ce2350ee-e53a-471d-b8cb-a5b753ec19e9,2024-10-13,2024-10-18,SOLD,2024-10-18,7.0,0.1,23.43,20.5,2.65
GL3RHF9ZH2EN,5.05,2024-10-15,Tec-9 | Fuel Injector (Minimal Wear),9.69,dd83d00e-cc8b-49dc-b9fb-1e1b6cbaedf5,55516286,False,dd83d00e-cc8b-49dc-b9fb-1e1b6cbaedf5,2024-10-17,2024-10-23,SOLD,2024-10-18,2.0,0.1,7.45,5.62,1.66
GF6DDNWRAEEC,2.31,2024-10-06,M4A1-S | Emphorosaur-S (Factory New),6.77,d84dcade-652f-4c01-b2d5-f7b30c130a16,55405866,False,d84dcade-652f-4c01-b2d5-f7b30c130a16,2024-10-13,2024-10-13,SOLD,2024-10-18,11.0,0.1,2.98,2.58,0.37
GA7U5CNKTCZN,1.1,2024-10-18,StatTrak™ USP-S | Ticket to Hell (Field-Tested),16.71,7e8708ed-0c45-4b72-8b78-2f65da09af2f,55634473,False,7e8708ed-0c45-4b72-8b78-2f65da09af2f,2024-10-20,2024-10-19,SOLD,2024-10-19,0.0,0.1,1.44,1.23,0.2
GA8WU6FZAZHS,2.77,2024-10-10,Sticker | Blue Gem (Glitter),,,41530486,True,f03f5ada-91b9-4cb5-b168-94ee03da0de6,2024-10-13,,SOLD,2024-10-19,8.0,0.1,3.96,3.09,0.79
GA833KEF7ZAF,1.62,2024-10-18,MAC-10 | Disco Tech (Field-Tested),31.3,4ebcfbb1-e155-4bd8-9b16-d56340d23a40,55634469,False,4ebcfbb1-e155-4bd8-9b16-d56340d23a40,2024-10-20,2024-10-26,SOLD,2024-10-19,0.0,0.1,2.19,1.81,0.35
GCZPH08WW3KF,1.23,2024-10-07,USP-S | Lead Conduit (Minimal Wear),13.46,068a42a4-7d3d-4861-a103-669ed5a9429b,55405895,False,068a42a4-7d3d-4861-a103-669ed5a9429b,2024-10-13,,SOLD,2024-10-19,11.0,0.1,1.77,1.38,0.36
GGXT55GHKSNN,1.01,2024-10-10,StatTrak™ USP-S | Ticket to Hell (Field-Tested),26.12,b9c1c861-d89d-4fd4-a05b-477a0a942efa,55405877,False,b9c1c861-d89d-4fd4-a05b-477a0a942efa,2024-10-13,2024-10-16,SOLD,2024-10-19,8.0,0.1,1.61,1.13,0.44
G4GG20EW0ZWX,1.26,2024-10-07,AWP | Black Nile (Field-Tested),16.35,3d52461e-9811-4ae7-b7b1-0802e70b9b17,55405642,False,3d52461e-9811-4ae7-b7b1-0802e70b9b17,2024-10-13,2024-10-14,SOLD,2024-10-19,11.0,0.1,1.93,1.41,0.48
GDP3A4N6NDZ7,0.83,2024-10-12,"Music Kit | Meechy Darko, Gothic Luxury",,,41803222,True,1081e3a2-2882-48d5-a568-7187dd836fe6,2024-10-13,,SOLD,2024-10-19,6.0,0.1,1.13,0.93,0.19
GTL09FRX678W,1.5,2024-10-19,Galil AR | Chromatic Aberration (Field-Tested),23.69,a40be543-ac82-436a-81fb-ca57f2a8c8d7,55634480,False,a40be543-ac82-436a-81fb-ca57f2a8c8d7,2024-10-20,2024-10-26,SOLD,2024-10-19,0.0,0.1,2.11,1.68,0.4
GAUZ58ZL6L66,1.53,2024-10-05,StatTrak™ AWP | Capillary (Minimal Wear),10.59,7fb94b20-7867-428c-9777-5edfebbd33e5,55405643,False,7fb94b20-7867-428c-9777-5edfebbd33e5,2024-10-13,,SOLD,2024-10-19,13.0,0.1,2.42,1.71,0.65
GPWL9E4U2G4K,1.8,2024-10-04,AWP | Atheris (Battle-Scarred),66.94,f6a483da-87a7-4181-aeb5-23c38983d1cc,55405639,False,f6a483da-87a7-4181-aeb5-23c38983d1cc,2024-10-13,,SOLD,2024-10-19,14.0,0.1,2.77,2.01,0.69
GDX6GE757EZ0,2.98,2024-10-12,MP9 | Starlight Protector (Field-Tested),24.96,cabd915e-61b1-4482-8699-ce82ac0575ab,55405630,False,cabd915e-61b1-4482-8699-ce82ac0575ab,2024-10-13,2024-10-19,SOLD,2024-10-19,6.0,0.1,4.34,3.32,0.93
G8SSN3XEFXWS,1.77,2024-10-07,StatTrak™ M4A1-S | Night Terror (Field-Tested),31.44,2b56034f-c7d7-45da-8559-4febc62c50c1,55405666,False,2b56034f-c7d7-45da-8559-4febc62c50c1,2024-10-13,,SOLD,2024-10-19,11.0,0.1,2.87,1.98,0.81
GNCP6HNGT0U3,0.18,2024-10-07,Sticker | Imperial Esports (Glitter) | Copenhagen 2024,,,51415500,True,22241e48-c692-40cc-a611-c408d6402529,2024-10-13,,SOLD,2024-10-20,12.0,0.1,0.63,0.21,0.39
G3DCC0G742GN,0.18,2024-10-07,Sticker | Imperial Esports (Glitter) | Copenhagen 2024,,,51415500,True,b953a36f-dba9-4824-8712-299e72407ec5,2024-10-13,,SOLD,2024-10-20,12.0,0.1,0.63,0.21,0.39
GAR4XA3XLTSL,0.18,2024-10-07,Sticker | Imperial Esports (Glitter) | Copenhagen 2024,,,51415500,True,e004669e-9ff6-4030-8bbb-4c7331a3d45a,2024-10-13,,SOLD,2024-10-20,12.0,0.1,0.63,0.21,0.39
GLCXHHD2C64E,7.26,2024-10-18,M4A1-S | Black Lotus (Field-Tested),16.25,3cc99919-402c-4464-92b1-d237830c2846,55634478,False,3cc99919-402c-4464-92b1-d237830c2846,2024-10-20,2024-10-26,SOLD,2024-10-20,1.0,0.1,10.92,8.08,2.57
G44W6FT08G9D,11.91,2024-10-11,Chem-Haz Capitaine | Gendarmerie Nationale,,21555d8c-7bbd-4b62-99c6-06de8b04e223,55405647,False,21555d8c-7bbd-4b62-99c6-06de8b04e223,2024-10-13,2024-10-19,SOLD,2024-10-20,8.0,0.1,16.55,13.24,2.99
GZ74EXW45KS5,2.3,2024-10-01,USP-S | Cyrex (Factory New),6.57,3d1fda4a-55df-471e-b484-8616e41cd49e,55405892,False,3d1fda4a-55df-471e-b484-8616e41cd49e,2024-10-13,,SOLD,2024-10-20,18.0,0.1,3.09,2.57,0.48
GDW9G6HRD7K6,1.91,2024-10-18,StatTrak™ Glock-18 | Umbral Rabbit (Minimal Wear),8.07,4fa052c2-0047-4919-be4e-35e40c86e762,55634475,False,4fa052c2-0047-4919-be4e-35e40c86e762,2024-10-20,2024-10-26,SOLD,2024-10-20,1.0,0.1,2.67,2.13,0.49
GS856FGR85GU,3.5,2024-10-10,Sticker | Lotus (Glitter),,,48957895,True,ff7eb3ce-2d99-4d5c-950e-7765af94884b,2024-10-13,,SOLD,2024-10-20,9.0,0.1,4.79,3.9,0.81
GUKURS55CA2N,0.18,2024-10-07,Sticker | Imperial Esports (Glitter) | Copenhagen 2024,,,51415500,True,1a491812-64e8-4fdc-8de6-4d080f7c0447,2024-10-13,,SOLD,2024-10-20,12.0,0.1,0.63,0.21,0.39
GG52AEH0CURT,3.15,2024-10-12,Desert Eagle | Light Rail (Factory New),1.6,391654ef-d4e3-478e-8a4f-7fc419cad393,55405628,False,391654ef-d4e3-478e-8a4f-7fc419cad393,2024-10-13,2024-10-19,SOLD,2024-10-20,7.0,0.1,4.5,3.51,0.9
GR2ELEC2RKS4,1.35,2024-10-20,USP-S | Cyrex (Minimal Wear),12.53,517f227c-bae5-4e90-bc68-0e94989266f2,55697796,False,517f227c-bae5-4e90-bc68-0e94989266f2,2024-10-22,2024-10-28,SOLD,2024-10-21,0.0,0.1,2.06,1.51,0.5
GHX28GP7Z5NK,3.57,2024-10-20,"Music Kit | bbno$, u mad!",,,36448801,True,722fbcb7-0b96-4c03-9d51-1fc655907a7e,2024-10-22,,SOLD,2024-10-21,0.0,0.1,3.6,3.98,-0.33
G5RR49GNSZ23,9.5,2024-10-12,Chef d'Escadron Rouchard | Gendarmerie Nationale,,13f665e7-baa4-49f8-9d10-eeb6bea58612,55405627,False,13f665e7-baa4-49f8-9d10-eeb6bea58612,2024-10-13,2024-10-20,SOLD,2024-10-21,8.0,0.1,16.77,10.57,5.59
GXUNKAZU25GS,2.0,2024-10-19,AWP | Atheris (Field-Tested),22.22,b7d09330-995f-435c-91d5-584d71743fcb,55697782,False,b7d09330-995f-435c-91d5-584d71743fcb,2024-10-22,2024-10-27,SOLD,2024-10-21,1.0,0.1,3.1,2.23,0.79
G3K3N3ZXF3SK,1.04,2024-10-18,StatTrak™ Desert Eagle | Blue Ply (Minimal Wear),10.96,4346aa5c-ccac-4919-b24c-dcbff6113ba0,55634471,False,4346aa5c-ccac-4919-b24c-dcbff6113ba0,2024-10-20,2024-10-26,SOLD,2024-10-21,2.0,0.1,1.46,1.17,0.27
GFLCRKEU9P0F,1.14,2024-10-18,USP-S | Cortex (Well-Worn),42.39,6edb5b1c-fa37-4ec8-9953-3bb82a60d23e,55634474,False,6edb5b1c-fa37-4ec8-9953-3bb82a60d23e,2024-10-20,2024-10-26,SOLD,2024-10-22,3.0,0.1,1.52,1.28,0.23
G63RA5F0L02P,1.09,2024-10-15,Sticker | Broken Fang (Holo),,,28993484,True,1c795c30-7cb0-43c6-a25d-5e2884dce2e4,2024-10-17,,SOLD,2024-10-22,6.0,0.1,1.43,1.22,0.2
G938T4TWLTFZ,1.02,2024-10-10,Sticker | Broken Fang (Holo),,,28993484,True,50100a7c-d680-4c39-8be2-e832b81a81ef,2024-10-13,,SOLD,2024-10-22,11.0,0.1,1.37,1.14,0.21
GW34K5DN07ZF,3.71,2024-10-10,Sticker | Lotus (Glitter),,,48957895,True,e426eee5-86f6-4d5f-8ece-41cb599276e0,2024-10-13,,SOLD,2024-10-22,11.0,0.1,4.79,4.13,0.6
GHEZZP7NPD3R,1.72,2024-10-20,USP-S | Cortex (Field-Tested),21.43,5bdfd0dd-87b3-4a3c-9ae5-033784c43813,55697795,False,5bdfd0dd-87b3-4a3c-9ae5-033784c43813,2024-10-22,2024-10-28,SOLD,2024-10-23,2.0,0.1,2.25,1.92,0.3
G23S0DFRCDCN,2.5,2024-10-01,M4A1-S | Emphorosaur-S (Factory New),6.89,c1002396-974e-46bb-9ca3-9c55a3bdcdcf,55405662,False,c1002396-974e-46bb-9ca3-9c55a3bdcdcf,2024-10-13,,SOLD,2024-10-23,21.0,0.1,2.98,2.79,0.18
GZ9XE3X6TCXD,5.19,2024-10-23,Ground Rebel  | Elite Crew,,6934239f-c902-4947-9b82-3d8ff2dd6dcb,55740353,False,6934239f-c902-4947-9b82-3d8ff2dd6dcb,2024-10-24,2024-10-30,SOLD,2024-10-23,0.0,0.1,6.72,5.78,0.86
G54NPSKE6Z98,5.5,2024-10-15,StatTrak™ M4A1-S | Night Terror (Factory New),6.24,843d7cb7-1778-4d08-9610-d6d2ce66a292,55516284,False,843d7cb7-1778-4d08-9610-d6d2ce66a292,2024-10-17,2024-10-23,SOLD,2024-10-23,7.0,0.1,8.56,6.12,2.2
GGUCDKDEPHPW,1.09,2024-10-15,Sticker | Broken Fang (Holo),,,28993484,True,ce05b383-1861-44d0-97da-34075eef65f9,2024-10-17,,SOLD,2024-10-23,7.0,0.1,1.43,1.22,0.2
G23HKS2CPGK7,1.2,2024-10-04,Glock-18 | Moonrise (Factory New),6.04,4f11d0cb-ba4a-4b68-90c5-823df664be45,55405650,False,4f11d0cb-ba4a-4b68-90c5-823df664be45,2024-10-13,,SOLD,2024-10-23,18.0,0.1,1.7,1.34,0.33
GA5HZNNG7NRT,2.0,2024-10-20,Glock-18 | Nuclear Garden (Minimal Wear),12.79,9b9c4363-5e15-46f4-a341-7d8ed95fc9f9,55697793,False,9b9c4363-5e15-46f4-a341-7d8ed95fc9f9,2024-10-22,2024-10-28,SOLD,2024-10-23,2.0,0.1,3.29,2.23,0.96
GU30RTGNZLL5,0.63,2024-10-15,P250 | Franklin (Minimal Wear),8.49,d4d5ec23-3df5-4829-8651-47090bd4d441,55516289,False,d4d5ec23-3df5-4829-8651-47090bd4d441,2024-10-17,2024-10-23,SOLD,2024-10-23,7.0,0.1,1.18,0.71,0.43
GT2D0S7UH3WK,0.55,2024-10-16,Glock-18 | Candy Apple (Factory New),6.74,6b1c3ccd-dbb1-49d6-89be-80f7050edf02,55516290,False,6b1c3ccd-dbb1-49d6-89be-80f7050edf02,2024-10-17,2024-10-23,SOLD,2024-10-23,6.0,0.1,0.77,0.62,0.14
GSUE4ZG784R3,1.09,2024-10-15,Sticker | Broken Fang (Holo),,,28993484,True,c527e8f5-d460-4d67-9dd7-3e0341e31662,2024-10-17,,SOLD,2024-10-23,7.0,0.1,1.43,1.22,0.2
G5X69DHZ2CFG,5.2,2024-10-15,Ground Rebel  | Elite Crew,,8407c632-66ed-4a91-9fc9-81b3a73e089a,55516285,False,8407c632-66ed-4a91-9fc9-81b3a73e089a,2024-10-17,2024-10-23,SOLD,2024-10-23,7.0,0.1,7.82,5.79,1.84
GZDKHSEL83KT,3.5,2024-10-15,MP9 | Food Chain (Minimal Wear),14.66,60f90fc8-7c6d-4c73-bd72-19fff47d3d95,55516287,False,60f90fc8-7c6d-4c73-bd72-19fff47d3d95,2024-10-17,2024-10-23,SOLD,2024-10-24,8.0,0.1,5.23,3.9,1.21
GK8UEE5EHZ56,1.77,2024-10-18,USP-S | Cortex (Field-Tested),28.76,d1245924-c592-45a5-a317-3ac11e893981,55634477,False,d1245924-c592-45a5-a317-3ac11e893981,2024-10-20,2024-10-26,SOLD,2024-10-24,5.0,0.1,2.13,1.98,0.15
GR8DGR0002E0,2.3,2024-10-01,USP-S | Cyrex (Factory New),6.09,104d0681-dc67-4c4b-a280-578bbbce75e3,55405878,False,104d0681-dc67-4c4b-a280-578bbbce75e3,2024-10-13,,SOLD,2024-10-24,22.0,0.1,2.66,2.57,0.09
G6GWGURGC702,1.7,2024-10-23,SSG 08 | Fever Dream (Factory New),6.97,51f990a6-62a0-445a-be84-58deb7abbac9,55769119,False,51f990a6-62a0-445a-be84-58deb7abbac9,2024-10-25,,SOLD,2024-10-24,0.0,0.1,1.99,1.9,0.09
GDFU3GENT2LE,3.13,2024-10-10,Sticker | Loving Eyes (Holo),,,49020732,True,ef6a48c7-c7c0-4c3e-b221-bfbbb2500586,2024-10-13,,SOLD,2024-10-25,14.0,0.1,5.08,3.49,1.44
GAPR9RHDE7R8,1.59,2024-10-06,StatTrak™ M4A1-S | Emphorosaur-S (Field-Tested),21.27,bb8214b7-06cc-4cd7-bfd8-c61c19f2530b,55405859,False,bb8214b7-06cc-4cd7-bfd8-c61c19f2530b,2024-10-13,2024-10-14,SOLD,2024-10-25,18.0,0.1,1.87,1.78,0.09
G9GTT07ZUSLC,0.79,2024-10-15,Sticker | Cloud9 (Glitter) | Copenhagen 2024,,,50406212,True,14286fab-6ff7-462d-9010-643535773744,2024-10-17,,SOLD,2024-10-25,9.0,0.1,1.08,0.89,0.18
GGN84S3L3XTS,2.09,2024-10-01,StatTrak™ M4A1-S | Emphorosaur-S (Field-Tested),28.03,f76ec31d-cecc-462a-a722-4b72e05288be,55405862,False,f76ec31d-cecc-462a-a722-4b72e05288be,2024-10-13,,SOLD,2024-10-25,23.0,0.1,1.47,2.33,-0.77
GD84C8CP6RZ6,3.82,2024-10-23,Buckshot | NSWC SEAL,,1bc1119d-1893-472d-b484-90575ec98f5e,55769122,False,1bc1119d-1893-472d-b484-90575ec98f5e,2024-10-25,2024-10-31,SOLD,2024-10-25,1.0,0.1,4.61,4.26,0.33
GEAHRCXSPXUK,6.92,2024-10-10,"Music Kit | Knock2, dashstar*",,,41605242,True,20287155-7a56-4822-b64e-b26e5bfb3149,2024-10-13,,SOLD,2024-10-25,14.0,0.1,10.28,7.7,2.33
G7KHL3C8T0GF,1.5,2024-10-17,Galil AR | Stone Cold (Field-Tested),28.83,fa763371-b7de-48ed-9984-2bd0330fc26e,55593742,False,fa763371-b7de-48ed-9984-2bd0330fc26e,2024-10-19,2024-10-25,SOLD,2024-10-25,7.0,0.1,2.5,1.68,0.75
G73GLUTU89G4,10.43,2024-10-11,Street Soldier | Phoenix,,3af2801f-a479-4307-ab21-26cf96d14eed,55405897,False,3af2801f-a479-4307-ab21-26cf96d14eed,2024-10-13,2024-10-19,SOLD,2024-10-26,14.0,0.1,13.29,11.6,1.53
GL76RW9F7EZF,6.77,2024-10-18,Sergeant Bombson | SWAT,,343d593e-53d7-480e-9479-f376dcf7fddc,55634472,False,343d593e-53d7-480e-9479-f376dcf7fddc,2024-10-20,2024-10-26,SOLD,2024-10-26,7.0,0.1,7.99,7.53,0.42
GF02KRUAD74A,1.46,2024-10-18,AWP | PAW (Minimal Wear),13.61,6e674766-c297-481e-bdd0-ca9bd96b5188,55634470,False,6e674766-c297-481e-bdd0-ca9bd96b5188,2024-10-20,2024-10-26,SOLD,2024-10-26,7.0,0.1,1.94,1.63,0.29
G2T7P4935TL5,0.03,2024-10-07,Sticker | Complexity Gaming (Glitter) | Paris 2023,,,45007585,True,6c0969cb-8ff5-49b4-a74b-5ad08ef0af61,2024-10-13,,SOLD,2024-10-26,18.0,0.1,0.16,0.04,0.11
GR28HHEZ3E45,1.5,2024-10-19,AK-47 | Elite Build (Minimal Wear),8.01,09277868-b059-408d-8aad-583dab341e1d,55697783,False,09277868-b059-408d-8aad-583dab341e1d,2024-10-22,2024-10-26,SOLD,2024-10-26,6.0,0.1,1.98,1.68,0.28
GH0GAL504363,0.03,2024-10-07,Sticker | Complexity Gaming (Glitter) | Paris 2023,,,45007585,True,c5e2afa3-9bb2-427a-9595-1cf14723fee0,2024-10-13,,SOLD,2024-10-26,18.0,0.1,0.16,0.04,0.11
GWN2982H4XH7,2.9,2024-09-10,SSG 08 | Carbon Fiber (Factory New),2.98,ca0b2d69-d635-4a10-8949-6280c17e71df,55405922,False,ca0b2d69-d635-4a10-8949-6280c17e71df,2024-10-13,,SOLD,2024-10-26,45.0,0.1,3.84,3.23,0.56
GUR2LEW4L93G,0.03,2024-10-07,Sticker | Complexity Gaming (Glitter) | Paris 2023,,,45007585,True,011a5555-7da8-47c7-9125-951c9ef73632,2024-10-13,,SOLD,2024-10-26,18.0,0.1,0.16,0.04,0.11
G64SZAHK0XL7,1.36,2024-10-12,Glock-18 | Block-18 (Minimal Wear),7.13,06cb89ca-dc8c-41ad-83fd-f87a39acfd87,55405634,False,06cb89ca-dc8c-41ad-83fd-f87a39acfd87,2024-10-13,2024-10-19,SOLD,2024-10-27,14.0,0.1,1.61,1.52,0.09
GLNNXZLLZHT3,4.66,2024-10-23,Tec-9 | Fuel Injector (Minimal Wear),13.53,9efe9a56-2cfa-4f25-8d6b-b98e44ac5541,55769118,False,9efe9a56-2cfa-4f25-8d6b-b98e44ac5541,2024-10-25,2024-10-31,SOLD,2024-10-27,3.0,0.1,8.32,5.19,2.83
G5TS3XRLNH2R,1.14,2024-10-19,Five-SeveN | Urban Hazard (Factory New),3.15,5dcc5caf-f48c-45f2-af7a-bd22e06f8118,55697784,False,5dcc5caf-f48c-45f2-af7a-bd22e06f8118,2024-10-22,2024-10-27,SOLD,2024-10-27,7.0,0.1,1.58,1.28,0.28
GFZX3ZRU3RE0,3.13,2024-10-10,Sticker | Loving Eyes (Holo),,,49020732,True,898b6a2f-b9b6-4e85-8d10-c6a75cf0f2cc,2024-10-13,,SOLD,2024-10-27,16.0,0.1,5.08,3.49,1.44
GR59NU3AUZHU,1.82,2024-10-19,AK-47 | Slate (Well-Worn),41.03,5279b4b7-bc82-4efb-abc9-d51b140271d0,55634479,False,5279b4b7-bc82-4efb-abc9-d51b140271d0,2024-10-20,2024-10-26,SOLD,2024-10-27,7.0,0.1,2.43,2.03,0.37
GG970GXDWWHN,3.13,2024-10-10,Sticker | Loving Eyes (Holo),,,49020732,True,e8312715-f42f-43dd-b29d-31ec31a7b73b,2024-10-13,,SOLD,2024-10-27,16.0,0.1,5.08,3.49,1.44
GSA075H8TKL8,2.12,2024-10-18,Glock-18 | Block-18 (Factory New),6.7,7983ea84-9844-4834-88ce-b96f8fa9af05,55634476,False,7983ea84-9844-4834-88ce-b96f8fa9af05,2024-10-20,2024-10-26,SOLD,2024-10-27,8.0,0.1,3.3,2.37,0.85
GCR20LSN0ECF,3.13,2024-10-26,Sticker | Battle Scarred,,,29003628,True,09a0d929-d1ed-4a27-8510-338d3a6ea573,2024-10-28,,SOLD,2024-10-27,0.0,0.1,4.37,3.49,0.8
GGZPCK33PFPK,0.12,2024-10-08,Sticker | Surf's Up,,,6092547,True,b3857ccc-555e-4ccc-81e3-278bbe6a07ff,2024-10-13,,SOLD,2024-10-27,18.0,0.1,0.77,0.14,0.57
GC4AEZWSLG44,3.13,2024-10-10,Sticker | Loving Eyes (Holo),,,49020732,True,d8e4ea39-6064-446d-818e-e1bb911c7336,2024-10-13,,SOLD,2024-10-27,16.0,0.1,5.08,3.49,1.44
GSKA0EGKD7PS,0.55,2024-10-19,Glock-18 | Candy Apple (Factory New),5.29,1323bad6-a54b-4235-ac02-3f4365f39643,55697787,False,1323bad6-a54b-4235-ac02-3f4365f39643,2024-10-22,2024-10-27,SOLD,2024-10-28,8.0,0.1,0.75,0.62,0.12
GL0K7P4UN3P3,11.82,2024-10-19,AK-47 | Legion of Anubis (Factory New),5.92,0c186b5f-57fd-4390-a293-2cac072ac7d8,55697789,False,0c186b5f-57fd-4390-a293-2cac072ac7d8,2024-10-22,2024-10-27,SOLD,2024-10-28,8.0,0.1,14.5,13.14,1.23
G6U5HUF65ADN,5.58,2024-10-12,StatTrak™ USP-S | Ticket to Hell (Factory New),3.89,1952b7d1-9bbc-4e4e-875e-d2e1f833dfca,55405636,False,1952b7d1-9bbc-4e4e-875e-d2e1f833dfca,2024-10-13,2024-10-18,SOLD,2024-10-28,15.0,0.1,10.18,6.21,3.58
G48856ND0F8P,1.95,2024-10-27,StatTrak™ M4A1-S | Night Terror (Field-Tested),18.12,939b2350-372c-4033-ba40-85d730bb526c,55911704,False,939b2350-372c-4033-ba40-85d730bb526c,2024-10-29,2024-10-29,SOLD,2024-10-29,1.0,0.1,2.87,2.18,0.63
GX09XCELGARX,5.43,2024-10-23,MAC-10 | Neon Rider (Minimal Wear),13.28,821e1978-2687-49da-823d-17bcd3e075a1,55740356,False,821e1978-2687-49da-823d-17bcd3e075a1,2024-10-24,2024-10-31,SOLD,2024-10-29,5.0,0.1,6.84,6.04,0.73
GD6D9NTS8ZUF,2.75,2024-10-19,"Music Kit | The Verkkars & n0thing, Flashbang Dance",,,36870351,True,4cb368ac-1c06-417d-9ef1-c9cbe55aee0d,2024-10-21,,SOLD,2024-10-29,9.0,0.1,3.26,3.07,0.18
GRLHATT6XLW6,1.85,2024-10-19,Desert Eagle | Sputnik (Factory New),5.51,160cc42c-1886-418b-9322-73a26c917a82,55697786,False,160cc42c-1886-418b-9322-73a26c917a82,2024-10-22,2024-10-27,SOLD,2024-10-29,9.0,0.1,2.96,2.07,0.81
GWDNW7DPDXP3,2.13,2024-10-12,Glock-18 | Nuclear Garden (Minimal Wear),12.16,5fbb1f33-1cda-4974-8ed4-c27e160c563e,55405635,False,5fbb1f33-1cda-4974-8ed4-c27e160c563e,2024-10-13,2024-10-19,SOLD,2024-10-29,16.0,0.1,3.18,2.38,0.73
G8A4EEC57349,3.72,2024-10-11,Soldier | Phoenix,,6b2d99c8-8b84-4654-a95f-67f30e4e1e3e,55405870,False,6b2d99c8-8b84-4654-a95f-67f30e4e1e3e,2024-10-13,2024-10-19,SOLD,2024-10-29,17.0,0.1,5.55,4.14,1.27
GUL3SFSC2DA3,1.95,2024-10-12,Glock-18 | Nuclear Garden (Minimal Wear),8.28,e6cc2ec1-9931-497c-834e-0c4bc6133451,55405633,False,e6cc2ec1-9931-497c-834e-0c4bc6133451,2024-10-13,2024-10-18,SOLD,2024-10-29,16.0,0.1,3.18,2.18,0.91
GXPL5N2KX8PG,1.56,2024-10-21,Galil AR | Stone Cold (Field-Tested),27.82,0f5447c4-6975-45a0-a705-82ed09f51bb9,55735387,False,0f5447c4-6975-45a0-a705-82ed09f51bb9,2024-10-24,2024-10-29,SOLD,2024-10-30,8.0,0.1,2.5,1.74,0.69
GTX65KZAEZT2,0.46,2024-09-29,Tec-9 | Ice Cap (Factory New),4.78,5908e071-d2f9-4745-ad42-3d72cac8e231,55405889,False,5908e071-d2f9-4745-ad42-3d72cac8e231,2024-10-13,,SOLD,2024-10-30,30.0,0.1,0.61,0.52,0.09
GKP3ARGE7GW6,4.56,2024-10-19,Ground Rebel  | Elite Crew,,0a828d09-a6da-42b4-a814-0ce153826840,55697788,False,0a828d09-a6da-42b4-a814-0ce153826840,2024-10-22,2024-10-27,SOLD,2024-10-30,10.0,0.1,7.67,5.08,2.34
GRGH22T9HTHN,1.11,2024-10-07,USP-S | Lead Conduit (Minimal Wear),8.85,7a8d9d10-88d7-474f-8af1-26c01dce2317,55405894,False,7a8d9d10-88d7-474f-8af1-26c01dce2317,2024-10-13,2024-10-13,SOLD,2024-10-31,23.0,0.1,1.81,1.24,0.52
GFH6P3ZC0FDD,4.73,2024-10-23,StatTrak™ USP-S | Ticket to Hell (Factory New),2.57,6c12e979-a73f-46a6-a31f-a7e6d0f7b1a9,55769120,False,6c12e979-a73f-46a6-a31f-a7e6d0f7b1a9,2024-10-25,2024-10-31,SOLD,2024-10-31,7.0,0.1,10.18,5.27,4.43
G3D5K0SXDGL7,0.13,2024-10-28,Sticker | Surf's Up,,,6092547,True,140da195-d63c-4a5a-8d8f-4e0c3a1211d3,2024-10-30,,SOLD,2024-10-31,2.0,0.1,0.64,0.16,0.45
GK72THGA2D46,12.43,2024-10-16,Desert Eagle | Kumicho Dragon (Field-Tested),34.14,2784cbc9-e1f1-4e21-87f4-b0fa42f269a2,55516291,False,2784cbc9-e1f1-4e21-87f4-b0fa42f269a2,2024-10-17,2024-10-23,SOLD,2024-10-31,14.0,0.1,14.69,13.82,0.79
GECD7WZF79A2,3.16,2024-10-23,Sticker | Loving Eyes (Holo),,,49020732,True,da2bb9cb-102a-49ab-876b-21326ab72b6d,2024-10-24,,SOLD,2024-10-31,7.0,0.1,5.08,3.52,1.41
GCLR3UNXCL53,0.17,2024-10-26,Sticker | Surf's Up,,,6092547,True,25f89653-e58d-458c-9f84-d6be6a7f91d8,2024-10-28,,SOLD,2024-10-31,4.0,0.1,0.77,0.2,0.52
G2A5EK450DD0,1.3,2024-10-24,SSG 08 | Fever Dream (Factory New),4.55,d8362d65-5aea-40f1-bd04-49f47ae4a4d9,55769301,False,d8362d65-5aea-40f1-bd04-49f47ae4a4d9,2024-10-25,2024-10-31,SOLD,2024-11-01,7.0,0.1,1.92,1.46,0.43
GGEL2S7WCWU3,1.43,2024-09-08,Glock-18 | Nuclear Garden (Field-Tested),28.98,e91fc13c-3b6e-4458-8592-e6398d105ded,55405644,False,e91fc13c-3b6e-4458-8592-e6398d105ded,2024-10-13,,SOLD,2024-11-01,53.0,0.1,1.68,1.6,0.08
GS3R59DTDNU2,7.1,2024-10-23,"Music Kit | Knock2, dashstar*",,,41605242,True,57819ce0-2bbd-44dd-b8b8-f0f34413d9db,2024-10-25,,SOLD,2024-11-01,8.0,0.1,10.28,7.9,2.15
GAS5UPAHT2PH,1.96,2024-10-27,Glock-18 | Block-18 (Factory New),6.6,5673b779-2cf9-4279-8965-b0800117507e,55911701,False,5673b779-2cf9-4279-8965-b0800117507e,2024-10-29,2024-11-04,SOLD,2024-11-02,5.0,0.1,3.3,2.19,1.01
G40EK35C6R73,1.64,2024-10-23,AWP | Atheris (Well-Worn),41.69,0ad09f5e-054c-4636-a477-045dbbcbbd10,55769114,False,0ad09f5e-054c-4636-a477-045dbbcbbd10,2024-10-25,2024-10-31,SOLD,2024-11-02,9.0,0.1,2.21,1.83,0.35
GDUF90AKA8FA,0.55,2024-10-23,Glock-18 | Candy Apple (Factory New),5.51,f0f54f7c-fc21-48e1-9e3c-8e8a54d60ace,55769125,False,f0f54f7c-fc21-48e1-9e3c-8e8a54d60ace,2024-10-25,2024-10-31,SOLD,2024-11-02,9.0,0.1,0.75,0.62,0.12
G7X05G5PP39Z,5.02,2024-10-23,MP7 | Fade (Factory New),3.58,69fa6c4c-9ec7-4d24-b70c-bc9b873739ae,55769128,False,69fa6c4c-9ec7-4d24-b70c-bc9b873739ae,2024-10-25,2024-10-31,SOLD,2024-11-02,9.0,0.1,9.34,5.59,3.39
GAZSA80GHLZR,8.29,2024-10-24,M4A1-S | Black Lotus (Field-Tested),32.4,115ff9ad-0f1b-40e1-b883-6c1ae2b2e97f,55769302,False,115ff9ad-0f1b-40e1-b883-6c1ae2b2e97f,2024-10-25,2024-10-31,SOLD,2024-11-02,8.0,0.1,10.79,9.22,1.42
GFS36G2L4NHF,2.72,2024-10-19,"Music Kit | The Verkkars & n0thing, Flashbang Dance",,,36870351,True,c9d9132a-8a57-45fd-ae73-35edc5d183b8,2024-10-21,,SOLD,2024-11-03,14.0,0.1,3.26,3.03,0.21
G6FFS04K9LPC,1.33,2024-10-23,USP-S | Ticket to Hell (Factory New),2.3,8134e18e-ba53-4740-8e16-d31ae13e6e4a,55769124,False,8134e18e-ba53-4740-8e16-d31ae13e6e4a,2024-10-25,2024-10-31,SOLD,2024-11-03,10.0,0.1,2.37,1.49,0.8
GGWW0N6KAF74,2.09,2024-10-01,StatTrak™ M4A1-S | Emphorosaur-S (Field-Tested),29.16,79f64869-f69d-40a5-a4d3-4edd21689f27,55405863,False,79f64869-f69d-40a5-a4d3-4edd21689f27,2024-10-13,,SOLD,2024-11-03,32.0,0.1,1.87,2.33,-0.41
GC5656ADWCE7,0.92,2024-10-19,Glock-18 | Nuclear Garden (Field-Tested),23.09,83d9b0a8-5ad4-44bd-bac4-063ecbb62507,55697790,False,83d9b0a8-5ad4-44bd-bac4-063ecbb62507,2024-10-22,2024-10-27,SOLD,2024-11-03,14.0,0.1,1.68,1.03,0.59
G97L3PH94KHX,0.18,2024-10-07,Sticker | Imperial Esports (Glitter) | Copenhagen 2024,,,51415500,True,a910ce0d-6603-4367-8f3a-fe0c27aac8e1,2024-10-13,,SOLD,2024-11-04,27.0,0.1,0.48,0.21,0.25
GT09GA4F6KG5,0.18,2024-10-18,Sticker | Imperial Esports (Glitter) | Copenhagen 2024,,,51415500,True,2ec7d671-16e5-40ca-a2e9-0d69b4166d8a,2024-10-20,,SOLD,2024-11-04,16.0,0.1,0.48,0.21,0.25
GZ7TWH54R6P6,3.72,2024-10-27,Soldier | Phoenix,,5c836130-a9c3-4b9a-87df-42d7e9b9bf5c,55911703,False,5c836130-a9c3-4b9a-87df-42d7e9b9bf5c,2024-10-29,2024-11-04,SOLD,2024-11-04,7.0,0.1,4.45,4.14,0.28
GH5H6F2RPF4L,0.03,2024-10-13,Sticker | Complexity Gaming (Glitter) | Paris 2023,,,45007585,True,e0b7e688-6484-4319-82f4-1d450fbfb060,2024-10-17,,SOLD,2024-11-04,21.0,0.1,0.16,0.04,0.11
GHG6F26AXLZD,4.75,2024-10-27,Ground Rebel  | Elite Crew,,f6b05718-5488-4d1a-a98f-e537af7f6b0f,55911707,False,f6b05718-5488-4d1a-a98f-e537af7f6b0f,2024-10-29,2024-11-04,SOLD,2024-11-04,7.0,0.1,7.67,5.29,2.15
GNK8ZA3CU24N,1.2,2024-10-23,Desert Eagle | Trigger Discipline (Minimal Wear),7.86,d9afb76b-5006-4529-aacf-988eef6c1c4f,55769116,False,d9afb76b-5006-4529-aacf-988eef6c1c4f,2024-10-25,2024-10-31,SOLD,2024-11-04,11.0,0.1,1.32,1.34,-0.01
GDFKHSNLHC9N,5.27,2024-10-19,StatTrak™ M4A1-S | Night Terror (Factory New),6.62,33e854d2-be93-448f-8b56-cf80a8727c92,55697785,False,33e854d2-be93-448f-8b56-cf80a8727c92,2024-10-22,2024-10-27,SOLD,2024-11-05,16.0,0.1,7.1,5.87,1.12
GZXDCCL8ZL9R,0.36,2024-10-30,Charm | Hot Sauce,,0460ecae-bcc3-4962-98d4-09a0dca01f09,56001259,False,0460ecae-bcc3-4962-98d4-09a0dca01f09,2024-10-31,2024-11-06,SOLD,2024-11-05,5.0,0.1,0.77,0.41,0.33
GGFA8K8PPU67,3.1,2024-10-26,Sticker | Loving Eyes (Holo),,,49020732,True,5693fb61-2543-460e-802a-276c1e78466c,2024-10-27,,SOLD,2024-11-05,9.0,0.1,5.31,3.46,1.68
GESFWTX0U2A9,3.13,2024-10-26,Phoenix Pin,,,13112,True,5e43446d-bfff-4428-b3dc-5346a24f6dfd,2024-10-28,,SOLD,2024-11-05,9.0,0.1,4.43,3.49,0.86
GZU7U256FESA,0.36,2024-10-28,Charm | Hot Sauce,,1feb6986-7440-4f4c-b754-3c08c2a4fbb4,55943619,False,1feb6986-7440-4f4c-b754-3c08c2a4fbb4,2024-10-30,2024-11-05,SOLD,2024-11-05,7.0,0.1,0.77,0.41,0.33
G4LDFK0R5W3A,2.03,2024-10-07,Desert Eagle | Sputnik (Factory New),6.29,d36c35df-6cf1-4129-8692-9672fc66666d,55405649,False,d36c35df-6cf1-4129-8692-9672fc66666d,2024-10-13,2024-10-15,SOLD,2024-11-05,28.0,0.1,2.69,2.27,0.39
GK573ZHW3LS7,0.36,2024-10-30,Charm | Hot Sauce,,05b296a3-fb95-4a4c-ba90-cab109b49de4,56001260,False,05b296a3-fb95-4a4c-ba90-cab109b49de4,2024-10-31,2024-11-06,SOLD,2024-11-05,5.0,0.1,0.77,0.41,0.33
GNXLWHERGGEP,7.36,2024-10-30,Desert Eagle | Heat Treated (Minimal Wear),14.1,54d29a9b-ea85-4e70-b23a-a416ea2f5452,56001256,False,54d29a9b-ea85-4e70-b23a-a416ea2f5452,2024-10-31,,SOLD,2024-11-06,6.0,0.1,8.42,8.19,0.22
GPW2AK2CWG2K,7.31,2024-10-20,Dual Berettas | Hemoglobin (Factory New),4.46,2cfae39c-54ee-4059-82c6-d5cf24a35000,55697797,False,2cfae39c-54ee-4059-82c6-d5cf24a35000,2024-10-22,2024-10-28,SOLD,2024-11-06,16.0,0.1,9.0,8.13,0.79
GKL0DFFT2ZD2,5.99,2024-10-26,MP7 | Fade (Factory New),4.39,c0e41625-5b27-4723-b2b9-fd6129f6f04a,55873316,False,c0e41625-5b27-4723-b2b9-fd6129f6f04a,2024-10-28,2024-11-03,SOLD,2024-11-07,11.0,0.1,8.24,6.67,1.43
GE0RAEFG80XC,15.0,2024-10-28,AK-47 | The Outsiders (Field-Tested),24.24,46c82784-414e-4f91-b8ab-a4390128f40c,55943616,False,46c82784-414e-4f91-b8ab-a4390128f40c,2024-10-30,2024-11-05,SOLD,2024-11-07,9.0,0.1,16.77,16.68,0.09
G29EWSXC9S52,15.0,2024-10-28,AK-47 | The Outsiders (Field-Tested),17.64,95a8bd43-a6ff-40c7-91cb-b475db2a67e5,55943617,False,95a8bd43-a6ff-40c7-91cb-b475db2a67e5,2024-10-30,2024-11-05,SOLD,2024-11-07,9.0,0.1,16.77,16.68,0.09
GEZTL560SDS4,2.01,2024-10-31,Desert Eagle | Heat Treated (Field-Tested),32.49,296f1eff-faae-4b26-8bcb-519a126b4f34,56048833,False,296f1eff-faae-4b26-8bcb-519a126b4f34,2024-11-02,2024-11-06,SOLD,2024-11-08,7.0,0.15,3.57,2.38,1.02
GLPXHG0TA9D9,4.39,2024-10-20,MP7 | Fade (Factory New),3.72,db9128fe-0b1e-487a-b6b3-fcf968af6b2b,55697792,False,db9128fe-0b1e-487a-b6b3-fcf968af6b2b,2024-10-22,2024-10-28,SOLD,2024-11-08,18.0,0.1,8.24,4.89,3.03
GLKTWZUUN8KA,1.1,2024-10-23,Desert Eagle | Trigger Discipline (Minimal Wear),8.43,935c1d61-a336-4fa9-8ac8-bf4494f3b36e,55769129,False,935c1d61-a336-4fa9-8ac8-bf4494f3b36e,2024-10-25,2024-10-24,SOLD,2024-11-08,15.0,0.1,1.43,1.23,0.19
GL8XD6TGCLWN,4.42,2024-10-23,MP7 | Fade (Factory New),6.86,79ccd162-52f1-4e84-b690-70700f3fdb01,55769117,False,79ccd162-52f1-4e84-b690-70700f3fdb01,2024-10-25,2024-10-31,SOLD,2024-11-08,15.0,0.1,8.24,4.92,3.0
GGTU7TFLZSKT,1.81,2024-10-23,Death Sentence Pin,,,867244,True,b0aa1e92-ccb0-49d1-bbeb-c3904b7b0807,2024-10-25,,SOLD,2024-11-08,15.0,0.1,3.05,2.02,0.94
GD3DAPTZNPTH,5.75,2024-10-26,MP7 | Fade (Factory New),5.32,70fb5dd2-ced0-43e9-a4e6-7d663eba303a,55863120,False,70fb5dd2-ced0-43e9-a4e6-7d663eba303a,2024-10-27,2024-11-03,SOLD,2024-11-08,12.0,0.1,8.24,6.4,1.67
GTGN2PC6T64X,5.75,2024-10-26,MP7 | Fade (Factory New),5.7,35cd66c3-1f6e-45c6-8c72-9dc0064881d6,55863122,False,35cd66c3-1f6e-45c6-8c72-9dc0064881d6,2024-10-27,2024-11-03,SOLD,2024-11-08,12.0,0.1,8.24,6.4,1.67
GKSK72X8X2HH,6.72,2024-10-30,Desert Eagle | Heat Treated (Minimal Wear),13.44,6fce8de8-fac7-4001-98ba-bb27df17cc4d,56001255,False,6fce8de8-fac7-4001-98ba-bb27df17cc4d,2024-10-31,2024-11-05,SOLD,2024-11-08,8.0,0.1,8.42,7.48,0.86
GF27AFKW7X7D,2.01,2024-10-23,StatTrak™ USP-S | Ticket to Hell (Minimal Wear),11.33,2f4cf949-5a8c-4411-ad2b-dff39a538b1d,55740354,False,2f4cf949-5a8c-4411-ad2b-dff39a538b1d,2024-10-24,2024-10-30,SOLD,2024-11-08,15.0,0.1,2.99,2.24,0.68
GK44U2N8WSSK,4.84,2024-10-26,MP7 | Fade (Factory New),6.97,9e9ca44a-2510-4876-be6c-dc01b7c43bce,55863118,False,9e9ca44a-2510-4876-be6c-dc01b7c43bce,2024-10-27,2024-11-03,SOLD,2024-11-08,12.0,0.1,8.24,5.39,2.58
GG5094XXHR7D,4.96,2024-10-23,MP7 | Fade (Factory New),3.62,c5d74d59-bf3f-44a1-8872-cac277730c18,55769113,False,c5d74d59-bf3f-44a1-8872-cac277730c18,2024-10-25,2024-10-31,SOLD,2024-11-08,15.0,0.1,8.24,5.52,2.46
G7F9R6GW8KLT,5.4,2024-10-18,Winter Offensive Weapon Case,,,223,True,89cd6acb-3643-4b53-9a86-8a8103929d76,2024-10-20,,SOLD,2024-11-09,21.0,0.1,7.71,6.01,1.54
GH5AKSFAD84W,5.8,2024-10-15,Winter Offensive Weapon Case,,,223,True,62ddd094-0315-460e-a6a4-f64cb1824b68,2024-10-17,,SOLD,2024-11-09,24.0,0.1,7.71,6.46,1.14
GLE2E79RERDR,2.36,2024-10-16,Desert Eagle | Trigger Discipline (Factory New),5.94,8f1d1ce7-8c27-4d13-a262-bc102427bf81,55555140,False,8f1d1ce7-8c27-4d13-a262-bc102427bf81,2024-10-17,2024-10-24,SOLD,2024-11-10,24.0,0.1,3.37,2.63,0.67
GC28UWCUZE3F,8.0,2024-10-27,Seal Team 6 Soldier | NSWC SEAL,,10108e9f-4264-4c4d-99af-3f81ac556dc4,55873318,False,10108e9f-4264-4c4d-99af-3f81ac556dc4,2024-10-28,2024-11-03,SOLD,2024-11-10,13.0,0.1,8.99,8.9,0.09
GH6PSXGEKAFL,1.61,2024-09-20,M4A1-S | Emphorosaur-S (Factory New),6.72,8c0f01e9-318a-42be-b72a-4e7f5827e9ec,55405664,False,8c0f01e9-318a-42be-b72a-4e7f5827e9ec,2024-10-13,,SOLD,2024-11-10,50.0,0.1,3.1,1.8,1.18
GR6WDFTNFGNT,15.0,2024-10-28,AK-47 | The Outsiders (Field-Tested),31.61,f12343e6-5285-4f60-81b3-aa68d1a9f4b2,55943618,False,f12343e6-5285-4f60-81b3-aa68d1a9f4b2,2024-10-30,2024-11-05,SOLD,2024-11-10,12.0,0.1,16.77,16.68,0.09
G2RS38HLWKKA,5.58,2024-10-01,1st Lieutenant Farlow | SWAT,,01f50688-5b9d-44d3-b7cc-a51beb574933,55405909,False,01f50688-5b9d-44d3-b7cc-a51beb574933,2024-10-13,,SOLD,2024-11-10,39.0,0.1,6.67,6.21,0.42
GGLHEX8LZ82W,0.29,2024-10-12,M4A1-S | Nitro (Field-Tested),21.46,51613688-b0af-4b93-a82c-212ce8cb2f2c,55552364,False,51613688-b0af-4b93-a82c-212ce8cb2f2c,2024-10-17,2024-10-20,SOLD,2024-11-11,29.0,0.1,0.48,0.33,0.14
GFFE6U3T7C3G,1.83,2024-10-23,Desert Eagle | Sputnik (Factory New),5.14,84016fc7-4f5c-4382-8fc6-9110790bff05,55769121,False,84016fc7-4f5c-4382-8fc6-9110790bff05,2024-10-25,2024-10-31,SOLD,2024-11-11,18.0,0.1,2.75,2.04,0.65
GX6NA57U2TAS,14.0,2024-10-30,AK-47 | The Outsiders (Field-Tested),37.32,1c222ec3-cfd7-4a55-8821-5dc731340c07,56001254,False,1c222ec3-cfd7-4a55-8821-5dc731340c07,2024-10-31,2024-11-06,SOLD,2024-11-11,11.0,0.1,15.66,15.57,0.09
G68H7HUZR44A,1.74,2024-11-12,Desert Eagle | Sputnik (Factory New),4.25,9989e211-939d-43b8-8f44-b24308e4c3de,56422011,False,9989e211-939d-43b8-8f44-b24308e4c3de,2024-11-13,2024-11-20,SOLD,2024-11-13,0.0,0.08,3.07,1.9,1.08
G68UF34PGFAH,2.7,2024-10-07,StatTrak™ SSG 08 | Fever Dream (Minimal Wear),10.34,ed1596fc-9f3f-42d3-a5f2-c6618113cb97,55405873,False,ed1596fc-9f3f-42d3-a5f2-c6618113cb97,2024-10-13,2024-10-15,SOLD,2024-11-13,36.0,0.1,4.73,3.01,1.56
G5DDS79E84PL,3.06,2024-11-13,Bravo Pin,,,19578,True,c84f3671-a073-4c7b-8d14-73370e9659c0,2024-11-15,,SOLD,2024-11-14,0.0,0.08,3.88,3.34,0.51
GD2PELUG686A,1.28,2024-10-23,AWP | Acheron (Factory New),5.57,2d64a185-ec0b-43ed-8065-6c35f27384d9,55769127,False,2d64a185-ec0b-43ed-8065-6c35f27384d9,2024-10-25,2024-10-31,SOLD,2024-11-14,21.0,0.1,2.1,1.43,0.61
GAGUEU2W2AU4,4.48,2024-11-13,MP7 | Fade (Factory New),3.59,1c8a569e-a91d-4114-b112-a598ab18989b,56459619,False,1c8a569e-a91d-4114-b112-a598ab18989b,2024-11-15,2024-11-20,SOLD,2024-11-14,0.0,0.08,8.48,4.88,3.32
G0WFFW3TALEN,7.0,2024-11-13,AWP | Atheris (Factory New),6.02,0d2ed95f-8563-45ae-b983-6f6363ae07a3,56459611,False,0d2ed95f-8563-45ae-b983-6f6363ae07a3,2024-11-15,2024-11-15,SOLD,2024-11-14,0.0,0.08,10.19,7.62,2.37
GR28AN3WDNAD,0.5,2024-11-13,Charm | Big Kev,,2ce04e47-d018-4ee5-a4bc-a4f93edb8e31,56459625,False,2ce04e47-d018-4ee5-a4bc-a4f93edb8e31,2024-11-15,2024-11-21,SOLD,2024-11-14,0.0,0.08,1.06,0.55,0.48
G7CCAK0ZCZHN,1.43,2024-10-23,StatTrak™ M4A1-S | Night Terror (Field-Tested),20.57,e96405e3-80b6-456e-8c03-1f28f6fb1b70,55769115,False,e96405e3-80b6-456e-8c03-1f28f6fb1b70,2024-10-25,2024-10-31,SOLD,2024-11-15,22.0,0.1,2.66,1.6,0.96
GPS3CC52Z6H3,8.8,2024-11-12,Arno The Overgrown | Guerrilla Warfare,,ccce1655-cd47-4dee-aee2-1e2118f41361,56421997,False,ccce1655-cd47-4dee-aee2-1e2118f41361,2024-11-13,2024-11-18,SOLD,2024-11-15,2.0,0.08,11.01,9.58,1.33
GGEET3FAF6KN,1.35,2024-10-27,Galil AR | Signal (Factory New),4.19,bb86c98c-aad0-496c-8e08-317edab7a3c4,55911705,False,bb86c98c-aad0-496c-8e08-317edab7a3c4,2024-10-29,2024-11-04,SOLD,2024-11-15,18.0,0.1,1.77,1.51,0.24
G64AWW2R6K4K,0.85,2024-11-13,M4A1-S | Emphorosaur-S (Minimal Wear),9.74,867f5054-e53a-4427-845f-23a1c314e178,56459623,False,867f5054-e53a-4427-845f-23a1c314e178,2024-11-15,2024-11-21,SOLD,2024-11-15,1.0,0.08,1.34,0.93,0.38
GX624A8RCPDP,3.12,2024-11-13,Glock-18 | Water Elemental (Field-Tested),23.05,edb4b5ef-18e8-4cec-9eb8-23623249aee7,56459614,False,edb4b5ef-18e8-4cec-9eb8-23623249aee7,2024-11-15,2024-11-21,SOLD,2024-11-15,1.0,0.08,3.94,3.4,0.5
GN4XWWARX59L,3.31,2024-11-15,M4A4 | Evil Daimyo (Factory New),0.11,06510592-08ae-4c1c-a663-e6a27c934aab,56510386,False,06510592-08ae-4c1c-a663-e6a27c934aab,2024-11-16,2024-11-22,SOLD,2024-11-15,0.0,0.08,5.18,3.61,1.46
GHXHPZ03G37T,0.96,2024-11-14,M4A1-S | Emphorosaur-S (Minimal Wear),12.89,28dfb282-24e0-482b-b093-d5056cd184a1,56510377,False,28dfb282-24e0-482b-b093-d5056cd184a1,2024-11-16,2024-11-22,SOLD,2024-11-15,0.0,0.08,1.34,1.05,0.27
G845GETK3873,0.56,2024-11-13,Glock-18 | Candy Apple (Factory New),5.78,53aef441-d478-443a-9754-f992b0511d48,56459626,False,53aef441-d478-443a-9754-f992b0511d48,2024-11-15,2024-11-21,SOLD,2024-11-16,2.0,0.08,0.78,0.62,0.16
GARC9F5DE6PD,2.63,2024-11-14,Welcome to the Clutch Pin,,,870735,True,c122311b-2673-43e8-ab4a-32aa1450edc1,2024-11-16,,SOLD,2024-11-16,1.0,0.08,3.27,2.87,0.38
GL03WX4EXP3F,0.2,2024-10-18,P250 | Metallic DDPAT (Factory New),0.85,a0cb8922-d88b-45df-b3db-d79e57515c25,55634463,False,a0cb8922-d88b-45df-b3db-d79e57515c25,2024-10-20,2024-10-25,SOLD,2024-11-16,28.0,0.1,0.32,0.23,0.09
GF0XUUHXFH6N,5.33,2024-11-16,Charm | Die-cast AK,,3d8e6219-205a-4b51-8f79-910c824b3eb3,56577569,False,3d8e6219-205a-4b51-8f79-910c824b3eb3,2024-11-17,2024-11-24,SOLD,2024-11-16,0.0,0.08,8.85,5.8,2.81
GH4AULTALTFA,1.29,2024-10-07,USP-S | Lead Conduit (Minimal Wear),9.98,222a992a-77a5-46d0-b925-b43f66bc2169,55405893,False,222a992a-77a5-46d0-b925-b43f66bc2169,2024-10-13,2024-10-13,SOLD,2024-11-16,39.0,0.1,1.7,1.44,0.24
G4HE9ECSE93T,2.08,2024-11-14,USP-S | Black Lotus (Minimal Wear),10.8,34c1c53a-8a13-4a40-8a88-3de0dd21065a,56510381,False,34c1c53a-8a13-4a40-8a88-3de0dd21065a,2024-11-16,2024-11-22,SOLD,2024-11-17,2.0,0.08,2.62,2.27,0.33
GKP3XUX8P902,0.39,2024-11-15,Charm | Lil' Ava,,a1c2ea5e-9de1-42e4-9b9b-36559a50c801,56577558,False,a1c2ea5e-9de1-42e4-9b9b-36559a50c801,2024-11-17,2024-11-23,SOLD,2024-11-17,1.0,0.08,0.82,0.43,0.36
GX6X5GLWUSKH,8.62,2024-10-20,Cmdr. Mae 'Dead Cold' Jamison | SWAT,,43d86016-2dd2-4273-a407-2142f8c935aa,55697791,False,43d86016-2dd2-4273-a407-2142f8c935aa,2024-10-22,2024-10-27,SOLD,2024-11-17,27.0,0.1,11.08,9.59,1.35
G8625TNW0UXS,1.5,2024-11-12,USP-S | Cortex (Field-Tested),23.05,498e7f92-dcbf-4b24-94d1-0c5447f10c06,56422010,False,498e7f92-dcbf-4b24-94d1-0c5447f10c06,2024-11-13,2024-11-20,SOLD,2024-11-17,4.0,0.08,2.64,1.64,0.93
GZZAS6R9850E,2.16,2024-11-13,P250 | Asiimov (Field-Tested),37.04,935ac0ac-7fab-4fb8-9047-adc4ac8feeb3,56459627,False,935ac0ac-7fab-4fb8-9047-adc4ac8feeb3,2024-11-15,2024-11-21,SOLD,2024-11-17,3.0,0.08,2.91,2.36,0.52
G858WN40TXG9,0.53,2024-11-15,Charm | Hot Sauce,,18701a93-6b3f-44ba-9d45-86dcf2631c95,56577565,False,18701a93-6b3f-44ba-9d45-86dcf2631c95,2024-11-17,2024-11-23,SOLD,2024-11-18,2.0,0.08,1.06,0.59,0.45
GANC5AP9RX4K,2.32,2024-11-12,P250 | Asiimov (Field-Tested),36.93,f417e651-79ef-4538-867c-99fe154f7bd2,56421995,False,f417e651-79ef-4538-867c-99fe154f7bd2,2024-11-13,2024-11-20,SOLD,2024-11-18,5.0,0.08,2.91,2.53,0.36
GDCK00RH34PL,0.49,2024-10-10,Sticker | Co Co Co,,,41596220,True,5185be88-a844-4c92-9610-20b4ad212c0e,2024-10-13,,SOLD,2024-11-18,38.0,0.1,0.67,0.56,0.11
GUCLZ0RT56XR,0.49,2024-10-12,Sticker | Co Co Co,,,41596220,True,987193d6-2ca3-4721-82f0-ebd19cb9cf86,2024-10-13,,SOLD,2024-11-18,36.0,0.1,0.67,0.56,0.11
G62HSXSHEF43,0.55,2024-11-12,Glock-18 | Candy Apple (Factory New),2.94,0715ba00-22aa-40da-aff5-ceb32af09691,56422013,False,0715ba00-22aa-40da-aff5-ceb32af09691,2024-11-13,2024-11-20,SOLD,2024-11-18,5.0,0.08,0.78,0.61,0.17
G5WXK9RNZ576,0.53,2024-11-12,Charm | Hot Sauce,,60795c3b-2bd7-4af3-9bca-2d5c33a2a05c,56422005,False,60795c3b-2bd7-4af3-9bca-2d5c33a2a05c,2024-11-13,2024-11-20,SOLD,2024-11-18,5.0,0.08,1.06,0.59,0.45
GKNWG3HXZT9R,0.6,2024-11-13,Charm | Big Kev,,ddfa0e44-6d68-4d91-b026-85fb7d03acd7,56459612,False,ddfa0e44-6d68-4d91-b026-85fb7d03acd7,2024-11-15,2024-11-21,SOLD,2024-11-18,4.0,0.08,1.06,0.66,0.38
GT6P2SR9ANK7,0.53,2024-11-13,Charm | Hot Sauce,,7867f19c-6238-4f97-9c0a-23476c2c871c,56459632,False,7867f19c-6238-4f97-9c0a-23476c2c871c,2024-11-15,2024-11-21,SOLD,2024-11-18,4.0,0.08,1.06,0.59,0.45
GKDU802KCNA4,0.56,2024-11-12,Glock-18 | Candy Apple (Factory New),6.99,ae917a3d-d40f-441f-b1d3-7a43720b4c59,56422003,False,ae917a3d-d40f-441f-b1d3-7a43720b4c59,2024-11-13,2024-11-19,SOLD,2024-11-18,5.0,0.08,0.78,0.62,0.16
GDKG4FCUGFUN,0.77,2024-09-04,Sticker | m0NESY (Glitter) | Copenhagen 2024,,,51338054,True,dd81e3b0-8248-4e54-8e97-6d120fd58502,2024-10-13,,SOLD,2024-11-19,75.0,0.1,1.45,0.87,0.53
G88GLNC3R7KF,1.89,2024-11-16,Five-SeveN | Monkey Business (Field-Tested),25.7,fb8a1858-8fb3-4a14-8cf5-2981129e8ccf,56663922,False,fb8a1858-8fb3-4a14-8cf5-2981129e8ccf,2024-11-19,2024-11-24,SOLD,2024-11-19,2.0,0.08,2.34,2.07,0.26
GNX552C3GSRL,3.8,2024-11-12,Maximus | Sabre,,bd2ac759-0a86-4710-8eb0-14a5cae5387d,56421999,False,bd2ac759-0a86-4710-8eb0-14a5cae5387d,2024-11-13,2024-11-19,SOLD,2024-11-20,7.0,0.08,4.71,4.14,0.53
GZKS6H9C9046,1.91,2024-11-12,Glock-18 | Nuclear Garden (Minimal Wear),8.13,c77853aa-c9a7-4ed0-bf08-37a77acdf2eb,56422000,False,c77853aa-c9a7-4ed0-bf08-37a77acdf2eb,2024-11-13,2024-11-19,SOLD,2024-11-20,7.0,0.08,3.36,2.09,1.18
GADEWGH6ZUZP,4.0,2024-11-13,AK-47 | Legion of Anubis (Field-Tested),29.16,4c8f28eb-a94f-459f-8978-7d3973a1eba6,56459618,False,4c8f28eb-a94f-459f-8978-7d3973a1eba6,2024-11-15,2024-11-19,SOLD,2024-11-20,6.0,0.08,5.2,4.36,0.78
GNXR67KC3RSP,1.92,2024-11-13,USP-S | Black Lotus (Minimal Wear),11.51,aaa761d9-9ade-4254-96e1-862012000298,56459616,False,aaa761d9-9ade-4254-96e1-862012000298,2024-11-15,2024-11-21,SOLD,2024-11-21,7.0,0.08,2.62,2.1,0.49
GE7XC0FRR265,0.99,2024-11-17,M4A1-S | Emphorosaur-S (Minimal Wear),9.15,026a12ea-7848-45cd-89d1-7ba27a1a889c,56663929,False,026a12ea-7848-45cd-89d1-7ba27a1a889c,2024-11-19,2024-11-24,SOLD,2024-11-22,4.0,0.08,1.34,1.09,0.24
GK52X2KLXS6C,2.0,2024-11-14,MP9 | Starlight Protector (Field-Tested),32.94,10b77611-de78-4bd2-87ad-19c2444b611a,56510379,False,10b77611-de78-4bd2-87ad-19c2444b611a,2024-11-16,2024-11-22,SOLD,2024-11-22,7.0,0.08,2.81,2.18,0.59
GUWZSD6RNZ65,1.45,2024-11-21,XM1014 | Entombed (Field-Tested),15.86,3737e923-0e64-4e23-b3fb-2af65f4876f5,56812481,False,3737e923-0e64-4e23-b3fb-2af65f4876f5,2024-11-23,,SOLD,2024-11-22,0.0,0.08,2.41,1.59,0.77
GKHHAHCSS558,1.39,2024-11-14,USP-S | Cortex (Well-Worn),44.8,25d0612c-0530-47ca-941d-a6889915b1ff,56510370,False,25d0612c-0530-47ca-941d-a6889915b1ff,2024-11-16,2024-11-22,SOLD,2024-11-22,7.0,0.08,2.19,1.52,0.62
GWGSHW2EXULU,1.67,2024-11-12,Charm | Glamour Shot,,0e81f72a-c49e-4609-9173-83c11bbe2e9c,56422008,False,0e81f72a-c49e-4609-9173-83c11bbe2e9c,2024-11-13,2024-11-20,SOLD,2024-11-23,10.0,0.08,1.85,1.83,0.03
G37UH3EWF406,8.0,2024-11-14,M4A4 | The Emperor (Field-Tested),33.84,c93a25f5-85a1-4ec0-8446-7c6b43e37b9e,56510378,False,c93a25f5-85a1-4ec0-8446-7c6b43e37b9e,2024-11-16,2024-11-17,SOLD,2024-11-23,8.0,0.08,9.67,8.71,0.9
GWHUW94C8WE0,2.0,2024-11-12,Desert Eagle | Trigger Discipline (Factory New),6.73,c67e6179-766a-48d5-bdc7-9395e12a8d98,56422004,False,c67e6179-766a-48d5-bdc7-9395e12a8d98,2024-11-13,2024-11-19,SOLD,2024-11-23,10.0,0.08,2.87,2.18,0.64
G07UF4N8R7E2,3.41,2024-11-13,MP9 | Mount Fuji (Field-Tested),19.19,6c13dc1c-12a8-42de-8e65-39a8faea74a5,56459622,False,6c13dc1c-12a8-42de-8e65-39a8faea74a5,2024-11-15,2024-11-20,SOLD,2024-11-23,9.0,0.08,4.88,3.72,1.08
G0GKGKS3ZXNR,3.07,2024-11-15,Glock-18 | Water Elemental (Field-Tested),22.86,c9cb30f2-d0e9-4720-b1f0-bee299460009,56577568,False,c9cb30f2-d0e9-4720-b1f0-bee299460009,2024-11-17,2024-11-23,SOLD,2024-11-23,7.0,0.08,3.54,3.35,0.19
GR0Z7HTUHCAN,7.82,2024-11-13,3rd Commando Company | KSK,,dbf34907-de05-4c73-bf67-3b7c488ff822,56459617,False,dbf34907-de05-4c73-bf67-3b7c488ff822,2024-11-15,2024-11-21,SOLD,2024-11-23,9.0,0.08,9.0,8.51,0.46
GP26007RGLSU,1.2,2024-11-14,USP-S | Ticket to Hell (Factory New),6.42,f71eefe0-bfc7-47f1-bb72-db7e916183bb,56510382,False,f71eefe0-bfc7-47f1-bb72-db7e916183bb,2024-11-16,2024-11-22,SOLD,2024-11-24,9.0,0.08,1.45,1.32,0.13
GUDC9N3N4N8S,1.54,2024-11-23,Charm | Glamour Shot,,d9f02d50-f8d6-492b-88ab-6d53a7baa4b5,56847515,False,d9f02d50-f8d6-492b-88ab-6d53a7baa4b5,2024-11-24,2024-12-01,SOLD,2024-11-24,0.0,0.08,1.85,1.68,0.16
G2DF4TRE5RL3,2.73,2024-11-15,"Music Kit | bbno$, u mad!",,,36448801,True,3a082a0b-c6ea-404f-ba2b-4bc6976b9d16,2024-11-17,,SOLD,2024-11-24,8.0,0.08,3.43,2.98,0.43
GLLETSUA6DHU,1.33,2024-11-12,Charm | Glamour Shot,,1bd037ec-cb8a-491a-befd-bfd6951e5fdf,56422007,False,1bd037ec-cb8a-491a-befd-bfd6951e5fdf,2024-11-13,2024-11-20,SOLD,2024-11-24,11.0,0.08,1.92,1.46,0.44
GL696AA7DXL4,4.5,2024-11-12,'Two Times' McCoy | TACP Cavalry,,4da4ef71-cda4-4b4d-acf5-3b930f30e89a,56421998,False,4da4ef71-cda4-4b4d-acf5-3b930f30e89a,2024-11-13,2024-11-20,SOLD,2024-11-24,11.0,0.08,4.99,4.9,0.09
GSWGKKPL5LGP,0.35,2024-11-18,Sticker | KOI (Glitter) | Copenhagen 2024,,,50925888,True,33680ac3-88aa-43cf-becb-7d04d390d039,2024-11-19,,SOLD,2024-11-24,5.0,0.08,0.56,0.39,0.17
GHX9ENZKP6H6,0.35,2024-11-18,Sticker | KOI (Glitter) | Copenhagen 2024,,,50925888,True,13a3d03e-ab8a-46c6-b8b7-5c062c0f5ebe,2024-11-19,,SOLD,2024-11-24,5.0,0.08,0.56,0.39,0.17
GHN594GH5HXD,0.35,2024-11-18,Sticker | KOI (Glitter) | Copenhagen 2024,,,50925888,True,88053436-ad97-4bd2-a1e5-0a8d09b3c40b,2024-11-19,,SOLD,2024-11-24,5.0,0.08,0.56,0.39,0.17
GRSPH5UAE5E4,0.35,2024-11-18,Sticker | KOI (Glitter) | Copenhagen 2024,,,50925888,True,6ec941bf-e416-4aa2-9604-9f64719034c5,2024-11-19,,SOLD,2024-11-24,5.0,0.08,0.56,0.39,0.17
GZXF9CG206WS,0.35,2024-11-18,Sticker | KOI (Glitter) | Copenhagen 2024,,,50925888,True,a606ea80-cdf7-49cf-888f-4407a52d0cd9,2024-11-19,,SOLD,2024-11-24,5.0,0.08,0.56,0.39,0.17
GGGAD24CU3LS,4.35,2024-11-13,Enforcer | Phoenix,,424d2175-cb02-49e7-99e8-0e2bc0544ff8,56459615,False,424d2175-cb02-49e7-99e8-0e2bc0544ff8,2024-11-15,2024-11-21,SOLD,2024-11-24,10.0,0.08,4.83,4.74,0.09
G5ZDHX8S3939,4.19,2024-11-15,Glock-18 | Nuclear Garden (Factory New),3.52,01241eb1-f853-42a6-81bc-1dd98dbc0e08,56577561,False,01241eb1-f853-42a6-81bc-1dd98dbc0e08,2024-11-17,2024-11-23,SOLD,2024-11-25,9.0,0.08,6.23,4.57,1.54
GPSGDU5CSN0X,4.38,2024-11-15,Enforcer | Phoenix,,e1b5692f-bc85-4d63-ba21-ac9ec56efe0c,56577560,False,e1b5692f-bc85-4d63-ba21-ac9ec56efe0c,2024-11-17,2024-11-23,SOLD,2024-11-25,9.0,0.08,4.86,4.77,0.09
GCTHAF9WAGHA,0.35,2024-11-18,Sticker | KOI (Glitter) | Copenhagen 2024,,,50925888,True,7841f034-5a8e-428c-b505-6eb8b026e267,2024-11-19,,SOLD,2024-11-25,6.0,0.08,0.56,0.39,0.17
GDX6FZGC2PNG,1.42,2024-11-13,USP-S | Cyrex (Minimal Wear),10.35,e7831e93-2d9b-48f0-b95b-8e8a11adb9d9,56459629,False,e7831e93-2d9b-48f0-b95b-8e8a11adb9d9,2024-11-15,2024-11-20,SOLD,2024-11-25,11.0,0.08,1.65,1.55,0.1
GHPRH8E9E2TG,0.53,2024-11-17,M4A4 | Converter (Factory New),6.9,594d30d9-659b-4737-a05f-8982cb7b5f7d,56663930,False,594d30d9-659b-4737-a05f-8982cb7b5f7d,2024-11-19,2024-11-25,SOLD,2024-11-25,7.0,0.08,2.94,0.59,2.17
GTTXTC9D7WCX,1.74,2024-11-16,Guardian 3 Pin,,,870797,True,4cc5c3e9-d619-4c64-a8c8-82ae16954298,2024-11-17,,SOLD,2024-11-26,9.0,0.08,2.56,1.9,0.62
G25LWPRA9535,4.28,2024-11-14,Desert Eagle | Heat Treated (Minimal Wear),11.86,05ddd3b3-6542-45b2-a4c0-f40140c8e18f,56510375,False,05ddd3b3-6542-45b2-a4c0-f40140c8e18f,2024-11-16,2024-11-22,SOLD,2024-11-26,11.0,0.08,7.93,4.66,3.02
G5XK8HAS3CT0,1.82,2024-11-15,Desert Eagle | Sputnik (Factory New),4.58,e547163e-05de-4218-a035-59c906ed5da8,56577562,False,e547163e-05de-4218-a035-59c906ed5da8,2024-11-17,2024-11-23,SOLD,2024-11-26,10.0,0.08,2.78,1.99,0.74
GP0C26A0GF58,8.71,2024-10-26,StatTrak™ M4A1-S | Emphorosaur-S (Factory New),3.94,3fe14350-ff57-4820-9053-3b4cbffab614,55873315,False,3fe14350-ff57-4820-9053-3b4cbffab614,2024-10-28,2024-11-03,SOLD,2024-11-26,30.0,0.1,9.57,9.69,-0.1
G4DH234DWRFW,4.02,2024-11-18,Desert Eagle | Heat Treated (Minimal Wear),9.65,c406e1f0-cad0-455c-88e8-07f44e07123e,56749298,False,c406e1f0-cad0-455c-88e8-07f44e07123e,2024-11-22,2024-11-26,SOLD,2024-11-26,7.0,0.08,7.93,4.38,3.28
G6STE90HSWG0,4.01,2024-10-07,StatTrak™ Glock-18 | Moonrise (Factory New),6.35,24ba2d63-e055-435f-b298-a577ca8f9714,55405645,False,24ba2d63-e055-435f-b298-a577ca8f9714,2024-10-13,2024-10-14,SOLD,2024-11-26,49.0,0.1,5.07,4.47,0.55
GK8NLDK3F4C2,1.46,2024-11-12,USP-S | Cyrex (Minimal Wear),12.51,989d0b55-0c25-4b05-8c95-47518d81df20,56421996,False,989d0b55-0c25-4b05-8c95-47518d81df20,2024-11-13,2024-11-20,SOLD,2024-11-26,13.0,0.08,1.69,1.6,0.09
GAA4XUGCNEN0,0.87,2024-11-15,USP-S | Check Engine (Factory New),5.47,97c3903a-4f68-402d-b44f-b5fa40316faa,56577564,False,97c3903a-4f68-402d-b44f-b5fa40316faa,2024-11-17,2024-11-23,SOLD,2024-11-26,10.0,0.08,1.46,0.96,0.47
G6U8F39X69A0,1.99,2024-11-14,Charm | Glamour Shot,,092c7b5c-e30f-4d7b-a7a3-0120cdd773cb,56459621,False,092c7b5c-e30f-4d7b-a7a3-0120cdd773cb,2024-11-15,2024-11-21,SOLD,2024-11-27,12.0,0.08,2.27,2.17,0.1
GG3W8DTZLH3W,2.0,2024-11-13,Charm | Glamour Shot,,73c922fd-4caa-4612-8fa6-f764c629987f,56510380,False,73c922fd-4caa-4612-8fa6-f764c629987f,2024-11-16,2024-11-22,SOLD,2024-11-27,13.0,0.08,2.26,2.18,0.08
GKCTDR4P6L5F,1.25,2024-11-16,Galil AR | Stone Cold (Field-Tested),24.43,bb7b9975-bc65-4b83-9bc7-7590158ee199,56663923,False,bb7b9975-bc65-4b83-9bc7-7590158ee199,2024-11-19,2024-11-24,SOLD,2024-11-27,10.0,0.08,2.04,1.37,0.63
GPP4LSCH9G6K,0.18,2024-10-23,Dual Berettas | Cobalt Quartz (Factory New),3.89,2e034bcb-e531-413b-81f8-d0961ed83eed,55769126,False,2e034bcb-e531-413b-81f8-d0961ed83eed,2024-10-25,2024-10-31,SOLD,2024-11-27,34.0,0.1,0.56,0.21,0.32
G0PX8C857XT5,7.87,2024-11-20,Huntsman Weapon Case,,,224,True,5eb579b1-96dd-4454-90d8-7a7064d8e187,2024-11-22,,SOLD,2024-11-28,7.0,0.08,8.65,8.57,0.09
GEKS5EPK69D4,7.86,2024-11-17,Huntsman Weapon Case,,,224,True,3383054e-ad70-48d9-97d6-8b308bbe55e5,2024-11-19,,SOLD,2024-11-28,10.0,0.08,8.64,8.55,0.09
GKND7NSD7XE6,1.35,2024-11-16,USP-S | Ticket to Hell (Factory New),6.82,458bf350-0d29-43c4-a3af-8aad27dafd24,56663924,False,458bf350-0d29-43c4-a3af-8aad27dafd24,2024-11-19,2024-11-24,SOLD,2024-11-28,11.0,0.08,1.57,1.48,0.09
G93CFF9GWU53,1.3,2024-11-15,Galil AR | Stone Cold (Field-Tested),22.26,100e55bd-a4bc-4a43-84b9-064481fe60f0,56577563,False,100e55bd-a4bc-4a43-84b9-064481fe60f0,2024-11-17,2024-11-23,SOLD,2024-11-28,12.0,0.08,2.04,1.42,0.58
G0KRC00EC9G9,0.5,2024-11-20,M4A4 | Turbine (Field-Tested),23.66,6f2d1a02-2029-4d0b-9a12-fc0ff13be819,56749299,False,6f2d1a02-2029-4d0b-9a12-fc0ff13be819,2024-11-22,,SOLD,2024-11-28,7.0,0.08,1.17,0.55,0.58
GTPG8CG7HPWR,7.86,2024-11-17,Huntsman Weapon Case,,,224,True,a75bfb36-1275-482b-b83f-3b522f1b05bf,2024-11-19,,SOLD,2024-11-28,10.0,0.08,8.64,8.55,0.09
G796FU0WA3GE,7.85,2024-11-22,Huntsman Weapon Case,,,224,True,de323117-e6f2-4fcd-8fbf-df18e6a29099,2024-11-24,,SOLD,2024-11-28,5.0,0.08,8.63,8.54,0.09
GD6KFT7NKT5E,2.0,2024-11-12,Charm | Glamour Shot,,b635dc7b-8ac5-45f5-846e-061d8b8d6d12,56422002,False,b635dc7b-8ac5-45f5-846e-061d8b8d6d12,2024-11-13,2024-11-19,SOLD,2024-11-29,16.0,0.08,2.27,2.18,0.09
GD70TUT5R8RU,13.12,2024-10-07,UMP-45 | Blaze (Factory New),3.17,227f2daa-3aa6-4868-a8fc-296907ec1cd5,55405891,False,227f2daa-3aa6-4868-a8fc-296907ec1cd5,2024-10-13,2024-10-15,SOLD,2024-11-29,52.0,0.1,14.36,14.59,-0.2
G386LXPSE7K3,1.2,2024-10-30,Desert Eagle | Heat Treated (Well-Worn),40.34,10eae46a-d61d-481b-81db-9363f3a8572a,56001257,False,10eae46a-d61d-481b-81db-9363f3a8572a,2024-10-31,2024-11-07,SOLD,2024-11-29,29.0,0.1,2.2,1.34,0.78
GDUG4HTHNFAF,1.48,2024-11-14,Glock-18 | Umbral Rabbit (Factory New),6.62,d5da4782-557a-4a31-b8c8-d2b14c7b5452,56510373,False,d5da4782-557a-4a31-b8c8-d2b14c7b5452,2024-11-16,2024-11-22,SOLD,2024-11-30,15.0,0.08,1.98,1.62,0.34
GNG5W76TRD69,1.16,2024-11-17,Galil AR | Tuxedo (Factory New),1.98,3abbd990-1b39-4577-9bf5-6dfb44ff31a5,56663926,False,3abbd990-1b39-4577-9bf5-6dfb44ff31a5,2024-11-19,2024-11-24,SOLD,2024-11-30,12.0,0.08,2.15,1.27,0.82
GEUG2HHUXE5Z,1.11,2024-11-15,Glock-18 | Nuclear Garden (Field-Tested),23.7,5d6cdff9-933c-4ffd-8913-d98755d50ce3,56577567,False,5d6cdff9-933c-4ffd-8913-d98755d50ce3,2024-11-17,2024-11-23,SOLD,2024-11-30,14.0,0.08,1.37,1.22,0.15
G3GS7332A59U,4.38,2024-11-13,M4A1-S | Basilisk (Field-Tested),25.42,1821bfb4-6880-4527-b600-c3c0af8d4b69,56459620,False,1821bfb4-6880-4527-b600-c3c0af8d4b69,2024-11-15,2024-11-21,SOLD,2024-11-30,16.0,0.08,6.7,4.77,1.78
GXZ9GF4DRZ32,3.28,2024-11-14,Phoenix Pin,,,13112,True,20d3a370-2b65-40a3-8fd6-a76f083aa705,2024-11-15,,SOLD,2024-12-01,16.0,0.08,3.96,3.58,0.36
GZSATCLKFFRN,5.5,2024-11-15,Charm | Die-cast AK,,6152c3eb-6b7f-4e21-aaff-e698c4991688,56510385,False,6152c3eb-6b7f-4e21-aaff-e698c4991688,2024-11-16,2024-11-22,SOLD,2024-12-02,16.0,0.08,7.99,5.99,1.85
GU6KFEX5LKA9,3.27,2024-11-13,Phoenix Pin,,,13112,True,1bab346c-5556-453c-914d-0b2c932c587b,2024-11-16,,SOLD,2024-12-02,18.0,0.08,3.96,3.57,0.37
GS7RSTARC4CL,0.24,2024-10-23,Sticker | G2 Esports (Glitter) | Copenhagen 2024,,,50575330,True,fb37fe1a-b1ad-4d8a-8b70-220bcd1f869e,2024-10-25,,SOLD,2024-12-03,40.0,0.1,0.45,0.28,0.17
GC5L6EWX38L5,0.72,2024-11-23,Sticker | Cloud9 (Glitter) | Copenhagen 2024,,,50406212,True,0900240f-75a2-47f9-937e-cbe975cb65b3,2024-11-28,,SOLD,2024-12-03,9.0,0.08,1.84,0.79,0.97
GPKW6E2ZKE9X,1.19,2024-10-23,Glock-18 | Umbral Rabbit (Factory New),4.81,c7b3528c-defe-46c8-8000-5a24f155d4bf,55769123,False,c7b3528c-defe-46c8-8000-5a24f155d4bf,2024-10-25,2024-10-31,SOLD,2024-12-03,40.0,0.1,1.98,1.33,0.59
G3GCLENND3SS,1.74,2024-10-08,M4A4 | Magnesium (Factory New),1.37,e06d3b0a-9c27-471c-881c-9c038a6e4896,55405864,False,e06d3b0a-9c27-471c-881c-9c038a6e4896,2024-10-13,2024-10-16,SOLD,2024-12-03,55.0,0.1,2.52,1.94,0.53
G3C8G6EXCURR,2.0,2024-11-14,Desert Eagle | Heat Treated (Well-Worn),43.02,220e26c0-000d-4f8f-bafa-534741ab272b,56510372,False,220e26c0-000d-4f8f-bafa-534741ab272b,2024-11-16,2024-11-22,SOLD,2024-12-05,20.0,0.08,2.27,2.18,0.09
GWD9WTZAS08T,1.16,2024-11-12,Galil AR | Signal (Factory New),4.12,cb149ad4-81f1-47b7-a0ad-834093080302,56422012,False,cb149ad4-81f1-47b7-a0ad-834093080302,2024-11-13,2024-11-20,SOLD,2024-12-05,22.0,0.08,1.36,1.27,0.09
GGWATDE5N8H7,1.8,2024-11-15,Desert Eagle | Heat Treated (Well-Worn),39.83,f3208c4a-6e66-4fb3-9ac4-2f8f0a9faaf3,56577566,False,f3208c4a-6e66-4fb3-9ac4-2f8f0a9faaf3,2024-11-17,2024-11-23,SOLD,2024-12-05,19.0,0.08,2.2,1.97,0.22
GXTEZ9S9ZE8X,1.2,2024-11-21,Desert Eagle | Heat Treated (Well-Worn),40.59,af5df337-1d12-44dc-a537-31f0d81af164,56749301,False,af5df337-1d12-44dc-a537-31f0d81af164,2024-11-22,2024-11-28,SOLD,2024-12-05,13.0,0.08,2.2,1.32,0.82
G65SH788XNC7,1.69,2024-11-12,Desert Eagle | Heat Treated (Well-Worn),42.2,fddf0eda-d5f3-4c2e-aa6b-0ef95d73cf82,56422009,False,fddf0eda-d5f3-4c2e-aa6b-0ef95d73cf82,2024-11-13,2024-11-20,SOLD,2024-12-05,22.0,0.08,2.2,1.85,0.33
G4CLFS3R3G0P,4.17,2024-10-31,Desert Eagle | Heat Treated (Well-Worn),39.58,8c8f2b48-6240-407d-a32e-2c45bbcc63fe,56380140,False,8c8f2b48-6240-407d-a32e-2c45bbcc63fe,2024-11-12,,SOLD,2024-12-05,34.0,0.08,2.2,4.54,-2.15
G4W3U067FUDT,1.87,2024-11-12,Desert Eagle | Heat Treated (Well-Worn),41.84,fb60efb1-e555-4fd4-868f-6249a53adbcd,56422001,False,fb60efb1-e555-4fd4-868f-6249a53adbcd,2024-11-13,2024-11-19,SOLD,2024-12-05,22.0,0.08,2.2,2.04,0.15
G4EEAX3RDHHZ,1.11,2024-11-26,Sticker | Cbbl (Holo),,,41548384,True,949080fe-a64e-4de8-ad61-76481803365e,2024-11-28,,SOLD,2024-12-06,9.0,0.08,2.27,1.22,0.98
G98LZSNPXW00,1.79,2024-10-08,Sticker | Natus Vincere (Holo) | Paris 2023,,,44994901,True,07c2d601-019c-451e-9b4b-da8bb9900726,2024-10-13,,SOLD,2024-12-06,58.0,0.1,3.14,2.0,1.04
G8DR75CZ2KAN,4.92,2024-11-14,MP7 | Fade (Factory New),5.38,3b8e638e-8d06-4ccb-8a15-4db9081555f2,56459630,False,3b8e638e-8d06-4ccb-8a15-4db9081555f2,2024-11-15,2024-11-21,SOLD,2024-12-06,21.0,0.08,5.72,5.36,0.34
GNES3KP7KTXZ,3.73,2024-10-20,Glock-18 | Nuclear Garden (Factory New),6.22,aeaea245-a122-4c07-a8ce-ba907dd09079,55697794,False,aeaea245-a122-4c07-a8ce-ba907dd09079,2024-10-22,2024-10-28,SOLD,2024-12-06,46.0,0.1,5.89,4.16,1.57
GPT98T6R8S0H,7.64,2024-11-20,3rd Commando Company | KSK,,cde994b9-4c28-4699-a08f-3d38a5008689,56749300,False,cde994b9-4c28-4699-a08f-3d38a5008689,2024-11-22,2024-11-28,SOLD,2024-12-06,15.0,0.08,8.4,8.32,0.09
GLG272W0467F,7.81,2024-11-26,Glock-18 | Vogue (Factory New),0.19,db98dca3-6f40-4f08-bbe7-b337e00bbe61,57026785,False,db98dca3-6f40-4f08-bbe7-b337e00bbe61,2024-11-28,2024-12-04,SOLD,2024-12-06,9.0,0.08,9.27,8.5,0.72
G39GCS5R2X00,0.65,2024-12-01,M4A1-S | Wash me plz (Factory New),1.39,c4f68fe8-2224-4f99-a13c-fbf216033e4e,57292531,False,c4f68fe8-2224-4f99-a13c-fbf216033e4e,2024-12-05,2024-12-09,SOLD,2024-12-06,4.0,0.08,1.99,0.72,1.18
G0ZZDW6042P7,5.0,2024-11-13,MP7 | Fade (Factory New),6.52,5a718e24-d654-40ca-b13f-fc379eb7ee5e,56459628,False,5a718e24-d654-40ca-b13f-fc379eb7ee5e,2024-11-15,2024-11-21,SOLD,2024-12-06,22.0,0.08,5.72,5.45,0.26
GWGH5F4ZWZSF,0.21,2024-10-06,Dual Berettas | Cobalt Quartz (Factory New),3.8,9125b06e-2906-4df1-9014-1cbb64ce3d24,55405655,False,9125b06e-2906-4df1-9014-1cbb64ce3d24,2024-10-13,2024-10-14,SOLD,2024-12-06,60.0,0.1,0.56,0.24,0.29
G4UFZLHSXP9Z,0.25,2024-10-18,P250 | Metallic DDPAT (Factory New),1.8,ac0e686a-2b5e-4ccf-b728-34e63ca353e4,55634468,False,ac0e686a-2b5e-4ccf-b728-34e63ca353e4,2024-10-20,2024-10-24,SOLD,2024-12-07,49.0,0.1,0.34,0.29,0.06
GD65H0ZRKEE9,16.53,2024-10-26,Lt. Commander Ricksaw | NSWC SEAL,,9beb93e7-2e85-4c56-bb59-531ad449a628,57093172,False,9beb93e7-2e85-4c56-bb59-531ad449a628,2024-11-30,2024-12-07,SOLD,2024-12-07,41.0,0.08,15.33,17.98,-2.43
GPDCHW0TPNXU,1.37,2024-11-14,USP-S | Ticket to Hell (Factory New),6.97,cc2d2b3b-5564-4907-8598-c60be3b07af6,56510383,False,cc2d2b3b-5564-4907-8598-c60be3b07af6,2024-11-16,,SOLD,2024-12-07,22.0,0.08,1.5,1.5,0.01
GLDUSF5P56HG,1.37,2024-10-31,Desert Eagle | Heat Treated (Well-Worn),42.73,e06a1fed-c96d-41ea-9312-507c45e4497a,56380144,False,e06a1fed-c96d-41ea-9312-507c45e4497a,2024-11-12,,SOLD,2024-12-07,36.0,0.08,2.03,1.5,0.5
G85EXR077KFF,7.85,2024-11-22,Huntsman Weapon Case,,,224,True,69388698-4efe-4b9c-85a1-40a449f18b61,2024-11-28,,SOLD,2024-12-07,14.0,0.08,8.77,8.54,0.22
G394X7G9WGX6,0.69,2024-11-17,Sticker | KOI (Glitter) | Copenhagen 2024,,,50925888,True,d41d3b00-106d-4a56-99ae-3505bc1bfefa,2024-11-19,,SOLD,2024-12-07,19.0,0.08,0.54,0.76,-0.19
G38TKG597WKZ,0.72,2024-12-01,Sticker | Cloud9 (Glitter) | Copenhagen 2024,,,50406212,True,6aee72f6-9bb9-462e-8270-20846ce070b6,2024-12-05,,SOLD,2024-12-07,5.0,0.08,1.88,0.79,1.01
G3RTK0H97TTD,0.19,2024-10-18,P250 | Metallic DDPAT (Factory New),3.45,059120fb-6dd3-49a4-8b48-1ba9853448b2,55634462,False,059120fb-6dd3-49a4-8b48-1ba9853448b2,2024-10-20,2024-10-24,SOLD,2024-12-07,49.0,0.1,0.31,0.22,0.09
GX9C2GFL7FDP,2.94,2024-12-02,USP-S | Alpine Camo (Factory New),5.64,6028ff03-a44b-42a6-b86a-ae049d0ea17e,57292553,False,6028ff03-a44b-42a6-b86a-ae049d0ea17e,2024-12-05,2024-12-10,SOLD,2024-12-07,4.0,0.08,3.56,3.21,0.34
GFR4UWT7NUPL,0.19,2024-10-18,P250 | Metallic DDPAT (Factory New),2.78,e62d9465-e2ff-4f3b-a7d3-6425464c7374,55634461,False,e62d9465-e2ff-4f3b-a7d3-6425464c7374,2024-10-20,2024-10-24,SOLD,2024-12-07,49.0,0.1,0.31,0.22,0.09
GDZ5H2XD8C5L,2.79,2024-11-18,Sticker | Blue Gem (Glitter),,,41530486,True,2a39e690-3583-4058-a334-e87179416508,2024-11-22,,SOLD,2024-12-07,18.0,0.08,3.69,3.04,0.6
GXGE37K35C74,0.42,2024-11-12,Sticker | Scorch Loop,,,55368025,True,ae66e2cd-684f-4ab9-a61d-a770255f9997,2024-11-13,,SOLD,2024-12-07,24.0,0.08,0.96,0.47,0.46
G2XZEC3SPEL5,7.99,2024-11-26,Glock-18 | Vogue (Factory New),6.75,d02a16c0-910d-46b1-828b-b107b14cbf67,57026784,False,d02a16c0-910d-46b1-828b-b107b14cbf67,2024-11-28,2024-12-04,SOLD,2024-12-07,10.0,0.08,9.27,8.7,0.54
GS5EWFZPLUCU,8.81,2024-11-12,B Squadron Officer | SAS,,5abb182c-fa33-4c96-a484-c739b41c4660,56422006,False,5abb182c-fa33-4c96-a484-c739b41c4660,2024-11-13,2024-11-18,SOLD,2024-12-07,24.0,0.08,9.79,9.59,0.2
GSWX6PGXSEKE,0.42,2024-11-13,Sticker | Scorch Loop,,,55368025,True,fd399171-745d-4bbd-aad4-7e862e5b8aff,2024-11-15,,SOLD,2024-12-07,23.0,0.08,0.96,0.47,0.46
GW9LWKHD47KX,0.42,2024-11-13,Sticker | Scorch Loop,,,55368025,True,b2635d45-d253-4acd-bccf-61347724eb28,2024-11-15,,SOLD,2024-12-07,23.0,0.08,0.96,0.47,0.46
GCHE2E4HTD54,0.42,2024-11-13,Sticker | Scorch Loop,,,55368025,True,ba68eb14-ff45-4d4b-af3d-a74695eeda7f,2024-11-15,,SOLD,2024-12-07,23.0,0.08,0.96,0.47,0.46
G59ZG9L89CLT,4.1,2024-10-26,StatTrak™ Glock-18 | Moonrise (Factory New),5.79,3f5b84d7-b0ac-4672-9da7-c071840e9ec9,55873317,False,3f5b84d7-b0ac-4672-9da7-c071840e9ec9,2024-10-28,2024-11-03,SOLD,2024-12-07,41.0,0.1,5.07,4.57,0.46
G82EAPARFSC2,0.25,2024-10-18,P250 | Metallic DDPAT (Factory New),3.46,c571e607-4a35-4e06-9f38-bcdd5acd89a7,55634466,False,c571e607-4a35-4e06-9f38-bcdd5acd89a7,2024-10-20,2024-10-24,SOLD,2024-12-07,49.0,0.1,0.38,0.29,0.09
GZEP6ZP6G7U3,4.17,2024-10-30,Desert Eagle | Heat Treated (Well-Worn),41.18,150021c7-720d-4bc4-a18c-a69de3ab84b4,56001258,False,150021c7-720d-4bc4-a18c-a69de3ab84b4,2024-10-31,2024-10-31,SOLD,2024-12-07,37.0,0.1,2.03,4.64,-2.34
GFPP3S02DWGE,11.14,2024-11-13,Chef d'Escadron Rouchard | Gendarmerie Nationale,,8edbd610-9c96-4d9a-a295-00c136b7e29d,56459610,False,8edbd610-9c96-4d9a-a295-00c136b7e29d,2024-11-15,2024-11-20,SOLD,2024-12-07,23.0,0.08,13.13,12.12,0.94
GR5DXTUP9RTS,0.25,2024-10-18,P250 | Metallic DDPAT (Factory New),3.31,7cd34151-464b-41c5-9d82-cff3ce266a48,55634467,False,7cd34151-464b-41c5-9d82-cff3ce266a48,2024-10-20,2024-10-24,SOLD,2024-12-07,49.0,0.1,0.38,0.29,0.09
GLXDS6ZXPTTN,1.59,2024-10-05,StatTrak™ M4A1-S | Emphorosaur-S (Field-Tested),20.69,6e0bf3ba-5e44-443b-a6c4-e318887e10bc,55405669,False,6e0bf3ba-5e44-443b-a6c4-e318887e10bc,2024-10-13,2024-10-13,SOLD,2024-12-08,63.0,0.1,2.37,1.78,0.54
G42HH5N4SACX,1.75,2024-11-14,Desert Eagle | Heat Treated (Well-Worn),41.5,a3fb8d4a-edd3-4968-a77b-433d1c1f5c3a,56510376,False,a3fb8d4a-edd3-4968-a77b-433d1c1f5c3a,2024-11-16,2024-11-22,SOLD,2024-12-08,23.0,0.08,2.03,1.91,0.12
GEW8D4ZRHR3L,1.05,2024-11-30,M4A1-S | Wash me plz (Factory New),5.75,d5664135-408f-4f9c-9471-8cee65334969,57292529,False,d5664135-408f-4f9c-9471-8cee65334969,2024-12-05,2024-12-05,SOLD,2024-12-08,7.0,0.08,1.99,1.15,0.78
G2U258F0857T,1.18,2024-10-16,Galil AR | Signal (Factory New),4.59,1e34a6a4-6415-4569-b3be-43414143c625,55555141,False,1e34a6a4-6415-4569-b3be-43414143c625,2024-10-17,2024-10-24,SOLD,2024-12-08,52.0,0.1,1.38,1.32,0.06
GWE3RNNF8L56,3.45,2024-11-30,USP-S | Alpine Camo (Factory New),6.45,956b3835-53c1-45c7-908f-54e24da12e2f,57292522,False,956b3835-53c1-45c7-908f-54e24da12e2f,2024-12-05,2024-12-08,SOLD,2024-12-08,7.0,0.08,3.85,3.76,0.09
G5UC4HSPTG8L,0.6,2024-11-25,Sticker | Vitality (Holo) | Paris 2023,,,45017001,True,ef8bbf26-b21c-4279-9d3a-cde237cb0927,2024-11-28,,SOLD,2024-12-09,13.0,0.08,1.2,0.66,0.5
GZSPWP299S6H,0.61,2024-11-24,Sticker | Vitality (Holo) | Paris 2023,,,45017001,True,ad5ad3aa-459e-4040-81c1-05069676477f,2024-11-28,,SOLD,2024-12-09,14.0,0.08,1.2,0.67,0.49
GHGDF98ZFSR6,0.51,2024-12-01,Charm | Big Kev,,596267f7-a2cd-44e1-b187-7c6e0fa773c2,57292541,False,596267f7-a2cd-44e1-b187-7c6e0fa773c2,2024-12-05,2024-12-09,SOLD,2024-12-09,7.0,0.08,1.07,0.57,0.47
G2LGTASRLAA3,1.78,2024-10-12,M4A4 | Magnesium (Factory New),2.91,7bb4a843-d086-44c7-9fd0-4cd057b6805d,55405637,False,7bb4a843-d086-44c7-9fd0-4cd057b6805d,2024-10-13,2024-10-20,SOLD,2024-12-09,57.0,0.1,2.52,1.99,0.49
GX74PA46GNWH,0.19,2024-11-30,Sticker | Apeks (Glitter) | Copenhagen 2024,,,50406175,True,db300ef3-8658-4b05-aacd-45ba18ff1697,2024-12-05,,SOLD,2024-12-09,8.0,0.08,0.64,0.22,0.4
G2PTD2ZZN20R,0.87,2024-11-30,M4A1-S | Wash me plz (Factory New),4.74,81e82146-2386-425f-8156-373ca7ea0240,57292527,False,81e82146-2386-425f-8156-373ca7ea0240,2024-12-05,2024-12-05,SOLD,2024-12-09,8.0,0.08,1.99,0.96,0.96
GUP28GXPC724,0.86,2024-10-24,MP9 | Goo (Minimal Wear),12.19,e97de6d7-9b99-4443-9d0a-d6e5e2a83d24,55769130,False,e97de6d7-9b99-4443-9d0a-d6e5e2a83d24,2024-10-25,2024-10-31,SOLD,2024-12-09,45.0,0.1,1.39,0.97,0.39
GPLT59GR7P90,1.0,2024-09-29,Sticker | FaZe Clan (Holo) | Paris 2023,,,45027435,True,b2debf48-5d5f-4381-94a5-c436a956579f,2024-11-30,,SOLD,2024-12-09,70.0,0.08,0.81,1.1,-0.25
G0X74K8Z60CC,2.1,2024-12-08,MP9 | Starlight Protector (Field-Tested),26.88,690adb7c-67cf-4c9b-a080-517ca5e8ce7e,57476587,False,690adb7c-67cf-4c9b-a080-517ca5e8ce7e,2024-12-11,2024-12-16,SOLD,2024-12-10,1.0,0.08,2.68,2.29,0.37
G0T6EDUDE2SL,0.19,2024-11-30,Sticker | Apeks (Glitter) | Copenhagen 2024,,,50406175,True,c4c4fe89-0463-4da0-95db-4eb649b6a1ee,2024-12-05,,SOLD,2024-12-10,9.0,0.08,0.64,0.22,0.4
GALPTXN94KC7,0.19,2024-11-30,Sticker | Apeks (Glitter) | Copenhagen 2024,,,50406175,True,6ae0f6e7-954b-4850-8e08-3e6d1bec8c55,2024-12-05,,SOLD,2024-12-10,9.0,0.08,0.64,0.22,0.4
GFS2KHF5D6ZH,1.22,2024-11-14,AWP | Acheron (Factory New),5.56,831e6a4a-bca8-476b-85e4-767e33272200,56510371,False,831e6a4a-bca8-476b-85e4-767e33272200,2024-11-16,2024-11-22,SOLD,2024-12-10,25.0,0.08,1.43,1.34,0.1
G9LALG9XWPKT,7.51,2024-12-09,eSports 2013 Winter Case,,,222,True,ee179099-3c02-4984-8d4b-fa2602eb901f,2024-12-11,,SOLD,2024-12-10,0.0,0.08,9.98,8.17,1.67
GLUN76925ZAE,4.83,2024-12-09,Charm | Die-cast AK,,ef8feaf8-b775-49f3-a03a-bd5fb339cf8b,57476602,False,ef8feaf8-b775-49f3-a03a-bd5fb339cf8b,2024-12-11,2024-12-17,SOLD,2024-12-10,0.0,0.08,10.51,5.26,4.84
GUUPZWCCREDF,1.19,2024-11-17,Galil AR | Signal (Factory New),4.59,be62cefb-357d-40e6-a818-5a67c858ff80,56663928,False,be62cefb-357d-40e6-a818-5a67c858ff80,2024-11-19,2024-11-24,SOLD,2024-12-10,22.0,0.08,1.39,1.3,0.09
GS93ZNPE0R7C,1.28,2024-12-08,StatTrak™ Desert Eagle | Blue Ply (Minimal Wear),14.65,33347717-402b-4d97-907c-e6dad52c4e05,57476580,False,33347717-402b-4d97-907c-e6dad52c4e05,2024-12-11,2024-12-16,SOLD,2024-12-10,1.0,0.08,2.04,1.4,0.6
GX0EFDA2SDFT,0.19,2024-11-30,Sticker | Apeks (Glitter) | Copenhagen 2024,,,50406175,True,e741edb7-cf91-45da-9672-60eaffa2d746,2024-12-05,,SOLD,2024-12-10,9.0,0.08,0.64,0.22,0.4
GWFPUG7ADLL3,2.62,2024-12-06,"Music Kit | bbno$, u mad!",,,36448801,True,29027ee8-9a1d-4e81-8998-b73092c44a89,2024-12-09,,SOLD,2024-12-10,3.0,0.08,3.26,2.86,0.38
G6SWG0KLW4D6,0.19,2024-11-30,Sticker | Apeks (Glitter) | Copenhagen 2024,,,50406175,True,6cfa37dd-da6a-4644-991f-39136169cfd4,2024-12-05,,SOLD,2024-12-10,9.0,0.08,0.64,0.22,0.4
GS5C4RT35DZL,2.86,2024-12-04,USP-S | Alpine Camo (Factory New),6.9,d867f943-f137-4651-83ed-e48897e7ae2e,57292558,False,d867f943-f137-4651-83ed-e48897e7ae2e,2024-12-05,2024-12-12,SOLD,2024-12-10,5.0,0.08,3.56,3.12,0.42
GP2L7AFAR7W5,1.33,2024-12-07,StatTrak™ Desert Eagle | Blue Ply (Minimal Wear),14.37,9cf70047-00ac-4494-bb99-104a3184393c,57391414,False,9cf70047-00ac-4494-bb99-104a3184393c,2024-12-09,2024-12-15,SOLD,2024-12-10,2.0,0.08,2.04,1.46,0.55
GHATXRS6RDXP,7.51,2024-12-09,eSports 2013 Winter Case,,,222,True,c3b94a08-608f-407c-962d-31a18bca8a24,2024-12-11,,SOLD,2024-12-10,0.0,0.08,9.98,8.17,1.67
G7N89XRDRLWX,1.3,2024-12-07,Galil AR | Stone Cold (Field-Tested),26.96,6820d0c8-7ef1-4c2f-bcb3-29b977e09e06,57391413,False,6820d0c8-7ef1-4c2f-bcb3-29b977e09e06,2024-12-09,2024-12-09,SOLD,2024-12-11,3.0,0.08,2.04,1.42,0.58
G8LWDPSEN0GE,5.59,2024-12-09,1st Lieutenant Farlow | SWAT,,7d6faf38-fd6c-41b3-83b5-1eb618f9743d,57476592,False,7d6faf38-fd6c-41b3-83b5-1eb618f9743d,2024-12-11,2024-12-16,SOLD,2024-12-11,1.0,0.08,6.95,6.09,0.8
G72U860X39P9,1.6,2024-11-17,StatTrak™ M4A1-S | Night Terror (Field-Tested),19.61,47eea7a6-57fe-4301-9ee0-a6b8d1a8e501,56663925,False,47eea7a6-57fe-4301-9ee0-a6b8d1a8e501,2024-11-19,2024-11-24,SOLD,2024-12-11,23.0,0.08,1.84,1.75,0.09
GU2ERH3U68C8,6.0,2024-12-06,AK-47 | Ice Coaled (Minimal Wear),14.21,496bf012-91b1-4b88-bff0-ca87a6554a7e,57391405,False,496bf012-91b1-4b88-bff0-ca87a6554a7e,2024-12-09,2024-12-12,SOLD,2024-12-11,4.0,0.08,8.92,6.53,2.21
GU8NW056L98S,1.19,2024-11-14,Galil AR | Signal (Factory New),5.15,ff5d1069-e725-44cd-84c1-f45c9829cfe4,56510374,False,ff5d1069-e725-44cd-84c1-f45c9829cfe4,2024-11-16,2024-11-22,SOLD,2024-12-12,27.0,0.08,1.39,1.3,0.09
G0WUHRHAFE00,1.23,2024-11-17,AWP | Acheron (Factory New),6.45,0b9d9e27-25be-4068-92fd-0590b9b2932e,56663927,False,0b9d9e27-25be-4068-92fd-0590b9b2932e,2024-11-19,2024-11-24,SOLD,2024-12-12,24.0,0.08,1.44,1.35,0.09
GPT7CAL0T3ZG,0.56,2024-12-08,Sticker | Vitality (Holo) | Paris 2023,,,45017001,True,1ef771d4-c17e-46b3-aa6d-a337d927a8ce,2024-12-11,,SOLD,2024-12-12,3.0,0.08,1.2,0.62,0.54
G92EDWZZFK58,0.55,2024-12-05,M4A4 | Converter (Factory New),5.56,c896df60-5e84-4c79-bf40-546ef2b55800,57329761,False,c896df60-5e84-4c79-bf40-546ef2b55800,2024-12-06,2024-12-13,SOLD,2024-12-12,6.0,0.08,1.67,0.61,0.99
GWZ9ANG2NN02,0.56,2024-12-01,Charm | Lil' Ava,,50276b91-ab9c-4b75-9cf9-0243b3ad6144,57292535,False,50276b91-ab9c-4b75-9cf9-0243b3ad6144,2024-12-05,2024-12-09,SOLD,2024-12-12,10.0,0.08,0.59,0.62,-0.02
G6ASP8T4EXCP,0.21,2024-10-23,Sticker | G2 Esports (Glitter) | Copenhagen 2024,,,50575330,True,019060ee-5d20-4aff-b05b-b922ee0e8830,2024-11-30,,SOLD,2024-12-12,49.0,0.08,0.19,0.24,-0.04
GRTC3XFGUAEK,0.6,2024-11-25,Sticker | Vitality (Holo) | Paris 2023,,,45017001,True,33642ecc-c587-466a-a687-b88b5bde1bd5,2024-11-28,,SOLD,2024-12-13,17.0,0.08,1.2,0.66,0.5
G2377HSKEN44,0.6,2024-11-25,Sticker | Vitality (Holo) | Paris 2023,,,45017001,True,b3be0046-8d74-4a59-b0d0-3f49f26fa911,2024-11-28,,SOLD,2024-12-13,17.0,0.08,1.2,0.66,0.5
GX8N7G3NCXPA,7.98,2024-12-03,Glock-18 | Vogue (Factory New),6.66,ebe27501-c1d2-4cc7-99c4-7933cb65444d,57292557,False,ebe27501-c1d2-4cc7-99c4-7933cb65444d,2024-12-05,2024-12-11,SOLD,2024-12-13,9.0,0.08,9.27,8.68,0.55
G29UE95XTZCW,1.26,2024-10-20,Galil AR | Signal (Factory New),6.73,6d82ee8e-4b03-4bb2-8d16-51ed2f3469a5,55697798,False,6d82ee8e-4b03-4bb2-8d16-51ed2f3469a5,2024-10-22,2024-10-28,SOLD,2024-12-13,53.0,0.1,1.47,1.41,0.06
GXXKN6RK5PNF,0.6,2024-11-25,Sticker | Vitality (Holo) | Paris 2023,,,45017001,True,07a4044b-bb37-4580-8484-5238f0724a6f,2024-11-28,,SOLD,2024-12-13,17.0,0.08,1.2,0.66,0.5
GT8DPP8W4XUZ,0.78,2024-12-10,M4A1-S | Mud-Spec (Factory New),6.87,9bd6c072-3c8b-4749-ba6b-0836249065a5,57530154,False,9bd6c072-3c8b-4749-ba6b-0836249065a5,2024-12-12,2024-12-18,SOLD,2024-12-13,2.0,0.08,1.58,0.86,0.67
GNP845A6NSH7,0.69,2024-11-12,Sticker | FaZe Clan (Holo) | Paris 2023,,,45027435,True,ed93b251-9bc7-40f5-819a-c852f2342c45,2024-11-13,,SOLD,2024-12-13,30.0,0.08,0.85,0.76,0.09
GGDS0Z2066U0,5.65,2024-11-14,Ground Rebel  | Elite Crew,,9e725281-a125-41e3-b2b6-5df46dcdc46d,56459631,False,9e725281-a125-41e3-b2b6-5df46dcdc46d,2024-11-15,2024-11-21,SOLD,2024-12-13,28.0,0.08,6.24,6.15,0.09
GGA66FE8KC49,0.6,2024-11-25,Sticker | Vitality (Holo) | Paris 2023,,,45017001,True,ded94e6a-056c-439b-9d28-c35a7ca59027,2024-11-28,,SOLD,2024-12-13,17.0,0.08,1.2,0.66,0.5
G7HXTWR62L7U,1.01,2024-10-20,Glock-18 | Nuclear Garden (Field-Tested),29.34,ae1375a8-fd49-4ba4-8ebe-9b166b9b9ca0,55697799,False,ae1375a8-fd49-4ba4-8ebe-9b166b9b9ca0,2024-10-22,2024-10-28,SOLD,2024-12-13,53.0,0.1,1.61,1.13,0.44
GRLW68C7PPAX,1.19,2024-10-08,StatTrak™ M4A1-S | Emphorosaur-S (Field-Tested),27.14,ae46f63b-df79-429d-b71b-1b1c738daf55,55405668,False,ae46f63b-df79-429d-b71b-1b1c738daf55,2024-10-13,2024-10-16,SOLD,2024-12-14,66.0,0.1,2.37,1.33,0.94
GLFTXESX89ZN,0.69,2024-11-12,Sticker | FaZe Clan (Holo) | Paris 2023,,,45027435,True,a777c789-29ad-4670-9f6b-6b90e4c46625,2024-11-13,,SOLD,2024-12-14,31.0,0.08,0.85,0.76,0.09
GPSC7AUZFK53,1.18,2024-12-07,Five-SeveN | Urban Hazard (Factory New),4.97,3f0110c0-9de7-4d57-9d0d-6d066c8c1a50,57391412,False,3f0110c0-9de7-4d57-9d0d-6d066c8c1a50,2024-12-09,2024-12-13,SOLD,2024-12-14,6.0,0.08,2.11,1.29,0.76
GS0D0DHEFKK7,0.58,2024-10-01,Tec-9 | Ice Cap (Factory New),6.9,b8dd2a57-4025-4aec-9933-6ad3d03f9388,55405890,False,b8dd2a57-4025-4aec-9933-6ad3d03f9388,2024-10-13,,SOLD,2024-12-14,73.0,0.1,0.74,0.66,0.09
GDRRDHZZX9SC,0.6,2024-11-25,Sticker | Vitality (Holo) | Paris 2023,,,45017001,True,938ea7f6-9254-42ef-8887-542072cb6761,2024-11-28,,SOLD,2024-12-14,18.0,0.08,1.2,0.66,0.5
G9R309UKFUP8,2.11,2024-10-07,M4A4 | Magnesium (Factory New),6.2,fd5a0926-e5a4-48d5-b9b9-c1699e84a9ad,55405860,False,fd5a0926-e5a4-48d5-b9b9-c1699e84a9ad,2024-10-13,,SOLD,2024-12-14,67.0,0.1,2.52,2.36,0.16
G4R680NDRSEC,2.09,2024-10-01,StatTrak™ M4A1-S | Emphorosaur-S (Field-Tested),35.51,29a81103-5104-4216-83ac-000d041aa5e1,55405660,False,29a81103-5104-4216-83ac-000d041aa5e1,2024-10-13,,SOLD,2024-12-14,73.0,0.1,2.37,2.33,0.04
GAP2N3ASHDT0,0.54,2024-12-02,M4A4 | Converter (Factory New),3.97,d065cf77-2e45-45b3-81b0-68532b90e3f0,57292536,False,d065cf77-2e45-45b3-81b0-68532b90e3f0,2024-12-05,2024-12-09,SOLD,2024-12-14,11.0,0.08,1.67,0.6,1.0
GGZF0W5T52CZ,0.69,2024-11-12,Sticker | FaZe Clan (Holo) | Paris 2023,,,45027435,True,7b25920c-4b5a-48a3-804b-9c6c218d262f,2024-11-13,,SOLD,2024-12-14,31.0,0.08,0.85,0.76,0.09
GHCGKAPFEC04,4.45,2024-12-06,Desert Eagle | Tilted (Factory New),6.35,8681a08a-f245-4b12-a48e-5a54b55dd1f0,57391404,False,8681a08a-f245-4b12-a48e-5a54b55dd1f0,2024-12-09,2024-12-12,SOLD,2024-12-14,7.0,0.08,7.65,4.85,2.59
GC50XUGNKS9T,1.8,2024-12-08,Glock-18 | Vogue (Field-Tested),29.41,f8a0303a-7cff-4d4a-8807-1fa10e6cac8d,57476582,False,f8a0303a-7cff-4d4a-8807-1fa10e6cac8d,2024-12-11,2024-12-15,SOLD,2024-12-15,6.0,0.08,2.71,1.97,0.69
G5W5TN92KS0E,0.13,2024-11-18,Sticker | Surf's Up,,,6092547,True,566bf06f-9021-4b6d-99ad-9958e9bbecd8,2024-11-19,,SOLD,2024-12-15,26.0,0.08,0.63,0.15,0.45
GTZCCP0T9FLH,2.04,2024-12-03,USP-S | Cortex (Field-Tested),24.0,88b1c91f-82bb-4875-81fb-ee401402ae82,57292549,False,88b1c91f-82bb-4875-81fb-ee401402ae82,2024-12-05,2024-12-04,SOLD,2024-12-15,11.0,0.08,2.32,2.23,0.09
GA9KTA92SF07,2.04,2024-12-03,USP-S | Cortex (Field-Tested),21.82,ee35c11e-7ada-410c-a6a4-acdd64294e69,57292547,False,ee35c11e-7ada-410c-a6a4-acdd64294e69,2024-12-05,,SOLD,2024-12-15,11.0,0.08,2.32,2.23,0.09
GL5U9WCAUZED,1.0,2024-11-15,StatTrak™ USP-S | Ticket to Hell (Field-Tested),23.94,7b795c7d-c120-48bf-8fe3-d1c735035960,56577559,False,7b795c7d-c120-48bf-8fe3-d1c735035960,2024-11-17,2024-11-23,SOLD,2024-12-15,29.0,0.08,1.19,1.1,0.09
GXCFU7HG4UHA,1.18,2024-12-09,Five-SeveN | Urban Hazard (Factory New),2.54,4196173f-b2e3-4dea-ba61-a7cd10e2f52b,57476593,False,4196173f-b2e3-4dea-ba61-a7cd10e2f52b,2024-12-11,2024-12-15,SOLD,2024-12-15,5.0,0.08,2.11,1.29,0.76
G8HKFKED6K9E,3.89,2024-12-14,Desert Eagle | Tilted (Factory New),6.35,82c0d7bd-7ba4-44d8-b966-47aa60e77625,57676435,False,82c0d7bd-7ba4-44d8-b966-47aa60e77625,2024-12-16,2024-12-22,SOLD,2024-12-15,0.0,0.08,7.65,4.24,3.15
G3WN5KEETFU2,3.38,2024-12-08,USP-S | Cortex (Minimal Wear),9.78,17e8744e-aa7a-435e-b1e5-2d12c7d56ce0,57476581,False,17e8744e-aa7a-435e-b1e5-2d12c7d56ce0,2024-12-11,2024-12-16,SOLD,2024-12-15,6.0,0.08,4.38,3.68,0.65
GC6082663EZP,0.19,2024-11-30,Sticker | Apeks (Glitter) | Copenhagen 2024,,,50406175,True,ebd9313d-cfdf-45be-984c-bda4a34ef24f,2024-12-05,,SOLD,2024-12-16,15.0,0.08,0.64,0.22,0.4
G5784GS7ZKCZ,0.6,2024-11-25,Sticker | Vitality (Holo) | Paris 2023,,,45017001,True,c43afe5e-7ebf-49fd-a87a-9e5527fb70c9,2024-11-28,,SOLD,2024-12-16,20.0,0.08,1.2,0.66,0.5
G9U8EC3S3CKS,0.6,2024-11-25,Sticker | Vitality (Holo) | Paris 2023,,,45017001,True,f188cd4f-83d0-43da-92a4-458600875c61,2024-11-28,,SOLD,2024-12-16,20.0,0.08,1.2,0.66,0.5
G5PWAC486KZZ,4.13,2024-12-14,'Two Times' McCoy | TACP Cavalry,,6ca664c0-f3ad-407c-af1a-176f2ef868bb,57676434,False,6ca664c0-f3ad-407c-af1a-176f2ef868bb,2024-12-16,2024-12-22,SOLD,2024-12-16,1.0,0.08,5.17,4.5,0.63
G3ZUKUF9P9C7,0.69,2024-11-12,Sticker | FaZe Clan (Holo) | Paris 2023,,,45027435,True,845c24c7-a408-4bf8-8506-659f8145d82f,2024-11-13,,SOLD,2024-12-16,33.0,0.08,0.85,0.76,0.09
GRK42HFSC204,10.0,2024-12-10,Lt. Commander Ricksaw | NSWC SEAL,,8d82a3b3-15de-49ac-87aa-3fd21212caeb,57530151,False,8d82a3b3-15de-49ac-87aa-3fd21212caeb,2024-12-12,2024-12-18,SOLD,2024-12-16,5.0,0.08,15.33,10.88,4.1
GHZN96KNEX07,0.69,2024-11-12,Sticker | FaZe Clan (Holo) | Paris 2023,,,45027435,True,3233a9c9-cd15-41a9-ba09-02845e50e5f3,2024-11-13,,SOLD,2024-12-16,33.0,0.08,0.85,0.76,0.09
GLTT74P88X0U,0.7,2024-12-10,Charm | Lil' SAS,,a934b1a9-4f5d-430e-a47f-c455c3ece483,57476574,False,a934b1a9-4f5d-430e-a47f-c455c3ece483,2024-12-11,2024-12-16,SOLD,2024-12-16,5.0,0.08,1.4,0.77,0.59
GPW973L30R0G,0.53,2024-09-21,Tec-9 | Ice Cap (Factory New),6.29,a56991c1-6d09-4d39-8589-f10f97de998d,55405876,False,a56991c1-6d09-4d39-8589-f10f97de998d,2024-10-13,,SOLD,2024-12-17,86.0,0.1,1.22,0.6,0.57
G0WCS6HXU546,2.97,2024-12-14,Desert Eagle | Mecha Industries (Field-Tested),15.92,8b12fa53-b500-4898-86fd-e6011d28e169,57676433,False,8b12fa53-b500-4898-86fd-e6011d28e169,2024-12-16,2024-12-22,SOLD,2024-12-17,2.0,0.08,4.03,3.24,0.74
GW5RA9WACLU0,7.26,2024-12-12,StatTrak™ M4A1-S | Emphorosaur-S (Factory New),6.93,6f5e5bd7-ccfc-442c-b101-831e5f4c20e5,57676413,False,6f5e5bd7-ccfc-442c-b101-831e5f4c20e5,2024-12-16,2024-12-12,SOLD,2024-12-17,4.0,0.08,9.03,7.9,1.05
GUKF2XUFC30C,9.15,2024-11-29,Glock-18 | Vogue (Factory New),6.87,6732e7c4-ab21-4639-ba7a-af03dc898a3d,57094238,False,6732e7c4-ab21-4639-ba7a-af03dc898a3d,2024-11-30,,SOLD,2024-12-17,17.0,0.08,10.05,9.96,0.1
G7R0RGF65DKW,2.47,2024-12-09,Tec-9 | Fuel Injector (Field-Tested),35.54,ed604d3a-1c86-4e9c-ba31-7172a21d3630,57476597,False,ed604d3a-1c86-4e9c-ba31-7172a21d3630,2024-12-11,2024-12-17,SOLD,2024-12-17,7.0,0.08,3.3,2.7,0.57
GDAK77A2N65F,9.0,2024-11-29,Glock-18 | Vogue (Factory New),6.6,eb2c6434-a1ee-47fe-bbdf-b786ac658028,57094237,False,eb2c6434-a1ee-47fe-bbdf-b786ac658028,2024-11-30,2024-12-03,SOLD,2024-12-17,17.0,0.08,9.88,9.79,0.09
G8X2GL4XH4X3,2.86,2024-11-14,Wildfire Pin,,,870733,True,a56aba3c-5d87-43fc-a0fa-86c6395aab22,2024-11-15,,SOLD,2024-12-18,33.0,0.08,4.68,3.12,1.45
GS39GZF8UPA5,0.89,2024-12-10,M4A1-S | Emphorosaur-S (Minimal Wear),7.11,ff9dcc0f-0b65-4cb2-bd21-2af0c2585a5b,57530153,False,ff9dcc0f-0b65-4cb2-bd21-2af0c2585a5b,2024-12-12,2024-12-18,SOLD,2024-12-18,7.0,0.08,1.5,0.98,0.49
G7DRG7AFNPA6,0.72,2024-12-07,M4A1-S | Wash me plz (Factory New),6.16,94cda6d7-95d3-45aa-86db-177cfebcf22c,57391421,False,94cda6d7-95d3-45aa-86db-177cfebcf22c,2024-12-09,2024-12-15,SOLD,2024-12-18,10.0,0.08,1.99,0.79,1.11
GS3PDHR47LLS,4.25,2024-12-07,AWP | Duality (Minimal Wear),8.75,d305c177-1545-4ffb-8e0d-a8c4a97b3af6,57391419,False,d305c177-1545-4ffb-8e0d-a8c4a97b3af6,2024-12-09,2024-12-15,SOLD,2024-12-18,10.0,0.08,5.36,4.63,0.68
G5FR090UG6S2,5.2,2024-12-11,Desert Eagle | Tilted (Factory New),6.49,993b917e-d5d5-485b-9a73-d6e72d3a462d,57530157,False,993b917e-d5d5-485b-9a73-d6e72d3a462d,2024-12-12,2024-12-18,SOLD,2024-12-18,6.0,0.08,7.65,5.66,1.84
G9FX9N8FFZ7K,1.74,2024-12-10,StatTrak™ Glock-18 | Moonrise (Minimal Wear),11.83,20dde084-2542-4339-acb2-9a9b2bb68186,57530138,False,20dde084-2542-4339-acb2-9a9b2bb68186,2024-12-12,2024-12-17,SOLD,2024-12-18,7.0,0.08,2.82,1.9,0.85
GC0X5K6AN8CU,1.35,2024-12-08,StatTrak™ SSG 08 | Abyss (Minimal Wear),13.48,8285f33f-3a9f-418b-b774-1b453cfa1d2e,57476577,False,8285f33f-3a9f-418b-b774-1b453cfa1d2e,2024-12-11,2024-12-16,SOLD,2024-12-18,9.0,0.08,1.78,1.48,0.29
G0X3D97R4GZT,0.8,2024-12-10,M4A1-S | Wash me plz (Factory New),3.02,12f34318-3876-44ae-b397-8954a567aa5a,57530156,False,12f34318-3876-44ae-b397-8954a567aa5a,2024-12-12,2024-12-18,SOLD,2024-12-18,7.0,0.08,1.99,0.88,1.03
G280L9PNEK7N,1.52,2024-12-10,Galil AR | Chromatic Aberration (Field-Tested),31.88,f1bae3b4-7716-4d0e-87ab-00e170b4d959,57530143,False,f1bae3b4-7716-4d0e-87ab-00e170b4d959,2024-12-12,2024-12-18,SOLD,2024-12-18,7.0,0.08,1.95,1.66,0.27
G38ADX4WSG7E,7.99,2024-11-26,Glock-18 | Vogue (Factory New),6.61,010facdf-9d69-4c2c-aa1e-8495f1547f0f,57026783,False,010facdf-9d69-4c2c-aa1e-8495f1547f0f,2024-11-28,2024-12-04,SOLD,2024-12-19,22.0,0.08,8.83,8.7,0.13
GAEWGW57SHZ2,3.6,2024-11-30,Desert Eagle | Heat Treated (Field-Tested),17.17,6b635a1b-dd26-4e53-ad6f-e20cacc2c9da,57292521,False,6b635a1b-dd26-4e53-ad6f-e20cacc2c9da,2024-12-05,2024-12-05,SOLD,2024-12-19,18.0,0.08,4.42,3.92,0.47
GC9K6PNLGFGD,3.55,2024-11-30,Desert Eagle | Heat Treated (Field-Tested),16.21,83ab59f9-a293-4f32-903c-cad4ce7f09e4,57292524,False,83ab59f9-a293-4f32-903c-cad4ce7f09e4,2024-12-05,2024-12-08,SOLD,2024-12-19,18.0,0.08,4.42,3.87,0.52
GA3L2A68RPHH,3.5,2024-11-30,Desert Eagle | Heat Treated (Field-Tested),18.39,e304ea7e-3ae1-40fc-800c-ee7bc601e47a,57292523,False,e304ea7e-3ae1-40fc-800c-ee7bc601e47a,2024-12-05,2024-12-01,SOLD,2024-12-19,18.0,0.08,4.42,3.82,0.57
GKRS5R0P0GXN,1.5,2024-12-13,Desert Eagle | Tilted (Minimal Wear),7.82,fedf4dfc-4fcc-4476-8c3b-2eb652e80372,57676423,False,fedf4dfc-4fcc-4476-8c3b-2eb652e80372,2024-12-16,2024-12-21,SOLD,2024-12-19,5.0,0.08,1.97,1.64,0.31
GX9KTNLK0476,3.0,2024-12-10,Desert Eagle | Tilted (Factory New),6.0,f96f2272-4397-4790-a3bd-332a274eb1a9,57530137,False,f96f2272-4397-4790-a3bd-332a274eb1a9,2024-12-12,2024-12-18,SOLD,2024-12-19,8.0,0.08,5.33,3.27,1.9
G07R5ETU3HW0,0.54,2024-11-21,M4A4 | Converter (Factory New),6.67,2ec927b0-61d8-486e-8201-018c928f2731,56812482,False,2ec927b0-61d8-486e-8201-018c928f2731,2024-11-23,2024-11-29,SOLD,2024-12-19,27.0,0.08,1.89,0.6,1.2
GUDS29C73S8T,1.77,2024-12-08,StatTrak™ Glock-18 | Moonrise (Minimal Wear),9.64,ce002fa7-ddef-489c-a511-1eb1555ee175,57476578,False,ce002fa7-ddef-489c-a511-1eb1555ee175,2024-12-11,2024-12-16,SOLD,2024-12-19,10.0,0.08,2.89,1.93,0.89
G0HXP074CWX5,1.37,2024-12-10,Charm | POP Art,,a0af6d85-880f-4a5a-a1b0-e981800b4ee5,57530139,False,a0af6d85-880f-4a5a-a1b0-e981800b4ee5,2024-12-12,2024-12-17,SOLD,2024-12-19,8.0,0.08,2.14,1.5,0.6
G47APKUC5NTN,0.57,2024-12-08,Charm | Big Kev,,b59d0b68-e128-40d3-b8b3-b98049686b07,57530149,False,b59d0b68-e128-40d3-b8b3-b98049686b07,2024-12-12,2024-12-17,SOLD,2024-12-19,10.0,0.08,1.07,0.63,0.41
GR973TAWARNS,0.59,2024-12-10,M4A1-S | Wash me plz (Factory New),2.49,a1f2314a-d3a5-4b57-9c81-fbdc830c06bc,57530140,False,a1f2314a-d3a5-4b57-9c81-fbdc830c06bc,2024-12-12,2024-12-18,SOLD,2024-12-19,8.0,0.08,1.61,0.65,0.89
GZU3HS24ZK3G,1.32,2024-12-10,StatTrak™ Desert Eagle | Blue Ply (Minimal Wear),13.74,64b6a207-6d40-4f2d-b29a-6f09cda578f9,57530152,False,64b6a207-6d40-4f2d-b29a-6f09cda578f9,2024-12-12,2024-12-18,SOLD,2024-12-19,8.0,0.08,2.04,1.45,0.56
GNRR2GNL23SS,1.12,2024-10-23,USP-S | Lead Conduit (Minimal Wear),9.63,c547cdc5-00ab-43e9-b3a9-50bc30acf31f,55740355,False,c547cdc5-00ab-43e9-b3a9-50bc30acf31f,2024-10-24,2024-10-23,SOLD,2024-12-19,56.0,0.1,1.7,1.26,0.41
GEWT976N6DF4,0.49,2024-12-08,Sticker | Vitality (Holo) | Paris 2023,,,45017001,True,52a0f05d-bba3-4c47-9a1d-9334529c3ccb,2024-12-11,,SOLD,2024-12-19,10.0,0.08,1.12,0.54,0.54
G9F9WACZC4WF,8.99,2024-10-31,Desert Eagle | Heat Treated (Minimal Wear),8.95,81290060-9bf9-440e-b463-007dbee10baa,56380142,False,81290060-9bf9-440e-b463-007dbee10baa,2024-11-12,,SOLD,2024-12-19,48.0,0.08,9.87,9.78,0.09
GWASU6T66AGE,4.1,2024-12-10,'Two Times' McCoy | TACP Cavalry,,1030cb51-944a-46df-b1eb-d0c16523a636,57530150,False,1030cb51-944a-46df-b1eb-d0c16523a636,2024-12-12,2024-12-18,SOLD,2024-12-19,8.0,0.08,4.74,4.47,0.26
GZ288SXFNGWR,0.72,2024-12-06,M4A1-S | Wash me plz (Factory New),5.58,97b81ebf-2b53-47da-a46c-97053b37707d,57391407,False,97b81ebf-2b53-47da-a46c-97053b37707d,2024-12-09,2024-12-14,SOLD,2024-12-19,12.0,0.08,1.61,0.79,0.76
G4WA7S25X8NL,4.45,2024-12-09,Desert Eagle | Tilted (Factory New),3.81,ff479d4f-1494-475d-a9a2-f2292d4ec1cb,57476594,False,ff479d4f-1494-475d-a9a2-f2292d4ec1cb,2024-12-11,2024-12-16,SOLD,2024-12-19,9.0,0.08,5.33,4.85,0.45
GPD62ZK4FHC7,3.86,2024-12-09,Desert Eagle | Tilted (Factory New),6.77,94b19f00-56c8-442b-a0d7-bf57c6143876,57476596,False,94b19f00-56c8-442b-a0d7-bf57c6143876,2024-12-11,2024-12-17,SOLD,2024-12-20,10.0,0.08,5.33,4.21,1.04
G24G9CT2AP7N,4.13,2024-12-12,'Two Times' McCoy | TACP Cavalry,,b689fe86-d0ea-4038-9b28-d9aba6efffca,57676420,False,b689fe86-d0ea-4038-9b28-d9aba6efffca,2024-12-16,2024-12-20,SOLD,2024-12-20,7.0,0.08,4.74,4.5,0.23
GLSSTP5NLCDG,2.21,2024-10-07,M4A1-S | Fizzy POP (Factory New),6.87,7b2e7644-1db0-4d21-ab59-bbf840fea814,55405910,False,7b2e7644-1db0-4d21-ab59-bbf840fea814,2024-10-13,,SOLD,2024-12-20,73.0,0.1,3.36,2.47,0.81
GXSC0KA2F2K6,1.3,2024-12-08,Galil AR | Stone Cold (Field-Tested),21.1,36d5c93f-02b8-4aec-9836-844709e3134c,57476591,False,36d5c93f-02b8-4aec-9836-844709e3134c,2024-12-11,2024-12-16,SOLD,2024-12-20,11.0,0.08,1.51,1.42,0.09
GCDXDZLH863C,2.25,2024-12-13,Inferno 2 Pin,,,864504,True,6a04b998-9efc-4e0e-bad9-faa69b206a4d,2024-12-16,,SOLD,2024-12-20,6.0,0.08,3.39,2.46,0.87
GAAPGESF4X0L,0.69,2024-11-12,Sticker | FaZe Clan (Holo) | Paris 2023,,,45027435,True,61943d21-80ee-48de-a305-5a297352507a,2024-11-13,,SOLD,2024-12-20,37.0,0.08,0.85,0.76,0.09
GN0G70W4CAR7,0.52,2024-11-27,Sticker | Lynn Vision (Glitter) | Copenhagen 2024,,,51402017,True,cd7cbc46-6fb6-4dc5-a3b0-deed820d33a2,2024-11-28,,SOLD,2024-12-20,22.0,0.08,1.03,0.58,0.43
G7ANDF3XE6F4,0.81,2024-12-10,M4A1-S | Wash me plz (Factory New),6.33,31df1999-cc5b-47c6-ac02-a5b46817eea9,57530136,False,31df1999-cc5b-47c6-ac02-a5b46817eea9,2024-12-12,2024-12-18,SOLD,2024-12-20,9.0,0.08,1.61,0.89,0.67
GEUWHSWXTLLK,2.91,2024-11-13,Wildfire Pin,,,870733,True,9156486e-8bae-4e09-af74-74bc20e750bb,2024-11-16,,SOLD,2024-12-20,36.0,0.08,4.33,3.17,1.07
GZKK5NSPNGWD,0.4,2024-12-15,Charm | Big Kev,,82a4465e-86aa-45f4-8e95-cc225c4693b3,57676436,False,82a4465e-86aa-45f4-8e95-cc225c4693b3,2024-12-16,,SOLD,2024-12-20,4.0,0.08,1.07,0.45,0.58
GNGR6RLG5HH8,1.18,2024-12-12,Five-SeveN | Urban Hazard (Factory New),3.46,975cf792-06b5-4534-b7bc-4681d8db6c3c,57676415,False,975cf792-06b5-4534-b7bc-4681d8db6c3c,2024-12-16,2024-12-20,SOLD,2024-12-20,7.0,0.08,2.09,1.29,0.74
GFG6C8U5042A,1.74,2024-12-12,StatTrak™ Glock-18 | Moonrise (Minimal Wear),11.31,c6a42ce0-92c7-43f1-ad97-6bfb4f368dbc,57676419,False,c6a42ce0-92c7-43f1-ad97-6bfb4f368dbc,2024-12-16,2024-12-19,SOLD,2024-12-20,7.0,0.08,2.89,1.9,0.92
GCZCS2N0E2LT,0.42,2024-11-13,Sticker | Scorch Loop,,,55368025,True,c3565390-8ad8-4a33-a54a-0c068979ef16,2024-11-15,,SOLD,2024-12-20,36.0,0.08,0.83,0.47,0.34
GR6DX85W4WKL,1.42,2024-12-12,R8 Revolver | Blaze (Factory New),1.8,4f402b4b-bf6c-4c58-8724-4ba5f7f83371,57676422,False,4f402b4b-bf6c-4c58-8724-4ba5f7f83371,2024-12-16,2024-12-20,SOLD,2024-12-20,7.0,0.08,1.95,1.55,0.37
G5GFLNTN9FFN,5.68,2024-12-13,Sticker | Battle Scarred (Holo),,,29020673,True,027fa1ba-7753-452b-8e2e-24f2fd8ad5a8,2024-12-16,,SOLD,2024-12-20,6.0,0.08,6.36,6.18,0.17
G7CA6SH4ZTN0,0.7,2024-12-10,Charm | Lil' SAS,,537cb44a-7c9c-4e7c-8b82-e847a59017ae,57530146,False,537cb44a-7c9c-4e7c-8b82-e847a59017ae,2024-12-12,2024-12-17,SOLD,2024-12-20,9.0,0.08,0.86,0.77,0.09
GDZ06GPZ3NRL,0.7,2024-12-10,Charm | Lil' SAS,,be299aa6-c9ac-4e4c-bc00-d87f613edd44,57530145,False,be299aa6-c9ac-4e4c-bc00-d87f613edd44,2024-12-12,2024-12-17,SOLD,2024-12-20,9.0,0.08,0.86,0.77,0.09
GNZ7W7E0R53T,6.91,2024-12-12,Arno The Overgrown | Guerrilla Warfare,,1c24b9cf-9b56-4660-82ff-dc1ccf31552d,57676417,False,1c24b9cf-9b56-4660-82ff-dc1ccf31552d,2024-12-16,2024-12-20,SOLD,2024-12-20,7.0,0.08,8.97,7.52,1.34
GDFXTLCU0PXE,2.39,2024-12-10,Inferno 2 Pin,,,864504,True,e7fc797e-7ad3-4d8c-a9b9-5e2e2b184ddf,2024-12-12,,SOLD,2024-12-21,10.0,0.08,3.39,2.61,0.73
GE85L5C9XCEW,4.15,2024-12-02,Desert Eagle | Tilted (Factory New),6.27,94767ce0-fd80-46c0-bee4-7194966537b3,57292551,False,94767ce0-fd80-46c0-bee4-7194966537b3,2024-12-05,2024-12-09,SOLD,2024-12-21,18.0,0.08,5.33,4.52,0.75
GTA9LT7K4L9R,1.58,2024-12-05,Glock-18 | Umbral Rabbit (Factory New),6.78,96ced5a3-9bb5-45c4-a5ae-5711d4075106,57329759,False,96ced5a3-9bb5-45c4-a5ae-5711d4075106,2024-12-06,2024-12-12,SOLD,2024-12-21,15.0,0.08,1.86,1.73,0.13
GH0U2APZ56DD,4.4,2024-12-07,Desert Eagle | Tilted (Factory New),6.68,a52c3092-6b2e-4d3a-b40b-5ab0bb8ef983,57391415,False,a52c3092-6b2e-4d3a-b40b-5ab0bb8ef983,2024-12-09,2024-12-15,SOLD,2024-12-21,13.0,0.08,5.33,4.79,0.5
GTAR6SNHWAEL,9.27,2024-12-07,MP9 | Mount Fuji (Factory New),6.06,74bc3b88-2c1f-49b5-9b2d-2b5846ae1276,57391417,False,74bc3b88-2c1f-49b5-9b2d-2b5846ae1276,2024-12-09,2024-12-15,SOLD,2024-12-21,13.0,0.08,10.18,10.09,0.1
GZETX4476KNE,4.0,2024-12-07,Desert Eagle | Tilted (Factory New),6.92,b34b623c-0da7-4a98-9f7a-fc242d3eef67,57391418,False,b34b623c-0da7-4a98-9f7a-fc242d3eef67,2024-12-09,2024-12-15,SOLD,2024-12-21,13.0,0.08,5.33,4.36,0.9
G28EFXDE0SGT,0.82,2024-12-08,Charm | Lil' SAS,,22797e30-c8bb-42f7-96e3-33bbd4b27bb7,57391423,False,22797e30-c8bb-42f7-96e3-33bbd4b27bb7,2024-12-09,2024-12-15,SOLD,2024-12-21,12.0,0.08,0.88,0.9,-0.01
GNKWEH83G9G9,0.72,2024-12-07,Charm | Lil' SAS,,ae99790c-f93f-45f7-bd62-dd3de37bfadb,57530141,False,ae99790c-f93f-45f7-bd62-dd3de37bfadb,2024-12-12,2024-12-17,SOLD,2024-12-21,13.0,0.08,0.86,0.79,0.07
G4NAS263UXC0,0.7,2024-12-10,Charm | Lil' SAS,,ae2beaa2-b5d7-412f-aeb3-1d8a30ca42b7,57530144,False,ae2beaa2-b5d7-412f-aeb3-1d8a30ca42b7,2024-12-12,2024-12-17,SOLD,2024-12-21,10.0,0.08,0.86,0.77,0.09
GA4DZZLSZK2X,9.61,2024-12-10,MP9 | Mount Fuji (Factory New),6.57,c02f185b-b695-4cef-8ee4-7f8c8e06e8be,57530155,False,c02f185b-b695-4cef-8ee4-7f8c8e06e8be,2024-12-12,2024-12-18,SOLD,2024-12-21,10.0,0.08,10.55,10.46,0.1
GRAHELZ5GXZ5,4.03,2024-12-08,Desert Eagle | Tilted (Factory New),6.61,22f4b59b-571e-44db-b6d9-453142cf6d5c,57476573,False,22f4b59b-571e-44db-b6d9-453142cf6d5c,2024-12-11,2024-12-15,SOLD,2024-12-21,12.0,0.08,5.33,4.39,0.87
GCW5H94WK6SG,1.3,2024-12-13,StatTrak™ M4A1-S | Night Terror (Field-Tested),29.35,ae85cb35-0269-42f4-b527-fe2583694492,57676429,False,ae85cb35-0269-42f4-b527-fe2583694492,2024-12-16,2024-12-20,SOLD,2024-12-21,7.0,0.08,1.77,1.42,0.33
GL0KRKK7N5WR,5.68,2024-12-13,Sticker | Battle Scarred (Holo),,,29020673,True,d8cb1263-c1c1-4f91-97dc-7b5cf2edf242,2024-12-16,,SOLD,2024-12-21,7.0,0.08,6.36,6.18,0.17
GD8W4H38T54R,9.69,2024-11-30,MP9 | Mount Fuji (Factory New),6.89,9d058df4-fb85-4f6a-89e5-e625f36ca338,57292520,False,9d058df4-fb85-4f6a-89e5-e625f36ca338,2024-12-05,2024-12-06,SOLD,2024-12-21,20.0,0.08,10.63,10.54,0.09
G032RXLE2CCX,0.7,2024-12-13,Charm | Lil' SAS,,3f321d1d-6a5b-4156-959a-fdd30054932b,57676424,False,3f321d1d-6a5b-4156-959a-fdd30054932b,2024-12-16,2024-12-21,SOLD,2024-12-21,7.0,0.08,0.99,0.77,0.21
GGG53T37FH23,0.71,2024-12-13,Charm | Lil' SAS,,798154f8-9f25-4174-8f97-fac447014151,57676425,False,798154f8-9f25-4174-8f97-fac447014151,2024-12-16,2024-12-20,SOLD,2024-12-21,7.0,0.08,0.87,0.78,0.09
G98936WPGL5N,0.82,2024-12-13,Charm | Lil' SAS,,7fda2855-c439-478f-8977-c1143983c6be,57676428,False,7fda2855-c439-478f-8977-c1143983c6be,2024-12-16,2024-12-21,SOLD,2024-12-21,7.0,0.08,0.86,0.9,-0.03
GFFT5K35S58U,0.42,2024-11-13,Sticker | Scorch Loop,,,55368025,True,37c47008-c453-4491-a7a0-56a622ba40bc,2024-11-15,,SOLD,2024-12-21,37.0,0.08,0.83,0.47,0.34
GCKXUH5LLKZC,1.0,2024-12-20,Sticker | Winding Scorch,,,55393980,True,609a2a28-8a9c-44a8-89f0-b96f5747f63e,2024-12-22,,SOLD,2024-12-21,0.0,0.1,1.56,1.12,0.4
GGDTWU2TSR68,3.53,2024-12-05,Desert Eagle | Heat Treated (Field-Tested),21.23,2ff48695-2d20-4e1f-ad99-79be636012cd,57329754,False,2ff48695-2d20-4e1f-ad99-79be636012cd,2024-12-06,2024-12-13,SOLD,2024-12-22,16.0,0.08,4.42,3.85,0.54
GR400CLKZ45Z,3.53,2024-12-05,Desert Eagle | Heat Treated (Field-Tested),29.02,fa9b435d-388d-4ea9-b6b9-f4d3c1ad4fd6,57329753,False,fa9b435d-388d-4ea9-b6b9-f4d3c1ad4fd6,2024-12-06,2024-12-13,SOLD,2024-12-22,16.0,0.08,4.42,3.85,0.54
GH8WTD65LLUA,0.59,2024-12-20,M4A1-S | Wash me plz (Factory New),5.85,f72ae4dc-6672-41fe-9a85-1991a886d7b3,57942665,False,f72ae4dc-6672-41fe-9a85-1991a886d7b3,2024-12-22,2024-12-27,SOLD,2024-12-22,1.0,0.1,1.61,0.67,0.86
G8H4N8EP3TCR,0.65,2024-10-27,MP9 | Goo (Minimal Wear),10.72,50420d36-880d-4b1b-bad1-1a7832bba754,55911706,False,50420d36-880d-4b1b-bad1-1a7832bba754,2024-10-29,2024-11-04,SOLD,2024-12-22,55.0,0.1,1.39,0.73,0.6
GPUSSTDEPXF4,3.98,2024-12-05,Desert Eagle | Heat Treated (Field-Tested),30.24,cb571a96-7178-4b1c-8690-c4685e41264a,57329755,False,cb571a96-7178-4b1c-8690-c4685e41264a,2024-12-06,,SOLD,2024-12-22,16.0,0.08,4.43,4.34,0.1
GWN9LDE20TNG,2.08,2024-10-07,M4A4 | Magnesium (Factory New),5.96,41bbf8ab-b44a-466a-a919-38c5dba371af,55405667,False,41bbf8ab-b44a-466a-a919-38c5dba371af,2024-10-13,,SOLD,2024-12-22,75.0,0.1,2.52,2.32,0.19
GKXAPULZ3RLD,14.4,2024-12-12,AK-47 | Nightwish (Minimal Wear),13.69,51973947-e71a-4df5-b504-f2bdfb4e41f0,57676418,False,51973947-e71a-4df5-b504-f2bdfb4e41f0,2024-12-16,2024-12-20,SOLD,2024-12-22,9.0,0.08,18.36,15.66,2.49
GLC0K0H7SEE7,1.74,2024-12-07,Guardian 3 Pin,,,870797,True,879dceff-e033-478f-ac34-69db06a56a09,2024-12-09,,SOLD,2024-12-22,14.0,0.08,2.24,1.9,0.32
GNPAKFW2U86T,0.76,2024-12-08,M4A1-S | Wash me plz (Factory New),6.46,892be291-3197-419e-8fed-7676a652a02b,57476579,False,892be291-3197-419e-8fed-7676a652a02b,2024-12-11,2024-12-16,SOLD,2024-12-22,13.0,0.08,1.61,0.84,0.72
GEXKW7KT6LN3,1.06,2024-12-19,Tec-9 | Re-Entry (Factory New),4.16,fd93eaea-c136-422b-b29d-d9f7c36e4e3e,57942664,False,fd93eaea-c136-422b-b29d-d9f7c36e4e3e,2024-12-22,2024-12-27,SOLD,2024-12-22,2.0,0.1,2.54,1.19,1.23
GEDCNGG7U3WP,3.99,2024-12-05,Desert Eagle | Heat Treated (Field-Tested),36.41,4816d305-6e5b-46c0-9ed6-598e081abdfa,57329756,False,4816d305-6e5b-46c0-9ed6-598e081abdfa,2024-12-06,,SOLD,2024-12-22,16.0,0.08,4.44,4.35,0.09
GWZTDSZSWDFX,0.64,2024-12-02,M4A1-S | Wash me plz (Factory New),5.39,4149fac7-73c6-41d7-b670-715fcfb0681c,57292554,False,4149fac7-73c6-41d7-b670-715fcfb0681c,2024-12-05,2024-12-10,SOLD,2024-12-23,20.0,0.08,1.61,0.71,0.84
GGRFWLTL4SWD,1.78,2024-12-10,Guardian 3 Pin,,,870797,True,fc4de53a-3b10-490b-a2a7-cd812d9be5f7,2024-12-12,,SOLD,2024-12-23,12.0,0.08,2.24,1.95,0.28
GUXAFE9AFKW8,0.7,2024-12-02,M4A1-S | Wash me plz (Factory New),5.65,77f5335d-2c94-42b6-a28c-5f2896edaf48,57292552,False,77f5335d-2c94-42b6-a28c-5f2896edaf48,2024-12-05,2024-12-10,SOLD,2024-12-23,20.0,0.08,1.61,0.77,0.78
GZ65UEXL24AF,4.3,2024-12-05,Desert Eagle | Heat Treated (Field-Tested),30.02,f375e54a-e568-4141-a5c2-56cfbf99e6d4,57329757,False,f375e54a-e568-4141-a5c2-56cfbf99e6d4,2024-12-06,2024-12-09,SOLD,2024-12-23,17.0,0.08,4.77,4.68,0.09
GCFSPFUS8T6L,1.38,2024-12-10,R8 Revolver | Blaze (Factory New),2.67,a8bfdda1-6cb4-4774-b729-1f8eb62022ae,57530142,False,a8bfdda1-6cb4-4774-b729-1f8eb62022ae,2024-12-12,2024-12-18,SOLD,2024-12-23,12.0,0.08,1.95,1.51,0.41
GL757E75SXA4,1.2,2024-12-21,Shanghai 2024 Legends Sticker Capsule,,,57328786,True,02dd22a9-7cf2-4963-8c13-ba23c93b3227,2024-12-22,,SOLD,2024-12-23,1.0,0.1,1.69,1.34,0.32
GA079AT4FLDN,1.2,2024-12-21,Shanghai 2024 Legends Sticker Capsule,,,57328786,True,623d857b-fc7b-4500-92fc-364e485f7c56,2024-12-22,,SOLD,2024-12-23,1.0,0.1,1.69,1.34,0.32
GA7RK97D37G8,1.0,2024-11-15,Sticker | Scorch Loop,,,55368025,True,3c7bf642-4f70-43de-9ceb-4e143810a072,2024-11-17,,SOLD,2024-12-23,37.0,0.08,0.83,1.1,-0.24
GLZ6GCT8LSN7,1.2,2024-12-21,Shanghai 2024 Legends Sticker Capsule,,,57328786,True,3cdb1441-3e9f-44a8-88ec-c0f8964c83d8,2024-12-22,,SOLD,2024-12-23,1.0,0.1,1.69,1.34,0.32
GREZ47SRRDRW,1.2,2024-12-21,Shanghai 2024 Legends Sticker Capsule,,,57328786,True,e91bae47-bc0f-4061-8f1e-133554e39d5d,2024-12-22,,SOLD,2024-12-23,1.0,0.1,1.69,1.34,0.32
G6060T6898L7,1.2,2024-12-21,Shanghai 2024 Legends Sticker Capsule,,,57328786,True,e2fd7cd9-d2a4-462d-a910-05a70d83f90e,2024-12-22,,SOLD,2024-12-23,1.0,0.1,1.69,1.34,0.32
GZ0A735HZLR8,4.17,2024-10-31,Desert Eagle | Heat Treated (Well-Worn),40.17,af98d6fb-93c8-4285-a0df-93a0eb70ba7c,56380143,False,af98d6fb-93c8-4285-a0df-93a0eb70ba7c,2024-11-12,,SOLD,2024-12-23,52.0,0.08,2.12,4.54,-2.22
GAGWDX0TLF7C,5.41,2024-12-22,Chem-Haz Specialist | SWAT,,a0a9db2f-604f-4dec-8704-eb2b6a2f48c5,58006037,False,a0a9db2f-604f-4dec-8704-eb2b6a2f48c5,2024-12-24,2024-12-30,SOLD,2024-12-23,0.0,0.1,7.52,6.02,1.36
GTUH744UGH2S,1.25,2024-12-22,StatTrak™ Desert Eagle | Blue Ply (Minimal Wear),13.22,e1eb71b3-b9af-4b84-96d7-727c8cf1cd87,58006039,False,e1eb71b3-b9af-4b84-96d7-727c8cf1cd87,2024-12-24,2024-12-30,SOLD,2024-12-23,0.0,0.1,2.04,1.4,0.59
GALU0HZWG8DP,4.5,2024-12-05,Desert Eagle | Heat Treated (Field-Tested),28.35,7eaa8b40-d651-4147-b6b7-a56da0a92b7d,57329758,False,7eaa8b40-d651-4147-b6b7-a56da0a92b7d,2024-12-06,,SOLD,2024-12-23,17.0,0.08,4.99,4.9,0.09
G4D5A7X3SG73,3.8,2024-12-02,Desert Eagle | Heat Treated (Field-Tested),22.42,3b45f739-312f-40f6-bafe-6e2295c6a605,57292546,False,3b45f739-312f-40f6-bafe-6e2295c6a605,2024-12-05,,SOLD,2024-12-23,20.0,0.08,4.42,4.14,0.27
GPFD5R7X408H,3.9,2024-11-30,Desert Eagle | Heat Treated (Field-Tested),36.93,d1df03b5-48c6-4c2a-87de-458f17444272,57292526,False,d1df03b5-48c6-4c2a-87de-458f17444272,2024-12-05,,SOLD,2024-12-23,22.0,0.08,4.42,4.25,0.17
G8ZH058GUPSP,3.8,2024-12-02,Desert Eagle | Heat Treated (Field-Tested),29.87,7af7c7b8-7a6b-4b17-a5f2-d8ef3c2b8b05,57292544,False,7af7c7b8-7a6b-4b17-a5f2-d8ef3c2b8b05,2024-12-05,,SOLD,2024-12-23,20.0,0.08,4.42,4.14,0.27
G9Z8P2ZCEASX,0.5,2024-11-30,Sticker | Scorch Loop,,,55368025,True,c6e41fac-5846-4bd6-b2f0-b28a6187fe1e,2024-12-05,,SOLD,2024-12-23,22.0,0.08,0.83,0.55,0.26
GAWXH8WLH4EX,3.89,2024-11-30,Desert Eagle | Heat Treated (Field-Tested),30.7,27bbc2e1-177b-4281-8fc0-2d9713aec2f1,57292525,False,27bbc2e1-177b-4281-8fc0-2d9713aec2f1,2024-12-05,,SOLD,2024-12-23,22.0,0.08,4.42,4.24,0.18
GC84F5UXCA07,1.3,2024-12-13,Galil AR | Stone Cold (Field-Tested),16.03,1f2c7ae6-d80d-4c92-90ef-48a88f987a11,57676427,False,1f2c7ae6-d80d-4c92-90ef-48a88f987a11,2024-12-16,2024-12-21,SOLD,2024-12-23,9.0,0.08,1.51,1.42,0.09
G6S9ES6NFU0C,1.62,2024-12-12,R8 Revolver | Blaze (Factory New),3.43,1df9b3ff-ff7d-429f-8f58-76ed8b37ea13,57676416,False,1df9b3ff-ff7d-429f-8f58-76ed8b37ea13,2024-12-16,2024-12-20,SOLD,2024-12-23,10.0,0.08,1.95,1.77,0.17
G6RZPFPZKC7X,3.9,2024-12-01,Desert Eagle | Heat Treated (Field-Tested),33.87,06e574f4-273c-4fb5-a6c0-77bada8e0fa7,57292530,False,06e574f4-273c-4fb5-a6c0-77bada8e0fa7,2024-12-05,,SOLD,2024-12-23,21.0,0.08,4.42,4.25,0.17
GNFSKZ4X94P6,3.8,2024-12-02,Desert Eagle | Heat Treated (Field-Tested),20.88,212feb70-a520-41b8-8fe3-70343ca2d894,57292545,False,212feb70-a520-41b8-8fe3-70343ca2d894,2024-12-05,,SOLD,2024-12-23,20.0,0.08,4.42,4.14,0.27
GWR39UUN7PG2,0.5,2024-11-24,Sticker | Scorch Loop,,,55368025,True,ec4f3abe-f80f-42f2-b3d3-a53f2ffa2f16,2024-11-28,,SOLD,2024-12-23,28.0,0.08,0.83,0.55,0.26
GLNEN5E4WSXG,27.96,2024-12-14,Vypa Sista of the Revolution | Guerrilla Warfare,,1495896f-999c-4e4b-ab85-1bbd6971da07,57676432,False,1495896f-999c-4e4b-ab85-1bbd6971da07,2024-12-16,2024-12-22,SOLD,2024-12-23,8.0,0.08,34.69,30.4,3.95
G9ZP7ASPDSC3,0.58,2024-12-19,M4A1-S | Wash me plz (Factory New),6.17,c7df62b9-3994-4b57-8bed-98b27057ce12,57942655,False,c7df62b9-3994-4b57-8bed-98b27057ce12,2024-12-22,2024-12-27,SOLD,2024-12-23,3.0,0.1,1.61,0.66,0.87
GZU3WP0NUNU6,1.2,2024-12-21,Shanghai 2024 Legends Sticker Capsule,,,57328786,True,4e09001b-4625-4ebd-909f-964f5a790130,2024-12-22,,SOLD,2024-12-23,1.0,0.1,1.69,1.34,0.32
GRX33FLA503N,1.35,2024-12-19,Desert Eagle | Heat Treated (Well-Worn),44.6,139f228c-953b-4af8-b901-79394bed668b,57942657,False,139f228c-953b-4af8-b901-79394bed668b,2024-12-22,2024-12-27,SOLD,2024-12-23,3.0,0.1,2.12,1.51,0.56
G4U29GEF56TT,1.05,2024-12-12,M4A1-S | Nitro (Minimal Wear),14.66,4aa64e80-fab2-4fb1-97fb-18c96eb0c5bc,57676421,False,4aa64e80-fab2-4fb1-97fb-18c96eb0c5bc,2024-12-16,2024-12-20,SOLD,2024-12-24,11.0,0.08,1.32,1.15,0.16
GKFS8W9SNKCF,13.98,2024-12-21,Glock-18 | Gold Toof (Field-Tested),19.54,e0af1bef-2083-48de-8142-315d85faa658,57942672,False,e0af1bef-2083-48de-8142-315d85faa658,2024-12-22,2024-12-28,SOLD,2024-12-24,2.0,0.1,17.32,15.54,1.61
GXKRSH8PSR57,0.56,2024-12-01,Charm | Lil' Ava,,287bf3f0-b203-4082-bfc9-ac1414169376,57292534,False,287bf3f0-b203-4082-bfc9-ac1414169376,2024-12-05,2024-12-09,SOLD,2024-12-24,22.0,0.08,0.71,0.62,0.09
G6HED5KARSAU,5.18,2024-12-20,AWP | Black Nile (Factory New),4.79,9b441077-575c-406c-a90d-388a8292805c,57942667,False,9b441077-575c-406c-a90d-388a8292805c,2024-12-22,2024-12-28,SOLD,2024-12-24,3.0,0.1,7.91,5.77,1.94
G4SKU85DCZ32,2.34,2024-12-07,Easy Peasy Pin,,,885060,True,a79c9bb6-1e19-4e98-aa79-8195e1a449af,2024-12-09,,SOLD,2024-12-24,16.0,0.08,3.53,2.55,0.91
GK2K8A8R374C,13.99,2024-12-20,AK-47 | Head Shot (Minimal Wear),14.68,07bc1354-dc30-4bc3-bb36-4beb0f08ee68,57942666,False,07bc1354-dc30-4bc3-bb36-4beb0f08ee68,2024-12-22,2024-12-28,SOLD,2024-12-24,3.0,0.1,17.47,15.56,1.73
GFCZP3WG7LHZ,1.79,2024-12-08,R8 Revolver | Blaze (Factory New),3.26,4e1b2b8f-544e-4671-acee-fb3858233b76,57476586,False,4e1b2b8f-544e-4671-acee-fb3858233b76,2024-12-11,2024-12-16,SOLD,2024-12-24,15.0,0.08,1.95,1.96,0.0
GFKF0XP0LFGF,13.75,2024-12-19,Glock-18 | Gold Toof (Field-Tested),18.69,b458b35e-f3dd-4f68-be14-989537417806,57942656,False,b458b35e-f3dd-4f68-be14-989537417806,2024-12-22,2024-12-27,SOLD,2024-12-24,4.0,0.1,17.32,15.29,1.84
G4RUD9L2LCT6,2.49,2024-12-13,Easy Peasy Pin,,,885060,True,e5fbdd61-d967-47e5-80d4-d4b8d096840a,2024-12-16,,SOLD,2024-12-25,11.0,0.08,3.53,2.72,0.76
GNSZHDSLU3R0,7.77,2024-12-24,M4A1-S | Black Lotus (Field-Tested),15.14,353cf8f2-df6b-4f5a-a551-dedb93b26fb8,58081401,False,353cf8f2-df6b-4f5a-a551-dedb93b26fb8,2024-12-26,2025-01-01,SOLD,2024-12-25,0.0,0.1,9.69,8.64,0.95
G0PZFTNTFD2H,2.43,2024-12-10,Easy Peasy Pin,,,885060,True,ff7d586a-caf4-4cb2-ab6f-195dec512ed0,2024-12-12,,SOLD,2024-12-25,14.0,0.08,3.53,2.65,0.82
GZ352EUE89EC,1.2,2024-12-21,Shanghai 2024 Legends Sticker Capsule,,,57328786,True,51d89ca7-afbe-430a-8ed7-cc7096e23414,2024-12-22,,SOLD,2024-12-25,3.0,0.1,1.69,1.34,0.32
G9K602XHDKXE,1.3,2024-12-21,Five-SeveN | Urban Hazard (Factory New),2.12,5a420eff-f3e5-4e18-b8e2-ff1481a2ced3,57942662,False,5a420eff-f3e5-4e18-b8e2-ff1481a2ced3,2024-12-22,2024-12-22,SOLD,2024-12-25,3.0,0.1,2.09,1.46,0.58
GE9ALE2H03LA,3.54,2024-12-19,'Two Times' McCoy | USAF TACP,,ec26ce52-d3e9-4eb2-9909-7e34267f888b,57942648,False,ec26ce52-d3e9-4eb2-9909-7e34267f888b,2024-12-22,2024-12-27,SOLD,2024-12-25,5.0,0.1,4.46,3.94,0.47
GD0F2LF628HL,7.77,2024-12-24,M4A1-S | Black Lotus (Field-Tested),17.89,a47eab32-d928-43df-b8bd-980685f500b5,58081400,False,a47eab32-d928-43df-b8bd-980685f500b5,2024-12-26,2025-01-01,SOLD,2024-12-25,0.0,0.1,9.69,8.64,0.95
GNP3LKTX95UF,0.58,2024-12-24,Glock-18 | Candy Apple (Factory New),3.05,793a1f73-a9bb-43fc-a9b9-8eedcd0548d1,58081408,False,793a1f73-a9bb-43fc-a9b9-8eedcd0548d1,2024-12-26,2025-01-01,SOLD,2024-12-26,1.0,0.1,0.81,0.66,0.15
GN6D79WAUGN7,3.39,2024-12-24,USP-S | Alpine Camo (Factory New),5.21,a9c7dd14-bb7d-420f-a7e9-fa0d4964d59e,58081403,False,a9c7dd14-bb7d-420f-a7e9-fa0d4964d59e,2024-12-26,2025-01-01,SOLD,2024-12-26,1.0,0.1,5.11,3.78,1.21
G84X24684PUW,10.0,2024-11-25,USP-S | Cortex (Factory New),6.93,09041630-27d3-471a-8ef0-a1abf4f66fcc,57026779,False,09041630-27d3-471a-8ef0-a1abf4f66fcc,2024-11-28,,SOLD,2024-12-26,30.0,0.08,10.6,10.88,-0.25
GRHSK6UWZKFX,66.69,2024-12-19,AWP | Asiimov (Battle-Scarred),53.87,bb1e90c4-be97-46e4-ba9b-be1b8b725a16,57942651,False,bb1e90c4-be97-46e4-ba9b-be1b8b725a16,2024-12-22,2024-12-24,SOLD,2024-12-26,6.0,0.1,71.47,74.11,-2.37
G48GCPWT55E5,67.1,2024-12-19,AWP | Asiimov (Battle-Scarred),51.86,465ebbdb-0621-4bb1-adae-fd010a5cfb7a,57942652,False,465ebbdb-0621-4bb1-adae-fd010a5cfb7a,2024-12-22,2024-12-25,SOLD,2024-12-26,6.0,0.1,71.47,74.57,-2.78
GR8AEPEH6734,2.91,2024-12-19,StatTrak™ M4A1-S | Emphorosaur-S (Minimal Wear),8.28,50a8352f-d478-489b-93e2-2ae4c8e36bdf,57942650,False,50a8352f-d478-489b-93e2-2ae4c8e36bdf,2024-12-22,2024-12-25,SOLD,2024-12-26,6.0,0.1,5.6,3.24,2.13
GWUG5PDNLGT2,1.36,2024-11-13,USP-S | Ticket to Hell (Factory New),6.92,583d2dd1-96dd-4e46-80db-d62f06e96f5e,56459624,False,583d2dd1-96dd-4e46-80db-d62f06e96f5e,2024-11-15,2024-11-21,SOLD,2024-12-26,42.0,0.08,1.58,1.49,0.09
GX09GRF9C5EC,1.22,2024-12-22,Five-SeveN | Urban Hazard (Factory New),5.44,4504af7a-c171-4aed-a37e-1b6c1f208e5a,58006046,False,4504af7a-c171-4aed-a37e-1b6c1f208e5a,2024-12-24,2024-12-29,SOLD,2024-12-27,4.0,0.1,2.09,1.37,0.66
GPZLS4CL02U9,2.4,2024-12-19,Charm | That's Bananas,,0b1d1443-436c-4093-9b7b-cc3846e45cb0,57942649,False,0b1d1443-436c-4093-9b7b-cc3846e45cb0,2024-12-22,2024-12-22,SOLD,2024-12-27,7.0,0.1,3.79,2.68,1.01
G4C4ZCA74A3H,6.92,2024-12-20,AK-47 | Head Shot (Field-Tested),36.92,9e1b4203-f9c3-46a6-9a12-034b20311289,57942663,False,9e1b4203-f9c3-46a6-9a12-034b20311289,2024-12-22,2024-12-27,SOLD,2024-12-27,6.0,0.1,8.62,7.7,0.84
GDLHKK2T3S84,0.72,2024-12-07,M4A1-S | Wash me plz (Factory New),6.83,2fa51ca1-3d9d-4a9a-a358-ddb581411845,57391420,False,2fa51ca1-3d9d-4a9a-a358-ddb581411845,2024-12-09,2024-12-15,SOLD,2024-12-27,19.0,0.08,1.61,0.79,0.76
GE02789SUFR8,0.85,2024-12-24,Five-SeveN | Urban Hazard (Minimal Wear),10.61,45fe7770-19eb-4e29-894d-c58637a03368,58081412,False,45fe7770-19eb-4e29-894d-c58637a03368,2024-12-26,2025-01-01,SOLD,2024-12-27,2.0,0.1,1.81,0.96,0.78
GSGT98EUCUKG,1.06,2024-12-09,Charm | Disco MAC,,8a0316c7-93b4-43c9-8823-e514409371a1,57476598,False,8a0316c7-93b4-43c9-8823-e514409371a1,2024-12-11,2024-12-17,SOLD,2024-12-27,17.0,0.08,1.82,1.16,0.61
GZPDHSFNFNWP,2.9,2024-12-14,StatTrak™ AK-47 | Elite Build (Field-Tested),32.91,be6ed162-570e-4d32-90fd-5a8996cf53c4,57676411,False,be6ed162-570e-4d32-90fd-5a8996cf53c4,2024-12-16,2024-12-22,SOLD,2024-12-27,12.0,0.08,4.01,3.16,0.79
G3RENP7Z3ZRW,0.67,2024-12-01,M4A1-S | Wash me plz (Factory New),6.13,25c0550c-2cb1-42b0-b15b-43bf7fa79995,57292532,False,25c0550c-2cb1-42b0-b15b-43bf7fa79995,2024-12-05,2024-12-09,SOLD,2024-12-27,25.0,0.08,1.61,0.74,0.81
GDKD8497L94R,8.32,2024-11-23,USP-S | Cortex (Factory New),6.87,e5450f6a-0c00-4cd8-bc36-60948bce58a3,57026776,False,e5450f6a-0c00-4cd8-bc36-60948bce58a3,2024-11-28,,SOLD,2024-12-27,33.0,0.08,9.14,9.05,0.09
GTG5P6CPN85H,4.5,2024-12-19,Osiris | Elite Crew,,4ed2fe97-9023-417c-8c21-026e49fb601d,57942647,False,4ed2fe97-9023-417c-8c21-026e49fb601d,2024-12-22,2024-12-27,SOLD,2024-12-27,7.0,0.1,5.99,5.01,0.89
G7TXLU29N2WP,1.19,2024-12-25,Glock-18 | Nuclear Garden (Field-Tested),25.63,d6dce5ff-c951-46ba-b935-e4607db8408f,58081414,False,d6dce5ff-c951-46ba-b935-e4607db8408f,2024-12-26,2025-01-01,SOLD,2024-12-27,1.0,0.1,1.92,1.33,0.54
G325F30Z35F0,1.75,2024-12-22,Desert Eagle | Sputnik (Factory New),4.59,8b6c8d51-a356-4ddc-83c7-5da4d8619df7,58006036,False,8b6c8d51-a356-4ddc-83c7-5da4d8619df7,2024-12-24,2024-12-30,SOLD,2024-12-27,4.0,0.1,2.68,1.96,0.66
GSAZ22K7ATXN,0.98,2024-12-22,Glock-18 | Nuclear Garden (Field-Tested),30.76,f58f3163-7ba0-40c7-8c31-7567866738ee,58006042,False,f58f3163-7ba0-40c7-8c31-7567866738ee,2024-12-24,2024-12-28,SOLD,2024-12-28,5.0,0.1,1.92,1.1,0.75
GAZCTU5PCTEE,1.77,2024-12-19,Guardian 3 Pin,,,870797,True,6a853545-f2ee-4586-93b9-333d5a8eb5dd,2024-12-22,,SOLD,2024-12-28,8.0,0.1,2.24,1.98,0.25
GZ33A6G0KGHX,2.08,2024-12-24,Death Sentence Pin,,,867244,True,4f046e45-54d3-47d7-a098-80d6e78027b8,2024-12-26,,SOLD,2024-12-28,3.0,0.1,2.81,2.32,0.45
GXND7G94984T,1.5,2024-12-24,Sticker | High Heat,,,55414367,True,c7f3ddd7-8db3-4efa-ab1d-89e67e7fd795,2024-12-26,,SOLD,2024-12-28,3.0,0.1,2.56,1.68,0.8
G0EKEL2L83UA,0.58,2024-12-24,Glock-18 | Candy Apple (Factory New),6.46,9c1490a4-f77e-4bcd-ad45-8e38f8a47996,58081407,False,9c1490a4-f77e-4bcd-ad45-8e38f8a47996,2024-12-26,2025-01-01,SOLD,2024-12-28,3.0,0.1,0.81,0.66,0.15
GS48G68A52ZF,7.14,2024-12-26,Arno The Overgrown | Guerrilla Warfare,,3eadf112-d58e-4b96-9234-24bb67be0e15,58135429,False,3eadf112-d58e-4b96-9234-24bb67be0e15,2024-12-28,,SOLD,2024-12-28,1.0,0.1,8.97,7.94,0.93
GFHGLSXUE25K,0.54,2024-12-21,Sticker | Bolt Strike,,,55436342,True,632aab0b-7180-43bb-9120-2c11b9227168,2024-12-22,,SOLD,2024-12-28,6.0,0.1,1.02,0.61,0.38
GZLW0WX88UK2,0.61,2024-12-25,Charm | Lil' SAS,,31750fca-4fcb-4928-b8ec-f716447be969,58081393,False,31750fca-4fcb-4928-b8ec-f716447be969,2024-12-26,2025-01-01,SOLD,2024-12-28,2.0,0.1,0.84,0.69,0.15
GSPUS4FU37RU,0.15,2024-12-20,Sticker | Boom Detonation (Glitter),,,55450510,True,b77da60c-259a-4ede-9d1f-db6f67b5147c,2024-12-22,,SOLD,2024-12-28,7.0,0.1,0.77,0.18,0.54
G9PRF5EA95DX,4.9,2024-12-19,AWP | Black Nile (Factory New),5.97,61154d63-d4b0-41bc-9f62-60ded7a54a1c,57942645,False,61154d63-d4b0-41bc-9f62-60ded7a54a1c,2024-12-22,2024-12-25,SOLD,2024-12-28,8.0,0.1,7.91,5.46,2.22
GHUR2C28F34C,14.7,2024-12-27,AK-47 | Nightwish (Minimal Wear),12.92,f563fa2f-7524-45d9-ba1f-9738b2cc7a68,58135434,False,f563fa2f-7524-45d9-ba1f-9738b2cc7a68,2024-12-28,2025-01-04,SOLD,2024-12-28,0.0,0.1,18.36,16.34,1.82
GE8D09DE99HP,0.61,2024-12-26,Charm | Lil' SAS,,2f99217d-32b4-43c5-bfe0-fa7e2af5981c,58135424,False,2f99217d-32b4-43c5-bfe0-fa7e2af5981c,2024-12-28,2025-01-02,SOLD,2024-12-28,1.0,0.1,0.84,0.69,0.15
G2XX04SUZAZS,1.3,2024-12-26,Shanghai 2024 Legends Sticker Capsule,,,57328786,True,190baf43-deef-4621-b571-b4857aa2f10e,2024-12-28,,SOLD,2024-12-28,1.0,0.1,1.69,1.46,0.22
GUE47DHT264W,1.3,2024-12-26,Shanghai 2024 Legends Sticker Capsule,,,57328786,True,f0115412-9533-4108-9bc4-044dfc1f4f5a,2024-12-28,,SOLD,2024-12-28,1.0,0.1,1.69,1.46,0.22
G70W44588GG5,0.61,2024-12-25,Charm | Lil' SAS,,605c1375-3198-47cc-8eb1-d100dd1fc8db,58081394,False,605c1375-3198-47cc-8eb1-d100dd1fc8db,2024-12-26,2025-01-01,SOLD,2024-12-28,2.0,0.1,0.84,0.69,0.15
G2026FGPZXHN,1.14,2024-12-26,Five-SeveN | Urban Hazard (Factory New),2.9,18ffacad-4573-4377-909a-1ea5e24320b2,58135422,False,18ffacad-4573-4377-909a-1ea5e24320b2,2024-12-28,2025-01-03,SOLD,2024-12-28,1.0,0.1,2.09,1.28,0.74
GLCH9USGZXLP,0.54,2024-12-21,Sticker | Bolt Strike,,,55436342,True,81dd71c2-b375-4da4-8afb-3e23455767c9,2024-12-22,,SOLD,2024-12-28,6.0,0.1,1.02,0.61,0.38
G6K2TURDLCTG,0.58,2024-12-26,Glock-18 | Candy Apple (Factory New),4.16,47c03ba1-a641-43c3-a29a-bcda338eb696,58135430,False,47c03ba1-a641-43c3-a29a-bcda338eb696,2024-12-28,2025-01-03,SOLD,2024-12-28,1.0,0.1,0.81,0.66,0.15
G5R8W0R7HNNG,4.0,2024-12-21,Slingshot | Phoenix,,96ea5584-a26f-4cf0-b3e0-eb2c303d96ba,57942671,False,96ea5584-a26f-4cf0-b3e0-eb2c303d96ba,2024-12-22,2024-12-28,SOLD,2024-12-28,6.0,0.1,7.19,4.46,2.47
G92EDE277693,0.41,2024-12-21,Sticker | Winding Scorch,,,55393980,True,55af3aec-61eb-408a-bd83-9195a8bc2499,2024-12-22,,SOLD,2024-12-28,6.0,0.1,1.56,0.47,0.99
G0H8K2KCX6GN,0.61,2024-12-25,Charm | Lil' SAS,,92022aa7-13eb-45a4-8d1e-553eee0136e2,58081391,False,92022aa7-13eb-45a4-8d1e-553eee0136e2,2024-12-26,2025-01-01,SOLD,2024-12-28,2.0,0.1,0.84,0.69,0.15
GFZ7RFDS69Z4,0.61,2024-12-25,Charm | Lil' SAS,,8cfc4523-7080-4fc0-abc7-9dc118e75237,58081392,False,8cfc4523-7080-4fc0-abc7-9dc118e75237,2024-12-26,2025-01-01,SOLD,2024-12-28,2.0,0.1,0.84,0.69,0.15
GSG60NSL6L3P,0.54,2024-12-21,Sticker | Bolt Strike,,,55436342,True,7e34628e-9cf2-4c15-a027-7cc4b602b19e,2024-12-22,,SOLD,2024-12-28,6.0,0.1,1.02,0.61,0.38
G7K5RFR075FT,0.54,2024-12-21,Sticker | Bolt Strike,,,55436342,True,1d228247-cc63-482e-8479-b340fad1b138,2024-12-22,,SOLD,2024-12-28,6.0,0.1,1.02,0.61,0.38
G4D7KZPNZ457,0.61,2024-12-25,Charm | Lil' SAS,,1fdb0553-f315-4f0c-b310-ed29588eb953,58081389,False,1fdb0553-f315-4f0c-b310-ed29588eb953,2024-12-26,2025-01-01,SOLD,2024-12-28,2.0,0.1,0.84,0.69,0.15
GZ4GS62UK325,0.63,2024-12-05,M4A1-S | Wash me plz (Factory New),6.26,728dfbbf-9f5c-417c-abd1-1c2aeda548fb,57329760,False,728dfbbf-9f5c-417c-abd1-1c2aeda548fb,2024-12-06,2024-12-12,SOLD,2024-12-28,22.0,0.08,1.61,0.7,0.85
G8WL3HURAP84,0.61,2024-12-25,Charm | Lil' SAS,,8f91d4d8-553b-4305-803b-db318423812b,58081390,False,8f91d4d8-553b-4305-803b-db318423812b,2024-12-26,2025-01-01,SOLD,2024-12-28,2.0,0.1,0.84,0.69,0.15
GH6UG7G9RK2W,8.32,2024-11-23,USP-S | Cortex (Factory New),6.81,f1e7844a-0460-4063-a510-484e6792caaa,57026775,False,f1e7844a-0460-4063-a510-484e6792caaa,2024-11-28,2024-11-24,SOLD,2024-12-29,35.0,0.08,9.14,9.05,0.09
G4FLSR23RF72,4.42,2024-12-19,Rezan the Redshirt | Sabre,,9ce1b8ab-3725-4674-ad5f-b532d3c5df59,57942646,False,9ce1b8ab-3725-4674-ad5f-b532d3c5df59,2024-12-22,2024-12-27,SOLD,2024-12-29,9.0,0.1,5.61,4.92,0.63
GHLPS5K3UTSK,1.25,2024-12-07,Five-SeveN | Urban Hazard (Factory New),4.92,6283f289-90fb-42d9-aa53-0ac2bb70a87a,57391416,False,6283f289-90fb-42d9-aa53-0ac2bb70a87a,2024-12-09,2024-12-15,SOLD,2024-12-29,21.0,0.08,2.09,1.37,0.67
GF605W56LTZ7,2.4,2024-12-19,Charm | That's Bananas,,f7e0d76d-464d-4414-8f1d-29e25f1156c8,57942644,False,f7e0d76d-464d-4414-8f1d-29e25f1156c8,2024-12-22,,SOLD,2024-12-29,9.0,0.1,3.79,2.68,1.01
GTU7SUUFK4P0,4.16,2024-12-21,Sticker | Lotus (Glitter),,,48957895,True,df06aab5-b798-44d2-8e79-81bf8c9121d3,2024-12-24,,SOLD,2024-12-29,7.0,0.1,5.36,4.63,0.66
G8254RL593PG,8.25,2024-11-23,USP-S | Cortex (Factory New),6.25,357e7e40-8b6a-4be1-bb9d-db9799de5548,57026774,False,357e7e40-8b6a-4be1-bb9d-db9799de5548,2024-11-28,,SOLD,2024-12-29,35.0,0.08,9.09,8.98,0.11
GXE9HF89PEW3,0.4,2024-12-25,Sawed-Off | Analog Input (Field-Tested),25.49,ecc1d15f-74d2-4a3e-9923-494c6a87811e,58081415,False,ecc1d15f-74d2-4a3e-9923-494c6a87811e,2024-12-26,2024-12-26,SOLD,2024-12-29,3.0,0.1,0.82,0.46,0.34
GA5UFNGPD3PP,5.41,2024-12-22,Michael Syfers  | FBI Sniper,,3042c1ce-4435-4e82-bfd1-bb609a6b32a9,58006044,False,3042c1ce-4435-4e82-bfd1-bb609a6b32a9,2024-12-24,2024-12-29,SOLD,2024-12-29,6.0,0.1,7.05,6.02,0.93
GELSLFNPP33H,0.12,2024-12-20,Sticker | Boom Trail,,,55347854,True,25e2a738-7168-4185-aa15-d2f6ba204fcc,2024-12-22,,SOLD,2024-12-29,8.0,0.1,0.65,0.14,0.47
GGTCA35DXHGZ,2.95,2024-12-21,StatTrak™ M4A1-S | Emphorosaur-S (Minimal Wear),8.05,def4348f-8669-4679-8add-6e75677ce13d,58006041,False,def4348f-8669-4679-8add-6e75677ce13d,2024-12-24,2024-12-29,SOLD,2024-12-29,7.0,0.1,5.6,3.29,2.09
GLUPCFHE5C36,1.33,2024-12-08,Galil AR | Stone Cold (Field-Tested),27.04,5b4b7f3d-3361-41be-b48a-1ed559d3a268,57476584,False,5b4b7f3d-3361-41be-b48a-1ed559d3a268,2024-12-11,2024-12-16,SOLD,2024-12-29,20.0,0.08,1.55,1.46,0.1
GP6HP26ZA0X3,0.57,2024-12-27,M4A1-S | Wash me plz (Factory New),6.71,538d91cc-6eb1-44d6-a82c-b580dfc4cbe2,58135417,False,538d91cc-6eb1-44d6-a82c-b580dfc4cbe2,2024-12-28,2025-01-03,SOLD,2024-12-30,2.0,0.1,1.61,0.64,0.88
G45NZUT5RZX2,4.35,2024-12-22,Rezan the Redshirt | Sabre,,f0046424-5e2b-4941-bd29-1accb81dd02b,58006054,False,f0046424-5e2b-4941-bd29-1accb81dd02b,2024-12-24,2024-12-30,SOLD,2024-12-30,7.0,0.1,5.61,4.84,0.7
GW73LZX78ZAG,4.83,2024-12-09,Charm | Die-cast AK,,5b9f9ef2-a5aa-47a2-be93-a0502d31189c,57476601,False,5b9f9ef2-a5aa-47a2-be93-a0502d31189c,2024-12-11,2024-12-17,SOLD,2024-12-30,20.0,0.08,7.46,5.26,2.03
GWH7HDN4HA6X,0.64,2024-12-27,M4A4 | Converter (Factory New),4.78,afd9b04c-585f-4f3c-8e93-41126f20db11,58135419,False,afd9b04c-585f-4f3c-8e93-41126f20db11,2024-12-28,2025-01-04,SOLD,2024-12-30,2.0,0.1,1.89,0.72,1.06
G20RXAHSUPU2,8.08,2024-12-22,USP-S | Blueprint (Minimal Wear),7.6,8d3ae7c6-8da7-4ced-bedf-9c73113d6739,58006055,False,8d3ae7c6-8da7-4ced-bedf-9c73113d6739,2024-12-24,2024-12-30,SOLD,2024-12-30,7.0,0.1,13.2,8.99,3.8
GK4XDD3WL34K,1.2,2024-12-21,Five-SeveN | Urban Hazard (Factory New),5.21,8ce682f8-8720-4d84-8595-d660ad52bcb4,57942669,False,8ce682f8-8720-4d84-8595-d660ad52bcb4,2024-12-22,2024-12-27,SOLD,2024-12-30,8.0,0.1,2.09,1.34,0.68
GRWS9G5T5TGH,0.45,2024-12-01,Charm | Lil' Ava,,85ac2b84-c1b3-41f0-b4c3-094d1cc9ed01,57292533,False,85ac2b84-c1b3-41f0-b4c3-094d1cc9ed01,2024-12-05,2024-12-09,SOLD,2024-12-30,28.0,0.08,0.71,0.5,0.2
GNZGUUNNS9L6,2.2,2024-12-24,Dual Berettas | Melondrama (Minimal Wear),10.16,c693098c-f0e6-408e-aa8e-3d0b534dc312,58081404,False,c693098c-f0e6-408e-aa8e-3d0b534dc312,2024-12-26,,SOLD,2024-12-30,5.0,0.1,2.99,2.46,0.49
GUGK0W93NXU5,4.12,2024-12-24,Aspirant | Gendarmerie Nationale,,849f050f-d4b6-4637-b535-611dc0446fc1,58081402,False,849f050f-d4b6-4637-b535-611dc0446fc1,2024-12-26,2025-01-01,SOLD,2024-12-30,5.0,0.1,5.43,4.59,0.77
GUG009RD8AWD,0.92,2024-12-22,Five-SeveN | Urban Hazard (Minimal Wear),10.8,2eee6cc6-b013-49cd-8a47-0fd437b34fb8,58006058,False,2eee6cc6-b013-49cd-8a47-0fd437b34fb8,2024-12-24,2024-12-30,SOLD,2024-12-30,7.0,0.1,1.81,1.03,0.71
GGH2NLR2988C,3.89,2024-12-25,MP9 | Mount Fuji (Field-Tested),22.54,991d30fb-70b6-4122-bea5-93f1691c4553,58081418,False,991d30fb-70b6-4122-bea5-93f1691c4553,2024-12-26,2025-01-02,SOLD,2024-12-30,4.0,0.1,4.96,4.33,0.57
GAE055UCXKL0,5.5,2024-12-25,AK-47 | Crossfade (Factory New),5.88,a5bfb9eb-ccfe-4730-8707-5327360a9325,58081419,False,a5bfb9eb-ccfe-4730-8707-5327360a9325,2024-12-26,2025-01-02,SOLD,2024-12-30,4.0,0.1,10.61,6.12,4.05
GFSX9SELPW5W,14.06,2024-12-22,Operation Hydra Case,,,136909,True,4e74d6cc-9d25-4bec-ba3e-0eff4cf82457,2024-12-24,,SOLD,2024-12-30,7.0,0.1,17.57,15.63,1.75
GHLHN7FN84WL,1.25,2024-12-21,Five-SeveN | Urban Hazard (Factory New),2.68,ca1e9dec-b752-4665-808e-e0f3158e0e1b,57942661,False,ca1e9dec-b752-4665-808e-e0f3158e0e1b,2024-12-22,2024-12-23,SOLD,2024-12-30,8.0,0.1,2.09,1.4,0.63
G7FZL8ZZT9PE,5.92,2024-12-26,Bio-Haz Specialist | SWAT,,03060f4c-4988-4635-aa31-672cdfaee6c3,58135415,False,03060f4c-4988-4635-aa31-672cdfaee6c3,2024-12-28,2025-01-01,SOLD,2024-12-30,3.0,0.1,7.45,6.59,0.79
GR7389D5ZEWD,6.0,2024-12-24,StatTrak™ Desert Eagle | Mecha Industries (Field-Tested),19.65,c47cf66c-5c49-40d8-9f8d-f570470a6be0,58081386,False,c47cf66c-5c49-40d8-9f8d-f570470a6be0,2024-12-26,2025-01-01,SOLD,2024-12-30,5.0,0.1,7.82,6.68,1.04
GLTPUS82C8G4,1.46,2024-12-22,Glock-18 | Umbral Rabbit (Factory New),6.16,6013b8f8-6f03-4210-be1b-8c0ee88f5904,58006051,False,6013b8f8-6f03-4210-be1b-8c0ee88f5904,2024-12-24,2024-12-30,SOLD,2024-12-30,7.0,0.1,1.86,1.63,0.21
GN53S2R5AGFF,1.36,2024-12-26,Five-SeveN | Urban Hazard (Factory New),4.01,a8ae562f-cc3b-4abb-9b49-a06c1385515b,58135423,False,a8ae562f-cc3b-4abb-9b49-a06c1385515b,2024-12-28,2025-01-02,SOLD,2024-12-30,3.0,0.1,2.09,1.52,0.52
GD4U0H6C7K24,0.91,2024-12-22,USP-S | Check Engine (Factory New),3.66,a903efa7-0242-4abc-ba15-6b415567c646,58006048,False,a903efa7-0242-4abc-ba15-6b415567c646,2024-12-24,2024-12-28,SOLD,2024-12-30,7.0,0.1,1.49,1.02,0.43
GFXPWUG6W8S5,5.0,2024-12-26,1st Lieutenant Farlow | SWAT,,ebcb61ff-b28f-4546-b8fb-1142b882a584,58135420,False,ebcb61ff-b28f-4546-b8fb-1142b882a584,2024-12-28,2025-01-02,SOLD,2024-12-30,3.0,0.1,6.73,5.57,1.06
G7WTCEC458AS,2.04,2024-12-03,USP-S | Cortex (Field-Tested),27.28,77278c11-e82c-4e3a-8262-838165e398e7,57292548,False,77278c11-e82c-4e3a-8262-838165e398e7,2024-12-05,,SOLD,2024-12-31,27.0,0.08,2.32,2.23,0.09
GPUXU9P64W22,0.65,2024-12-02,M4A1-S | Wash me plz (Factory New),6.95,207ce6d9-6a24-47a9-afe2-593f7dd822dd,57292550,False,207ce6d9-6a24-47a9-afe2-593f7dd822dd,2024-12-05,2024-12-09,SOLD,2024-12-31,28.0,0.08,1.61,0.72,0.83
GRG7S9D52E8N,1.4,2024-12-24,StatTrak™ M4A1-S | Emphorosaur-S (Field-Tested),32.84,4c8dcd44-5e85-4260-9deb-0bcbb2b33734,58081385,False,4c8dcd44-5e85-4260-9deb-0bcbb2b33734,2024-12-26,2025-01-01,SOLD,2025-01-01,7.0,0.1,2.09,1.57,0.48
G0EU7RP7GENA,0.49,2024-12-10,Charm | Big Kev,,c4fef17b-6a86-4a30-8a46-ace99771f46f,57476576,False,c4fef17b-6a86-4a30-8a46-ace99771f46f,2024-12-11,2024-12-16,SOLD,2025-01-01,21.0,0.08,1.07,0.54,0.49
GH8WEAKUATWT,1.0,2024-12-22,Charm | Disco MAC,,585136f3-0d61-43bd-a486-1bc5b5c45e91,58006053,False,585136f3-0d61-43bd-a486-1bc5b5c45e91,2024-12-24,2024-12-30,SOLD,2025-01-01,9.0,0.1,1.82,1.12,0.64
GPA7U4U4L9SF,1.39,2024-12-24,Glock-18 | Umbral Rabbit (Factory New),2.26,3c0662eb-16e2-439b-a905-d8136bffc9dc,58081411,False,3c0662eb-16e2-439b-a905-d8136bffc9dc,2024-12-26,2025-01-01,SOLD,2025-01-01,7.0,0.1,1.86,1.56,0.28
GCK8RZ5HK9XR,0.57,2024-12-08,Charm | Big Kev,,eebe4b58-81ff-4bbf-8ab4-788f0aa3cce8,57530148,False,eebe4b58-81ff-4bbf-8ab4-788f0aa3cce8,2024-12-12,2024-12-17,SOLD,2025-01-01,23.0,0.08,1.07,0.63,0.41
G60WDRRHS77A,1.47,2024-12-22,Glock-18 | Umbral Rabbit (Factory New),4.51,a86812d1-ca88-4b13-bc4d-a8cfa376f6bd,58006045,False,a86812d1-ca88-4b13-bc4d-a8cfa376f6bd,2024-12-24,2024-12-29,SOLD,2025-01-01,9.0,0.1,1.86,1.64,0.2
G9L5GUGUPWFD,10.0,2024-11-26,USP-S | Cortex (Factory New),6.32,27786219-070a-47a9-9b19-374956ecab22,57026782,False,27786219-070a-47a9-9b19-374956ecab22,2024-11-28,,SOLD,2025-01-01,35.0,0.08,10.1,10.88,-0.71
GPZ92X2FZPNG,3.97,2024-12-22,StatTrak™ Glock-18 | Umbral Rabbit (Factory New),6.31,12b6c4df-f823-42e1-b0ad-19d0b734f36d,58006050,False,12b6c4df-f823-42e1-b0ad-19d0b734f36d,2024-12-24,2024-12-30,SOLD,2025-01-01,9.0,0.1,7.33,4.42,2.63
G9P6F6D08GEG,1.08,2024-12-25,Charm | Disco MAC,,eb48bf40-4e35-4eb3-89ec-2b20bcab0d7e,58081417,False,eb48bf40-4e35-4eb3-89ec-2b20bcab0d7e,2024-12-26,2025-01-01,SOLD,2025-01-01,6.0,0.1,1.82,1.21,0.56
GS78534734US,0.44,2024-12-29,Sticker | Cloud9 (Glitter) | Antwerp 2022,,,39961852,True,7d937e63-3498-4287-baba-ba8ba623529a,2025-01-03,,SOLD,2025-01-02,3.0,0.1,0.86,0.5,0.33
G4CRNWLDUZ2L,1.52,2024-12-22,StatTrak™ SSG 08 | Abyss (Minimal Wear),9.02,cea3f60a-5117-48f0-82b6-c76ef3a5f2de,58006038,False,cea3f60a-5117-48f0-82b6-c76ef3a5f2de,2024-12-24,2024-12-30,SOLD,2025-01-02,10.0,0.1,2.25,1.7,0.5
G8K4C64DAG74,4.62,2024-12-31,The Elite Mr. Muhlik | Elite Crew,,bc873d18-f433-4f94-8f5a-3c9c11883451,58277130,False,bc873d18-f433-4f94-8f5a-3c9c11883451,2025-01-03,2025-01-07,SOLD,2025-01-02,1.0,0.1,7.95,5.14,2.54
GEK7L06EGTSW,0.44,2024-12-29,Sticker | Cloud9 (Glitter) | Antwerp 2022,,,39961852,True,64b5d3fb-d905-452a-a497-f074d12809a3,2025-01-03,,SOLD,2025-01-02,3.0,0.1,0.86,0.5,0.33
GK45DRR78SEH,0.49,2024-12-10,Charm | Big Kev,,42bb01ea-362f-413e-8629-e19344aedcba,57476575,False,42bb01ea-362f-413e-8629-e19344aedcba,2024-12-11,2024-12-16,SOLD,2025-01-02,22.0,0.08,1.07,0.54,0.49
GD3W5T8RUST7,1.71,2024-12-25,Sticker | High Heat,,,55414367,True,ec2f214f-b68a-4552-801b-b675d28ce7b5,2024-12-26,,SOLD,2025-01-02,7.0,0.1,2.56,1.91,0.59
GCXHDRFZW902,30.0,2024-12-29,Sir Bloody Silent Darryl | The Professionals,,9dfb42c1-1a61-4329-b83d-9ea8dce7bdfb,58277113,False,9dfb42c1-1a61-4329-b83d-9ea8dce7bdfb,2025-01-03,,SOLD,2025-01-02,3.0,0.1,37.34,33.34,3.61
GGULG3SP6DDG,0.55,2024-12-25,M4A1-S | Wash me plz (Factory New),4.88,efff5c72-1d64-4b9a-8e1c-97af540279f8,58081421,False,efff5c72-1d64-4b9a-8e1c-97af540279f8,2024-12-26,2025-01-02,SOLD,2025-01-02,7.0,0.1,1.61,0.62,0.9
G84L8AZ7URKU,0.44,2024-12-29,Sticker | Cloud9 (Glitter) | Antwerp 2022,,,39961852,True,ff46b061-419f-4d2d-abef-a6dd2b99b82e,2025-01-03,,SOLD,2025-01-02,3.0,0.1,0.86,0.5,0.33
G6US53G4FTNK,1.45,2024-12-26,Glock-18 | Umbral Rabbit (Factory New),6.56,3d23317f-8424-4d9c-8fda-33027e0e41db,58135421,False,3d23317f-8424-4d9c-8fda-33027e0e41db,2024-12-28,2025-01-02,SOLD,2025-01-02,6.0,0.1,1.86,1.62,0.22
G9PP4358A446,2.1,2024-12-25,Charm | That's Bananas,,52f9ac50-c6b0-42f4-a915-75ef0e82fc08,58081399,False,52f9ac50-c6b0-42f4-a915-75ef0e82fc08,2024-12-26,2024-12-31,SOLD,2025-01-02,7.0,0.1,3.79,2.34,1.31
GU4WWG5FRPXK,1.18,2024-12-29,Sticker | Vitality (Holo) | Stockholm 2021,,,36663837,True,04acef36-7a7d-4bc1-917a-7c3472119bc6,2025-01-03,,SOLD,2025-01-02,3.0,0.1,2.16,1.32,0.76
GW6K6P4C5WRU,4.82,2025-01-02,AWP | Atheris (Minimal Wear),14.88,642fd419-3469-44de-bd86-ca59bd12fa09,58277136,False,642fd419-3469-44de-bd86-ca59bd12fa09,2025-01-03,2025-01-09,SOLD,2025-01-02,0.0,0.1,5.97,5.37,0.55
GFHLH44CA03A,1.37,2024-12-25,Sticker | High Heat,,,55414367,True,f476cc7f-3497-4c7f-92ee-f0bf71bd3254,2024-12-26,,SOLD,2025-01-02,7.0,0.1,2.56,1.53,0.93
GZ5HA9E583N5,1.33,2024-12-29,R8 Revolver | Blaze (Factory New),3.29,0824238e-1529-485d-9e09-1516b0d53464,58277120,False,0824238e-1529-485d-9e09-1516b0d53464,2025-01-03,,SOLD,2025-01-02,3.0,0.1,1.74,1.49,0.24
GRGF5ADRKHGS,2.37,2024-12-30,Inferno 2 Pin,,,864504,True,9f88c5ae-d931-472b-a7a4-780a258b6333,2025-01-03,,SOLD,2025-01-02,2.0,0.1,2.97,2.64,0.3
G7N56003FDXU,1.79,2024-12-24,MP9 | Food Chain (Field-Tested),24.43,2a7e49e4-0ca9-468e-a59e-bdcf1e222344,58081405,False,2a7e49e4-0ca9-468e-a59e-bdcf1e222344,2024-12-26,2025-01-01,SOLD,2025-01-02,8.0,0.1,2.28,2.0,0.26
GXW0DRUX36CU,1.6,2024-12-24,Guardian 3 Pin,,,870797,True,5b025ff8-f5cc-437d-973c-a5a44bd1f856,2024-12-26,,SOLD,2025-01-02,8.0,0.1,2.24,1.79,0.42
GL3ZS7LDG48S,1.15,2024-12-31,Sticker | High Heat,,,55414367,True,18a2c30b-4e22-4b7e-8826-83439b0fbac2,2025-01-03,,SOLD,2025-01-02,1.0,0.1,2.56,1.29,1.15
G6Z8SFHN247S,0.51,2024-12-01,Charm | Big Kev,,4bc98fad-9913-4afa-bd5b-51f84bffd2e6,57292538,False,4bc98fad-9913-4afa-bd5b-51f84bffd2e6,2024-12-05,2024-12-09,SOLD,2025-01-03,32.0,0.08,1.07,0.57,0.47
GZUL80ZHKURS,5.5,2024-12-25,AK-47 | Crossfade (Factory New),6.84,06f6ac51-e6dd-4599-ace5-86a1f2d4bce9,58081420,False,06f6ac51-e6dd-4599-ace5-86a1f2d4bce9,2024-12-26,2025-01-02,SOLD,2025-01-03,8.0,0.1,10.61,6.12,4.05
G7UUE2AR203C,1.29,2024-12-19,Tec-9 | Re-Entry (Factory New),1.58,565f18ef-d9f3-4577-b779-52c47ecaec76,57942653,False,565f18ef-d9f3-4577-b779-52c47ecaec76,2024-12-22,2024-12-26,SOLD,2025-01-03,14.0,0.1,2.54,1.44,1.0
G69EEG9ZGSSK,1.2,2024-12-30,Shanghai 2024 Legends Sticker Capsule,,,57328786,True,58ed4c7b-ae0c-4557-89bf-9b752dac05c5,2025-01-03,,SOLD,2025-01-03,3.0,0.1,1.69,1.34,0.32
G4AZ4U656CWC,2.5,2024-12-24,Easy Peasy Pin,,,885060,True,e046a51d-2eef-4177-b879-6038df5d388e,2024-12-26,,SOLD,2025-01-03,9.0,0.1,3.18,2.79,0.36
G72E7RX8KDS2,4.1,2024-12-26,Sticker | Lotus (Glitter),,,48957895,True,e43e3139-069a-4fcd-8384-aa2aad7dcd42,2024-12-28,,SOLD,2025-01-03,7.0,0.1,5.36,4.57,0.72
GE4WDSA8E9P4,0.75,2024-12-26,M4A4 | Converter (Factory New),6.52,abaa8b21-bcb9-447f-83ca-72fbb8410948,58135426,False,abaa8b21-bcb9-447f-83ca-72fbb8410948,2024-12-28,2025-01-03,SOLD,2025-01-03,7.0,0.1,1.89,0.84,0.95
GAAAU92SL4CR,4.1,2024-12-26,Sticker | Lotus (Glitter),,,48957895,True,5315f8ba-219f-4659-afd4-7157ea49ef03,2024-12-28,,SOLD,2025-01-03,7.0,0.1,5.36,4.57,0.72
GEUWC472XETF,0.17,2024-12-20,Sticker | Boom Trail (Glitter),,,55436346,True,f9e45066-2b56-442e-963c-e040b5db0490,2024-12-22,,SOLD,2025-01-03,13.0,0.1,0.93,0.2,0.67
GFA934PPLCEK,4.1,2024-12-26,Sticker | Lotus (Glitter),,,48957895,True,a11ad8cb-0bca-4d6e-aac3-33b33effa2f2,2024-12-28,,SOLD,2025-01-03,7.0,0.1,5.36,4.57,0.72
GNR0TFF9AE6T,0.57,2024-12-26,M4A1-S | Wash me plz (Factory New),1.25,5742d426-bde2-4b75-9b7b-072440107872,58135428,False,5742d426-bde2-4b75-9b7b-072440107872,2024-12-28,2025-01-03,SOLD,2025-01-03,7.0,0.1,1.61,0.64,0.88
GZ3XRFSKT3LP,0.17,2024-12-20,Sticker | Boom Trail (Glitter),,,55436346,True,f0e26f5d-caba-4c63-87a9-645473dcbb68,2024-12-22,,SOLD,2025-01-03,13.0,0.1,0.93,0.2,0.67
GAEFXLSD3NSG,0.85,2024-11-12,Sticker | Baby Howl,,,41548385,True,1cec9a38-d7b2-47df-9539-2a620e0f58cb,2024-11-13,,SOLD,2025-01-03,51.0,0.08,1.02,0.93,0.09
G9LKPRUCA2A6,4.1,2024-12-26,Sticker | Lotus (Glitter),,,48957895,True,5da9d18e-72d9-4238-9d2d-78dd05c93b83,2024-12-28,,SOLD,2025-01-03,7.0,0.1,5.36,4.57,0.72
G594HA3KXNR2,0.17,2024-12-20,Sticker | Boom Trail (Glitter),,,55436346,True,2c16f6b5-8b9d-4b25-a8c6-1a4057e50963,2024-12-22,,SOLD,2025-01-03,13.0,0.1,0.93,0.2,0.67
G9F8SCDTZ0RD,1.3,2024-12-30,Shanghai 2024 Legends Sticker Capsule,,,57328786,True,b92c2ab0-df51-4eb0-9b80-12e9db131379,2025-01-03,,SOLD,2025-01-04,4.0,0.1,1.69,1.46,0.22
G02EZR49L2NZ,7.0,2024-12-24,AK-47 | Crossfade (Factory New),6.48,f0d9ceee-1adf-473c-af68-246c076bbdce,58081413,False,f0d9ceee-1adf-473c-af68-246c076bbdce,2024-12-26,2025-01-01,SOLD,2025-01-04,10.0,0.1,10.61,7.79,2.55
GKXWLR36PF9C,14.7,2024-12-27,AK-47 | Nightwish (Minimal Wear),12.47,79a551c9-f030-4349-b9e8-36b26a5d9f07,58135433,False,79a551c9-f030-4349-b9e8-36b26a5d9f07,2024-12-28,2025-01-04,SOLD,2025-01-04,7.0,0.1,18.36,16.34,1.82
GWGZ0TZ9WAW9,2.1,2024-12-25,Charm | That's Bananas,,8ad38214-4947-4d66-afca-36f7772d55a2,58081396,False,8ad38214-4947-4d66-afca-36f7772d55a2,2024-12-26,2025-01-01,SOLD,2025-01-04,9.0,0.1,3.79,2.34,1.31
GDEKGHW68FRD,1.3,2024-12-30,Shanghai 2024 Legends Sticker Capsule,,,57328786,True,0a61a8b6-088e-44b6-9a9f-8dc21feb3dbe,2025-01-03,,SOLD,2025-01-04,4.0,0.1,1.69,1.46,0.22
GWS33D9KG0FA,14.7,2024-12-27,AK-47 | Nightwish (Minimal Wear),12.95,6a5d4960-bcf4-47c3-8806-7598399f1d41,58135432,False,6a5d4960-bcf4-47c3-8806-7598399f1d41,2024-12-28,2025-01-04,SOLD,2025-01-04,7.0,0.1,18.36,16.34,1.82
G2PGAURCZUXF,7.0,2024-12-06,Charm | Die-cast AK,,1619d1da-885d-4303-8cb4-33531b731bfb,57391401,False,1619d1da-885d-4303-8cb4-33531b731bfb,2024-12-09,,SOLD,2025-01-04,28.0,0.08,7.65,7.62,0.04
G98RW3HR7X2E,1.2,2024-12-30,Shanghai 2024 Legends Sticker Capsule,,,57328786,True,d52ab3a9-5523-4e45-94e9-8c20fb426909,2025-01-03,,SOLD,2025-01-04,4.0,0.1,1.69,1.34,0.32
GKCHL9EN7AC0,7.61,2024-12-29,USP-S | Blueprint (Minimal Wear),11.31,1f8f16ac-43bc-479e-8981-b095cfe238d3,58277108,False,1f8f16ac-43bc-479e-8981-b095cfe238d3,2025-01-03,2025-01-06,SOLD,2025-01-04,5.0,0.1,13.2,8.47,4.27
GF8W3X2S788L,0.49,2024-12-22,Sticker | Vitality (Holo) | Paris 2023,,,45017001,True,24bf796c-ed71-4e67-986e-23f22b69f3bb,2024-12-24,,SOLD,2025-01-04,12.0,0.1,1.12,0.56,0.52
GXXXNHZK6WU9,1.3,2024-12-30,Shanghai 2024 Legends Sticker Capsule,,,57328786,True,4291f769-6a85-41d1-9dec-7229984bd367,2025-01-03,,SOLD,2025-01-04,4.0,0.1,1.69,1.46,0.22
GD70E2RC7KL6,1.2,2024-12-30,Shanghai 2024 Legends Sticker Capsule,,,57328786,True,4b9422bc-167c-452c-b4dc-2ac9df4eb94b,2025-01-03,,SOLD,2025-01-04,4.0,0.1,1.69,1.34,0.32
GN444K8G2NSL,10.0,2024-12-09,Trapper Aggressor | Guerrilla Warfare,,ade52082-d1b5-4176-983d-7b9d6490f409,57476595,False,ade52082-d1b5-4176-983d-7b9d6490f409,2024-12-11,2024-12-17,SOLD,2025-01-05,26.0,0.08,15.34,10.88,4.11
GHWAPA6LAGT4,0.63,2025-01-03,Sticker | Bolt Charge,,,55478590,True,457c079f-a997-4d69-99b9-4bc7d233f40a,2025-01-06,,SOLD,2025-01-05,1.0,0.1,1.12,0.71,0.38
G4FRS6TFA4GH,1.37,2025-01-03,StatTrak™ M4A1-S | Night Terror (Field-Tested),22.93,e9f9d2e8-7beb-4873-be19-2049d049dd54,58378686,False,e9f9d2e8-7beb-4873-be19-2049d049dd54,2025-01-06,2025-01-11,SOLD,2025-01-05,1.0,0.1,1.77,1.53,0.22
GWT3KN3NE76N,1.83,2025-01-03,StatTrak™ USP-S | Ticket to Hell (Minimal Wear),11.1,08f200b4-e62e-46f1-85db-4b383b5a7a75,58378680,False,08f200b4-e62e-46f1-85db-4b383b5a7a75,2025-01-06,2025-01-11,SOLD,2025-01-05,1.0,0.1,2.56,2.04,0.47
GRUDFCGLGSLE,1.5,2024-12-12,Glock-18 | Umbral Rabbit (Factory New),6.49,6cf4b5df-a70f-4401-999b-c7cddc772964,57676414,False,6cf4b5df-a70f-4401-999b-c7cddc772964,2024-12-16,2024-12-20,SOLD,2025-01-05,23.0,0.08,1.86,1.64,0.21
GFUCSNLGGFNN,2.73,2024-12-22,Welcome to the Clutch Pin,,,870735,True,2b14d8ae-e592-41de-928e-b433bafa66a1,2024-12-24,,SOLD,2025-01-05,13.0,0.1,3.6,3.04,0.51
GS53G5R47H8U,0.62,2024-12-26,M4A1-S | Wash me plz (Factory New),5.08,6b49c8d8-f069-4a87-b649-116de29916eb,58135425,False,6b49c8d8-f069-4a87-b649-116de29916eb,2024-12-28,2025-01-03,SOLD,2025-01-05,9.0,0.1,1.61,0.7,0.83
GKSRH8E7FEPU,4.5,2024-10-31,Charm | Die-cast AK,,eafc9826-9dd9-49c7-a5e1-c2e38fc5217b,56380141,False,eafc9826-9dd9-49c7-a5e1-c2e38fc5217b,2024-11-12,,SOLD,2025-01-05,65.0,0.08,7.46,4.9,2.36
GCP4ZG0XEHCE,1.19,2024-12-08,Charm | Disco MAC,,2492a689-17dd-431a-b7f2-1078b2d4ecfc,57476585,False,2492a689-17dd-431a-b7f2-1078b2d4ecfc,2024-12-11,2024-12-16,SOLD,2025-01-05,27.0,0.08,1.82,1.3,0.48
GEFXKLN3R37A,12.72,2024-12-27,Safecracker Voltzmann | The Professionals,,70eab69d-4274-459b-848c-242f284cf853,58135418,False,70eab69d-4274-459b-848c-242f284cf853,2024-12-28,2025-01-03,SOLD,2025-01-06,9.0,0.1,15.78,14.14,1.48
G5ECTTPLZS99,4.08,2024-12-29,Aspirant | Gendarmerie Nationale,,d8ddc257-562d-4750-8e7e-c8d205272d80,58277119,False,d8ddc257-562d-4750-8e7e-c8d205272d80,2025-01-03,2025-01-06,SOLD,2025-01-06,7.0,0.1,5.43,4.54,0.81
GSLRGF5R6G9A,0.83,2024-12-12,M4A1-S | Mud-Spec (Factory New),6.74,945beb09-4c6b-4aa0-9a47-dd9a0d6c3992,57676412,False,945beb09-4c6b-4aa0-9a47-dd9a0d6c3992,2024-12-16,2024-12-19,SOLD,2025-01-06,24.0,0.08,1.74,0.91,0.77
GPC7P2EN97ZZ,29.69,2024-12-29,Bloody Darryl The Strapped | The Professionals,,0e6d5682-defb-444e-a7d4-e0a19fc489a6,58277112,False,0e6d5682-defb-444e-a7d4-e0a19fc489a6,2025-01-03,2025-01-05,SOLD,2025-01-06,7.0,0.1,39.06,33.0,5.46
GG9LHCGWDNAH,1.22,2025-01-04,Glock-18 | Block-18 (Minimal Wear),14.32,b695cbee-4a47-4dc0-9210-77cedb905096,58378688,False,b695cbee-4a47-4dc0-9210-77cedb905096,2025-01-06,2025-01-11,SOLD,2025-01-06,1.0,0.1,1.58,1.37,0.2
G5PX6G2C7C66,1.15,2025-01-03,Five-SeveN | Urban Hazard (Factory New),2.41,d85320d5-6259-4d23-bb98-8220fdf0b159,58378678,False,d85320d5-6259-4d23-bb98-8220fdf0b159,2025-01-06,,SOLD,2025-01-06,2.0,0.1,2.09,1.29,0.73
GDEW38KWT54T,6.22,2025-01-03,"Music Kit | TWERL and Ekko & Sidetrack, Under Bright Lights",,,49240726,True,675adfa4-0fc2-4df6-bcb6-c1214caf150f,2025-01-06,,SOLD,2025-01-06,2.0,0.1,8.3,6.92,1.25
G4PE5LWF36L6,0.44,2024-12-22,Sticker | PGL (Holo) | Stockholm 2021,,,36659662,True,e8ca616b-0048-43e3-8a68-2e154f6b08b7,2024-12-24,,SOLD,2025-01-07,15.0,0.1,0.72,0.5,0.21
G2TRAW7CA2LS,1.18,2024-12-29,Sticker | Vitality (Holo) | Stockholm 2021,,,36663837,True,d0ad758c-3141-4d7e-a5b2-babc6b899038,2025-01-03,,SOLD,2025-01-07,8.0,0.1,2.16,1.32,0.76
GAA2H2F8XUD7,0.4,2024-12-29,Sticker | PGL (Holo) | Stockholm 2021,,,36659662,True,3aa2d8bb-e42f-48b0-b6ca-1a41c33ca203,2025-01-03,,SOLD,2025-01-07,8.0,0.1,0.72,0.46,0.25
G324ZNXT28SS,0.4,2024-12-26,Sticker | PGL (Holo) | Stockholm 2021,,,36659662,True,b656613f-4fe0-4777-b13c-120cd77ed513,2024-12-28,,SOLD,2025-01-07,11.0,0.1,0.72,0.46,0.25
GWN6G45EC0AL,2.06,2024-12-31,Canals Pin,,,864505,True,c43fb3f2-74f8-4cae-86e2-dfa847dabe30,2025-01-03,,SOLD,2025-01-07,6.0,0.1,2.68,2.3,0.35
GL7NT2077PZK,2.5,2025-01-03,AWP | Atheris (Field-Tested),33.79,82d7aa13-e15d-4970-bed8-b3408d5e2257,58378677,False,82d7aa13-e15d-4970-bed8-b3408d5e2257,2025-01-06,2025-01-10,SOLD,2025-01-07,3.0,0.1,3.13,2.79,0.32
GTZ257PAF4NG,0.49,2024-12-03,Charm | Big Kev,,fda38187-cf42-4e9a-8a2f-7943c66115f0,57292555,False,fda38187-cf42-4e9a-8a2f-7943c66115f0,2024-12-05,2024-12-11,SOLD,2025-01-07,34.0,0.08,1.07,0.54,0.49
GK27ZHGFZ0KX,0.41,2024-12-25,Sticker | PGL (Holo) | Stockholm 2021,,,36659662,True,136da09f-69a0-4e7f-810c-81e1efb6e43a,2024-12-26,,SOLD,2025-01-07,12.0,0.1,0.72,0.47,0.24
G3ZCGPG8L85F,14.24,2025-01-03,AK-47 | Nightwish (Minimal Wear),9.85,f45468d4-a1e4-4a65-bfce-1b3292142abc,58378673,False,f45468d4-a1e4-4a65-bfce-1b3292142abc,2025-01-06,2025-01-10,SOLD,2025-01-07,3.0,0.1,18.36,15.83,2.28
G5GGWE4CN9C4,1.77,2024-12-06,Glock-18 | Umbral Rabbit (Factory New),4.91,6066db02-4bb2-4d2e-a898-d57ff809cdf7,57391402,False,6066db02-4bb2-4d2e-a898-d57ff809cdf7,2024-12-09,2024-12-12,SOLD,2025-01-08,32.0,0.08,2.11,1.93,0.17
G632RZ5628CW,4.04,2025-01-06,Glock-18 | Vogue (Minimal Wear),12.43,a2146be4-c037-4ae5-bd9f-4487895fdabc,58427056,False,a2146be4-c037-4ae5-bd9f-4487895fdabc,2025-01-08,2025-01-14,SOLD,2025-01-08,1.0,0.1,5.26,4.5,0.69
GA66H0SKXL8E,1.47,2024-12-24,Charm | That's Bananas,,ba579273-38b6-4963-87d7-78be6be5e936,58081395,False,ba579273-38b6-4963-87d7-78be6be5e936,2024-12-26,2025-01-01,SOLD,2025-01-08,14.0,0.1,3.79,1.64,1.94
GTSAC9UCUPPC,2.69,2025-01-06,Welcome to the Clutch Pin,,,870735,True,6343e29d-125c-4aa7-b3dd-da5ed617e9b8,2025-01-08,,SOLD,2025-01-08,1.0,0.1,3.42,3.0,0.39
G67K32EZF0UA,2.66,2025-01-06,AK-47 | Slate (Field-Tested),32.18,cecd2b39-fbde-40c1-a8bf-45b230231e23,58427042,False,cecd2b39-fbde-40c1-a8bf-45b230231e23,2025-01-08,2025-01-14,SOLD,2025-01-08,1.0,0.1,3.3,2.97,0.31
GXF40NK84WGW,1.57,2025-01-06,StatTrak™ M4A1-S | Emphorosaur-S (Field-Tested),26.01,4dcba10b-db92-4f64-a025-355a25035f28,58427041,False,4dcba10b-db92-4f64-a025-355a25035f28,2025-01-08,2025-01-14,SOLD,2025-01-08,1.0,0.1,2.48,1.76,0.66
GFFTCW0H552S,4.92,2024-12-29,1st Lieutenant Farlow | SWAT,,973210fa-1c8d-40c8-b7d5-5f6324cdbd4b,58277118,False,973210fa-1c8d-40c8-b7d5-5f6324cdbd4b,2025-01-03,2025-01-06,SOLD,2025-01-08,9.0,0.1,6.73,5.48,1.14
GRZHLNSWLH0U,0.66,2025-01-06,Glock-18 | Moonrise (Minimal Wear),11.03,cf8dbf8f-9b64-4948-a27b-a92ef2533904,58427051,False,cf8dbf8f-9b64-4948-a27b-a92ef2533904,2025-01-08,2025-01-13,SOLD,2025-01-08,1.0,0.1,1.25,0.74,0.46
GW5E2LU0U33S,2.0,2024-12-07,Glock-18 | Umbral Rabbit (Factory New),6.82,bc996d06-ff92-44d3-9481-4c6337b7d5c7,57391410,False,bc996d06-ff92-44d3-9481-4c6337b7d5c7,2024-12-09,,SOLD,2025-01-08,31.0,0.08,2.02,2.18,-0.14
G2KKDSDS4F7Z,0.51,2024-12-01,Charm | Big Kev,,6801cef9-19bc-43fc-a771-ac23a18929e0,57292543,False,6801cef9-19bc-43fc-a771-ac23a18929e0,2024-12-05,2024-12-09,SOLD,2025-01-08,37.0,0.08,1.07,0.57,0.47
GF809EFL65GC,5.8,2025-01-07,AWP | Chromatic Aberration (Field-Tested),29.87,5092099b-98ce-440f-8e38-7d4f79ccdd0f,58480717,False,5092099b-98ce-440f-8e38-7d4f79ccdd0f,2025-01-09,2025-01-15,SOLD,2025-01-08,0.0,0.1,7.43,6.46,0.89
GXK23CDD0WXW,0.75,2025-01-06,Glock-18 | Moonrise (Minimal Wear),8.59,b8269b27-0fac-45d6-a111-6f46ae393a5b,58427050,False,b8269b27-0fac-45d6-a111-6f46ae393a5b,2025-01-08,2025-01-13,SOLD,2025-01-08,1.0,0.1,1.25,0.84,0.38
GLL54NP0ACL7,4.83,2024-12-09,Charm | Die-cast AK,,7467a9cd-a61c-480e-a914-7506e7f814c7,57476604,False,7467a9cd-a61c-480e-a914-7506e7f814c7,2024-12-11,2024-12-17,SOLD,2025-01-08,29.0,0.08,7.46,5.26,2.03
GNN6ZTTZ7DKE,3.54,2024-10-26,Hydra Pin,,,868658,True,0ded448c-868e-4970-9fbd-b898aa5c1f8a,2024-10-27,,SOLD,2025-01-08,73.0,0.1,5.79,3.94,1.67
G4GXLLR9PRXZ,0.59,2024-12-31,M4A1-S | Wash me plz (Factory New),1.41,dfa2ea1e-88df-4d58-93dc-9a01ac1605c3,58277132,False,dfa2ea1e-88df-4d58-93dc-9a01ac1605c3,2025-01-03,2025-01-08,SOLD,2025-01-08,7.0,0.1,1.61,0.67,0.86
GU2GKU6FZRE5,6.0,2025-01-03,USP-S | Cortex (Factory New),5.94,8ebe44bb-9490-4335-bf72-04854c35025b,58378687,False,8ebe44bb-9490-4335-bf72-04854c35025b,2025-01-06,2025-01-08,SOLD,2025-01-08,4.0,0.1,9.09,6.68,2.18
GEX36P3FELFT,5.04,2024-12-01,Glock-18 | Nuclear Garden (Factory New),6.32,b196d7f3-997e-4bfc-8d79-a7894fe39b18,57292537,False,b196d7f3-997e-4bfc-8d79-a7894fe39b18,2024-12-05,2024-12-09,SOLD,2025-01-09,38.0,0.08,5.72,5.49,0.22
GRH2GG3C60D9,1.22,2025-01-07,Dreams & Nightmares Case,,,37707469,True,b01274f3-e240-4430-8360-ecab63f62352,2025-01-09,,SOLD,2025-01-09,1.0,0.1,1.51,1.37,0.14
GPUGR0K89L8P,0.4,2024-12-29,Sticker | Imperial Esports (Glitter) | Antwerp 2022,,,39915683,True,49dfdfa9-0c8d-48aa-a320-b1276b8eb138,2025-01-03,,SOLD,2025-01-09,10.0,0.1,0.67,0.46,0.2
GHL00Z57RX6D,0.4,2024-12-29,Sticker | Imperial Esports (Glitter) | Antwerp 2022,,,39915683,True,701b9731-5248-4a99-963c-438c152f1225,2025-01-03,,SOLD,2025-01-09,10.0,0.1,0.67,0.46,0.2
GRLHG87H5404,1.5,2025-01-07,AWP | Black Nile (Field-Tested),37.45,fde50298-17bf-45e0-b1b6-22371a0df754,58480722,False,fde50298-17bf-45e0-b1b6-22371a0df754,2025-01-09,2025-01-15,SOLD,2025-01-09,1.0,0.1,1.9,1.68,0.21
GCSL9XW478C7,0.65,2024-12-30,M4A1-S | Wash me plz (Factory New),5.48,c3ab40f2-857b-431f-adb4-78626f65f0c6,58277126,False,c3ab40f2-857b-431f-adb4-78626f65f0c6,2025-01-03,2025-01-07,SOLD,2025-01-09,9.0,0.1,1.61,0.73,0.8
G5Z45HX58AEU,1.38,2025-01-07,Glock-18 | Umbral Rabbit (Factory New),6.69,aa1c5f6d-de1d-4960-b273-b75331b8cc66,58480711,False,aa1c5f6d-de1d-4960-b273-b75331b8cc66,2025-01-09,2025-01-15,SOLD,2025-01-09,1.0,0.1,1.69,1.54,0.14
G7E6CEGPZ0DD,1.46,2025-01-07,R8 Revolver | Blaze (Factory New),0.15,dc8cb4f2-8813-44e9-b2a2-d8a60fb52a28,58480710,False,dc8cb4f2-8813-44e9-b2a2-d8a60fb52a28,2025-01-09,2025-01-15,SOLD,2025-01-09,1.0,0.1,1.95,1.63,0.29
GLGN425HWFGF,1.26,2025-01-07,Dreams & Nightmares Case,,,37707469,True,3bd9ee03-ed41-4ed2-abcc-a9b3041b8a40,2025-01-09,,SOLD,2025-01-09,1.0,0.1,1.51,1.41,0.1
GFA3DHXNTWAA,2.32,2025-01-07,Easy Peasy Pin,,,885060,True,7c2b4098-478a-4ee5-b16d-6f627effca4a,2025-01-08,,SOLD,2025-01-09,1.0,0.1,3.4,2.59,0.74
GRUEL0NG6NCD,3.91,2025-01-01,StatTrak™ Glock-18 | Umbral Rabbit (Factory New),6.63,779a6918-778b-4631-a823-004c48054356,58277129,False,779a6918-778b-4631-a823-004c48054356,2025-01-03,2025-01-09,SOLD,2025-01-09,7.0,0.1,7.33,4.36,2.69
GSEXFX8603H6,0.96,2024-12-22,Glock-18 | Nuclear Garden (Field-Tested),30.4,1b409130-d6ce-48b8-8799-3cc37596d135,58006052,False,1b409130-d6ce-48b8-8799-3cc37596d135,2024-12-24,2024-12-30,SOLD,2025-01-10,18.0,0.1,1.92,1.08,0.77
GDKCCR83EZ2P,0.5,2024-12-03,Charm | Big Kev,,ccfd6f5c-7fe7-4508-a87a-8036354528dc,57292556,False,ccfd6f5c-7fe7-4508-a87a-8036354528dc,2024-12-05,2024-12-11,SOLD,2025-01-10,37.0,0.08,1.07,0.55,0.48
G53E9SESDXDA,3.93,2025-01-08,AWP | Atheris (Minimal Wear),11.93,2366680d-5816-4399-8d5d-c9ce4f2fac40,58480720,False,2366680d-5816-4399-8d5d-c9ce4f2fac40,2025-01-09,2025-01-15,SOLD,2025-01-10,1.0,0.1,6.33,4.38,1.77
GRAUHXPW23FA,2.24,2025-01-06,AWP | Acheron (Factory New),7.0,4fd941fc-a75d-41b8-80d1-d36c7efb489a,58427045,False,4fd941fc-a75d-41b8-80d1-d36c7efb489a,2025-01-08,,SOLD,2025-01-10,3.0,0.1,3.49,2.5,0.9
G36SANU5ES2E,41.43,2025-01-07,Cmdr. Frank 'Wet Sox' Baroud | SEAL Frogman,,e4151bdb-a3ae-4e2b-8f03-b9474058aea1,58480725,False,e4151bdb-a3ae-4e2b-8f03-b9474058aea1,2025-01-09,2025-01-15,SOLD,2025-01-10,2.0,0.1,50.07,46.04,3.63
GFNTAGW7NE7S,1.05,2025-01-03,Charm | Disco MAC,,21c843b1-422f-4996-9418-8f7c07e3a30b,58378670,False,21c843b1-422f-4996-9418-8f7c07e3a30b,2025-01-06,2025-01-10,SOLD,2025-01-10,6.0,0.1,1.82,1.18,0.59
G4E5ANTCTSF8,0.62,2025-01-06,Sticker | Flex,,,55480742,True,4138128e-5577-48db-9d19-2762c05ccd5b,2025-01-08,,SOLD,2025-01-10,3.0,0.1,1.28,0.7,0.53
G8DZGWXUCD0U,11.08,2025-01-04,Trapper Aggressor | Guerrilla Warfare,,67883418-69ec-4e1d-bf0e-4e3e88467d41,58378690,False,67883418-69ec-4e1d-bf0e-4e3e88467d41,2025-01-06,2025-01-11,SOLD,2025-01-10,5.0,0.1,13.77,12.32,1.31
GXKNX3AA5UW6,1.2,2024-12-29,Five-SeveN | Urban Hazard (Factory New),4.99,e874130c-be8d-425c-aad8-c6bd2bbe0a2c,58277109,False,e874130c-be8d-425c-aad8-c6bd2bbe0a2c,2025-01-03,2025-01-06,SOLD,2025-01-10,11.0,0.1,2.09,1.34,0.68
GZK92EGEANTU,1.24,2024-12-07,Sticker | Cloud9 (Glitter) | Copenhagen 2024,,,50406212,True,5dea276c-da2d-4ece-99f5-102bd3934b81,2024-12-09,,SOLD,2025-01-10,33.0,0.08,1.69,1.36,0.31
G0RPC0H2G5TZ,0.94,2024-12-24,M4A1-S | Emphorosaur-S (Minimal Wear),7.57,10f2fec0-279f-498a-8409-2eba88d45b1f,58081410,False,10f2fec0-279f-498a-8409-2eba88d45b1f,2024-12-26,2025-01-01,SOLD,2025-01-10,16.0,0.1,1.55,1.06,0.46
G6X8ANNTA942,15.2,2025-01-07,Operation Hydra Case,,,136909,True,d2fcd54a-bb30-44f2-93f4-651b1c5a0ce6,2025-01-09,,SOLD,2025-01-11,3.0,0.1,18.38,16.9,1.34
G88U86RAW8FS,0.81,2025-01-04,M4A1-S | Emphorosaur-S (Minimal Wear),14.78,8ade4071-3e7a-4d97-a0c0-8f7cc7a76c80,58378689,False,8ade4071-3e7a-4d97-a0c0-8f7cc7a76c80,2025-01-06,2025-01-11,SOLD,2025-01-11,6.0,0.1,1.55,0.91,0.58
GUTH0UK6XCPU,3.19,2025-01-06,MP7 | Fade (Minimal Wear),7.12,904102ff-9226-4d80-94f7-dc8ae2d8e6d8,58427054,False,904102ff-9226-4d80-94f7-dc8ae2d8e6d8,2025-01-08,2025-01-14,SOLD,2025-01-11,4.0,0.1,4.7,3.56,1.04
GDZ9P42FTSGF,0.88,2025-01-03,Desert Eagle | Meteorite (Factory New),4.61,68258615-918a-49aa-947f-628f16037bb8,58378685,False,68258615-918a-49aa-947f-628f16037bb8,2025-01-06,2025-01-11,SOLD,2025-01-11,7.0,0.1,1.15,0.99,0.15
G3D80CD46ENC,3.11,2025-01-07,Glock-18 | Water Elemental (Field-Tested),21.48,72b38231-dc1e-4818-aec2-6db44f881600,58480716,False,72b38231-dc1e-4818-aec2-6db44f881600,2025-01-09,2025-01-15,SOLD,2025-01-11,3.0,0.1,3.83,3.47,0.34
GFCH8D4L92N0,4.83,2024-12-09,Charm | Die-cast AK,,6bfa0958-f07d-45a6-8519-6e3675a277e4,57476603,False,6bfa0958-f07d-45a6-8519-6e3675a277e4,2024-12-11,2024-12-17,SOLD,2025-01-11,32.0,0.08,7.46,5.26,2.03
G3HS0FR7GD58,0.9,2024-12-07,Sticker | Cedar Creek (Holo),,,48957894,True,5d4692ee-ee68-4e7a-8977-5bb11104dd1f,2024-12-09,,SOLD,2025-01-11,34.0,0.08,1.6,0.99,0.57
G45AA709XPEN,10.13,2025-01-03,USP-S | Blueprint (Minimal Wear),8.45,943cf865-d1fa-4513-98a0-8967c40517f1,58378681,False,943cf865-d1fa-4513-98a0-8967c40517f1,2025-01-06,2025-01-11,SOLD,2025-01-11,7.0,0.1,13.2,11.27,1.75
G7LK6TTPH2ZT,0.42,2025-01-04,Sticker | Bolt Strike,,,55436342,True,dc6102b3-27ce-47f0-a098-b64433f9f256,2025-01-06,,SOLD,2025-01-11,6.0,0.1,1.02,0.48,0.5
GN3WU8U6STZ4,3.71,2025-01-06,Hydra Pin,,,868658,True,cc91bfa7-3d3f-445b-a6f4-d3856a63023e,2025-01-08,,SOLD,2025-01-11,4.0,0.1,4.81,4.13,0.62
GSFU59TUADHX,0.53,2024-12-31,M4A4 | Converter (Factory New),4.19,6c355a94-1b57-4fb0-b61a-7387d82547b2,58277133,False,6c355a94-1b57-4fb0-b61a-7387d82547b2,2025-01-03,2025-01-08,SOLD,2025-01-11,10.0,0.1,1.89,0.6,1.17
G9TZSKWE3T3P,1.22,2024-12-29,Glock-18 | Nuclear Garden (Field-Tested),31.15,5a8848ca-bfb7-4081-ac8e-44a0fb42cba9,58277107,False,5a8848ca-bfb7-4081-ac8e-44a0fb42cba9,2025-01-03,2025-01-05,SOLD,2025-01-11,12.0,0.1,1.92,1.37,0.51
GCWNW8KG363N,4.28,2025-01-03,Glock-18 | Wasteland Rebel (Factory New),6.93,6b0de39c-c9d0-4c4b-9b8a-3949515655b8,58378675,False,6b0de39c-c9d0-4c4b-9b8a-3949515655b8,2025-01-06,2025-01-10,SOLD,2025-01-11,7.0,0.1,6.79,4.77,1.83
G8T2A4AFZ4G5,2.93,2025-01-06,Wildfire Pin,,,870733,True,50692ccc-64d6-4f63-8a95-044b9b51be61,2025-01-09,,SOLD,2025-01-11,4.0,0.1,4.21,3.27,0.86
GNGCKH5CX5PN,0.94,2024-12-03,Sticker | Cedar Creek (Holo),,,48957894,True,715e6b78-cab9-4f1e-be4f-8f51dda737e3,2024-12-05,,SOLD,2025-01-11,38.0,0.08,1.6,1.03,0.53
G3GKLA3DFLDF,2.81,2025-01-07,Wildfire Pin,,,870733,True,980ff887-a02e-44b1-8549-b2fd8b7647ca,2025-01-08,,SOLD,2025-01-11,3.0,0.1,4.21,3.13,0.98
GK04RDTR2HL6,9.2,2024-11-26,USP-S | Cortex (Factory New),4.57,f409ba78-1bb8-4124-9908-c75fb98c88b5,57026780,False,f409ba78-1bb8-4124-9908-c75fb98c88b5,2024-11-28,2024-12-03,SOLD,2025-01-12,46.0,0.08,10.6,10.01,0.55
GPA2D2CZ6DNZ,12.0,2024-12-07,StatTrak™ AK-47 | Legion of Anubis (Field-Tested),31.06,b0a039cf-aba4-426f-abb4-59d3058b1f10,57391422,False,b0a039cf-aba4-426f-abb4-59d3058b1f10,2024-12-09,2024-12-11,SOLD,2025-01-12,35.0,0.08,16.06,13.05,2.78
GFSE86X5PHX8,6.85,2025-01-03,AK-47 | Crossfade (Factory New),6.0,cafc7bb0-ec1d-4455-b601-462f2af52178,58378674,False,cafc7bb0-ec1d-4455-b601-462f2af52178,2025-01-06,2025-01-10,SOLD,2025-01-12,8.0,0.1,10.61,7.62,2.7
GDST6EFZH9G7,1.72,2025-01-06,Desert Eagle | Tilted (Minimal Wear),8.37,81adcb15-57ea-467e-8d6c-975d511e6a80,58427058,False,81adcb15-57ea-467e-8d6c-975d511e6a80,2025-01-08,2025-01-14,SOLD,2025-01-12,5.0,0.1,3.24,1.92,1.2
G3K7DAGR8SLF,2.25,2025-01-03,Charm | That's Bananas,,9c8ba35e-1a67-4b55-bfcf-323fd3f166e1,58378683,False,9c8ba35e-1a67-4b55-bfcf-323fd3f166e1,2025-01-06,2025-01-11,SOLD,2025-01-12,8.0,0.1,3.79,2.51,1.16
GX44WHDPLH4K,2.39,2025-01-06,Inferno 2 Pin,,,864504,True,9591df75-1371-4532-b8e9-b718cec9a430,2025-01-09,,SOLD,2025-01-12,5.0,0.1,3.63,2.67,0.88
G99P8RTHPFGT,6.16,2024-12-09,Charm | Die-cast AK,,9ca7ad85-19f9-4a4b-b26f-3ce12b7e3073,57476600,False,9ca7ad85-19f9-4a4b-b26f-3ce12b7e3073,2024-12-11,2024-12-17,SOLD,2025-01-12,33.0,0.08,7.46,6.71,0.7
G6HK0ZTXH6S0,4.15,2025-01-03,Rezan the Redshirt | Sabre,,86f8e171-8499-4d6b-8bf6-c10097fe98bc,58378676,False,86f8e171-8499-4d6b-8bf6-c10097fe98bc,2025-01-06,2025-01-10,SOLD,2025-01-12,8.0,0.1,5.61,4.62,0.9
G8LR5G79US2G,2.0,2025-01-07,Desert Eagle | Tilted (Minimal Wear),13.23,8a54714d-b2bf-474a-b5a6-3e25a44cb5b5,58480708,False,8a54714d-b2bf-474a-b5a6-3e25a44cb5b5,2025-01-09,2025-01-15,SOLD,2025-01-12,4.0,0.1,3.24,2.23,0.92
GAD64FAG06FA,2.03,2025-01-06,Sticker | Infinite Triangle (Holo),,,43562063,True,62ea371b-5b61-43c9-a6be-c21cf8fa3021,2025-01-08,,SOLD,2025-01-13,6.0,0.1,3.43,2.27,1.06
G9U064TRSGST,0.52,2025-01-09,Sticker | Eternal Fire (Glitter) | Copenhagen 2024,,,50337348,True,dc9c8683-ace6-4de4-93e9-0edddda2f9ed,2025-01-14,,SOLD,2025-01-13,3.0,0.15,0.98,0.62,0.31
GTRH037RKGRT,9.06,2024-12-31,FAMAS | Commemoration (Factory New),4.08,f1384186-caa0-4650-b50c-4222b3426456,58277131,False,f1384186-caa0-4650-b50c-4222b3426456,2025-01-03,2025-01-07,SOLD,2025-01-13,12.0,0.1,12.0,10.08,1.74
GSG5P26USLUD,3.5,2025-01-06,StatTrak™ Five-SeveN | Urban Hazard (Factory New),2.62,7776ab01-f945-49ef-a542-fc80b9c6da33,58427036,False,7776ab01-f945-49ef-a542-fc80b9c6da33,2025-01-08,2025-01-12,SOLD,2025-01-13,6.0,0.1,5.33,3.9,1.3
GZDPLGETG8AL,9.99,2025-01-07,MP9 | Mount Fuji (Factory New),3.14,9800c279-c477-4ec4-ba6c-f7b1576ed9b3,58480705,False,9800c279-c477-4ec4-ba6c-f7b1576ed9b3,2025-01-09,2025-01-13,SOLD,2025-01-13,5.0,0.1,12.11,11.11,0.91
GKRE8TGH5F9H,0.27,2024-12-24,Sticker | SAW (Glitter) | Copenhagen 2024,,,50406198,True,0ba0c3eb-2b75-453b-b397-bbf1acedf16f,2024-12-28,,SOLD,2025-01-13,19.0,0.1,0.9,0.31,0.54
G3PS6L7Z4SNN,1.31,2025-01-06,Sticker | High Heat,,,55414367,True,6fd60726-eb65-4b96-b00a-fe0997a5676c,2025-01-08,,SOLD,2025-01-13,6.0,0.1,2.34,1.47,0.8
GPDZKULDDFUG,0.52,2025-01-09,Sticker | Eternal Fire (Glitter) | Copenhagen 2024,,,50337348,True,3c8626f7-6bd5-4c7b-bb44-fa89cad3e8a9,2025-01-14,,SOLD,2025-01-13,3.0,0.15,0.98,0.62,0.31
GDZ4L2ZRTRNE,0.36,2024-12-24,Sticker | SAW (Glitter) | Copenhagen 2024,,,50406198,True,cf0e5d09-35ed-416f-aa97-6b0143dd7f01,2024-12-26,,SOLD,2025-01-13,19.0,0.1,0.9,0.41,0.45
G07PN23PGP9K,1.77,2025-01-07,StatTrak™ Glock-18 | Moonrise (Minimal Wear),12.22,13820612-f046-419d-a460-fdb6e5e98204,58480718,False,13820612-f046-419d-a460-fdb6e5e98204,2025-01-09,2025-01-15,SOLD,2025-01-13,5.0,0.1,3.98,1.98,1.81
G3LSPDE8N2EN,2.0,2025-01-12,Desert Eagle | Heat Treated (Well-Worn),39.51,1d7cd894-0b1a-4b97-b8f2-7f89cb7a9e72,58606692,False,1d7cd894-0b1a-4b97-b8f2-7f89cb7a9e72,2025-01-14,2025-01-19,SOLD,2025-01-13,0.0,0.15,2.92,2.36,0.48
GF8SHFULNCTL,13.0,2025-01-07,M4A1-S | Black Lotus (Minimal Wear),8.63,6fb0ef17-3a28-48df-a640-27677b8ffb7f,58480706,False,6fb0ef17-3a28-48df-a640-27677b8ffb7f,2025-01-09,2025-01-14,SOLD,2025-01-13,5.0,0.1,16.04,14.46,1.44
GZ3RTXAHTTE8,9.66,2024-11-24,USP-S | Cortex (Factory New),6.84,0d82ecf6-c016-4488-a809-acfe1a44d4be,57026778,False,0d82ecf6-c016-4488-a809-acfe1a44d4be,2024-11-28,2024-11-26,SOLD,2025-01-13,49.0,0.08,10.65,10.51,0.14
G0H55HWU2GX3,0.28,2024-12-25,Sticker | SAW (Glitter) | Copenhagen 2024,,,50406198,True,8d6ee6a3-c284-4f61-9f39-d4ee3396753d,2024-12-26,,SOLD,2025-01-13,18.0,0.1,0.9,0.32,0.53
GD3LN4FKKZUS,0.47,2025-01-06,Sticker | Eternal Fire (Glitter) | Copenhagen 2024,,,50337348,True,a00dffd9-00a0-4255-b311-2db45d96250c,2025-01-08,,SOLD,2025-01-13,6.0,0.1,0.91,0.53,0.35
GZ0E6UXXU37U,0.58,2025-01-11,Glock-18 | Candy Apple (Factory New),4.35,b547dfeb-0cc9-4c03-9dbd-b76fcf09690f,58606675,False,b547dfeb-0cc9-4c03-9dbd-b76fcf09690f,2025-01-14,,SOLD,2025-01-13,1.0,0.15,1.09,0.69,0.35
GGXRSWWAHTD9,0.47,2025-01-06,Sticker | Eternal Fire (Glitter) | Copenhagen 2024,,,50337348,True,95cf3b64-42e3-4e37-893f-c832ad1790e1,2025-01-08,,SOLD,2025-01-13,6.0,0.1,0.91,0.53,0.35
GPS5XPRHER8G,2.3,2025-01-11,AK-47 | Crossfade (Minimal Wear),9.58,2097d657-0a29-4cca-a741-8e4bc451ab36,58606683,False,2097d657-0a29-4cca-a741-8e4bc451ab36,2025-01-14,2025-01-19,SOLD,2025-01-13,1.0,0.15,4.15,2.72,1.23
G66T8ZHH3K9H,0.93,2024-12-29,M4A1-S | Emphorosaur-S (Minimal Wear),11.67,60ecd599-c7e5-4f46-8bfa-b0fe9fd84c63,58277117,False,60ecd599-c7e5-4f46-8bfa-b0fe9fd84c63,2025-01-03,2025-01-06,SOLD,2025-01-13,14.0,0.1,1.55,1.04,0.46
G0N0WZ0P4PHZ,0.88,2025-01-07,Sticker | Rainbow Route (Holo),,,55373804,True,8f37da87-2547-453e-b95f-410237317e00,2025-01-09,,SOLD,2025-01-14,6.0,0.1,1.48,0.99,0.45
G2AT596THAH9,0.92,2024-12-24,M4A1-S | Emphorosaur-S (Minimal Wear),13.09,aad7cc56-5238-4700-a5aa-931e3dc7a2ad,58081409,False,aad7cc56-5238-4700-a5aa-931e3dc7a2ad,2024-12-26,2025-01-01,SOLD,2025-01-14,20.0,0.1,1.55,1.03,0.47
G37W742K6UFT,2.08,2025-01-06,Canals Pin,,,864505,True,5b628064-9622-4be2-8fcc-4a24ef985e5d,2025-01-08,,SOLD,2025-01-14,7.0,0.1,2.88,2.32,0.51
G9TS3W032TT7,1.2,2025-01-06,Sticker | High Heat,,,55414367,True,a46662cb-ff03-417b-aed3-5a8d8bddf950,2025-01-08,,SOLD,2025-01-14,7.0,0.1,2.34,1.34,0.91
G34A06DS90CR,1.71,2025-01-12,Desert Eagle | Tilted (Minimal Wear),7.39,2dfb7d11-d6db-4417-9389-60e5fc9f8400,58606693,False,2dfb7d11-d6db-4417-9389-60e5fc9f8400,2025-01-14,2025-01-19,SOLD,2025-01-14,1.0,0.15,3.26,2.02,1.06
GZ8GC3HEH679,9.0,2025-01-11,M4A4 | 龍王 (Dragon King) (Minimal Wear),7.13,1b75eeb7-c639-49fb-8ae8-077bea1974bd,58606682,False,1b75eeb7-c639-49fb-8ae8-077bea1974bd,2025-01-14,2025-01-19,SOLD,2025-01-14,2.0,0.15,11.96,10.6,1.17
G0NU56XW3UPA,0.59,2025-01-06,M4A1-S | Wash me plz (Factory New),5.76,34b947d8-2d04-4468-bde2-a6a63ce6da12,58427049,False,34b947d8-2d04-4468-bde2-a6a63ce6da12,2025-01-08,2025-01-13,SOLD,2025-01-14,7.0,0.1,1.57,0.67,0.82
G7HN7ZZ62ZG5,1.18,2025-01-12,Tec-9 | Re-Entry (Factory New),5.46,4b21d719-206a-4af6-bf71-e10984b81b88,58606699,False,4b21d719-206a-4af6-bf71-e10984b81b88,2025-01-14,2025-01-20,SOLD,2025-01-14,1.0,0.15,2.66,1.4,1.08
GNG28A0G5P3K,8.37,2025-01-06,Cmdr. Mae 'Dead Cold' Jamison | SWAT,,fc4ef7f7-3517-4032-a839-bc758d50f99d,58427055,False,fc4ef7f7-3517-4032-a839-bc758d50f99d,2025-01-08,2025-01-14,SOLD,2025-01-14,7.0,0.1,10.96,9.31,1.49
GFE58ERCX04H,2.0,2025-01-14,AK-47 | Slate (Well-Worn),39.22,6852261c-eb3c-46e8-8dfc-d7fc69d0eb05,58672600,False,6852261c-eb3c-46e8-8dfc-d7fc69d0eb05,2025-01-16,2025-01-21,SOLD,2025-01-15,0.0,0.08,2.68,2.18,0.47
GZD2W8XEP6HT,0.6,2025-01-12,Glock-18 | Moonrise (Minimal Wear),13.07,f75155c7-90ad-4a1c-a96f-a72fda5267ee,58672627,False,f75155c7-90ad-4a1c-a96f-a72fda5267ee,2025-01-16,2025-01-19,SOLD,2025-01-15,2.0,0.08,1.5,0.66,0.78
GDP6KEZ2UK88,1.5,2025-01-14,Desert Eagle | Sputnik (Factory New),0.8,899dd9fa-817e-4ff4-869c-0bc582b55785,58672603,False,899dd9fa-817e-4ff4-869c-0bc582b55785,2025-01-16,2025-01-22,SOLD,2025-01-15,0.0,0.08,3.02,1.64,1.28
GAZ8LZ3749A8,0.41,2025-01-07,Sticker | Bolt Strike,,,55436342,True,413b9aba-830b-4d91-9b97-d61fbb074edb,2025-01-08,,SOLD,2025-01-15,7.0,0.1,0.99,0.47,0.48
GE9TTNEPR02H,1.3,2025-01-07,Desert Eagle | Light Rail (Minimal Wear),7.41,b26a3306-c2e4-4334-b03d-a0e06f7e95e9,58480723,False,b26a3306-c2e4-4334-b03d-a0e06f7e95e9,2025-01-09,2025-01-15,SOLD,2025-01-15,7.0,0.1,1.6,1.46,0.14
GEW0HTARTC6P,0.71,2025-01-06,Sticker | Bolt Charge,,,55478590,True,8639cfc6-5f2d-452f-9098-076301902aa5,2025-01-08,,SOLD,2025-01-15,8.0,0.1,2.09,0.8,1.17
GLRWHDZ2W4L5,0.71,2025-01-06,Sticker | Bolt Charge,,,55478590,True,3f7161e7-d422-4e45-bc80-6cb67a604c9d,2025-01-08,,SOLD,2025-01-15,8.0,0.1,2.09,0.8,1.17
GTHNRAUPT66P,0.93,2024-12-22,M4A1-S | Emphorosaur-S (Minimal Wear),12.32,b63e27f1-b956-4f58-a346-a6bcab2aadf2,58006047,False,b63e27f1-b956-4f58-a346-a6bcab2aadf2,2024-12-24,2024-12-29,SOLD,2025-01-15,23.0,0.1,1.55,1.04,0.46
GW2ETWXW3SXD,0.36,2025-01-06,Sticker | Flex,,,55480742,True,ba8ab392-a046-4c67-8b7a-8301e602f74d,2025-01-08,,SOLD,2025-01-15,8.0,0.1,1.28,0.41,0.79
G4UULDA3Z3WH,0.36,2025-01-06,Sticker | Flex,,,55480742,True,c7d0bd82-d588-4941-963e-2e640ccdab0e,2025-01-08,,SOLD,2025-01-15,8.0,0.1,1.28,0.41,0.79
GT9STRCR6DF8,0.83,2024-12-10,USP-S | Check Engine (Factory New),5.25,035b159f-98f6-404b-b886-6b52117dd620,57530147,False,035b159f-98f6-404b-b886-6b52117dd620,2024-12-12,2024-12-17,SOLD,2025-01-15,35.0,0.08,1.49,0.91,0.54
G64R37PCC5UT,2.42,2025-01-06,Easy Peasy Pin,,,885060,True,35ef8c0a-d9a4-4411-8fe0-7c28b4d947dd,2025-01-09,,SOLD,2025-01-15,8.0,0.1,3.4,2.7,0.64
GZ2H9PNTH685,0.65,2025-01-06,Sticker | Bolt Charge,,,55478590,True,35e91f0f-36da-4917-83c5-f862a1a8cdb6,2025-01-08,,SOLD,2025-01-15,8.0,0.1,2.09,0.73,1.23
GTKPZD508DAE,0.41,2025-01-06,Sticker | Bolt Strike,,,55436342,True,9ef72516-1f75-4120-a8aa-8a01d448608d,2025-01-08,,SOLD,2025-01-15,8.0,0.1,0.99,0.47,0.48
GUL245A8ZR6R,0.41,2025-01-06,Sticker | Bolt Strike,,,55436342,True,3f7efa79-2d54-4393-96f0-cb3554901acf,2025-01-08,,SOLD,2025-01-15,8.0,0.1,0.99,0.47,0.48
GLSAE6EDE07A,0.13,2024-11-17,Sticker | Surf's Up,,,6092547,True,8c54cbde-985b-4f86-aa38-603ea7dc147f,2024-11-22,,SOLD,2025-01-15,58.0,0.08,0.63,0.15,0.45
G2CWT6DNENX9,0.71,2025-01-06,Sticker | Bolt Charge,,,55478590,True,3ad79a44-c64f-406e-a522-cc5a216e71ed,2025-01-08,,SOLD,2025-01-15,8.0,0.1,2.09,0.8,1.17
GND9L2CPLHA3,0.41,2025-01-06,Sticker | Bolt Strike,,,55436342,True,21708f3f-1f45-45b2-9aa4-c9e2ea1a3988,2025-01-08,,SOLD,2025-01-15,8.0,0.1,0.99,0.47,0.48
GEEKK3Z94K6D,0.41,2025-01-07,Sticker | Bolt Strike,,,55436342,True,7fb5cd48-0011-4a5c-bd47-44e3eb30ef75,2025-01-08,,SOLD,2025-01-15,7.0,0.1,0.99,0.47,0.48
G9ARSPLFFSFW,0.41,2025-01-06,Sticker | Bolt Strike,,,55436342,True,be836293-cb2e-43c3-aa80-82dd6ee040cc,2025-01-08,,SOLD,2025-01-15,8.0,0.1,0.99,0.47,0.48
GDU32G3N3SZR,0.71,2025-01-06,Sticker | Bolt Charge,,,55478590,True,6e562c9c-bc47-489f-bcfc-b323f4161078,2025-01-08,,SOLD,2025-01-15,8.0,0.1,2.09,0.8,1.17
GDFZ463NE42G,7.21,2025-01-09,USP-S | Blueprint (Minimal Wear),11.23,022af864-8840-41e6-aea4-95df891b2e85,58672633,False,022af864-8840-41e6-aea4-95df891b2e85,2025-01-16,2025-01-17,SOLD,2025-01-15,5.0,0.08,10.17,7.85,2.15
GZHLSK74HP20,0.34,2025-01-06,Sticker | Flex,,,55480742,True,93ad3a68-dae5-4e79-838c-7c9591f38f1b,2025-01-08,,SOLD,2025-01-15,8.0,0.1,1.28,0.39,0.81
GPHR30STULTT,0.55,2025-01-07,USP-S | Check Engine (Minimal Wear),7.64,c76e1fb2-6aa0-4f98-886e-1e538627955a,58480707,False,c76e1fb2-6aa0-4f98-886e-1e538627955a,2025-01-09,2025-01-14,SOLD,2025-01-15,7.0,0.1,0.74,0.62,0.12
GPEE6REFSTWR,0.67,2025-01-07,Glock-18 | Candy Apple (Factory New),2.71,f42106f9-9ed9-4211-bff3-21311a5cd78b,58480709,False,f42106f9-9ed9-4211-bff3-21311a5cd78b,2025-01-09,2025-01-15,SOLD,2025-01-15,7.0,0.1,1.17,0.76,0.38
GA22G728K6FW,0.65,2025-01-06,Sticker | Bolt Charge,,,55478590,True,aac705ab-304e-4b9c-96e7-d6a70483e587,2025-01-08,,SOLD,2025-01-15,8.0,0.1,2.09,0.73,1.23
GEHWK986PKA8,0.37,2025-01-07,Sticker | Flex,,,55480742,True,f4de8a59-ccf8-4aee-893e-21adf8c10012,2025-01-08,,SOLD,2025-01-15,7.0,0.1,1.28,0.42,0.78
GS5D9W7WFTGK,0.5,2025-01-07,Sticker | Flex,,,55480742,True,1ab72cd3-0762-4c4b-b754-fa01a940cc7d,2025-01-08,,SOLD,2025-01-16,8.0,0.1,1.28,0.57,0.65
G0R6L0SXNDUT,2.08,2025-01-06,Canals Pin,,,864505,True,861a06b1-6658-4ce1-ac59-07600932ec01,2025-01-08,,SOLD,2025-01-16,9.0,0.1,2.88,2.32,0.51
G852H90NRRXH,0.85,2025-01-07,Five-SeveN | Urban Hazard (Minimal Wear),8.26,cd88170a-43a1-458c-b760-ef8e78bad3ae,58480724,False,cd88170a-43a1-458c-b760-ef8e78bad3ae,2025-01-09,2025-01-15,SOLD,2025-01-16,8.0,0.1,1.89,0.96,0.85
G6AT2CEN80TD,1.37,2024-12-08,R8 Revolver | Blaze (Factory New),2.77,241672d8-e8ef-4e3c-91b6-b434d5ae3c22,57476588,False,241672d8-e8ef-4e3c-91b6-b434d5ae3c22,2024-12-11,2024-12-16,SOLD,2025-01-16,38.0,0.08,2.32,1.5,0.76
GFR842H0R5A2,0.41,2025-01-07,Sticker | Bolt Strike,,,55436342,True,86d4027d-c342-4fb1-95c9-f872ebfd14d6,2025-01-08,,SOLD,2025-01-16,8.0,0.1,0.99,0.47,0.48
G0AEGW6P8ESN,3.1,2024-12-13,Desert Eagle | Light Rail (Factory New),6.02,c14bb7ec-9e20-4f5f-b835-36bc1efc5f25,57676426,False,c14bb7ec-9e20-4f5f-b835-36bc1efc5f25,2024-12-16,2024-12-19,SOLD,2025-01-16,33.0,0.08,4.76,3.38,1.28
G6ZN69X7CT62,6.94,2025-01-14,Desert Eagle | Heat Treated (Minimal Wear),11.04,26d975bb-3fbe-4f32-bfc0-c8c390f00855,58672605,False,26d975bb-3fbe-4f32-bfc0-c8c390f00855,2025-01-16,2025-01-22,SOLD,2025-01-16,1.0,0.08,10.57,7.55,2.78
G8AD0K9RNPDU,2.39,2025-01-06,Inferno 2 Pin,,,864504,True,ecdc8e77-5996-4c27-a873-8ad2e3c260c8,2025-01-08,,SOLD,2025-01-17,10.0,0.1,3.63,2.67,0.88
G57RTX2748RZ,4.1,2025-01-13,USP-S | Alpine Camo (Factory New),6.84,51f0f57d-d4f9-4fa5-b91d-daef3855f119,58672595,False,51f0f57d-d4f9-4fa5-b91d-daef3855f119,2025-01-16,2025-01-21,SOLD,2025-01-17,3.0,0.08,5.34,4.47,0.81
GCTWR6EZS79G,6.94,2025-01-14,Desert Eagle | Heat Treated (Minimal Wear),14.42,05984a1d-6acf-4d1c-8208-d077707aa143,58672602,False,05984a1d-6acf-4d1c-8208-d077707aa143,2025-01-16,2025-01-22,SOLD,2025-01-17,2.0,0.08,10.57,7.55,2.78
GGGZX8UHGCAE,1.74,2025-01-14,Desert Eagle | Heat Treated (Battle-Scarred),56.39,8d31c962-ac00-4ed2-809a-e6dd67322a2c,58672630,False,8d31c962-ac00-4ed2-809a-e6dd67322a2c,2025-01-16,2025-01-22,SOLD,2025-01-17,2.0,0.08,2.4,1.9,0.47
GAFNS2PCSWUD,2.54,2025-01-15,Easy Peasy Pin,,,885060,True,b6559a8a-9f24-419a-bd9a-e0dea7c05dc7,2025-01-16,,SOLD,2025-01-17,1.0,0.08,3.34,2.77,0.53
G47PKGK3F4F0,1.3,2025-01-09,Galil AR | Tuxedo (Factory New),4.51,a08ea362-5bb0-4615-9255-65215bb61806,58672635,False,a08ea362-5bb0-4615-9255-65215bb61806,2025-01-16,2025-01-17,SOLD,2025-01-17,7.0,0.08,1.68,1.42,0.25
GS2Z0NGS64K6,2.42,2025-01-12,USP-S | Cyrex (Factory New),5.85,65b38b37-95c1-408e-adc5-639a2a0a3ff6,58672626,False,65b38b37-95c1-408e-adc5-639a2a0a3ff6,2025-01-16,2025-01-20,SOLD,2025-01-17,4.0,0.08,4.47,2.64,1.69
GLG3U639L9SE,50.48,2024-10-15,StatTrak™ AK-47 | Redline (Field-Tested),37.95,62a30b02-cc2d-440a-8482-b20ecd8192b6,55516283,False,62a30b02-cc2d-440a-8482-b20ecd8192b6,2024-10-17,2024-10-16,SOLD,2025-01-17,93.0,0.1,54.97,56.1,-1.01
GXDL5U4DNEXK,0.41,2025-01-07,Sticker | Bolt Strike,,,55436342,True,da468e64-84ed-4c98-bfb7-6abeea1b5d95,2025-01-08,,SOLD,2025-01-17,9.0,0.1,0.99,0.47,0.48
G5F0HLWXRUT6,0.71,2025-01-06,Sticker | Bolt Charge,,,55478590,True,6f639995-a93f-4b11-a56a-0db61f537b1c,2025-01-08,,SOLD,2025-01-18,11.0,0.1,2.09,0.8,1.17
GC9ETPHSNPTC,1.12,2025-01-07,M4A1-S | Nitro (Minimal Wear),13.54,7335a675-f23f-4cd2-8c18-4ebf3032070c,58480704,False,7335a675-f23f-4cd2-8c18-4ebf3032070c,2025-01-09,2025-01-15,SOLD,2025-01-18,10.0,0.1,1.42,1.26,0.16
GZNWT4XZKSS7,0.73,2025-01-06,StatTrak™ Desert Eagle | Blue Ply (Field-Tested),24.48,43885388-e9fe-4568-b1e6-7cf9c4213af8,58427047,False,43885388-e9fe-4568-b1e6-7cf9c4213af8,2025-01-08,2025-01-12,SOLD,2025-01-18,11.0,0.1,1.24,0.82,0.39
G6EZASAC5PHR,8.05,2025-01-07,SSG 08 | Turbo Peek (Minimal Wear),11.31,7ad6193e-f57a-4d7b-a98c-7e519e544e0c,58480715,False,7ad6193e-f57a-4d7b-a98c-7e519e544e0c,2025-01-09,2025-01-15,SOLD,2025-01-18,10.0,0.1,9.97,8.96,0.92
GAUW6HUPWDDR,8.0,2025-01-07,'Blueberries' Buckshot | NSWC SEAL,,552c1536-0ecb-495b-89f9-27f8dcaa9363,58480713,False,552c1536-0ecb-495b-89f9-27f8dcaa9363,2025-01-09,2025-01-15,SOLD,2025-01-18,10.0,0.1,9.89,8.9,0.9
G6K9FWR83F05,0.84,2025-01-07,M4A1-S | Mud-Spec (Factory New),6.33,cd63f843-9750-460c-8cd8-7bf708d5c280,58480712,False,cd63f843-9750-460c-8cd8-7bf708d5c280,2025-01-09,2025-01-15,SOLD,2025-01-18,10.0,0.1,1.44,0.94,0.46
GWS6F3409R5D,0.41,2025-01-07,Sticker | Bolt Strike,,,55436342,True,0c346c4b-bfee-4b95-b120-e8e97acc8a9e,2025-01-08,,SOLD,2025-01-18,10.0,0.1,0.99,0.47,0.48
GFFSXZ864E4A,21.68,2025-01-11,AK-47 | Frontside Misty (Minimal Wear),10.91,c554b443-bf49-4188-b45b-5d7b9ec87cd6,58672625,False,c554b443-bf49-4188-b45b-5d7b9ec87cd6,2025-01-16,2025-01-18,SOLD,2025-01-18,6.0,0.08,28.1,23.58,4.17
GTR4EKWD8ZHC,0.71,2025-01-06,Sticker | Bolt Charge,,,55478590,True,3216b15b-2908-4be4-a589-51b2f56dec2d,2025-01-08,,SOLD,2025-01-18,11.0,0.1,2.09,0.8,1.17
G3FD8H74XWTP,0.37,2025-01-06,Sticker | Bolt Strike,,,55436342,True,8746e4bb-5530-4091-9227-2d7ba396fd16,2025-01-09,,SOLD,2025-01-18,11.0,0.1,0.99,0.42,0.52
GH2W7D6SPK84,0.71,2025-01-06,Sticker | Bolt Charge,,,55478590,True,e0c3accb-8604-456f-8ac9-9a22b702ab88,2025-01-08,,SOLD,2025-01-18,11.0,0.1,2.09,0.8,1.17
GL9W4HXC7Z8D,0.71,2025-01-06,Sticker | Bolt Charge,,,55478590,True,ba9ac070-08c4-4753-b5d9-b6fdcd251f17,2025-01-08,,SOLD,2025-01-18,11.0,0.1,2.09,0.8,1.17
GH3GG9PDUA2N,0.71,2025-01-06,Sticker | Bolt Charge,,,55478590,True,20126956-4caa-4b28-91e0-6f36dfc9a9ec,2025-01-08,,SOLD,2025-01-18,11.0,0.1,2.09,0.8,1.17
GRNFRN5PWWLA,0.71,2025-01-06,Sticker | Bolt Charge,,,55478590,True,061ede94-c07e-436b-88a9-fb13666efd94,2025-01-08,,SOLD,2025-01-18,11.0,0.1,2.09,0.8,1.17
GEG7392T868W,0.71,2025-01-06,Sticker | Bolt Charge,,,55478590,True,d8e5dc33-d908-49d1-ab46-6561a35be310,2025-01-08,,SOLD,2025-01-18,11.0,0.1,2.09,0.8,1.17
G2DGLZR7DD2C,0.71,2025-01-06,Sticker | Bolt Charge,,,55478590,True,f9b97db5-b062-468b-8bc0-f0314790ce22,2025-01-08,,SOLD,2025-01-18,11.0,0.1,2.09,0.8,1.17
G7L3NKLTR969,5.23,2025-01-01,AK-47 | Crossfade (Factory New),6.23,94892fd6-263b-46f6-ad25-0a644e6a10e0,58277134,False,94892fd6-263b-46f6-ad25-0a644e6a10e0,2025-01-03,2025-01-09,SOLD,2025-01-18,16.0,0.1,10.61,5.82,4.32
GDUPA7783SLC,0.71,2025-01-06,Sticker | Bolt Charge,,,55478590,True,6cf68a1d-39c3-40bd-80bf-343dc6820422,2025-01-08,,SOLD,2025-01-18,11.0,0.1,2.09,0.8,1.17
GDWDKSE54DU8,0.54,2025-01-11,M4A4 | Converter (Factory New),6.12,1313c6a0-897b-4743-ba11-b8916ea13a56,58672611,False,1313c6a0-897b-4743-ba11-b8916ea13a56,2025-01-16,2025-01-19,SOLD,2025-01-18,6.0,0.08,1.7,0.6,1.02
GFP788KCGKD2,0.82,2024-12-14,M4A1-S | Mud-Spec (Factory New),2.54,baacae51-c04b-46cb-8b40-445f234d7c6a,57676430,False,baacae51-c04b-46cb-8b40-445f234d7c6a,2024-12-16,2024-12-21,SOLD,2025-01-19,35.0,0.08,1.74,0.9,0.78
G0K7CRTNRP9N,0.41,2025-01-06,Sticker | Bolt Strike,,,55436342,True,d25c6ecd-75af-4819-b583-a5f5e0014cb0,2025-01-09,,SOLD,2025-01-19,12.0,0.1,0.99,0.47,0.48
GGAWKUP8XW3A,0.41,2025-01-06,Sticker | Bolt Strike,,,55436342,True,f545b107-e4e1-48aa-80e7-b17ce91959db,2025-01-09,,SOLD,2025-01-19,12.0,0.1,0.99,0.47,0.48
G73SU34A4EPH,0.37,2025-01-06,Sticker | Bolt Strike,,,55436342,True,725b1723-5e54-483e-881e-60847243182e,2025-01-09,,SOLD,2025-01-19,12.0,0.1,0.99,0.42,0.52
GFTRPUCCESE4,0.49,2025-01-06,Sticker | Flex,,,55480742,True,98980f3f-f7d2-4c43-aa5e-03d7d5ad809d,2025-01-09,,SOLD,2025-01-19,12.0,0.1,1.28,0.56,0.66
G85Z0R44DHGE,0.49,2025-01-06,Sticker | Flex,,,55480742,True,bc80cae0-a232-44d7-a2b7-b39f10ff688c,2025-01-09,,SOLD,2025-01-19,12.0,0.1,1.28,0.56,0.66
GSTH8NLEXPNZ,3.0,2025-01-07,Inferno 2 Pin,,,864504,True,d9da2cbe-4d17-4d71-8447-f5836ad3b020,2025-01-08,,SOLD,2025-01-19,11.0,0.1,3.63,3.34,0.27
G7FZWD3RE2R6,0.41,2025-01-06,Sticker | Bolt Strike,,,55436342,True,c2defef8-bedb-41f8-aa2c-79350a8a9d45,2025-01-09,,SOLD,2025-01-19,12.0,0.1,0.99,0.47,0.48
GFWUGRU6WK87,1.09,2024-11-15,Sticker | Baby Howl,,,41548385,True,04603c16-3182-4242-9887-1562c5d207cd,2024-11-17,,SOLD,2025-01-19,64.0,0.08,1.28,1.2,0.09
GU9XP0RXN5RG,0.51,2024-12-01,Charm | Big Kev,,9c75eca2-cc39-46e8-8555-4d5d97bf307b,57292542,False,9c75eca2-cc39-46e8-8555-4d5d97bf307b,2024-12-05,2024-12-09,SOLD,2025-01-19,48.0,0.08,1.07,0.57,0.47
G3SCR9XK0H6G,1.83,2025-01-15,StatTrak™ Glock-18 | Moonrise (Minimal Wear),10.59,e2900ac7-be76-4096-80f6-b9af5ce81ee8,58937769,False,e2900ac7-be76-4096-80f6-b9af5ce81ee8,2025-01-21,2025-01-23,SOLD,2025-01-20,4.0,0.1,3.92,2.04,1.7
GDDTFL4SWP7L,8.21,2025-01-15,M4A4 | Neo-Noir (Minimal Wear),10.02,3586109d-3846-4383-82ff-0c8110711fe9,58937765,False,3586109d-3846-4383-82ff-0c8110711fe9,2025-01-21,2025-01-23,SOLD,2025-01-20,4.0,0.1,10.88,9.13,1.58
G69Z6KTZR700,1.09,2024-11-15,Sticker | Baby Howl,,,41548385,True,cbc9502e-78e2-4a79-9010-ea681e0d0f22,2024-11-17,,SOLD,2025-01-20,65.0,0.08,1.28,1.2,0.09
GDW6ZGX3SXRE,0.6,2025-01-09,Glock-18 | Moonrise (Minimal Wear),7.39,85f5db23-220a-4e81-82e2-94e4f4c1afea,58672622,False,85f5db23-220a-4e81-82e2-94e4f4c1afea,2025-01-16,2025-01-17,SOLD,2025-01-20,10.0,0.08,1.5,0.66,0.78
GS6L8NT8AUZE,2.06,2025-01-11,Canals Pin,,,864505,True,4e0c640a-0e05-4565-b888-8abbabcdff43,2025-01-16,,SOLD,2025-01-20,8.0,0.08,2.92,2.25,0.63
GNAX8W209TH0,10.0,2024-11-29,USP-S | Cortex (Factory New),6.12,adc9317e-40d1-4bef-8246-ce77406ae80a,57094236,False,adc9317e-40d1-4bef-8246-ce77406ae80a,2024-11-30,,SOLD,2025-01-20,51.0,0.08,10.97,10.88,0.09
G0UZ97RSG64W,8.0,2025-01-17,Glock-18 | Bullet Queen (Minimal Wear),13.05,21749616-dc3b-45f2-a1b4-33e6142974d0,58937786,False,21749616-dc3b-45f2-a1b4-33e6142974d0,2025-01-21,2025-01-25,SOLD,2025-01-20,2.0,0.1,11.59,8.9,2.43
GL93C7CK990H,2.61,2025-01-13,M4A1-S | Emphorosaur-S (Factory New),6.52,df159c6c-4d93-4add-9fbb-a136c00c40c9,58672596,False,df159c6c-4d93-4add-9fbb-a136c00c40c9,2025-01-16,2025-01-21,SOLD,2025-01-21,7.0,0.08,3.43,2.85,0.55
GKHRW62GX7T8,0.87,2024-12-30,Charm | Disco MAC,,ef45825e-7154-46aa-b691-5410c696e7b8,58277110,False,ef45825e-7154-46aa-b691-5410c696e7b8,2025-01-03,2025-01-06,SOLD,2025-01-21,21.0,0.1,1.82,0.98,0.77
G7F6AZ4AR66E,0.46,2025-01-15,Sticker | Eternal Fire (Glitter) | Copenhagen 2024,,,50337348,True,1516b003-1ad6-45e8-ac56-8a0f31820fb5,2025-01-16,,SOLD,2025-01-21,5.0,0.08,0.98,0.51,0.44
G3DN04P8DA34,7.13,2025-01-20,StatTrak™ USP-S | Ticket to Hell (Factory New),6.35,d54da787-455f-4e12-803c-e0d8bb6e8129,58937799,False,d54da787-455f-4e12-803c-e0d8bb6e8129,2025-01-21,2025-01-22,SOLD,2025-01-22,1.0,0.1,10.83,7.93,2.62
G2892FGE70ZA,2.3,2025-01-14,Death Sentence Pin,,,867244,True,27c933e0-d854-48e2-8538-efda1045b5ad,2025-01-16,,SOLD,2025-01-22,7.0,0.08,3.15,2.51,0.6
G5EFKS49T854,7.2,2025-01-06,Street Soldier | Phoenix,,986bff83-7ebd-4c1c-8962-59f7d3f47a24,58427053,False,986bff83-7ebd-4c1c-8962-59f7d3f47a24,2025-01-08,2025-01-14,SOLD,2025-01-22,15.0,0.1,8.95,8.01,0.85
GW5WAPF5UCKA,1.65,2025-01-14,AWP | Atheris (Well-Worn),42.63,3791960f-971d-42b2-9f00-b230917308d0,58672606,False,3791960f-971d-42b2-9f00-b230917308d0,2025-01-16,2025-01-22,SOLD,2025-01-22,7.0,0.08,2.54,1.8,0.69
GU2Z4AX4G96N,0.17,2025-01-07,Sticker | Boom Trail (Glitter),,,55436346,True,1dc77e51-3f7a-4bbf-b9fd-3da78de9b169,2025-01-08,,SOLD,2025-01-22,14.0,0.1,0.65,0.2,0.42
GW4G62U82T02,0.17,2025-01-07,Sticker | Boom Trail (Glitter),,,55436346,True,d2c3cad5-6462-4bfc-880a-e5e5bc377e08,2025-01-09,,SOLD,2025-01-22,14.0,0.1,0.65,0.2,0.42
GSUEPE2KXN64,0.17,2025-01-07,Sticker | Boom Trail (Glitter),,,55436346,True,77f24c07-8ab6-4f52-9c37-59e5d456c277,2025-01-09,,SOLD,2025-01-22,14.0,0.1,0.65,0.2,0.42
G5PKXNSL54WG,0.17,2025-01-07,Sticker | Boom Trail (Glitter),,,55436346,True,d2109ee3-6a76-490f-beb6-73db4b07835b,2025-01-09,,SOLD,2025-01-22,14.0,0.1,0.65,0.2,0.42
GW59D4RK6TLH,1.78,2025-01-14,Desert Eagle | Tilted (Minimal Wear),8.69,22532b94-f48a-4ac0-a3d8-2127f1450f8d,58672599,False,22532b94-f48a-4ac0-a3d8-2127f1450f8d,2025-01-16,2025-01-21,SOLD,2025-01-22,7.0,0.08,3.26,1.95,1.22
GC40G9T4TC7U,0.15,2025-01-06,Sticker | Boom Trail (Glitter),,,55436346,True,f9aeb4a7-facb-4583-9052-943c6f77140e,2025-01-09,,SOLD,2025-01-22,15.0,0.1,0.65,0.18,0.44
GFEGUCWSEW06,19.4,2025-01-12,Elite Trapper Solman | Guerrilla Warfare,,e9298000-5370-47e7-ba31-fd9e25d1825f,58672613,False,e9298000-5370-47e7-ba31-fd9e25d1825f,2025-01-16,2025-01-20,SOLD,2025-01-23,10.0,0.08,25.61,21.1,4.16
G0R47TLWR5RT,2.42,2025-01-13,Easy Peasy Pin,,,885060,True,d33c03b2-82ef-4f05-a04c-a8e06f3db97f,2025-01-21,,SOLD,2025-01-23,9.0,0.1,3.34,2.7,0.59
GU0F7GDUEHSA,4.24,2025-01-15,StatTrak™ Glock-18 | Moonrise (Factory New),6.23,1fbc6f7e-3b4e-4c17-acb4-5297be303f39,58937766,False,1fbc6f7e-3b4e-4c17-acb4-5297be303f39,2025-01-21,2025-01-23,SOLD,2025-01-23,7.0,0.1,6.36,4.72,1.48
G4ZKX52NW4FF,5.73,2025-01-16,Glock-18 | Water Elemental (Minimal Wear),13.52,7f8b5b76-172c-426a-a564-3ec6070ea51a,58937779,False,7f8b5b76-172c-426a-a564-3ec6070ea51a,2025-01-21,2025-01-23,SOLD,2025-01-23,6.0,0.1,7.47,6.38,0.99
GA8H0DGFPXA0,3.13,2025-01-14,Gift Package,,,1278917,True,c74a5cc1-e30f-4c72-b65f-885bf408f6f9,2025-01-16,,SOLD,2025-01-24,9.0,0.08,4.56,3.41,1.07
GUP3XX3AAWTL,3.13,2025-01-14,Gift Package,,,1278917,True,2c88d3bc-9395-4197-b6a3-4078f080d101,2025-01-16,,SOLD,2025-01-24,9.0,0.08,4.56,3.41,1.07
GWTHFDFX0E75,3.13,2025-01-14,Gift Package,,,1278917,True,12efeba7-11ef-46a3-901d-d4ec47426ab8,2025-01-16,,SOLD,2025-01-24,9.0,0.08,4.56,3.41,1.07
G7ERW80S502X,5.78,2025-01-15,Glock-18 | Water Elemental (Minimal Wear),14.82,8868af16-38dd-45d0-811b-d21a6500d7f8,58672631,False,8868af16-38dd-45d0-811b-d21a6500d7f8,2025-01-16,2025-01-22,SOLD,2025-01-24,8.0,0.08,7.47,6.29,1.09
G9H9S9WKZ99K,7.48,2025-01-15,USP-S | Blueprint (Minimal Wear),11.37,8d357052-6ed5-49b2-bb2f-920ffe5d621f,58672632,False,8d357052-6ed5-49b2-bb2f-920ffe5d621f,2025-01-16,2025-01-22,SOLD,2025-01-24,8.0,0.08,10.17,8.14,1.88
GLND5R5CL5LK,1.18,2024-10-27,UMP-45 | Arctic Wolf (Factory New),4.62,03b46aab-61d2-4586-9d4b-0feaf98b9d21,55911700,False,03b46aab-61d2-4586-9d4b-0feaf98b9d21,2024-10-29,2024-11-04,SOLD,2025-01-24,88.0,0.1,2.38,1.32,0.96
GT2A9XEL6TN5,0.52,2025-01-09,Sticker | Eternal Fire (Glitter) | Copenhagen 2024,,,50337348,True,0db419fd-8a95-46c9-a2e0-aa066747abae,2025-01-16,,SOLD,2025-01-24,14.0,0.08,0.98,0.58,0.38
GRG7EFLKDEHD,7.11,2024-12-30,USP-S | Blueprint (Minimal Wear),10.2,1fcabca9-6637-4b26-8943-1f4bb65e5071,58277123,False,1fcabca9-6637-4b26-8943-1f4bb65e5071,2025-01-03,2025-01-06,SOLD,2025-01-24,24.0,0.1,13.2,7.91,4.77
GSK9SZK2ZND5,0.59,2024-10-07,Sticker | Zeusception (Holo),,,41629502,True,e5a0d791-c12b-481d-8df5-77df1e90cbda,2024-10-13,,SOLD,2025-01-24,108.0,0.1,1.17,0.67,0.46
GL2H7TGNHTXS,3.13,2025-01-14,Gift Package,,,1278917,True,7bff685f-9ec4-4c62-ad6e-785b4c9d3250,2025-01-16,,SOLD,2025-01-25,10.0,0.08,4.56,3.41,1.07
GHURP8S6X026,3.13,2025-01-14,Gift Package,,,1278917,True,eecfd98c-ed00-4e1b-bff7-3ac2c99c478d,2025-01-16,,SOLD,2025-01-25,10.0,0.08,4.56,3.41,1.07
GC5F55PDNDXS,3.17,2025-01-14,Phoenix Pin,,,13112,True,98b55187-ada1-43fa-97df-ade31546ea58,2025-01-16,,SOLD,2025-01-25,10.0,0.08,4.45,3.46,0.92
GWW67S6U39TE,0.79,2025-01-18,USP-S | Check Engine (Factory New),5.47,41d12249-ee0b-48fe-9418-260fa6a3c4f3,58937794,False,41d12249-ee0b-48fe-9418-260fa6a3c4f3,2025-01-21,2025-01-25,SOLD,2025-01-25,6.0,0.1,1.24,0.89,0.33
GKX45LZ64HRT,1.49,2025-01-14,Glock-18 | Moonrise (Factory New),6.88,8264a03e-c559-4257-b0ce-989f134a5b93,58672604,False,8264a03e-c559-4257-b0ce-989f134a5b93,2025-01-16,2025-01-22,SOLD,2025-01-25,10.0,0.08,2.95,1.63,1.22
G0XSGUK94ZX5,0.89,2025-01-12,Five-SeveN | Urban Hazard (Minimal Wear),10.92,c4054968-09d7-4c24-af53-bef9808eac23,58672620,False,c4054968-09d7-4c24-af53-bef9808eac23,2025-01-16,2025-01-20,SOLD,2025-01-25,12.0,0.08,1.89,0.98,0.85
GZAZZU0LL349,2.92,2025-01-13,Wildfire Pin,,,870733,True,2b973d1a-34eb-46ec-ad5e-31cf4e85695f,2025-01-16,,SOLD,2025-01-25,11.0,0.08,3.86,3.18,0.63
GHR3DEUHZRTG,9.33,2025-01-24,"Music Kit | Knock2, dashstar*",,,41605242,True,6af51b10-7486-4a44-898b-f1a09bb1dd0c,2025-01-27,,SOLD,2025-01-26,1.0,0.1,12.05,10.38,1.52
GT473U9LNCFK,2.0,2025-01-24,USP-S | Alpine Camo (Minimal Wear),8.19,e20b2467-761f-4e2c-bbf7-9390d48b0c4d,59164411,False,e20b2467-761f-4e2c-bbf7-9390d48b0c4d,2025-01-27,2025-02-01,SOLD,2025-01-26,1.0,0.1,2.86,2.23,0.57
G06R498Z7D7U,0.17,2025-01-07,Sticker | Boom Trail (Glitter),,,55436346,True,ac234391-5d79-4e6f-a23e-c60d8cf37109,2025-01-09,,SOLD,2025-01-26,18.0,0.1,0.65,0.2,0.42
G8Z2F3653D54,0.17,2024-12-20,Sticker | Boom Trail (Glitter),,,55436346,True,edf7d081-a5b2-428e-ac8f-c79877850177,2024-12-22,,SOLD,2025-01-26,36.0,0.1,0.93,0.2,0.67
GHG9RPDK70FN,0.67,2025-01-24,M4A1-S | Wash me plz (Factory New),6.04,b12645cf-d476-4027-83ad-4cd3f3f93721,59164402,False,b12645cf-d476-4027-83ad-4cd3f3f93721,2025-01-27,2025-01-30,SOLD,2025-01-26,1.0,0.1,1.28,0.76,0.48
GAZ39TPEGL8C,0.17,2024-12-20,Sticker | Boom Trail (Glitter),,,55436346,True,b499d13d-240c-4cb0-b522-14faddbf27b4,2024-12-22,,SOLD,2025-01-26,36.0,0.1,0.93,0.2,0.67
G23ZL7LTWP8A,1.3,2025-01-24,R8 Revolver | Blaze (Factory New),2.91,af494646-8808-4232-a85f-c4badcde5f0a,59164354,False,af494646-8808-4232-a85f-c4badcde5f0a,2025-01-27,2025-01-30,SOLD,2025-01-26,1.0,0.1,1.78,1.46,0.3
GX0WKDNHZTAK,3.12,2025-01-24,AK-47 | Crossfade (Minimal Wear),12.66,c67fcd09-8a3d-46d8-a217-63565a965424,59164388,False,c67fcd09-8a3d-46d8-a217-63565a965424,2025-01-27,2025-02-01,SOLD,2025-01-26,1.0,0.1,5.47,3.48,1.8
G44NDLWAHC7K,3.69,2025-01-13,Hydra Pin,,,868658,True,0694d67c-5604-48e8-b8ef-4c60f60f01c1,2025-01-16,,SOLD,2025-01-26,12.0,0.08,4.85,4.02,0.77
G6XXLFNPEGCE,1.96,2025-01-15,Charm | Chicken Lil',,5d093f9e-92cd-4d4d-8549-774522468be8,58937773,False,5d093f9e-92cd-4d4d-8549-774522468be8,2025-01-21,2025-01-23,SOLD,2025-01-26,10.0,0.1,2.79,2.19,0.55
GZEACD0W3PWC,2.03,2025-01-16,Charm | Chicken Lil',,9a93f1ff-e2d6-4ba7-8ce5-c6287f132084,58937781,False,9a93f1ff-e2d6-4ba7-8ce5-c6287f132084,2025-01-21,2025-01-23,SOLD,2025-01-26,9.0,0.1,2.79,2.27,0.48
G9207WEX4DFA,0.39,2025-01-26,Desert Eagle | Tilted (Field-Tested),24.58,f0a3bd98-c587-461e-85d4-1fbfb16b5c72,59164425,False,f0a3bd98-c587-461e-85d4-1fbfb16b5c72,2025-01-27,2025-02-03,SOLD,2025-01-26,0.0,0.1,1.17,0.44,0.66
GPR2AR856FC7,5.37,2025-01-15,FAMAS | Pulse (Factory New),3.23,45a44415-79e4-414a-823f-b652204d5c70,58937762,False,45a44415-79e4-414a-823f-b652204d5c70,2025-01-21,2025-01-22,SOLD,2025-01-26,10.0,0.1,7.17,5.98,1.08
G4P8NRHLA3AT,0.8,2025-01-26,StatTrak™ Glock-18 | Moonrise (Field-Tested),23.79,6aec0050-76a7-4ad6-81a7-9365362a213d,59164424,False,6aec0050-76a7-4ad6-81a7-9365362a213d,2025-01-27,2025-02-03,SOLD,2025-01-26,0.0,0.1,1.69,0.9,0.72
G5F7Z4HCHEHN,0.46,2025-01-24,Charm | Pinch O' Salt,,c4d13627-52ec-4b89-9d7b-c58ddc21ddd9,59164406,False,c4d13627-52ec-4b89-9d7b-c58ddc21ddd9,2025-01-27,2025-01-31,SOLD,2025-01-26,1.0,0.1,0.69,0.52,0.16
G53W25AL366E,2.0,2024-12-26,StatTrak™ MAC-10 | Sakkaku (Field-Tested),29.4,35636c48-81ca-4378-8c84-e291d41b9983,58135416,False,35636c48-81ca-4378-8c84-e291d41b9983,2024-12-28,2025-01-02,SOLD,2025-01-26,30.0,0.1,2.55,2.23,0.29
G0U8WFT22A2U,0.17,2024-12-20,Sticker | Boom Trail (Glitter),,,55436346,True,96bba6c1-5b6f-4fca-aca5-426f63864c68,2024-12-22,,SOLD,2025-01-26,36.0,0.1,0.93,0.2,0.67
G5LED3AXUA8G,0.49,2024-12-02,Sticker | PGL (Glitter) | Antwerp 2022,,,39903090,True,09802d5b-33fa-4975-8f99-f164bbf7d113,2024-12-05,,SOLD,2025-01-27,55.0,0.08,0.63,0.54,0.09
GDER8D79NA5E,2.0,2025-01-15,StatTrak™ Glock-18 | Moonrise (Minimal Wear),10.85,d1ef3ff0-fb5e-444c-aa6c-6e3887aea7fb,58937764,False,d1ef3ff0-fb5e-444c-aa6c-6e3887aea7fb,2025-01-21,2025-01-23,SOLD,2025-01-27,11.0,0.1,3.92,2.23,1.53
G3LL43PXLXLW,0.96,2025-01-02,USP-S | Check Engine (Factory New),6.94,d4dbe08e-663f-4412-97f9-52093f581da3,58277135,False,d4dbe08e-663f-4412-97f9-52093f581da3,2025-01-03,2025-01-09,SOLD,2025-01-27,24.0,0.1,1.49,1.08,0.38
GCFS6PF9TANS,0.49,2024-12-02,Sticker | PGL (Glitter) | Antwerp 2022,,,39903090,True,c7e1f471-ead7-436e-a271-d8356e35028a,2024-12-05,,SOLD,2025-01-27,55.0,0.08,0.63,0.54,0.09
GLHKL00GGTC8,1.96,2025-01-15,Charm | Chicken Lil',,c17bf98a-b281-4143-8033-ef25fa7590ea,58937772,False,c17bf98a-b281-4143-8033-ef25fa7590ea,2025-01-21,2025-01-23,SOLD,2025-01-27,11.0,0.1,2.79,2.19,0.55
G4AZ05ZFNUGS,2.23,2025-01-06,AWP | Acheron (Factory New),2.75,31a4d13a-e4d3-4535-a7c2-5b84dd2e5798,58427044,False,31a4d13a-e4d3-4535-a7c2-5b84dd2e5798,2025-01-08,,SOLD,2025-01-27,20.0,0.1,3.49,2.49,0.91
GHXXS8PPE4P9,0.88,2024-12-21,USP-S | Check Engine (Factory New),5.76,0ee503a9-e2af-483b-a236-64301481845b,57942670,False,0ee503a9-e2af-483b-a236-64301481845b,2024-12-22,2024-12-27,SOLD,2025-01-27,36.0,0.1,1.49,0.99,0.46
GLAZC0X5S5EG,2.3,2025-01-06,AWP | Acheron (Factory New),2.26,d5193e2b-bf2e-418f-a33f-bf856d171a54,58427046,False,d5193e2b-bf2e-418f-a33f-bf856d171a54,2025-01-08,,SOLD,2025-01-27,20.0,0.1,3.49,2.57,0.84
GN9S3X96KACE,0.49,2024-12-02,Sticker | PGL (Glitter) | Antwerp 2022,,,39903090,True,1c55fef5-e350-4ae1-8d90-65b72fff1ace,2024-12-05,,SOLD,2025-01-27,55.0,0.08,0.63,0.54,0.09
GF05XGF6FTR4,0.4,2025-01-16,Copenhagen 2024 Legends Autograph Capsule,,,50260580,True,8ebf8bfc-bccc-4b09-b76c-92a12289e259,2025-01-21,,SOLD,2025-01-28,11.0,0.1,0.67,0.46,0.2
G7PA0CSU2A5C,0.4,2025-01-16,Copenhagen 2024 Legends Autograph Capsule,,,50260580,True,8c427654-c054-48da-8687-8e88b0d49f28,2025-01-21,,SOLD,2025-01-28,11.0,0.1,0.67,0.46,0.2
G7SKZT9269T2,0.4,2025-01-16,Copenhagen 2024 Legends Autograph Capsule,,,50260580,True,1922e2ec-a448-4054-9190-c5cf166504b8,2025-01-21,,SOLD,2025-01-28,11.0,0.1,0.67,0.46,0.2
GTAUEN69F2KP,0.4,2025-01-16,Copenhagen 2024 Legends Autograph Capsule,,,50260580,True,a522d225-a793-4117-b9db-cc13cc984a07,2025-01-21,,SOLD,2025-01-28,11.0,0.1,0.67,0.46,0.2
GUN02AX7ZNXS,1.74,2025-01-24,Guardian 3 Pin,,,870797,True,3deaf051-fa58-497b-a8e8-3599b0560097,2025-01-27,,SOLD,2025-01-28,3.0,0.1,2.2,1.94,0.24
G4DFR4SWLD69,0.4,2025-01-16,Copenhagen 2024 Legends Autograph Capsule,,,50260580,True,28c96390-b0cb-49b0-a1f6-361ac2bafbc6,2025-01-21,,SOLD,2025-01-28,11.0,0.1,0.67,0.46,0.2
GAF0UHC2PHPR,0.4,2025-01-16,Copenhagen 2024 Legends Autograph Capsule,,,50260580,True,c7c375e6-9db8-4b17-a70c-31f3881d4872,2025-01-21,,SOLD,2025-01-28,11.0,0.1,0.67,0.46,0.2
GFC3LKNANTGS,0.4,2025-01-16,Copenhagen 2024 Legends Autograph Capsule,,,50260580,True,b8c27ebc-d6e1-496e-9685-b810baefb115,2025-01-21,,SOLD,2025-01-28,11.0,0.1,0.67,0.46,0.2
GEDA8XPEN0DS,0.4,2025-01-16,Copenhagen 2024 Legends Autograph Capsule,,,50260580,True,69ceb4a2-df3f-47a5-a3a8-8292d47c744a,2025-01-21,,SOLD,2025-01-28,11.0,0.1,0.67,0.46,0.2
GZWA9KP6P86A,0.4,2025-01-16,Copenhagen 2024 Legends Autograph Capsule,,,50260580,True,2cc0ffa1-fc37-4364-a458-47a011107290,2025-01-21,,SOLD,2025-01-28,11.0,0.1,0.67,0.46,0.2
G9286A2DZZLN,1.04,2025-01-09,Sticker | s1mple (Holo) | Stockholm 2021,,,36899081,True,f02cfc1f-dbc3-4424-ab74-161efb3ac0c6,2025-01-16,,SOLD,2025-01-28,18.0,0.08,1.4,1.14,0.25
GDUNE42XNS4Z,1.46,2025-01-24,MAC-10 | Pipsqueak (Minimal Wear),7.2,0a6e4475-56ca-4999-8718-3689301f8453,59164392,False,0a6e4475-56ca-4999-8718-3689301f8453,2025-01-27,2025-01-31,SOLD,2025-01-28,3.0,0.1,1.84,1.63,0.2
GC5AWT96GTSW,0.68,2025-01-25,StatTrak™ Glock-18 | Moonrise (Field-Tested),26.69,aa0f1788-94e1-4e16-a4f8-dbf5ed540660,59164419,False,aa0f1788-94e1-4e16-a4f8-dbf5ed540660,2025-01-27,2025-02-02,SOLD,2025-01-28,2.0,0.1,1.69,0.77,0.84
G6C6NHES7P4F,2.0,2024-12-07,Glock-18 | Umbral Rabbit (Factory New),6.12,03af866c-fc8c-4082-b97b-30db43af8d02,57391409,False,03af866c-fc8c-4082-b97b-30db43af8d02,2024-12-09,,SOLD,2025-01-28,51.0,0.08,2.27,2.18,0.09
GDW6U84ANRCP,9.66,2024-11-24,USP-S | Cortex (Factory New),6.84,2b9ab66e-8305-4854-a416-2fb7ecafe44b,57026777,False,2b9ab66e-8305-4854-a416-2fb7ecafe44b,2024-11-28,,SOLD,2025-01-28,64.0,0.08,10.97,10.51,0.43
GGTSAPFCSLDC,0.21,2024-12-25,Sticker | Boom Trail (Glitter),,,55436346,True,34f98d5f-bc03-4153-b67f-02f53a5f8b4b,2024-12-26,,SOLD,2025-01-29,34.0,0.1,0.93,0.24,0.63
GHUE3UGW2S0N,6.5,2025-01-24,Desert Eagle | Heat Treated (Minimal Wear),8.29,77808606-7bb3-429b-8fa8-31358185f9e5,59164409,False,77808606-7bb3-429b-8fa8-31358185f9e5,2025-01-27,2025-02-01,SOLD,2025-01-29,4.0,0.1,9.04,7.23,1.64
GCGXT82NSEPK,0.21,2024-12-21,Sticker | Boom Trail (Glitter),,,55436346,True,58e0d786-e7f5-4c4c-9f3a-0b0f992eb0e6,2024-12-22,,SOLD,2025-01-29,38.0,0.1,0.93,0.24,0.63
GCDPKN7ATREC,0.2,2024-12-25,Sticker | Boom Trail (Glitter),,,55436346,True,cbd5ad2c-9917-48d4-99a1-fc939213a4bf,2024-12-26,,SOLD,2025-01-29,34.0,0.1,0.93,0.23,0.64
GD36KEARLKZ5,3.4,2025-01-29,Glock-18 | Water Elemental (Field-Tested),16.86,681168dd-41b6-4d0c-865b-7b2cd2e2ec9c,59251421,False,681168dd-41b6-4d0c-865b-7b2cd2e2ec9c,2025-01-30,2025-02-05,SOLD,2025-01-29,0.0,0.1,4.45,3.79,0.6
GSG44ZT9LUW6,1.74,2025-01-24,Guardian 3 Pin,,,870797,True,6186f328-e353-4763-9eb3-d823704104df,2025-01-27,,SOLD,2025-01-29,4.0,0.1,2.2,1.94,0.24
G5PWFHCLNLTN,29.35,2024-12-27,Sir Bloody Silent Darryl | The Professionals,,5c05399d-3c80-4fa6-9be7-32c2a24dbc73,58135431,False,5c05399d-3c80-4fa6-9be7-32c2a24dbc73,2024-12-28,2025-01-03,SOLD,2025-01-29,32.0,0.1,35.34,32.62,2.46
G9KA45CNXN56,4.57,2025-01-24,Galil AR | Eco (Field-Tested),25.16,e4dd0096-ede2-4d19-8135-3c7565f1b3cc,59164343,False,e4dd0096-ede2-4d19-8135-3c7565f1b3cc,2025-01-27,2025-01-29,SOLD,2025-01-29,4.0,0.1,7.27,5.09,1.97
G7FWL59GFF3W,2.36,2025-01-24,Easy Peasy Pin,,,885060,True,0e63e36d-f414-4e0f-b74d-caea7b743b8a,2025-01-27,,SOLD,2025-01-29,4.0,0.1,3.03,2.63,0.37
GW97XP30UZZA,0.2,2024-12-25,Sticker | Boom Trail (Glitter),,,55436346,True,66b39e72-bb3c-41aa-a94e-3b28b3f92ecc,2024-12-26,,SOLD,2025-01-29,34.0,0.1,0.93,0.23,0.64
GN303R80FK6W,0.16,2025-01-04,Sticker | Boom Trail (Glitter),,,55436346,True,57a1fa88-15b9-4780-be25-43cad94868d5,2025-01-06,,SOLD,2025-01-29,24.0,0.1,0.93,0.19,0.68
GRPHZGWF46FR,9.71,2024-11-26,USP-S | Cortex (Factory New),6.73,7af47beb-8cfe-4510-889a-a3c54d32dbbe,57026781,False,7af47beb-8cfe-4510-889a-a3c54d32dbbe,2024-11-28,2024-12-03,SOLD,2025-01-29,63.0,0.08,10.97,10.57,0.38
GK297DEWA6H0,59.39,2025-01-25,Sir Bloody Loudmouth Darryl | The Professionals,,0d05d49c-6c28-494a-a596-5ece5b973d29,59164416,False,0d05d49c-6c28-494a-a596-5ece5b973d29,2025-01-27,2025-02-01,SOLD,2025-01-29,3.0,0.1,69.99,66.0,3.6
GSW32CDT8LDG,5.23,2025-01-29,AWP | Atheris (Minimal Wear),10.13,aff91ca2-cbd3-4f18-b34e-10670403c968,59251420,False,aff91ca2-cbd3-4f18-b34e-10670403c968,2025-01-30,2025-02-05,SOLD,2025-01-29,0.0,0.1,7.0,5.82,1.07
GF02N9253H29,2.4,2025-01-24,Glock-18 | Nuclear Garden (Minimal Wear),12.35,8dd56882-4993-47ed-8971-db0ea48c25d4,59164347,False,8dd56882-4993-47ed-8971-db0ea48c25d4,2025-01-27,2025-01-29,SOLD,2025-01-29,4.0,0.1,3.11,2.68,0.4
G697E0GRZ37D,1.93,2025-01-14,Glock-18 | Nuclear Garden (Minimal Wear),10.04,69b56e52-d7da-409f-8d0d-b3224484a0b2,58672607,False,69b56e52-d7da-409f-8d0d-b3224484a0b2,2025-01-16,2025-01-22,SOLD,2025-01-29,14.0,0.08,2.97,2.11,0.8
G4GCG2DARN4S,0.14,2024-12-30,Sticker | Boom Trail (Glitter),,,55436346,True,5c2e199c-1104-4b08-be9e-e9de4a39a1ed,2025-01-03,,SOLD,2025-01-29,29.0,0.1,0.93,0.17,0.7
GRAGU8RZE74K,0.86,2025-01-06,M4A1-S | Mud-Spec (Factory New),5.98,1c87345b-f99c-4a1f-8080-285070a5d3d1,58427059,False,1c87345b-f99c-4a1f-8080-285070a5d3d1,2025-01-08,2025-01-14,SOLD,2025-01-30,23.0,0.1,1.44,0.97,0.44
G0SGALTS87NG,1.35,2025-01-24,USP-S | Alpine Camo (Field-Tested),28.8,f9004c77-48bd-409a-bf8e-db1382f2fbaa,59164351,False,f9004c77-48bd-409a-bf8e-db1382f2fbaa,2025-01-27,2025-01-29,SOLD,2025-01-30,5.0,0.1,1.84,1.51,0.31
G2LECLSS5PHR,1.46,2025-01-24,USP-S | Alpine Camo (Field-Tested),17.36,bd45a5bf-4534-4ba1-8ee5-eb1897a036d5,59164353,False,bd45a5bf-4534-4ba1-8ee5-eb1897a036d5,2025-01-27,2025-01-29,SOLD,2025-01-30,5.0,0.1,1.84,1.63,0.2
GDHD0GG6RDS5,0.75,2025-01-14,Glock-18 | Moonrise (Minimal Wear),11.98,f97cb14b-3a43-48eb-a6de-3c250fd7f25e,58672601,False,f97cb14b-3a43-48eb-a6de-3c250fd7f25e,2025-01-16,2025-01-22,SOLD,2025-01-30,15.0,0.08,1.5,0.83,0.63
G0387PEFR8GR,1.35,2025-01-24,USP-S | Alpine Camo (Field-Tested),27.22,b4bba468-6416-4958-9098-8890d20a8a67,59164352,False,b4bba468-6416-4958-9098-8890d20a8a67,2025-01-27,2025-01-29,SOLD,2025-01-30,5.0,0.1,1.84,1.51,0.31
GP5L2ACFZUNR,1.06,2024-12-08,Charm | Disco MAC,,1b8ea146-e4e4-49ef-829e-a4b14d847279,57476583,False,1b8ea146-e4e4-49ef-829e-a4b14d847279,2024-12-11,2024-12-16,SOLD,2025-01-30,52.0,0.08,1.82,1.16,0.61
GLXR3XURXHPU,1.43,2025-01-29,AWP | Mortis (Field-Tested),16.81,917974c7-5e31-4760-b434-afc42b20a117,59251422,False,917974c7-5e31-4760-b434-afc42b20a117,2025-01-30,2025-02-05,SOLD,2025-01-30,0.0,0.1,1.87,1.6,0.25
GUE446N748FC,30.0,2024-12-26,Sir Bloody Silent Darryl | The Professionals,,1b380af3-e98f-4553-b5ef-1e9c9d12c595,58135427,False,1b380af3-e98f-4553-b5ef-1e9c9d12c595,2024-12-28,,SOLD,2025-01-30,34.0,0.1,35.34,33.34,1.81
GHESUHH7CHSF,19.37,2025-01-11,Elite Trapper Solman | Guerrilla Warfare,,2392818c-2c8c-4ca5-9a3e-8aa60f032a62,58672610,False,2392818c-2c8c-4ca5-9a3e-8aa60f032a62,2025-01-16,2025-01-19,SOLD,2025-01-30,18.0,0.08,24.99,21.07,3.62
GPZL843UCW7K,29.45,2024-12-25,Sir Bloody Silent Darryl | The Professionals,,5e8150bc-32d5-4d56-8ba6-6d7959fe238c,58081416,False,5e8150bc-32d5-4d56-8ba6-6d7959fe238c,2024-12-26,2025-01-02,SOLD,2025-01-31,36.0,0.1,35.34,32.73,2.36
G6XRNU047SL8,4.57,2025-01-24,Galil AR | Eco (Field-Tested),35.06,19b5ea24-f792-4d9b-8ac6-997e432fd273,59164344,False,19b5ea24-f792-4d9b-8ac6-997e432fd273,2025-01-27,,SOLD,2025-01-31,6.0,0.1,7.27,5.09,1.97
G0GF8DG8ND07,30.0,2024-12-22,Sir Bloody Silent Darryl | The Professionals,,308aa771-3491-4dd4-9268-5c4ec546d27c,58006057,False,308aa771-3491-4dd4-9268-5c4ec546d27c,2024-12-24,2024-12-30,SOLD,2025-01-31,39.0,0.1,35.34,33.34,1.81
GC93KRXT2T43,0.67,2024-12-13,10 Year Birthday Sticker Capsule,,,41580172,True,1cebc865-6705-424c-93f0-543589632118,2024-12-16,,SOLD,2025-01-31,48.0,0.08,0.91,0.74,0.17
GDH6DTC2PCEX,0.53,2025-01-24,Charm | Baby's AK,,7cfb81f6-e272-4648-9691-43028fa165f1,59164405,False,7cfb81f6-e272-4648-9691-43028fa165f1,2025-01-27,2025-01-31,SOLD,2025-01-31,6.0,0.1,0.82,0.6,0.21
GCHGLXG3AP9A,1.88,2025-01-24,Charm | Chicken Lil',,6c9ac89d-2b83-4b30-806a-a5425dbb4848,59164390,False,6c9ac89d-2b83-4b30-806a-a5425dbb4848,2025-01-27,2025-01-31,SOLD,2025-01-31,6.0,0.1,3.15,2.1,0.96
GWFRC4DUW2Z3,5.61,2025-01-24,StatTrak™ USP-S | Ticket to Hell (Factory New),6.28,2ff4feb5-fe38-4f55-bc4b-1679d5770396,59164384,False,2ff4feb5-fe38-4f55-bc4b-1679d5770396,2025-01-27,2025-01-31,SOLD,2025-01-31,6.0,0.1,8.83,6.24,2.34
G6UNF8EDF7RE,1.99,2025-01-24,Galil AR | Chromatic Aberration (Field-Tested),27.45,4572fbc2-d901-45a7-97ad-dbed0026bded,59164389,False,4572fbc2-d901-45a7-97ad-dbed0026bded,2025-01-27,2025-01-31,SOLD,2025-01-31,6.0,0.1,2.62,2.22,0.37
G3U0Z7CX0WZ3,0.88,2024-12-09,USP-S | Check Engine (Factory New),5.46,d935de95-6e89-4bf0-b399-fce69d78f65d,57476599,False,d935de95-6e89-4bf0-b399-fce69d78f65d,2024-12-11,2024-12-17,SOLD,2025-01-31,52.0,0.08,1.49,0.97,0.49
GU6X4DGXZG93,0.87,2024-12-30,M4A1-S | Mud-Spec (Factory New),3.71,9df5b011-3520-476e-a4ba-fe1e7bf9e693,58277125,False,9df5b011-3520-476e-a4ba-fe1e7bf9e693,2025-01-03,2025-01-07,SOLD,2025-01-31,31.0,0.1,1.74,0.98,0.7
GDP300UU5TH6,1.15,2025-01-29,M4A1-S | Nitro (Minimal Wear),8.5,b113286c-48cb-4ef6-8918-9a93caf9efd1,59251424,False,b113286c-48cb-4ef6-8918-9a93caf9efd1,2025-01-30,2025-02-05,SOLD,2025-01-31,1.0,0.1,1.58,1.29,0.27
GARE55ZW9T0F,2.41,2025-01-24,Glock-18 | Nuclear Garden (Minimal Wear),14.02,276072ab-1068-40d2-adba-4de7860ea753,59164348,False,276072ab-1068-40d2-adba-4de7860ea753,2025-01-27,2025-01-27,SOLD,2025-01-31,6.0,0.1,3.11,2.69,0.39
G8KE9PAL5C5G,2.24,2025-01-06,AWP | Acheron (Factory New),4.79,eac02bda-bdd8-4d49-954b-6f2bb56c2245,58427040,False,eac02bda-bdd8-4d49-954b-6f2bb56c2245,2025-01-08,,SOLD,2025-01-31,24.0,0.1,3.49,2.5,0.9
GNGGUZR9XL8W,1.2,2025-01-06,Glock-18 | Nuclear Garden (Field-Tested),18.26,60f7ef1d-e1db-4c48-8a6b-e776dcb56075,58427048,False,60f7ef1d-e1db-4c48-8a6b-e776dcb56075,2025-01-08,2025-01-12,SOLD,2025-01-31,24.0,0.1,1.9,1.34,0.51
GHSNSHEK2X75,0.25,2024-10-18,P250 | Metallic DDPAT (Factory New),1.99,df1fc8e6-cfad-490c-876c-14789d109b41,55634465,False,df1fc8e6-cfad-490c-876c-14789d109b41,2024-10-20,2024-10-24,SOLD,2025-02-01,105.0,0.1,0.38,0.29,0.09
G27PD3G694GL,4.08,2025-01-31,Galil AR | Eco (Field-Tested),35.57,fa05e850-3199-4ac9-bab0-d3b559bcc455,59308243,False,fa05e850-3199-4ac9-bab0-d3b559bcc455,2025-02-02,2025-02-07,SOLD,2025-02-01,0.0,0.15,5.29,4.81,0.42
G36D8SWALU5C,1.78,2025-01-31,USP-S | Cortex (Field-Tested),30.65,07ebd174-867d-49e1-afc0-40b5df024ae8,59308253,False,07ebd174-867d-49e1-afc0-40b5df024ae8,2025-02-02,2025-02-08,SOLD,2025-02-01,0.0,0.15,2.31,2.11,0.18
GL92P9XZXG25,59.39,2025-01-24,Sir Bloody Loudmouth Darryl | The Professionals,,cf2eb88a-5635-43b6-a00a-fbef90f0fd3e,59164387,False,cf2eb88a-5635-43b6-a00a-fbef90f0fd3e,2025-01-27,2025-02-01,SOLD,2025-02-01,7.0,0.1,69.99,66.0,3.6
G55L9PTGGS0G,1.79,2025-01-24,Charm | Lil' Whiskers,,b4b55dfa-6145-403c-9348-8776959501f9,59164391,False,b4b55dfa-6145-403c-9348-8776959501f9,2025-01-27,2025-01-31,SOLD,2025-02-01,7.0,0.1,2.36,2.0,0.33
GRG5PS4ASC45,2.62,2025-01-24,Welcome to the Clutch Pin,,,870735,True,4d6bba9d-fef8-46c1-b4cd-bfd0e13f6e94,2025-01-27,,SOLD,2025-02-01,7.0,0.1,3.49,2.92,0.52
GET30ZFRP37G,36.05,2024-12-30,Sir Bloody Skullhead Darryl | The Professionals,,6f7f81b6-93f9-42b5-a51b-fd8ee079855a,58277111,False,6f7f81b6-93f9-42b5-a51b-fd8ee079855a,2025-01-03,2025-01-06,SOLD,2025-02-01,32.0,0.1,39.99,40.07,-0.06
GXH729URKS78,1.7,2025-01-29,MP9 | Ruby Poison Dart (Factory New),5.59,e04c9f6d-63e6-4e9d-89d0-1ef7a8f2082d,59308213,False,e04c9f6d-63e6-4e9d-89d0-1ef7a8f2082d,2025-02-02,2025-02-06,SOLD,2025-02-01,2.0,0.15,2.24,2.01,0.2
GWWP6NGPRKLL,0.55,2025-01-24,Sticker | Flex,,,55480742,True,bb7401c8-9744-4cb2-a95c-e6e9956907ac,2025-01-27,,SOLD,2025-02-01,7.0,0.1,1.26,0.62,0.58
G5ZUDXF4P527,1.74,2025-01-29,AWP | Black Nile (Field-Tested),33.14,47a4a2bb-09d6-47ba-867c-1bd683625bd3,59308212,False,47a4a2bb-09d6-47ba-867c-1bd683625bd3,2025-02-02,2025-02-06,SOLD,2025-02-01,2.0,0.15,2.33,2.06,0.24
GKN67EFZHWN2,1.87,2025-01-29,Desert Eagle | Tilted (Minimal Wear),13.59,c5f1511e-b557-4aca-88c4-2453f03454dc,59308214,False,c5f1511e-b557-4aca-88c4-2453f03454dc,2025-02-02,2025-02-06,SOLD,2025-02-01,2.0,0.15,2.59,2.21,0.33
GC5GRK87SCR6,3.08,2025-01-29,USP-S | Cortex (Minimal Wear),8.86,973f1a8d-fefa-4ce9-b9fa-12bea3ff446f,59308201,False,973f1a8d-fefa-4ce9-b9fa-12bea3ff446f,2025-02-02,2025-02-05,SOLD,2025-02-01,2.0,0.15,4.33,3.64,0.6
GNK830EUZD0K,6.62,2025-01-29,M4A4 | Desolate Space (Minimal Wear),10.98,f49a2d9f-e6c9-42ca-8a88-3ad444544381,59308203,False,f49a2d9f-e6c9-42ca-8a88-3ad444544381,2025-02-02,,SOLD,2025-02-01,2.0,0.15,8.7,7.8,0.77
G2AUDPX6D3LD,0.3,2025-01-29,Galil AR | NV (Factory New),3.96,a901cf0d-4563-473b-92db-4457b9cd1992,59308223,False,a901cf0d-4563-473b-92db-4457b9cd1992,2025-02-02,2025-02-06,SOLD,2025-02-01,2.0,0.15,0.5,0.36,0.12
GUZE7K237Z32,1.99,2025-01-24,Tec-9 | Re-Entry (Factory New),6.44,25b9bac2-f6ab-4ad1-98f1-6eeb001a41cc,59164350,False,25b9bac2-f6ab-4ad1-98f1-6eeb001a41cc,2025-01-27,,SOLD,2025-02-01,7.0,0.1,3.15,2.22,0.84
GPW9ZHSK8PGA,5.22,2025-01-29,AWP | Atheris (Minimal Wear),14.02,26cf95e7-b324-4a4e-8fb7-78a454f4c50e,59308217,False,26cf95e7-b324-4a4e-8fb7-78a454f4c50e,2025-02-02,2025-02-06,SOLD,2025-02-01,2.0,0.15,7.0,6.15,0.73
G587TN5S6C2D,6.6,2025-01-31,M4A4 | Desolate Space (Minimal Wear),12.23,c96535ba-3d14-4f34-a0f4-f18f92fca416,59308251,False,c96535ba-3d14-4f34-a0f4-f18f92fca416,2025-02-02,2025-02-08,SOLD,2025-02-01,0.0,0.15,8.7,7.78,0.79
GZ9F7DF4WL8W,1.78,2025-01-24,Charm | Lil' Whiskers,,baf327c5-154d-4547-8377-25300fee9a48,59164415,False,baf327c5-154d-4547-8377-25300fee9a48,2025-01-27,2025-02-01,SOLD,2025-02-02,8.0,0.1,2.36,1.99,0.34
GGZ9UZSNUSPP,5.36,2025-01-29,StatTrak™ USP-S | Ticket to Hell (Factory New),6.16,09348c46-44ee-4d9f-bea0-9cf7f42aa4df,59308216,False,09348c46-44ee-4d9f-bea0-9cf7f42aa4df,2025-02-02,2025-02-06,SOLD,2025-02-02,3.0,0.15,7.75,6.32,1.23
GA99U7SSXR08,0.58,2025-01-24,Tec-9 | Ice Cap (Factory New),4.17,84f2d9ef-127a-4b11-bf08-3e12547854fc,59164403,False,84f2d9ef-127a-4b11-bf08-3e12547854fc,2025-01-27,2025-01-31,SOLD,2025-02-02,8.0,0.1,1.09,0.66,0.4
GKGKD5XW36LN,0.81,2025-01-30,MAC-10 | Pipsqueak (Field-Tested),31.64,3c602867-911d-40f0-8490-557eb24926fb,59308229,False,3c602867-911d-40f0-8490-557eb24926fb,2025-02-02,2025-02-07,SOLD,2025-02-02,2.0,0.15,1.12,0.96,0.14
GN33ECLWTNU2,5.75,2025-01-24,MP9 | Starlight Protector (Minimal Wear),10.19,788af166-3fd6-40f2-8b77-7e376bec4d11,59164414,False,788af166-3fd6-40f2-8b77-7e376bec4d11,2025-01-27,2025-02-01,SOLD,2025-02-02,8.0,0.1,7.53,6.4,1.03
GKGWENWTGW6X,0.55,2025-01-17,Charm | Hot Sauce,,0d1494b3-eeda-4d66-a558-922a70b41506,58937790,False,0d1494b3-eeda-4d66-a558-922a70b41506,2025-01-21,2025-01-25,SOLD,2025-02-02,15.0,0.1,1.06,0.62,0.4
GE0XTXF2LR7S,2.29,2025-01-24,AWP | Worm God (Factory New),5.21,49288f8e-5ec3-46e2-bf9d-51dcdd6f6502,59164349,False,49288f8e-5ec3-46e2-bf9d-51dcdd6f6502,2025-01-27,2025-01-30,SOLD,2025-02-02,8.0,0.1,3.62,2.56,0.97
GKFA6WL7FP5H,1.7,2025-01-30,Desert Eagle | Tilted (Minimal Wear),8.05,540f1df8-edbc-4edd-af03-560415b015a7,59308231,False,540f1df8-edbc-4edd-af03-560415b015a7,2025-02-02,2025-02-07,SOLD,2025-02-02,2.0,0.15,2.59,2.01,0.5
GK9D5097AW57,1.49,2025-01-29,USP-S | Cyrex (Minimal Wear),8.15,a6914708-dfcd-4b9f-a95f-3c6fb4ad79f3,59308218,False,a6914708-dfcd-4b9f-a95f-3c6fb4ad79f3,2025-02-02,2025-02-06,SOLD,2025-02-02,3.0,0.15,2.08,1.76,0.28
GG57DHKXLGHG,1.4,2025-01-28,M4A4 | Evil Daimyo (Field-Tested),20.39,04d7091d-aecf-4c85-8f70-0c1f35656857,59251416,False,04d7091d-aecf-4c85-8f70-0c1f35656857,2025-01-30,2025-02-02,SOLD,2025-02-02,4.0,0.1,1.85,1.57,0.27
GPCA0RUHG4ZE,1.4,2025-01-13,R8 Revolver | Blaze (Factory New),3.49,d0fe236b-850d-4e17-b56e-a527586c9c00,58672597,False,d0fe236b-850d-4e17-b56e-a527586c9c00,2025-01-16,2025-01-21,SOLD,2025-02-02,19.0,0.08,1.82,1.53,0.27
GL4Z4WEU7G6P,100.0,2025-01-12,AK-47 | Inheritance (Minimal Wear),8.18,d82ce022-8836-4e4f-a3cb-55da44addacc,58672629,False,d82ce022-8836-4e4f-a3cb-55da44addacc,2025-01-16,2025-01-16,SOLD,2025-02-02,20.0,0.08,139.99,108.71,28.79
G895RUC5N285,1.05,2024-12-22,Glock-18 | Nuclear Garden (Field-Tested),29.87,4ed0d87a-2de3-4e30-afc8-e22ea99d6312,58006043,False,4ed0d87a-2de3-4e30-afc8-e22ea99d6312,2024-12-24,2024-12-29,SOLD,2025-02-03,42.0,0.1,1.92,1.18,0.68
GXC3N0609ZZ8,3.42,2025-01-31,Glock-18 | Water Elemental (Field-Tested),31.26,285d846f-c121-4a62-91f3-b9a16828af79,59308247,False,285d846f-c121-4a62-91f3-b9a16828af79,2025-02-02,2025-02-08,SOLD,2025-02-03,2.0,0.15,4.45,4.04,0.36
G85HEUWST63P,1.09,2024-11-15,Sticker | Baby Howl,,,41548385,True,7bc4361a-0020-43df-9b45-8eaa5f7facaf,2024-11-17,,SOLD,2025-02-03,79.0,0.08,1.28,1.2,0.09
G335WE0TD9WE,1.74,2025-01-30,Charm | Glamour Shot,,df755947-0022-4144-8b74-e78d27496b7a,59308239,False,df755947-0022-4144-8b74-e78d27496b7a,2025-02-02,2025-02-07,SOLD,2025-02-03,3.0,0.15,2.26,2.06,0.18
GL5N3TC3F4GR,0.51,2024-10-10,Sticker | Zeusception (Holo),,,41629502,True,a3d04b52-ab40-405e-889c-c5e6ca812974,2024-10-13,,SOLD,2025-02-03,115.0,0.1,1.17,0.58,0.54
GZCNWX2XSKTE,2.0,2024-12-07,Glock-18 | Umbral Rabbit (Factory New),6.81,eed1c409-3bbd-40b2-88d2-a75033c86f00,57391411,False,eed1c409-3bbd-40b2-88d2-a75033c86f00,2024-12-09,,SOLD,2025-02-03,57.0,0.08,2.27,2.18,0.09
G55UWN7P4900,0.62,2025-01-30,Glock-18 | Candy Apple (Factory New),3.4,9afb4119-d940-4ea3-94a1-406ada02f8aa,59308242,False,9afb4119-d940-4ea3-94a1-406ada02f8aa,2025-02-02,2025-02-04,SOLD,2025-02-03,3.0,0.15,0.84,0.74,0.09
G25200N2CSFA,1.44,2025-01-29,Desert Eagle | Tilted (Minimal Wear),7.78,eb3549d6-db8a-4ee2-825a-a87258e67d19,59308207,False,eb3549d6-db8a-4ee2-825a-a87258e67d19,2025-02-02,2025-02-06,SOLD,2025-02-03,4.0,0.15,2.59,1.71,0.76
GZR0WRUKGLD6,1.2,2025-01-24,MP7 | Abyssal Apparition (Field-Tested),24.75,0313a464-93fc-4b18-852f-7c5f1f49c2bc,59164394,False,0313a464-93fc-4b18-852f-7c5f1f49c2bc,2025-01-27,2025-01-31,SOLD,2025-02-03,9.0,0.1,1.58,1.34,0.22
GZXUKNE30CA2,4.13,2025-01-29,Glock-18 | Wasteland Rebel (Factory New),3.63,0caf127b-98dd-4c1b-8a51-6f6836b893cf,59308210,False,0caf127b-98dd-4c1b-8a51-6f6836b893cf,2025-02-02,2025-02-06,SOLD,2025-02-03,4.0,0.15,5.88,4.87,0.87
G87WTU49EXXE,0.86,2025-01-24,Charm | Lil' Squatch,,5d29c5c3-b62b-4788-bf40-1007114a5b65,59164395,False,5d29c5c3-b62b-4788-bf40-1007114a5b65,2025-01-27,2025-01-31,SOLD,2025-02-03,9.0,0.1,1.3,0.97,0.31
GP88L9482AF6,1.23,2025-01-24,MP7 | Abyssal Apparition (Field-Tested),24.11,2ba850c1-13d2-4247-8073-ba7f39def0f7,59164358,False,2ba850c1-13d2-4247-8073-ba7f39def0f7,2025-01-27,2025-01-29,SOLD,2025-02-03,9.0,0.1,1.58,1.38,0.19
GLSX3U4X5L7A,1.27,2025-01-24,Nova | Wurst Hölle (Minimal Wear),10.89,3d2766c1-2c30-492c-b3be-74bd369546a7,59164393,False,3d2766c1-2c30-492c-b3be-74bd369546a7,2025-01-27,2025-01-31,SOLD,2025-02-04,10.0,0.1,1.61,1.42,0.18
GPW0RCN48AXZ,1.41,2025-01-28,M4A4 | Evil Daimyo (Field-Tested),17.0,9191422f-db14-4537-81da-4734cf7a366f,59251417,False,9191422f-db14-4537-81da-4734cf7a366f,2025-01-30,2025-02-04,SOLD,2025-02-04,6.0,0.1,1.85,1.58,0.26
G6DUUWDKZXLX,14.0,2025-01-17,AK-47 | Ice Coaled (Factory New),7.0,da679949-931e-4567-bfa5-82e1fb4ee03b,58937787,False,da679949-931e-4567-bfa5-82e1fb4ee03b,2025-01-21,,SOLD,2025-02-04,17.0,0.1,15.59,15.57,0.03
GC0K4645XL2E,1.35,2025-01-30,Desert Eagle | Tilted (Minimal Wear),8.27,16d23b69-b457-4e6a-b968-dcc5ac2b5525,59308228,False,16d23b69-b457-4e6a-b968-dcc5ac2b5525,2025-02-02,2025-02-07,SOLD,2025-02-04,4.0,0.15,2.59,1.6,0.85
GWAZZ2PS0G73,1.5,2025-01-29,Desert Eagle | Tilted (Minimal Wear),8.58,3e64caca-ae94-4066-bcf6-f62fb04ca492,59308200,False,3e64caca-ae94-4066-bcf6-f62fb04ca492,2025-02-02,2025-02-05,SOLD,2025-02-05,6.0,0.15,2.59,1.78,0.7
GZ86KDA804WS,1.9,2025-02-02,USP-S | Black Lotus (Minimal Wear),10.19,2e071b08-dc9e-492c-a111-d6d8a1594baa,59410912,False,2e071b08-dc9e-492c-a111-d6d8a1594baa,2025-02-06,2025-02-10,SOLD,2025-02-05,2.0,0.15,2.66,2.25,0.36
GX50GX247XXG,1.84,2025-01-06,M4A4 | Magnesium (Factory New),6.83,47704f74-e28d-408c-9a41-7c79466e623b,58427052,False,47704f74-e28d-408c-9a41-7c79466e623b,2025-01-08,2025-01-13,SOLD,2025-02-05,29.0,0.1,2.87,2.06,0.74
GTX4Z60W3HRF,1.85,2024-12-07,Glock-18 | Umbral Rabbit (Factory New),6.71,bc3e1a6a-5106-4293-b3f4-ea5a89e6ef61,57391408,False,bc3e1a6a-5106-4293-b3f4-ea5a89e6ef61,2024-12-09,,SOLD,2025-02-05,59.0,0.08,2.27,2.02,0.24
GWUZGHXW9368,2.58,2025-02-02,AWP | Atheris (Field-Tested),35.11,9c07a154-cc5c-4840-ad0c-d9119e92d974,59410887,False,9c07a154-cc5c-4840-ad0c-d9119e92d974,2025-02-06,2025-02-09,SOLD,2025-02-05,2.0,0.15,3.53,3.05,0.42
GZ0PWZ6TEK4X,27.27,2025-01-29,Sir Bloody Skullhead Darryl | The Professionals,,960afff3-a8a2-4b4b-ba0a-795d5d5ffb7d,59308205,False,960afff3-a8a2-4b4b-ba0a-795d5d5ffb7d,2025-02-02,2025-02-06,SOLD,2025-02-05,6.0,0.15,35.18,32.09,2.63
G88C9W0NGFG8,10.0,2024-12-31,USP-S | Blueprint (Minimal Wear),9.99,f5f71a3c-ccc6-4542-90ac-57dc43018ed0,58277127,False,f5f71a3c-ccc6-4542-90ac-57dc43018ed0,2025-01-03,2025-01-07,SOLD,2025-02-05,35.0,0.1,13.2,11.12,1.88
GL40ZCULCHGL,1.81,2025-02-02,Five-SeveN | Angry Mob (Field-Tested),20.02,3e3f9199-901d-4ecf-b850-e7fb8a27ffd6,59410889,False,3e3f9199-901d-4ecf-b850-e7fb8a27ffd6,2025-02-06,2025-02-09,SOLD,2025-02-05,2.0,0.15,2.48,2.14,0.3
GKRWT4F05RL3,0.7,2025-02-03,MAC-10 | Pipsqueak (Field-Tested),17.23,aa2fce70-01db-4f0d-8e70-e7364bd7f2b4,59410926,False,aa2fce70-01db-4f0d-8e70-e7364bd7f2b4,2025-02-06,2025-02-11,SOLD,2025-02-05,1.0,0.15,1.11,0.84,0.24
GFLKFGSGTEPP,1.3,2025-01-30,AWP | Mortis (Field-Tested),25.46,6edf7f80-6b96-4317-93e1-3d105ea50108,59308241,False,6edf7f80-6b96-4317-93e1-3d105ea50108,2025-02-02,2025-02-07,SOLD,2025-02-05,5.0,0.15,1.87,1.54,0.29
GHSZ8RUHZ3GK,4.5,2025-01-30,AK-47 | Crossfade (Factory New),4.47,52f207ef-b717-4859-b85a-51a15ef16f4b,59308240,False,52f207ef-b717-4859-b85a-51a15ef16f4b,2025-02-02,2025-02-01,SOLD,2025-02-05,5.0,0.15,8.22,5.31,2.49
GPL39SHXN69X,1.93,2025-02-05,Chroma 2 Case,,,214,True,944bb351-ebb1-4763-80bb-f10feacfc2a1,2025-02-06,,SOLD,2025-02-05,0.0,0.15,2.58,2.28,0.26
GW03TTLG4LX9,1.72,2025-02-05,Chroma 3 Case,,,209,True,6b9e2fbe-7eef-479b-abd8-0375ed73448e,2025-02-06,,SOLD,2025-02-05,0.0,0.15,2.46,2.04,0.37
GKNHETGFTDTH,1.8,2025-02-05,Gamma 2 Case,,,726,True,ac29d4ad-d1ea-4857-8250-6b7ac11226bc,2025-02-06,,SOLD,2025-02-05,0.0,0.15,2.38,2.13,0.22
GSH4P42G48UK,3.73,2025-02-04,Galil AR | Eco (Field-Tested),26.36,0093a746-06ca-4a22-8b18-9bbc17ca207e,59410936,False,0093a746-06ca-4a22-8b18-9bbc17ca207e,2025-02-06,2025-02-12,SOLD,2025-02-05,0.0,0.15,5.22,4.4,0.71
GA4CPXSCXDRZ,3.83,2024-12-08,Glock-18 | Nuclear Garden (Factory New),6.82,69465c7e-187e-4c76-adb7-c8a56e01a7ae,57476589,False,69465c7e-187e-4c76-adb7-c8a56e01a7ae,2024-12-11,2024-12-16,SOLD,2025-02-05,58.0,0.08,5.72,4.17,1.43
GPE09A56E738,1.43,2025-02-02,AWP | Mortis (Field-Tested),16.75,4a61999e-4912-428a-b3f0-3868e9ed6844,59410898,False,4a61999e-4912-428a-b3f0-3868e9ed6844,2025-02-06,2025-02-04,SOLD,2025-02-05,2.0,0.15,1.87,1.69,0.16
GZUNFX3RL6HK,2.74,2025-02-02,AWP | Atheris (Field-Tested),37.61,c6375e23-36c3-4489-99e6-c40f53f29aa6,59410900,False,c6375e23-36c3-4489-99e6-c40f53f29aa6,2025-02-06,2025-02-10,SOLD,2025-02-05,2.0,0.15,3.53,3.24,0.26
GHX0EGXSXSK4,0.88,2025-01-29,Charm | Lil' Squatch,,94902ff7-9802-4049-995c-0abf776564ae,59308220,False,94902ff7-9802-4049-995c-0abf776564ae,2025-02-02,2025-02-06,SOLD,2025-02-05,6.0,0.15,1.22,1.05,0.16
GWNLRSRT99GC,1.39,2025-02-02,AWP | Mortis (Field-Tested),25.7,f802d4e3-a516-4035-8c7d-ead1d3c99f95,59410902,False,f802d4e3-a516-4035-8c7d-ead1d3c99f95,2025-02-06,2025-02-10,SOLD,2025-02-05,2.0,0.15,1.87,1.65,0.2
G4D5682APX45,1.25,2025-02-05,Five-SeveN | Urban Hazard (Factory New),2.9,b2bb1c3a-2d2c-42db-bcdc-1bab14f88445,59410940,False,b2bb1c3a-2d2c-42db-bcdc-1bab14f88445,2025-02-06,2025-02-12,SOLD,2025-02-05,0.0,0.15,1.93,1.48,0.39
GD3N088A9XU3,1.55,2025-02-02,USP-S | Cyrex (Minimal Wear),11.23,5f98833c-3ebd-41cb-927d-c3ba065c447b,59410897,False,5f98833c-3ebd-41cb-927d-c3ba065c447b,2025-02-06,2025-02-10,SOLD,2025-02-06,3.0,0.15,2.08,1.84,0.22
GALGWA949HKN,3.42,2025-01-29,Desert Eagle | Tilted (Factory New),6.01,94c5ea21-e1d7-45d7-9850-ee397cf746b6,59308206,False,94c5ea21-e1d7-45d7-9850-ee397cf746b6,2025-02-02,2025-02-06,SOLD,2025-02-07,8.0,0.15,7.58,4.04,3.02
GHPRXKUD9G3G,4.25,2025-01-28,Rezan the Redshirt | Sabre,,0595ead5-23b2-4ac3-9eda-a9d3bcbbb16a,59251412,False,0595ead5-23b2-4ac3-9eda-a9d3bcbbb16a,2025-01-30,2025-02-05,SOLD,2025-02-07,9.0,0.1,5.73,4.73,0.91
GFC28NT46HZ0,2.81,2025-01-29,Gift Package,,,1278917,True,3b859efa-b367-45af-ac9e-28142c531396,2025-01-30,,SOLD,2025-02-07,8.0,0.1,4.54,3.13,1.28
GNK9ZC2DSHPL,0.51,2025-01-29,Charm | Baby's AK,,d9b3749a-2796-423b-b90b-f2ff64221964,59308222,False,d9b3749a-2796-423b-b90b-f2ff64221964,2025-02-02,2025-02-06,SOLD,2025-02-07,8.0,0.15,0.74,0.61,0.12
G4WWCW6SX7KX,5.88,2025-01-30,Operator | FBI SWAT,,dfe52280-83cb-40d8-af05-d9ecbc949535,59308234,False,dfe52280-83cb-40d8-af05-d9ecbc949535,2025-02-02,2025-02-07,SOLD,2025-02-07,7.0,0.15,8.04,6.93,0.95
G0LLZGKPUX6L,2.89,2025-01-31,StatTrak™ M4A1-S | Night Terror (Minimal Wear),8.38,6d17ac4a-d9c2-41e8-b42d-e30d6d472146,59308244,False,6d17ac4a-d9c2-41e8-b42d-e30d6d472146,2025-02-02,2025-02-07,SOLD,2025-02-07,6.0,0.15,3.83,3.41,0.37
G9ANDDS2FUUK,1.04,2025-01-17,Charm | Lil' Squatch,,bf9c5345-795e-4c3c-8f4d-5dc50cbf21f4,58937789,False,bf9c5345-795e-4c3c-8f4d-5dc50cbf21f4,2025-01-21,2025-01-25,SOLD,2025-02-07,20.0,0.1,1.38,1.17,0.2
GN6LGTPKTEXZ,1.5,2025-02-04,StatTrak™ AWP | Capillary (Minimal Wear),8.87,0536aa88-3426-49bf-b57e-54ea0b12b588,59410938,False,0536aa88-3426-49bf-b57e-54ea0b12b588,2025-02-06,2025-02-11,SOLD,2025-02-07,2.0,0.15,2.09,1.78,0.28
GCG4SKX3XCR4,3.07,2025-01-29,AK-47 | Crossfade (Minimal Wear),11.34,f9923c8e-e20b-4ceb-8312-053a9c247974,59308209,False,f9923c8e-e20b-4ceb-8312-053a9c247974,2025-02-02,2025-02-06,SOLD,2025-02-07,8.0,0.15,4.69,3.62,0.92
GSKKDG622GE5,2.1,2025-01-30,Canals Pin,,,864505,True,407f8598-56ca-44a3-adf6-b43e816c3ab1,2025-02-02,,SOLD,2025-02-07,7.0,0.15,2.76,2.48,0.25
GF5KKXH496FL,1.45,2025-01-30,Charm | POP Art,,378f475f-fefc-4501-9b8d-49c0ad9c88c1,59308235,False,378f475f-fefc-4501-9b8d-49c0ad9c88c1,2025-02-02,2025-02-07,SOLD,2025-02-07,7.0,0.15,1.89,1.72,0.16
GXLS9C80LFCT,0.79,2025-02-03,MAC-10 | Pipsqueak (Field-Tested),27.65,5ed9dad4-12d6-45cf-8c07-c1a72479ff5c,59410923,False,5ed9dad4-12d6-45cf-8c07-c1a72479ff5c,2025-02-06,2025-02-11,SOLD,2025-02-08,4.0,0.15,1.11,0.94,0.15
G9SCR54E5885,3.3,2025-01-31,"Music Kit | bbno$, u mad!",,,36448801,True,19100d56-8641-4d28-a587-894087129fbb,2025-02-02,,SOLD,2025-02-08,7.0,0.15,4.27,3.89,0.33
GHK9KWUE5F3S,1.52,2025-01-31,Desert Eagle | Tilted (Minimal Wear),14.63,d2076696-687f-4fab-9232-0e350de8927c,59308250,False,d2076696-687f-4fab-9232-0e350de8927c,2025-02-02,2025-02-08,SOLD,2025-02-08,7.0,0.15,2.59,1.8,0.68
GL8K9X45E8W4,2.87,2025-02-03,StatTrak™ M4A1-S | Night Terror (Minimal Wear),8.31,2edbf1a5-8a29-455b-96b1-20af6c8848a8,59410928,False,2edbf1a5-8a29-455b-96b1-20af6c8848a8,2025-02-06,2025-02-11,SOLD,2025-02-08,4.0,0.15,3.83,3.39,0.39
G40N9L4TGE68,1.68,2025-01-31,MP7 | Bloodsport (Minimal Wear),11.76,ef8a99ca-efc0-4277-be73-e93e3705eff7,59308249,False,ef8a99ca-efc0-4277-be73-e93e3705eff7,2025-02-02,2025-02-08,SOLD,2025-02-08,7.0,0.15,2.18,1.99,0.17
GRK95ZAP9SLA,4.2,2025-01-30,StatTrak™ Desert Eagle | Trigger Discipline (Minimal Wear),14.5,5427b9aa-3659-4b80-944d-ce652ff4060f,59308238,False,5427b9aa-3659-4b80-944d-ce652ff4060f,2025-02-02,2025-02-07,SOLD,2025-02-08,8.0,0.15,6.16,4.95,1.04
GX7S30E3N84N,1.5,2025-02-01,"Music Kit | Meechy Darko, Gothic Luxury",,,41803222,True,14a5f5b6-e6d4-4aa7-9820-ecb923cd9884,2025-02-02,,SOLD,2025-02-08,6.0,0.15,2.0,1.78,0.2
G67L4SHETRPW,8.0,2024-12-25,eSports 2013 Winter Case,,,222,True,74151a97-d4fb-4b5f-8930-c6b89f38c353,2024-12-26,,SOLD,2025-02-08,44.0,0.1,9.95,8.9,0.96
GW2ZLTU08ZSX,8.0,2024-12-25,eSports 2013 Winter Case,,,222,True,b6c82238-fd14-464f-81e9-2daa2f71f76b,2024-12-26,,SOLD,2025-02-08,44.0,0.1,9.95,8.9,0.96
GH35L88W9AKZ,8.0,2024-12-25,eSports 2013 Winter Case,,,222,True,79c57383-1567-42c9-ad1d-1e759c6235bb,2024-12-26,,SOLD,2025-02-08,44.0,0.1,9.95,8.9,0.96
GRA3FU08G9H6,8.0,2024-12-25,eSports 2013 Winter Case,,,222,True,7ad5b882-9cae-43f8-8c38-b63b823da95a,2024-12-26,,SOLD,2025-02-08,44.0,0.1,9.95,8.9,0.96
GFEE47DWRFK4,8.0,2024-12-25,eSports 2013 Winter Case,,,222,True,c526a20c-3f81-490e-bd07-0d0706eea7dc,2024-12-28,,SOLD,2025-02-08,44.0,0.1,9.95,8.9,0.96
G5XE747XDCHA,2.0,2025-01-06,AWP | Acheron (Factory New),6.79,76f310c2-a7dd-4f14-bc66-cd627fe85451,58427039,False,76f310c2-a7dd-4f14-bc66-cd627fe85451,2025-01-08,,SOLD,2025-02-08,32.0,0.1,3.49,2.23,1.14
GDP3W2AR6KWH,8.0,2024-12-25,eSports 2013 Winter Case,,,222,True,c3c7c28c-530c-4e0a-913b-7d58d90cd3cb,2024-12-28,,SOLD,2025-02-08,44.0,0.1,9.95,8.9,0.96
GRTRD09DGG8D,3.07,2025-02-02,Glock-18 | Water Elemental (Field-Tested),28.69,cd37fecb-bca1-46f6-8e31-a8bfd2e7249c,59410911,False,cd37fecb-bca1-46f6-8e31-a8bfd2e7249c,2025-02-06,2025-02-10,SOLD,2025-02-08,5.0,0.15,4.33,3.62,0.61
GZH5ZL53907Z,1.31,2025-02-02,Five-SeveN | Urban Hazard (Factory New),3.19,8f0df773-f9bb-4529-945d-58c965c53951,59410907,False,8f0df773-f9bb-4529-945d-58c965c53951,2025-02-06,2025-02-10,SOLD,2025-02-08,5.0,0.15,1.93,1.55,0.33
G4NA8WC8XZDR,2.0,2025-01-29,AWP | Worm God (Factory New),4.13,a6a91372-a7ef-4eca-ba4f-da4b7fd3ce7b,59308211,False,a6a91372-a7ef-4eca-ba4f-da4b7fd3ce7b,2025-02-02,2025-02-06,SOLD,2025-02-08,9.0,0.15,3.99,2.36,1.39
G00NCHX3WT99,3.07,2025-01-29,AK-47 | Crossfade (Minimal Wear),10.42,347ea002-0920-457c-9107-4d7fea8931e7,59308208,False,347ea002-0920-457c-9107-4d7fea8931e7,2025-02-02,2025-02-06,SOLD,2025-02-08,9.0,0.15,4.69,3.62,0.92
G4RW84XW7967,1.5,2025-01-28,M4A1-S | Night Terror (Factory New),6.14,4dcc0878-ebde-4e89-bb36-20a317eeb8ec,59251415,False,4dcc0878-ebde-4e89-bb36-20a317eeb8ec,2025-01-30,2025-02-05,SOLD,2025-02-08,10.0,0.1,1.94,1.68,0.25
G36F4G70F8FK,7.99,2024-12-29,USP-S | Blueprint (Minimal Wear),10.14,05342a0d-ec9f-4417-a730-4694686d506e,58277114,False,05342a0d-ec9f-4417-a730-4694686d506e,2025-01-03,2025-01-05,SOLD,2025-02-08,40.0,0.1,13.2,8.89,3.89
GXS33RN7LEDU,8.0,2024-12-25,eSports 2013 Winter Case,,,222,True,e50132de-25e3-4d46-88d3-fd0fb4bbda96,2024-12-28,,SOLD,2025-02-08,44.0,0.1,9.95,8.9,0.96
G5HK7RS2PFDR,2.17,2025-01-28,USP-S | Alpine Camo (Minimal Wear),12.29,a739b77b-4ed5-4204-9b97-e130bbb40795,59251414,False,a739b77b-4ed5-4204-9b97-e130bbb40795,2025-01-30,2025-02-03,SOLD,2025-02-08,10.0,0.1,4.01,2.42,1.44
G6AU9DUPAGKU,8.0,2024-12-25,eSports 2013 Winter Case,,,222,True,917782d1-cf7d-4e5b-a54c-a039f3a2e4a9,2024-12-28,,SOLD,2025-02-08,44.0,0.1,9.95,8.9,0.96
GHD0Z5RSASRF,4.85,2025-01-29,Winter Offensive Weapon Case,,,223,True,4892c808-f902-4264-996e-6710e28d7b0e,2025-02-02,,SOLD,2025-02-08,9.0,0.15,6.72,5.72,0.86
GX4N84K4L77W,1.42,2025-01-30,Five-SeveN | Urban Hazard (Factory New),3.72,7315d222-5246-4299-b1c6-3dfe4425ffe4,59308232,False,7315d222-5246-4299-b1c6-3dfe4425ffe4,2025-02-02,2025-02-07,SOLD,2025-02-08,8.0,0.15,1.93,1.68,0.22
GRNGDWA0KGLX,3.07,2025-02-02,Glock-18 | Water Elemental (Field-Tested),28.17,93b02fde-166e-477b-9f86-0c86be04632a,59410914,False,93b02fde-166e-477b-9f86-0c86be04632a,2025-02-06,2025-02-10,SOLD,2025-02-08,5.0,0.15,4.33,3.62,0.61
G005XHZA3E7U,3.57,2025-01-28,StatTrak™ M4A1-S | Emphorosaur-S (Minimal Wear),14.76,2bbcc696-ccee-4be4-8362-fa4fbbd2d3b3,59251419,False,2bbcc696-ccee-4be4-8362-fa4fbbd2d3b3,2025-01-30,2025-02-04,SOLD,2025-02-08,10.0,0.1,4.65,3.98,0.62
GKT8XHAWU9WF,1.09,2024-11-15,Sticker | Baby Howl,,,41548385,True,a9542605-90f6-4432-ab6b-036245ff9c87,2024-11-17,,SOLD,2025-02-08,84.0,0.08,1.28,1.2,0.09
GZN6SR23K32R,1.09,2024-11-15,Sticker | Baby Howl,,,41548385,True,257b7940-f097-4480-bce7-2bec13600701,2024-11-17,,SOLD,2025-02-08,84.0,0.08,1.28,1.2,0.09
GUTKFSFWW6GR,1.09,2024-11-15,Sticker | Baby Howl,,,41548385,True,07fcefe2-5dd5-4904-aa61-abdc23087337,2024-11-17,,SOLD,2025-02-08,84.0,0.08,1.28,1.2,0.09
GPZK9D9T0RW5,1.48,2025-01-31,Five-SeveN | Urban Hazard (Factory New),4.65,7d53c0d5-e717-4bdb-887c-298481f65c96,59308246,False,7d53c0d5-e717-4bdb-887c-298481f65c96,2025-02-02,2025-02-08,SOLD,2025-02-08,7.0,0.15,1.93,1.75,0.16
GN0G3K8TH672,8.0,2024-12-25,eSports 2013 Winter Case,,,222,True,803cc389-68fd-4b5f-9685-b26b50af7659,2024-12-26,,SOLD,2025-02-08,44.0,0.1,9.95,8.9,0.96
GNKXTSEHGAZ2,8.0,2024-12-25,eSports 2013 Winter Case,,,222,True,211882eb-d4bf-424c-9b8e-765b1025ef29,2024-12-26,,SOLD,2025-02-08,44.0,0.1,9.95,8.9,0.96
GEZNUL226LS3,2.62,2025-01-24,USP-S | Cyrex (Factory New),5.82,87d6b0fa-d62c-4412-9161-31a09bcf5c99,59164345,False,87d6b0fa-d62c-4412-9161-31a09bcf5c99,2025-01-27,2025-01-30,SOLD,2025-02-09,15.0,0.1,4.63,2.92,1.55
G0G7APWTF5HN,0.77,2025-01-12,SSG 08 | Acid Fade (Factory New),0.38,3a0e9809-c26f-455a-adb1-b5ec6600431c,58672614,False,3a0e9809-c26f-455a-adb1-b5ec6600431c,2025-01-16,2025-01-19,SOLD,2025-02-09,27.0,0.08,1.57,0.85,0.67
G08XA7SKD4TF,0.82,2025-01-11,SSG 08 | Acid Fade (Factory New),0.37,cdcf4561-5c81-4d48-b173-ca87106292c5,58672628,False,cdcf4561-5c81-4d48-b173-ca87106292c5,2025-01-16,2025-01-19,SOLD,2025-02-09,28.0,0.08,1.57,0.9,0.62
GC67UZ97GUWU,4.94,2025-02-04,AWP | Black Nile (Factory New),6.8,8f05f681-10f4-4284-a497-e40c5deeea3e,59410933,False,8f05f681-10f4-4284-a497-e40c5deeea3e,2025-02-06,2025-02-12,SOLD,2025-02-09,4.0,0.15,6.33,5.82,0.44
GFT3HHWSCA8R,0.53,2025-01-24,Charm | Baby's AK,,1bd64a39-66f5-4f56-ab1e-21d7f9856da6,59164404,False,1bd64a39-66f5-4f56-ab1e-21d7f9856da6,2025-01-27,2025-01-31,SOLD,2025-02-09,15.0,0.1,0.82,0.6,0.21
GSGEZN7Z5FPW,3.0,2025-01-24,"Music Kit | Denzel Curry, ULTIMATE",,,43449561,True,5eae0041-824f-4ec2-8b47-52b6f34718ab,2025-01-27,,SOLD,2025-02-09,15.0,0.1,4.12,3.34,0.71
GGKK7D3AA0GC,1.54,2025-01-31,Tec-9 | Re-Entry (Factory New),4.45,c09425e4-e78a-4128-960f-ca7012ad1701,59308252,False,c09425e4-e78a-4128-960f-ca7012ad1701,2025-02-02,2025-02-08,SOLD,2025-02-09,8.0,0.15,3.0,1.82,1.01
GC78K2T27CS2,1.35,2025-01-29,Sticker | High Heat,,,55414367,True,4fe2e0b7-c721-4bab-b523-a5e8d35afaf7,2025-02-02,,SOLD,2025-02-09,10.0,0.15,1.91,1.6,0.27
GW3WECCPL8AS,4.0,2025-01-30,AK-47 | Crossfade (Factory New),4.77,efc51373-70d3-4229-b396-1e53440cc75c,59308227,False,efc51373-70d3-4229-b396-1e53440cc75c,2025-02-02,2025-02-06,SOLD,2025-02-09,9.0,0.15,8.22,4.72,2.99
G9GENE0CNP54,2.12,2025-02-02,AWP | Worm God (Factory New),6.41,5a495b6e-2717-4d24-b331-57662b7a30ae,59410895,False,5a495b6e-2717-4d24-b331-57662b7a30ae,2025-02-06,2025-02-09,SOLD,2025-02-09,6.0,0.15,4.11,2.51,1.37
GSX0ACFHP2TP,0.73,2025-02-02,StatTrak™ Glock-18 | Moonrise (Field-Tested),25.7,0ae44625-a060-4f93-8c6c-1ac91c54632e,59410892,False,0ae44625-a060-4f93-8c6c-1ac91c54632e,2025-02-06,2025-02-09,SOLD,2025-02-09,6.0,0.15,1.52,0.87,0.56
GETH0SE3UFT8,1.34,2025-02-05,"Music Kit | Meechy Darko, Gothic Luxury",,,41803222,True,f13b58fb-8a49-428a-8d41-ef0439389c40,2025-02-06,,SOLD,2025-02-09,3.0,0.15,2.0,1.59,0.36
GCTTW03R57FA,2.47,2025-01-24,USP-S | Cyrex (Factory New),5.45,bcfe6ee5-1491-4f03-8068-0d29539bc70b,59164408,False,bcfe6ee5-1491-4f03-8068-0d29539bc70b,2025-01-27,2025-02-01,SOLD,2025-02-09,15.0,0.1,4.63,2.76,1.7
G72HPK4N08U7,2.8,2025-02-04,"Music Kit | The Verkkars & n0thing, Flashbang Dance",,,36870351,True,78a8699c-c999-4336-b723-5e1574a24fbc,2025-02-06,,SOLD,2025-02-09,4.0,0.15,3.68,3.31,0.33
GAKXL07P64DS,1.38,2025-01-31,Sticker | High Heat,,,55414367,True,e34669a3-a7c9-43f0-bf39-87a02765456e,2025-02-02,,SOLD,2025-02-09,8.0,0.15,1.91,1.64,0.24
GC7W27PN7563,7.84,2025-02-02,USP-S | Blueprint (Minimal Wear),10.6,2e79962b-a9ee-4c88-a8ab-1f263075a319,59410915,False,2e79962b-a9ee-4c88-a8ab-1f263075a319,2025-02-06,2025-02-10,SOLD,2025-02-10,7.0,0.15,10.05,9.24,0.7
GXFUGH53CGU2,1.62,2025-02-03,Desert Eagle | Tilted (Minimal Wear),9.37,904ced0c-88d1-417c-91e5-00b498fe4804,59410919,False,904ced0c-88d1-417c-91e5-00b498fe4804,2025-02-06,2025-02-10,SOLD,2025-02-10,6.0,0.15,3.06,1.92,0.98
G22S8GLS5ARK,1.44,2025-02-03,M4A4 | Evil Daimyo (Field-Tested),22.09,62017e9d-daf1-4aa6-bef7-10764cd72f19,59410922,False,62017e9d-daf1-4aa6-bef7-10764cd72f19,2025-02-06,2025-02-11,SOLD,2025-02-10,6.0,0.15,1.85,1.71,0.13
GNN0TKCAS7N7,2.0,2025-01-06,AWP | Acheron (Factory New),4.38,59695709-0e5d-4972-99eb-40aa6f2cdfaa,58427043,False,59695709-0e5d-4972-99eb-40aa6f2cdfaa,2025-01-08,,SOLD,2025-02-10,34.0,0.1,3.49,2.23,1.14
G86RR9DA4DS6,5.08,2025-02-05,AK-47 | Legion of Anubis (Field-Tested),18.76,f859c88a-7f05-4029-ad66-492982921ba0,59461165,False,f859c88a-7f05-4029-ad66-492982921ba0,2025-02-11,2025-02-13,SOLD,2025-02-10,4.0,0.15,6.54,5.99,0.48
GAFXRSH6CAH9,0.82,2024-12-19,M4A1-S | Mud-Spec (Factory New),3.74,7afc00fe-6682-43c7-b1bb-a1b2de7e4465,57942654,False,7afc00fe-6682-43c7-b1bb-a1b2de7e4465,2024-12-22,2024-12-24,SOLD,2025-02-10,52.0,0.1,1.74,0.92,0.75
GSD245XGP63L,5.75,2025-01-31,Operator | FBI SWAT,,129064dd-ccf7-44e4-aa74-540234d1be2d,59308256,False,129064dd-ccf7-44e4-aa74-540234d1be2d,2025-02-02,2025-02-08,SOLD,2025-02-10,9.0,0.15,8.04,6.78,1.08
G4N98CP8GAHZ,5.88,2025-01-29,Operator | FBI SWAT,,361c99db-8f96-4e75-b1fc-55f59286c213,59308202,False,361c99db-8f96-4e75-b1fc-55f59286c213,2025-02-02,2025-02-06,SOLD,2025-02-10,11.0,0.15,8.04,6.93,0.95
GRSEZSS7AHTX,2.9,2025-01-30,"Music Kit | Denzel Curry, ULTIMATE",,,43449561,True,41ea9590-9045-4df9-b99a-695bacebd2df,2025-02-02,,SOLD,2025-02-10,10.0,0.15,4.12,3.42,0.6
GKH3P5NF3XU3,1.8,2025-02-05,AWP | Duality (Field-Tested),35.84,c1b17982-0f2f-4e4a-ad2e-a49bcf27737c,59461167,False,c1b17982-0f2f-4e4a-ad2e-a49bcf27737c,2025-02-11,2025-02-12,SOLD,2025-02-10,4.0,0.15,2.33,2.13,0.18
GK77LHU89FH3,3.0,2025-02-01,"Music Kit | Denzel Curry, ULTIMATE",,,43449561,True,0227e4a0-0c28-4252-afd6-fbb2fd34aecb,2025-02-02,,SOLD,2025-02-11,9.0,0.15,4.12,3.54,0.5
GD8NHASDADK0,1.16,2025-02-02,M4A1-S | Nitro (Minimal Wear),14.52,3a970f98-ca52-46f8-be40-8fe045d61535,59410891,False,3a970f98-ca52-46f8-be40-8fe045d61535,2025-02-06,2025-02-09,SOLD,2025-02-11,8.0,0.15,1.58,1.38,0.18
G55R42WWAHU2,3.02,2025-02-05,"Music Kit | Denzel Curry, ULTIMATE",,,43449561,True,434e5802-eabb-4045-8686-e5d82f538907,2025-02-06,,SOLD,2025-02-11,5.0,0.15,4.12,3.56,0.48
G4D5UNP4UNZ0,1.26,2025-02-02,Galil AR | Signal (Factory New),4.4,93b4b10c-4978-48d3-adbe-4fbcb6606e6b,59410896,False,93b4b10c-4978-48d3-adbe-4fbcb6606e6b,2025-02-06,2025-02-09,SOLD,2025-02-11,8.0,0.15,2.42,1.49,0.8
GNL8L0LLLS45,3.09,2025-02-03,"Music Kit | Denzel Curry, ULTIMATE",,,43449561,True,6bd458c4-0dba-4541-85bd-992276b6109b,2025-02-11,,SOLD,2025-02-11,7.0,0.15,4.12,3.65,0.41
G8UCTUX6HFE2,1.44,2025-01-26,Desert Eagle | Tilted (Minimal Wear),9.9,ac72b64f-cc96-4d0a-9d46-b95641f75f4d,59164423,False,ac72b64f-cc96-4d0a-9d46-b95641f75f4d,2025-01-27,2025-02-02,SOLD,2025-02-11,15.0,0.1,3.21,1.61,1.45
G32NEKX2S5LE,3.43,2025-02-02,Desert Eagle | Heat Treated (Minimal Wear),8.47,90e5cf0e-4930-4e89-af40-5533ec14f0aa,59410908,False,90e5cf0e-4930-4e89-af40-5533ec14f0aa,2025-02-06,2025-02-10,SOLD,2025-02-11,8.0,0.15,6.08,4.05,1.74
G89CC9Z7N9Z3,3.33,2025-02-02,StatTrak™ USP-S | Black Lotus (Field-Tested),30.59,22820383-ac02-49d3-b3a5-adccc97fc95c,59410909,False,22820383-ac02-49d3-b3a5-adccc97fc95c,2025-02-06,2025-02-10,SOLD,2025-02-11,8.0,0.15,4.78,3.93,0.73
GEPNKNNWGHF2,0.71,2025-02-05,Horizon Case,,,1263067,True,6585287d-9cc7-4b51-a64a-572cccd9357a,2025-02-11,,SOLD,2025-02-11,5.0,0.15,1.14,0.85,0.26
GT4W7XTKFDCZ,0.8,2025-02-05,Sticker | Bolt Charge,,,55478590,True,299a5cac-04aa-43e1-ba8a-37ba863ad080,2025-02-06,,SOLD,2025-02-11,5.0,0.15,1.98,0.95,0.88
GUDCW5GK6EXW,2.82,2025-01-24,Desert Eagle | Heat Treated (Well-Worn),42.09,a9210be8-da31-4e19-91c9-c660d4466a68,59164341,False,a9210be8-da31-4e19-91c9-c660d4466a68,2025-01-27,2025-01-24,SOLD,2025-02-11,17.0,0.1,5.98,3.14,2.56
GRUZW7F7DUC2,0.99,2025-02-03,Charm | Disco MAC,,d72be66e-c311-4ef4-bcdd-374d53b8ece5,59410929,False,d72be66e-c311-4ef4-bcdd-374d53b8ece5,2025-02-06,2025-02-11,SOLD,2025-02-11,7.0,0.15,1.39,1.18,0.19
GNWX4A4LNXHK,4.92,2025-01-24,AWP | Black Nile (Factory New),6.48,65745df8-e2c6-418f-90c0-a9995a756959,59164407,False,65745df8-e2c6-418f-90c0-a9995a756959,2025-01-27,2025-02-01,SOLD,2025-02-12,18.0,0.1,7.85,5.48,2.14
GP7WLR7TTN7H,0.56,2025-01-15,Charm | Hot Sauce,,c1efaab6-2ca0-43e6-8b38-aaca9aab9a4c,58937775,False,c1efaab6-2ca0-43e6-8b38-aaca9aab9a4c,2025-01-21,2025-01-23,SOLD,2025-02-12,27.0,0.1,1.06,0.63,0.39
G7AKU9A43T2C,0.83,2025-02-04,StatTrak™ Glock-18 | Moonrise (Field-Tested),25.48,f6b6252c-76ca-4cc7-a8f9-6bf5f748c428,59410932,False,f6b6252c-76ca-4cc7-a8f9-6bf5f748c428,2025-02-06,2025-02-11,SOLD,2025-02-12,7.0,0.15,1.52,0.99,0.46
GX9G5KPX6H2U,1.2,2025-01-24,MP7 | Abyssal Apparition (Field-Tested),34.54,95d55d4d-040e-4215-aae7-3687d9704ff6,59164357,False,95d55d4d-040e-4215-aae7-3687d9704ff6,2025-01-27,2025-01-28,SOLD,2025-02-12,18.0,0.1,1.58,1.34,0.22
GZCT5FEC83D6,5.94,2025-01-11,StatTrak™ USP-S | Ticket to Hell (Factory New),6.95,a4660cbc-a777-41e4-a3e2-3a32e363a7d6,58672615,False,a4660cbc-a777-41e4-a3e2-3a32e363a7d6,2025-01-16,2025-01-19,SOLD,2025-02-12,31.0,0.08,10.83,6.47,4.02
GRP6285DF593,1.22,2025-02-04,AWP | Acheron (Factory New),4.33,41e4c739-8cbd-490c-b7c4-0de934ee3f2d,59410935,False,41e4c739-8cbd-490c-b7c4-0de934ee3f2d,2025-02-06,2025-02-12,SOLD,2025-02-12,7.0,0.15,2.1,1.45,0.56
G9G238P9C4CR,0.32,2025-02-05,Galil AR | NV (Factory New),5.68,cd5eb07c-ddb8-466f-942c-f5bfa9ca99e5,59461169,False,cd5eb07c-ddb8-466f-942c-f5bfa9ca99e5,2025-02-11,2025-02-13,SOLD,2025-02-12,6.0,0.15,0.5,0.39,0.1
GE9WP9UUATHR,1.0,2025-02-01,Charm | Disco MAC,,09589540-bdf6-412f-9de2-26780318b67a,59308258,False,09589540-bdf6-412f-9de2-26780318b67a,2025-02-02,2025-02-05,SOLD,2025-02-12,10.0,0.15,1.39,1.19,0.18
GRCG5RRZ7DUL,0.8,2024-12-29,M4A1-S | Mud-Spec (Factory New),6.22,6abfdb31-d2dc-4cbf-824d-e951db6cc86e,58277122,False,6abfdb31-d2dc-4cbf-824d-e951db6cc86e,2025-01-03,2025-01-06,SOLD,2025-02-12,44.0,0.1,1.74,0.9,0.77
GPH02NHZXSUS,1.19,2025-01-29,Galil AR | Signal (Factory New),4.17,a4dd67ba-f7aa-4aa7-a5aa-b22335adeede,59308219,False,a4dd67ba-f7aa-4aa7-a5aa-b22335adeede,2025-02-02,2025-02-06,SOLD,2025-02-12,13.0,0.15,2.42,1.41,0.87
GE2AE8KDR7NU,7.18,2025-02-02,USP-S | Blueprint (Minimal Wear),10.45,84293708-5b96-40af-8502-14c60a81eaf3,59410906,False,84293708-5b96-40af-8502-14c60a81eaf3,2025-02-06,2025-02-10,SOLD,2025-02-12,9.0,0.15,10.05,8.46,1.36
G75098UXPTA8,1.2,2025-01-24,MP7 | Abyssal Apparition (Field-Tested),31.42,e91c26b4-90db-4a3f-8695-94cddea3a9a3,59164356,False,e91c26b4-90db-4a3f-8695-94cddea3a9a3,2025-01-27,2025-01-30,SOLD,2025-02-12,18.0,0.1,1.58,1.34,0.22
G46XWKRKCRGP,2.28,2025-02-04,AWP | Worm God (Factory New),3.88,f6e18fed-2b3d-4fcb-b51a-075680e7bb61,59410931,False,f6e18fed-2b3d-4fcb-b51a-075680e7bb61,2025-02-06,2025-02-11,SOLD,2025-02-13,8.0,0.15,4.11,2.69,1.21
G5Z38P3PSDG9,0.54,2025-02-02,Sticker | Cloud9 (Glitter) | Antwerp 2022,,,39961852,True,c5c484aa-cb93-400b-a3ba-9c304ca22371,2025-02-06,,SOLD,2025-02-13,10.0,0.15,0.95,0.65,0.27
G6KLTLRG9809,1.53,2025-02-02,"Music Kit | Meechy Darko, Gothic Luxury",,,41803222,True,cdde1b25-bda6-4d49-b426-8099960db6c1,2025-02-11,,SOLD,2025-02-13,10.0,0.15,2.0,1.81,0.17
G9KP68DRD57E,0.82,2024-12-14,M4A1-S | Mud-Spec (Factory New),6.09,5203dc20-7369-4392-aa87-ae6c4d62cbb7,57676431,False,5203dc20-7369-4392-aa87-ae6c4d62cbb7,2024-12-16,2024-12-21,SOLD,2025-02-13,60.0,0.08,1.74,0.9,0.78
GDN50NNWFA85,0.24,2025-02-04,Sticker | Boom Trail (Glitter),,,55436346,True,51b1d70a-7bc1-484d-a787-6af7eb61d419,2025-02-06,,SOLD,2025-02-13,8.0,0.15,0.7,0.29,0.35
GHE9N9KSAPZR,0.96,2024-12-29,M4A1-S | Mud-Spec (Factory New),6.7,17b2ba83-5e9d-4d80-a8b6-cfefe1068bae,58277115,False,17b2ba83-5e9d-4d80-a8b6-cfefe1068bae,2025-01-03,2025-01-05,SOLD,2025-02-13,45.0,0.1,1.74,1.08,0.61
GA6NGL5254SK,0.24,2025-02-04,Sticker | Boom Trail (Glitter),,,55436346,True,3678be4a-f580-44a4-9cbc-626cf528425b,2025-02-06,,SOLD,2025-02-13,8.0,0.15,0.7,0.29,0.35
GET2XLS0PE32,0.24,2025-02-04,Sticker | Boom Trail (Glitter),,,55436346,True,9cbe5ad1-6087-4576-a47f-393da38c6daf,2025-02-06,,SOLD,2025-02-13,8.0,0.15,0.7,0.29,0.35
G4W8ZF9UZ50K,0.28,2025-02-05,Galil AR | NV (Factory New),5.37,9ae41f09-2a7c-4b92-bcb8-47247bb4cb7a,59461168,False,9ae41f09-2a7c-4b92-bcb8-47247bb4cb7a,2025-02-11,2025-02-13,SOLD,2025-02-13,7.0,0.15,0.5,0.34,0.14
GZ8LFPZWS29U,1.02,2024-12-24,M4A1-S | Mud-Spec (Factory New),6.83,be1c2f3f-bba1-4e1f-a5c2-3f6979309b1a,58081398,False,be1c2f3f-bba1-4e1f-a5c2-3f6979309b1a,2024-12-26,2024-12-30,SOLD,2025-02-14,51.0,0.1,1.74,1.14,0.55
G0HCSH9A7CT3,0.51,2024-10-10,Sticker | Zeusception (Holo),,,41629502,True,5b059676-71c2-4453-9340-ffe21fdfa8a8,2024-10-13,,SOLD,2025-02-14,126.0,0.1,1.17,0.58,0.54
GRTDZPATRE07,3.69,2025-02-05,USP-S | Alpine Camo (Factory New),5.99,dd7078b3-ad7d-4871-9024-3074024de79e,59461164,False,dd7078b3-ad7d-4871-9024-3074024de79e,2025-02-11,2025-02-13,SOLD,2025-02-14,8.0,0.15,5.35,4.35,0.86
G2CZ8N8F7ZWH,0.48,2025-02-01,Desert Eagle | Tilted (Field-Tested),19.41,db0b8881-8574-4e81-97c2-115538bf8c5e,59308260,False,db0b8881-8574-4e81-97c2-115538bf8c5e,2025-02-02,2025-02-08,SOLD,2025-02-14,12.0,0.15,1.02,0.58,0.39
GEGHRHZ9W29P,3.0,2024-11-13,Desert Eagle | Light Rail (Factory New),6.24,06c06711-a80b-4664-971f-423db8565f56,56459613,False,06c06711-a80b-4664-971f-423db8565f56,2024-11-15,2024-11-21,SOLD,2025-02-14,92.0,0.08,4.76,3.27,1.38
GTH0WL9H4S3K,0.74,2025-02-03,StatTrak™ Glock-18 | Moonrise (Field-Tested),28.42,62c2eba6-3819-48a6-9388-36ff50ca081f,59410930,False,62c2eba6-3819-48a6-9388-36ff50ca081f,2025-02-06,2025-02-11,SOLD,2025-02-14,10.0,0.15,1.52,0.88,0.55
GS27GGSZ5D36,0.43,2025-01-31,Desert Eagle | Tilted (Field-Tested),15.81,de1e08a4-f355-415c-8baa-b86aabc430a0,59308245,False,de1e08a4-f355-415c-8baa-b86aabc430a0,2025-02-02,2025-02-08,SOLD,2025-02-14,13.0,0.15,1.02,0.52,0.44
G2AWE4EN75P6,0.87,2025-02-02,StatTrak™ Glock-18 | Moonrise (Field-Tested),26.23,e85e886f-e024-4180-bc40-392f37373509,59410913,False,e85e886f-e024-4180-bc40-392f37373509,2025-02-06,2025-02-10,SOLD,2025-02-15,12.0,0.15,1.52,1.04,0.42
GH86G90AG7LE,4.98,2025-02-04,StatTrak™ Glock-18 | Moonrise (Factory New),6.4,7a87d8e6-b871-4008-847a-92f8b65c4000,59410937,False,7a87d8e6-b871-4008-847a-92f8b65c4000,2025-02-06,2025-02-12,SOLD,2025-02-15,10.0,0.15,6.4,5.87,0.46
GPGZGE7A004N,3.91,2025-02-14,USP-S | Cortex (Minimal Wear),9.3,980cc314-699e-4c99-85d6-235ea4b65016,59548559,False,980cc314-699e-4c99-85d6-235ea4b65016,2025-02-16,,SOLD,2025-02-15,0.0,0.07,5.53,4.22,1.23
GKEFXUZA44L0,2.07,2025-02-11,AWP | Atheris (Well-Worn),39.47,4fcd86cd-9292-4615-a600-2471b433ba97,59548543,False,4fcd86cd-9292-4615-a600-2471b433ba97,2025-02-16,2025-02-17,SOLD,2025-02-15,3.0,0.07,2.93,2.24,0.65
G057G9SP7TA3,3.67,2025-02-03,AK-47 | Crossfade (Minimal Wear),9.6,a7891874-c7e0-45c2-b3ef-86f07b57326c,59410920,False,a7891874-c7e0-45c2-b3ef-86f07b57326c,2025-02-06,2025-02-11,SOLD,2025-02-15,11.0,0.15,4.69,4.33,0.32
G69Z3CNLCX5G,9.94,2025-02-14,M4A1-S | Black Lotus (Field-Tested),30.2,ba870e73-97db-4b4d-949f-fb326a7dc1a9,59548561,False,ba870e73-97db-4b4d-949f-fb326a7dc1a9,2025-02-16,2025-02-22,SOLD,2025-02-15,0.0,0.07,12.51,10.7,1.69
GPEX5KDWPHED,2.84,2025-01-24,USP-S | Cyrex (Factory New),6.23,0291f139-d00b-4686-93aa-13e273777588,59164346,False,0291f139-d00b-4686-93aa-13e273777588,2025-01-27,2025-01-30,SOLD,2025-02-15,21.0,0.1,4.63,3.17,1.33
GRKA50A0E62S,7.74,2025-02-13,StatTrak™ M4A1-S | Night Terror (Factory New),6.39,790f78a3-86c7-43d9-981d-5524e9332a60,59548548,False,790f78a3-86c7-43d9-981d-5524e9332a60,2025-02-16,2025-02-21,SOLD,2025-02-15,1.0,0.07,12.36,8.33,3.75
GP2ZKUWN39PU,1.98,2025-01-06,AWP | Acheron (Factory New),4.33,fb80521d-bbe0-42a9-8716-6c3e1fae3788,58427038,False,fb80521d-bbe0-42a9-8716-6c3e1fae3788,2025-01-08,,SOLD,2025-02-15,39.0,0.1,3.49,2.21,1.16
GAGUR4LE783E,4.93,2025-01-28,StatTrak™ Glock-18 | Moonrise (Factory New),5.48,7a994e4f-b889-4195-9f21-d7a99eccfe70,59251411,False,7a994e4f-b889-4195-9f21-d7a99eccfe70,2025-01-30,2025-02-05,SOLD,2025-02-15,17.0,0.1,6.4,5.49,0.83
GCFNUDWUHLU3,4.32,2025-02-14,AK-47 | Ice Coaled (Field-Tested),27.93,2715f26e-b8b2-472d-a011-a6a7ea61912e,59548551,False,2715f26e-b8b2-472d-a011-a6a7ea61912e,2025-02-16,2025-02-21,SOLD,2025-02-15,0.0,0.07,5.42,4.66,0.72
G7G96ZPTSEUX,6.5,2025-01-24,Desert Eagle | Heat Treated (Minimal Wear),13.72,d9e9483c-0c8b-469f-b282-824b628ff96d,59164410,False,d9e9483c-0c8b-469f-b282-824b628ff96d,2025-01-27,2025-02-01,SOLD,2025-02-15,21.0,0.1,9.04,7.23,1.64
G46TECF2F3NA,2.25,2025-02-03,USP-S | Alpine Camo (Minimal Wear),12.87,0449f5ae-d8ba-4691-89aa-4c1616199c30,59410921,False,0449f5ae-d8ba-4691-89aa-4c1616199c30,2025-02-06,2025-02-11,SOLD,2025-02-16,12.0,0.15,4.01,2.66,1.16
G6RK8P695XC9,0.79,2025-01-16,SSG 08 | Acid Fade (Factory New),0.87,c484d317-cee8-4e01-8cf7-42a123181d85,58937777,False,c484d317-cee8-4e01-8cf7-42a123181d85,2025-01-21,2025-01-23,SOLD,2025-02-16,30.0,0.1,1.57,0.89,0.62
G8KT62PWG9W0,5.22,2025-02-15,Glock-18 | Bullet Queen (Field-Tested),32.82,f27ddb33-130c-4995-8678-97c46bcd1d02,59548562,False,f27ddb33-130c-4995-8678-97c46bcd1d02,2025-02-16,2025-02-23,SOLD,2025-02-16,0.0,0.07,6.39,5.62,0.72
G5D09S0ULW9L,8.8,2025-02-14,Arno The Overgrown | Guerrilla Warfare,,820a589e-0936-47f5-9c8d-fa890aeb7479,59548556,False,820a589e-0936-47f5-9c8d-fa890aeb7479,2025-02-16,2025-02-22,SOLD,2025-02-16,1.0,0.07,12.23,9.47,2.57
GU72KWSAU9NX,3.59,2025-02-03,Gift Package,,,1278917,True,adbfa844-a904-40da-b81b-4fc50df63fa4,2025-02-06,,SOLD,2025-02-16,12.0,0.15,4.62,4.24,0.34
GL0UXS5PD2DU,3.13,2025-01-31,Gift Package,,,1278917,True,5e9c49a3-e02d-4d2b-8872-3a5f58905f32,2025-02-02,,SOLD,2025-02-16,15.0,0.15,4.54,3.69,0.73
GG4AD0XXAKFW,5.63,2025-02-11,AWP | Atheris (Minimal Wear),14.72,714b2279-539f-415d-8a9b-c4a970262f74,59548541,False,714b2279-539f-415d-8a9b-c4a970262f74,2025-02-16,2025-02-19,SOLD,2025-02-16,4.0,0.07,8.39,6.06,2.17
G7RRCT229826,9.94,2025-02-14,M4A1-S | Black Lotus (Field-Tested),28.15,90c4eb14-c895-4971-b8dc-f8d03e04f0ca,59548555,False,90c4eb14-c895-4971-b8dc-f8d03e04f0ca,2025-02-16,2025-02-22,SOLD,2025-02-16,1.0,0.07,12.51,10.7,1.69
GESAGAL907DX,1.09,2024-11-15,Sticker | Baby Howl,,,41548385,True,0f154747-f2c2-40f5-bee3-0b6e5d99ba46,2024-11-17,,SOLD,2025-02-17,93.0,0.08,1.28,1.2,0.09
GDET5H8C6WA3,6.2,2025-02-11,M4A4 | Desolate Space (Field-Tested),35.94,47b85883-ccb5-494c-b636-d40b49b3261c,59548539,False,47b85883-ccb5-494c-b636-d40b49b3261c,2025-02-16,2025-02-17,SOLD,2025-02-17,5.0,0.07,8.85,6.68,2.03
GL3ZAF2T7756,0.19,2024-11-30,Sticker | Apeks (Glitter) | Copenhagen 2024,,,50406175,True,96b43032-9685-4cfa-b23f-edefe6f52a4b,2024-12-05,,SOLD,2025-02-17,78.0,0.08,0.54,0.22,0.31
GD58E8A9UGGF,3.43,2025-01-11,USP-S | Blueprint (Field-Tested),36.07,60c6d66f-a05a-455d-a0a3-4771d19c83c5,58672612,False,60c6d66f-a05a-455d-a0a3-4771d19c83c5,2025-01-16,2025-01-18,SOLD,2025-02-17,36.0,0.08,5.06,3.74,1.23
GUG93LFCXTWK,0.99,2025-02-05,Sticker | High Heat,,,55414367,True,dd6ecd8d-ece3-4795-8882-594b85b813f9,2025-02-11,,SOLD,2025-02-17,11.0,0.15,1.96,1.18,0.68
GW3KNAZG55FN,0.99,2025-02-05,Sticker | High Heat,,,55414367,True,5fdc0dbc-207e-4306-b6d4-d7529fcfb1ab,2025-02-11,,SOLD,2025-02-17,11.0,0.15,1.96,1.18,0.68
G3EG74ZGR77U,1.97,2025-01-06,AWP | Acheron (Factory New),4.88,e55c65b7-7616-4507-b871-2273e6b778ad,58427037,False,e55c65b7-7616-4507-b871-2273e6b778ad,2025-01-08,,SOLD,2025-02-17,41.0,0.1,3.49,2.2,1.17
GSRT2KKW7TZ4,3.93,2025-02-16,USP-S | Cortex (Minimal Wear),11.26,48ea9981-45d3-4af2-818b-0453714fd67e,59569189,False,48ea9981-45d3-4af2-818b-0453714fd67e,2025-02-18,2025-02-23,SOLD,2025-02-18,1.0,0.07,5.53,4.24,1.21
GF52CW4CKKG8,7.12,2024-12-22,USP-S | Blueprint (Minimal Wear),12.1,3471a2ce-c943-4449-aff1-71ded45245a8,58006056,False,3471a2ce-c943-4449-aff1-71ded45245a8,2024-12-24,2024-12-30,SOLD,2025-02-18,57.0,0.1,8.01,7.92,0.09
G69ED3FDHHKD,0.56,2025-01-15,Charm | Hot Sauce,,b88727da-8acf-447a-a597-e9f1e1ea7816,58672616,False,b88727da-8acf-447a-a597-e9f1e1ea7816,2025-01-16,2025-01-19,SOLD,2025-02-18,33.0,0.08,1.06,0.62,0.42
G9F0FSPP2LFS,6.9,2024-12-24,USP-S | Blueprint (Minimal Wear),11.86,bfe3fdb6-5a35-42b2-8c6a-0fed1c5c6f85,58081388,False,bfe3fdb6-5a35-42b2-8c6a-0fed1c5c6f85,2024-12-26,2025-01-01,SOLD,2025-02-18,55.0,0.1,8.01,7.68,0.31
GXW3RRUDAC6Z,6.94,2025-01-12,'Blueberries' Buckshot | NSWC SEAL,,916f5fa2-eb44-404d-983a-7540dd070b94,58672621,False,916f5fa2-eb44-404d-983a-7540dd070b94,2025-01-16,2025-01-19,SOLD,2025-02-18,36.0,0.08,8.93,7.55,1.28
G0D4AH55F8LL,5.5,2025-02-11,FAMAS | Mecha Industries (Minimal Wear),13.11,c6b267f9-80f0-4811-8ed5-cb754d10deed,59548537,False,c6b267f9-80f0-4811-8ed5-cb754d10deed,2025-02-16,2025-02-18,SOLD,2025-02-18,6.0,0.07,10.36,5.92,4.13
GSZSWRSA6754,0.53,2025-01-12,Charm | Hot Sauce,,fc03c8fd-d47f-4d0e-8935-09aeefb5e191,58937774,False,fc03c8fd-d47f-4d0e-8935-09aeefb5e191,2025-01-21,2025-01-23,SOLD,2025-02-18,36.0,0.1,1.06,0.6,0.42
GE4LCSETHL7C,1.53,2024-12-07,Stockholm 2021 Contenders Sticker Capsule,,,36642167,True,ed1ccf73-8d7a-4780-abdf-b8b98d04aac4,2024-12-09,,SOLD,2025-02-19,73.0,0.08,1.76,1.67,0.09
GWSZ2EHC0L8T,1.53,2024-12-07,Stockholm 2021 Contenders Sticker Capsule,,,36642167,True,faa9e721-2c17-4835-8e74-281c319be158,2024-12-09,,SOLD,2025-02-19,73.0,0.08,1.76,1.67,0.09
GCF32DKZWE43,4.49,2025-02-02,MP7 | Fade (Factory New),4.44,81325eb4-d953-489f-a7c7-a487d97f3442,59569174,False,81325eb4-d953-489f-a7c7-a487d97f3442,2025-02-18,,SOLD,2025-02-19,16.0,0.07,7.0,4.84,2.02
GA9Z6F08XT4D,1.53,2024-12-07,Stockholm 2021 Contenders Sticker Capsule,,,36642167,True,45dac71c-25bf-4993-9ad1-485c4f3735da,2024-12-09,,SOLD,2025-02-19,73.0,0.08,1.76,1.67,0.09
GGN5X7SGFZC3,2.99,2025-02-11,FAMAS | ZX Spectron (Field-Tested),21.65,bd566bc9-b5e6-4251-b814-158847d3d5df,59548538,False,bd566bc9-b5e6-4251-b814-158847d3d5df,2025-02-16,2025-02-18,SOLD,2025-02-19,7.0,0.07,4.13,3.23,0.85
GR7ZD6FA9ER7,1.53,2024-12-07,Stockholm 2021 Contenders Sticker Capsule,,,36642167,True,2f18ba13-83a5-469b-a764-18b3889b860b,2024-12-09,,SOLD,2025-02-19,73.0,0.08,1.76,1.67,0.09
GK0S7W67KXFG,1.53,2024-12-07,Stockholm 2021 Contenders Sticker Capsule,,,36642167,True,5679f576-60c0-4d1e-acc4-a7fd7b321635,2024-12-09,,SOLD,2025-02-19,73.0,0.08,1.76,1.67,0.09
GN936LK8S2AF,1.53,2024-12-07,Stockholm 2021 Contenders Sticker Capsule,,,36642167,True,aeffaccb-3371-4561-b13c-903d30794f19,2024-12-09,,SOLD,2025-02-19,73.0,0.08,1.76,1.67,0.09
G8KFCES0G62T,1.53,2024-12-07,Stockholm 2021 Contenders Sticker Capsule,,,36642167,True,1748b123-df74-4cba-921e-2481c3b7443f,2024-12-09,,SOLD,2025-02-19,73.0,0.08,1.76,1.67,0.09
GX2TT32SP07S,1.53,2024-12-07,Stockholm 2021 Contenders Sticker Capsule,,,36642167,True,3ecb514a-5cdd-4a57-8611-d14264ade95a,2024-12-09,,SOLD,2025-02-19,73.0,0.08,1.76,1.67,0.09
GZ4TD6R69L9X,5.0,2025-01-06,StatTrak™ Glock-18 | Moonrise (Factory New),5.42,6d664e84-f3f8-4006-8be8-d93669324b6e,58427035,False,6d664e84-f3f8-4006-8be8-d93669324b6e,2025-01-08,2025-01-09,SOLD,2025-02-19,43.0,0.1,7.24,5.57,1.52
GXGDX0K5HUNT,1.53,2024-12-07,Stockholm 2021 Contenders Sticker Capsule,,,36642167,True,28e82632-1368-4d2f-89ed-23e8936e7162,2024-12-09,,SOLD,2025-02-19,73.0,0.08,1.76,1.67,0.09
G3KUKDA7USGT,1.53,2024-12-07,Stockholm 2021 Contenders Sticker Capsule,,,36642167,True,28ce35e3-7ce9-409c-a445-fa55494d934b,2024-12-09,,SOLD,2025-02-19,73.0,0.08,1.76,1.67,0.09
GG2GEEGH6239,2.43,2025-02-14,FAMAS | ZX Spectron (Field-Tested),16.76,da9e1478-37f1-43d6-a029-61b6bca28d69,59548560,False,da9e1478-37f1-43d6-a029-61b6bca28d69,2025-02-16,2025-02-22,SOLD,2025-02-19,4.0,0.07,4.13,2.62,1.41
GDEE7L3S9E2R,6.94,2024-12-22,USP-S | Blueprint (Minimal Wear),12.02,b2e1f284-1a45-4898-8637-84ceb9f3b948,58006049,False,b2e1f284-1a45-4898-8637-84ceb9f3b948,2024-12-24,2024-12-30,SOLD,2025-02-20,59.0,0.1,9.08,7.72,1.23
G7C8PF3A0D6K,0.71,2025-02-16,Tec-9 | Bamboozle (Minimal Wear),10.92,f76ab235-e4fd-4d6b-bd64-0a55448d4b64,59569190,False,f76ab235-e4fd-4d6b-bd64-0a55448d4b64,2025-02-18,2025-02-23,SOLD,2025-02-20,3.0,0.07,1.26,0.77,0.46
GGT6S650LFE8,0.99,2024-10-15,Sticker | FaZe Clan (Holo) | Paris 2023,,,45027435,True,70eeda26-36ca-40e8-8c72-1e6d34877c91,2024-11-30,,SOLD,2025-02-20,127.0,0.08,0.82,1.09,-0.24
G0AH5FEG2UAD,6.73,2025-02-16,Sous-Lieutenant Medic | Gendarmerie Nationale,,8934b42e-2340-4406-9d13-a26096eb6017,59569162,False,8934b42e-2340-4406-9d13-a26096eb6017,2025-02-18,2025-02-23,SOLD,2025-02-20,3.0,0.07,9.33,7.25,1.95
GKH5GNR0F2KZ,0.69,2025-02-04,MAC-10 | Light Box (Factory New),5.43,9ff9c347-d39c-46aa-ba82-566e4b7d7158,59569167,False,9ff9c347-d39c-46aa-ba82-566e4b7d7158,2025-02-18,,SOLD,2025-02-20,15.0,0.07,1.33,0.75,0.55
GP8T9U374RS4,5.49,2025-02-11,FAMAS | Mecha Industries (Minimal Wear),12.47,25d28337-dfd8-47f8-b2bc-4ba29720c435,59548536,False,25d28337-dfd8-47f8-b2bc-4ba29720c435,2025-02-16,2025-02-18,SOLD,2025-02-20,8.0,0.07,10.36,5.91,4.14
GTGL6KKNRK3L,4.07,2025-02-18,Galil AR | Eco (Field-Tested),30.7,dbfcddf1-911c-4c67-b94d-97ff8fd4826f,59590567,False,dbfcddf1-911c-4c67-b94d-97ff8fd4826f,2025-02-21,2025-02-26,SOLD,2025-02-20,1.0,0.1,6.41,4.53,1.7
GHL8K5KEZU3U,7.61,2025-01-16,Desert Eagle | Heat Treated (Minimal Wear),8.37,6a7137ca-dc7f-45ba-95c9-489d0f27f798,58937783,False,6a7137ca-dc7f-45ba-95c9-489d0f27f798,2025-01-21,2025-01-24,SOLD,2025-02-20,34.0,0.1,8.36,8.47,-0.09
GA8RCK7L3R6L,5.33,2024-11-16,Charm | Die-cast AK,,9b897392-6e70-492d-9887-b7cddcef2413,56577571,False,9b897392-6e70-492d-9887-b7cddcef2413,2024-11-17,2024-11-24,SOLD,2025-02-20,95.0,0.08,6.73,5.8,0.86
GRZTCUNR0ZUG,6.99,2025-02-13,Street Soldier | Phoenix,,33f2c6f9-f1a6-4876-bee4-7b48b6ad8e5c,59548545,False,33f2c6f9-f1a6-4876-bee4-7b48b6ad8e5c,2025-02-16,2025-02-20,SOLD,2025-02-20,6.0,0.07,9.21,7.53,1.58
GEF6UZ37H7N9,0.81,2025-01-24,SSG 08 | Acid Fade (Factory New),2.49,07066945-578f-444e-8051-a1b78ff0937b,59164398,False,07066945-578f-444e-8051-a1b78ff0937b,2025-01-27,2025-01-30,SOLD,2025-02-20,26.0,0.1,1.47,0.91,0.51
G056PS286LA8,1.2,2025-02-02,Galil AR | Signal (Factory New),6.94,70179560-bdb0-4693-8e8c-45d2831cd23d,59569180,False,70179560-bdb0-4693-8e8c-45d2831cd23d,2025-02-18,,SOLD,2025-02-20,17.0,0.07,2.42,1.3,1.05
GA9S09SRLTDP,45.0,2024-12-29,Sir Bloody Darryl Royale | The Professionals,,0a703a6e-29d5-4673-b81b-452b210dfd60,58277121,False,0a703a6e-29d5-4673-b81b-452b210dfd60,2025-01-03,2025-01-06,SOLD,2025-02-20,52.0,0.1,50.1,50.01,0.09
G3Z6XNWF7L5C,4.44,2025-02-11,Sticker | Loving Eyes (Holo),,,49020732,True,d1b9de20-2d82-4de4-a313-013578a32fa9,2025-02-16,,SOLD,2025-02-20,8.0,0.07,6.21,4.78,1.34
G5S5NULFPD5S,9.7,2025-02-21,M4A4 | Desolate Space (Minimal Wear),13.83,7daba22a-d51c-4831-ba34-7ef7b870df53,59598999,False,7daba22a-d51c-4831-ba34-7ef7b870df53,2025-02-22,2025-02-28,SOLD,2025-02-21,0.0,0.1,13.13,10.79,2.12
GAS27G9A2X9U,0.14,2025-01-30,Sticker | Vitality (Foil) | 2020 RMR,,,30582866,True,b22043db-9747-437f-a682-861620796b57,2025-02-18,,SOLD,2025-02-21,21.0,0.07,0.52,0.16,0.34
G9ZWKWDUW5RS,13.49,2025-02-21,M4A4 | Neo-Noir (Minimal Wear),9.59,589add88-6c29-499f-ad8e-8093cb6ae4e5,59599006,False,589add88-6c29-499f-ad8e-8093cb6ae4e5,2025-02-22,2025-02-28,SOLD,2025-02-21,0.0,0.1,16.16,15.0,1.05
G2DP8TDC7PKN,7.65,2025-02-14,3rd Commando Company | KSK,,2914acdb-fce4-47a6-8c41-e4953c276b1a,59548550,False,2914acdb-fce4-47a6-8c41-e4953c276b1a,2025-02-16,2025-02-21,SOLD,2025-02-21,6.0,0.07,9.83,8.24,1.49
GFDXWFDKDSR4,6.34,2025-02-18,M4A4 | Desolate Space (Field-Tested),17.62,248cb402-87f9-4e0e-93b2-06b867289221,59590579,False,248cb402-87f9-4e0e-93b2-06b867289221,2025-02-21,2025-02-26,SOLD,2025-02-21,2.0,0.1,8.85,7.06,1.62
G440D2ZT4N7R,6.67,2025-02-21,AWP | Duality (Minimal Wear),14.19,df5ae1b9-3c73-4cbc-b3ee-7a6f11169321,59599024,False,df5ae1b9-3c73-4cbc-b3ee-7a6f11169321,2025-02-22,2025-02-22,SOLD,2025-02-22,0.0,0.1,8.4,7.42,0.89
GC9PDPRGD5H8,4.99,2025-02-18,Glove Case,,,29334,True,a5288213-23e0-4421-bf03-fc0f38b59f0f,2025-02-21,,SOLD,2025-02-22,3.0,0.1,6.85,5.56,1.17
G43385TFNTTE,0.04,2024-10-26,Sticker | Cloud9 | Copenhagen 2024,,,50406166,True,d24dbae0-9eff-4ad3-b93b-42b6cd5ecd92,2024-10-28,,SOLD,2025-02-22,118.0,0.1,0.14,0.06,0.09
GKZFZE8H0DHR,5.56,2025-02-14,FAMAS | Mecha Industries (Minimal Wear),7.42,7058ad62-3845-4e54-947d-da95f057d306,59548558,False,7058ad62-3845-4e54-947d-da95f057d306,2025-02-16,2025-02-22,SOLD,2025-02-22,7.0,0.07,10.36,5.99,4.07
GRF2H698WLF5,7.61,2025-02-11,StatTrak™ M4A1-S | Night Terror (Factory New),2.6,40ef6235-95c4-4990-a9b3-e2c49275ccdc,59548535,False,40ef6235-95c4-4990-a9b3-e2c49275ccdc,2025-02-16,2025-02-17,SOLD,2025-02-22,10.0,0.07,12.36,8.19,3.88
G8DR73TU607R,5.39,2025-02-14,M4A4 | Desolate Space (Field-Tested),32.47,a0391a53-bc4a-4b9e-9403-015b19ec1530,59548552,False,a0391a53-bc4a-4b9e-9403-015b19ec1530,2025-02-16,2025-02-22,SOLD,2025-02-22,7.0,0.07,8.85,5.81,2.84
G4PHEKD66AHS,5.97,2025-02-18,M4A4 | Desolate Space (Field-Tested),22.26,bd2584fa-1f3b-43dc-a4cc-2a2336417c56,59590569,False,bd2584fa-1f3b-43dc-a4cc-2a2336417c56,2025-02-21,2025-02-26,SOLD,2025-02-22,3.0,0.1,8.85,6.64,2.0
GGPAFN5U7XK4,13.57,2025-02-13,AK-47 | Blue Laminate (Factory New),6.26,a535e4d7-743d-4bcf-a41f-88fdbfddbfb0,59548547,False,a535e4d7-743d-4bcf-a41f-88fdbfddbfb0,2025-02-16,2025-02-21,SOLD,2025-02-22,8.0,0.07,18.88,14.6,3.99
G4H206KK67XF,5.16,2025-02-14,AWP | Duality (Minimal Wear),11.66,856c4584-79ca-46da-b56c-8b2d064851fb,59548553,False,856c4584-79ca-46da-b56c-8b2d064851fb,2025-02-16,2025-02-22,SOLD,2025-02-22,7.0,0.07,8.44,5.56,2.69
G93W4PS4RSCC,1.42,2024-12-21,Galil AR | Tuxedo (Factory New),3.08,79191e2c-7e25-4b81-9b72-612048c0a43a,57942659,False,79191e2c-7e25-4b81-9b72-612048c0a43a,2024-12-22,2024-12-24,SOLD,2025-02-23,64.0,0.1,2.33,1.59,0.68
G4A6U23KAX4U,1.26,2025-01-29,Charm | Lil' Sandy,,a7e83725-a748-40cf-96c6-63124b309459,59251423,False,a7e83725-a748-40cf-96c6-63124b309459,2025-01-30,2025-01-31,SOLD,2025-02-23,24.0,0.1,1.66,1.41,0.23
G6442Z0R6DN9,4.44,2025-02-16,Sticker | Loving Eyes (Holo),,,49020732,True,4e356157-a377-4b68-a8dc-16ac255a70ca,2025-02-18,,SOLD,2025-02-23,6.0,0.07,6.21,4.78,1.34
GX4WR4PZK2XG,0.42,2025-01-26,Desert Eagle | Tilted (Field-Tested),29.5,eab1ad64-e33f-47a4-9982-3dac9ad85ace,59164418,False,eab1ad64-e33f-47a4-9982-3dac9ad85ace,2025-01-27,,SOLD,2025-02-23,27.0,0.1,1.17,0.48,0.63
GS249CLS2G40,4.01,2025-02-21,USP-S | Cortex (Minimal Wear),13.8,2bb317b8-2e89-417f-94b1-b2905186b0f5,59599031,False,2bb317b8-2e89-417f-94b1-b2905186b0f5,2025-02-22,2025-02-28,SOLD,2025-02-23,1.0,0.1,5.15,4.47,0.63
G9TFCFW6F6GP,8.19,2025-02-13,StatTrak™ M4A1-S | Night Terror (Factory New),5.68,dfa07544-c7bc-4dd9-ba98-63f6adae90fa,59548544,False,dfa07544-c7bc-4dd9-ba98-63f6adae90fa,2025-02-16,2025-02-20,SOLD,2025-02-23,9.0,0.07,12.36,8.82,3.3
GGU4ZZWP0FZ2,6.51,2025-02-21,AK-47 | Legion of Anubis (Field-Tested),25.07,e2ce1cca-50a6-40c3-9d14-5571be651321,59599026,False,e2ce1cca-50a6-40c3-9d14-5571be651321,2025-02-22,2025-02-22,SOLD,2025-02-23,1.0,0.1,8.02,7.24,0.71
GHRXNG5XLKP3,5.34,2025-02-20,AWP | Atheris (Minimal Wear),12.15,b1bb3bd8-aa92-4e5d-8a04-33adadc6621c,59590576,False,b1bb3bd8-aa92-4e5d-8a04-33adadc6621c,2025-02-21,2025-02-27,SOLD,2025-02-23,2.0,0.1,8.39,5.94,2.21
G2PTESPGX4XS,3.45,2025-01-17,USP-S | Blueprint (Field-Tested),34.19,bd35ac8e-c0d5-4448-8cdf-41ea5703fc9f,58937785,False,bd35ac8e-c0d5-4448-8cdf-41ea5703fc9f,2025-01-21,2025-01-24,SOLD,2025-02-23,36.0,0.1,5.06,3.84,1.1
G866LLRF8L3F,7.19,2025-02-16,Street Soldier | Phoenix,,0eafac94-43c5-48bf-9714-e8c1bd9b5ec0,59569161,False,0eafac94-43c5-48bf-9714-e8c1bd9b5ec0,2025-02-18,2025-02-23,SOLD,2025-02-24,7.0,0.07,9.21,7.74,1.38
GDR0XKP9DCWP,13.9,2025-02-17,Special Agent Ava | FBI,,c7083cc7-c8f9-49f4-a383-a504b768460f,59569197,False,c7083cc7-c8f9-49f4-a383-a504b768460f,2025-02-18,2025-02-25,SOLD,2025-02-24,6.0,0.07,17.18,14.96,2.08
G0FGNCKRU3UK,13.28,2025-02-11,Safecracker Voltzmann | The Professionals,,cbc1b422-0a5a-4ea4-9908-fa0fb69f0c8b,59548540,False,cbc1b422-0a5a-4ea4-9908-fa0fb69f0c8b,2025-02-16,2025-02-19,SOLD,2025-02-24,12.0,0.07,16.65,14.29,2.2
GW3E9PLZHEZ9,4.99,2025-02-16,FAMAS | ZX Spectron (Minimal Wear),9.66,86e1bcab-ee11-43bf-be41-5d982eeee5a2,59569191,False,86e1bcab-ee11-43bf-be41-5d982eeee5a2,2025-02-18,2025-02-23,SOLD,2025-02-24,7.0,0.07,10.79,5.38,5.04
GLR8WH2LA7TH,13.28,2025-02-11,Safecracker Voltzmann | The Professionals,,7aec2714-efa5-4c78-91e5-8ebad3802c08,59548534,False,7aec2714-efa5-4c78-91e5-8ebad3802c08,2025-02-16,2025-02-19,SOLD,2025-02-24,12.0,0.07,16.65,14.29,2.2
GG2K2LK4R05G,10.0,2025-02-17,M4A1-S | Black Lotus (Field-Tested),20.06,58defc5b-0202-4e40-9984-a9f85e3164aa,59569192,False,58defc5b-0202-4e40-9984-a9f85e3164aa,2025-02-18,2025-02-24,SOLD,2025-02-24,6.0,0.07,12.51,10.76,1.63
G3GP9W7K3N3U,3.99,2025-01-07,USP-S | Blueprint (Field-Tested),33.78,6fd55eff-513f-4a94-af3d-f289034a5565,58480703,False,6fd55eff-513f-4a94-af3d-f289034a5565,2025-01-09,2025-01-15,SOLD,2025-02-24,47.0,0.1,5.27,4.44,0.75
G9TSWP9WFKD8,11.29,2025-02-21,Glock-18 | Bullet Queen (Minimal Wear),13.34,5fb7bbed-9713-48a8-ac5c-9a306aae0064,59598998,False,5fb7bbed-9713-48a8-ac5c-9a306aae0064,2025-02-22,2025-02-26,SOLD,2025-02-24,2.0,0.1,13.66,12.56,1.0
GXAL365T3R06,5.26,2025-02-17,AWP | Duality (Minimal Wear),7.83,05c2cffb-948d-4f26-a68b-de1ccf41c35f,59569194,False,05c2cffb-948d-4f26-a68b-de1ccf41c35f,2025-02-18,2025-02-25,SOLD,2025-02-25,7.0,0.07,8.44,5.67,2.59
GFXL4W25XRUE,7.11,2025-02-21,MAC-10 | Neon Rider (Minimal Wear),12.43,9c433fec-ffae-4fee-a019-f9c2fd842f72,59599016,False,9c433fec-ffae-4fee-a019-f9c2fd842f72,2025-02-22,2025-02-25,SOLD,2025-02-25,3.0,0.1,8.78,7.91,0.79
GK8XWKWZ962A,9.5,2025-02-21,P2000 | Amber Fade (Factory New),4.07,745b91a7-5df9-45a3-935b-4182f04cd39a,59599005,False,745b91a7-5df9-45a3-935b-4182f04cd39a,2025-02-22,2025-02-21,SOLD,2025-02-25,3.0,0.1,11.39,10.57,0.75
G7PLEZSATHGT,6.13,2025-02-17,MP9 | Starlight Protector (Minimal Wear),11.46,ece8d02b-4cb5-4881-ac68-58dbce10eb77,59569195,False,ece8d02b-4cb5-4881-ac68-58dbce10eb77,2025-02-18,2025-02-25,SOLD,2025-02-25,7.0,0.07,9.05,6.6,2.29
G9WTWUD8WDAH,8.94,2025-02-21,AK-47 | Legion of Anubis (Minimal Wear),8.81,3ab4a49f-b882-48f1-bc64-da2f1737c3a1,59599010,False,3ab4a49f-b882-48f1-bc64-da2f1737c3a1,2025-02-22,2025-02-28,SOLD,2025-02-25,3.0,0.1,10.71,9.94,0.7
G66E7PZN7E0Z,6.33,2025-02-17,Operator | FBI SWAT,,db023eb8-2e21-4b7d-a691-48fe715032f3,59569196,False,db023eb8-2e21-4b7d-a691-48fe715032f3,2025-02-18,2025-02-25,SOLD,2025-02-25,7.0,0.07,7.76,6.82,0.89
GE4WGS00L0EG,13.49,2025-02-21,M4A4 | Neo-Noir (Minimal Wear),13.38,8d7247fb-6166-495a-8d1e-e5b06cdde161,59599007,False,8d7247fb-6166-495a-8d1e-e5b06cdde161,2025-02-22,2025-02-27,SOLD,2025-02-25,3.0,0.1,16.16,15.0,1.05
G6WGSW94W5K2,12.95,2025-02-21,M4A1-S | Black Lotus (Minimal Wear),13.06,afe9dacf-60ce-4692-9600-642e6ebb3fb1,59626738,False,afe9dacf-60ce-4692-9600-642e6ebb3fb1,2025-02-27,2025-03-01,SOLD,2025-02-26,4.0,0.1,15.24,14.4,0.77
G6C946ZE7SCL,15.52,2025-02-21,Operation Hydra Case,,,136909,True,52a1b202-26a6-47db-9714-9c624ec7bf33,2025-02-27,,SOLD,2025-02-26,4.0,0.1,19.27,17.26,1.82
GDWUKCA309EF,0.81,2024-12-31,M4A1-S | Mud-Spec (Factory New),5.91,16fc4e76-68ef-46c2-b9c1-b49e1db6f6e1,58277128,False,16fc4e76-68ef-46c2-b9c1-b49e1db6f6e1,2025-01-03,2025-01-08,SOLD,2025-02-26,56.0,0.1,1.74,0.91,0.76
GH8TF67X0X6L,6.92,2025-02-21,Seal Team 6 Soldier | NSWC SEAL,,cb8b3505-472b-4260-9c2d-149e9fc08835,59626736,False,cb8b3505-472b-4260-9c2d-149e9fc08835,2025-02-27,2025-03-01,SOLD,2025-02-26,4.0,0.1,8.45,7.7,0.68
GT79PAD825ES,3.79,2025-01-15,Desert Eagle | Heat Treated (Field-Tested),16.52,b378b304-a139-478c-bc3f-bfcef09bae5e,58937763,False,b378b304-a139-478c-bc3f-bfcef09bae5e,2025-01-21,2025-01-23,SOLD,2025-02-26,41.0,0.1,4.96,4.22,0.67
GNXZCR8N7Z45,6.72,2025-02-21,P90 | Asiimov (Field-Tested),37.04,4daee709-ca48-44d7-8267-69d3ee10bd29,59599014,False,4daee709-ca48-44d7-8267-69d3ee10bd29,2025-02-22,,SOLD,2025-02-26,4.0,0.1,9.43,7.48,1.77
GAWNH46459DC,6.5,2025-02-18,FAMAS | ZX Spectron (Minimal Wear),11.46,74889114-1c8d-4812-b01d-b92e8240f9a1,59590580,False,74889114-1c8d-4812-b01d-b92e8240f9a1,2025-02-21,2025-02-25,SOLD,2025-02-26,7.0,0.1,10.79,7.23,3.21
GZZ4A9E9G723,2.29,2025-02-14,FAMAS | ZX Spectron (Field-Tested),30.77,06487f9e-5a39-4e56-87f8-4273a14dec8c,59548549,False,06487f9e-5a39-4e56-87f8-4273a14dec8c,2025-02-16,2025-02-21,SOLD,2025-02-26,11.0,0.07,4.13,2.47,1.55
G4UZ83HR6H2C,5.85,2025-02-21,AWP | Atheris (Minimal Wear),9.87,a67b325c-61f6-4c8a-8813-348f7c21ee3c,59626735,False,a67b325c-61f6-4c8a-8813-348f7c21ee3c,2025-02-27,2025-03-01,SOLD,2025-02-26,4.0,0.1,8.28,6.51,1.6
G77WFWTP0ANT,5.0,2025-02-21,Charm | Die-cast AK,,14cda65e-40c7-4d75-b4b0-629e7594e05c,59599037,False,14cda65e-40c7-4d75-b4b0-629e7594e05c,2025-02-22,2025-03-01,SOLD,2025-02-26,4.0,0.1,6.65,5.57,0.99
GX2A4D274WEK,1.08,2024-11-23,Sticker | Coiled Strike (Holo),,,29015796,True,5cbff5d2-9272-4fe4-817c-2a7fbf8d577f,2024-11-28,,SOLD,2025-02-26,94.0,0.08,1.3,1.18,0.12
GT72WW3DNPCU,3.98,2025-02-18,USP-S | Cortex (Minimal Wear),13.28,d5bf0cdc-9d7b-48da-9468-9276f65de23b,59590575,False,d5bf0cdc-9d7b-48da-9468-9276f65de23b,2025-02-21,2025-02-26,SOLD,2025-02-26,7.0,0.1,5.53,4.43,1.0
GECARSF9H8TE,5.53,2025-02-21,AWP | Atheris (Minimal Wear),10.42,7fcc96ab-fe45-44a7-a6e3-370579240e67,59599025,False,7fcc96ab-fe45-44a7-a6e3-370579240e67,2025-02-22,2025-02-28,SOLD,2025-02-26,4.0,0.1,8.28,6.16,1.92
G25TW07UN6T5,40.31,2025-02-21,AWP | Chrome Cannon (Field-Tested),19.31,e13c9704-cbfa-4605-8366-2879802d5d15,59598984,False,e13c9704-cbfa-4605-8366-2879802d5d15,2025-02-22,2025-02-27,SOLD,2025-02-27,5.0,0.1,51.86,44.8,6.36
G9T4W2EPLEW7,7.11,2025-02-21,MAC-10 | Neon Rider (Minimal Wear),10.8,92df4f2b-5770-4c19-bdef-c11611a46764,59599015,False,92df4f2b-5770-4c19-bdef-c11611a46764,2025-02-22,2025-02-27,SOLD,2025-02-27,5.0,0.1,8.78,7.91,0.79
G3RAR2E8RW7G,14.15,2025-02-21,AK-47 | The Outsiders (Field-Tested),20.76,b44760a0-0a0b-4066-8b69-2308f90b2f3e,59598995,False,b44760a0-0a0b-4066-8b69-2308f90b2f3e,2025-02-22,2025-02-27,SOLD,2025-02-27,5.0,0.1,16.98,15.73,1.13
G8RXA8NHP5RL,5.59,2025-02-19,AWP | Duality (Minimal Wear),11.37,efa179da-f366-4897-9850-dd1b0dd6bbeb,59590581,False,efa179da-f366-4897-9850-dd1b0dd6bbeb,2025-02-21,2025-02-27,SOLD,2025-02-27,7.0,0.1,8.44,6.22,2.01
GXGDNKSPGLEP,14.73,2025-02-21,M4A4 | Buzz Kill (Minimal Wear),11.01,029fcf22-076d-4732-a152-02db6181c48a,59598992,False,029fcf22-076d-4732-a152-02db6181c48a,2025-02-22,2025-02-26,SOLD,2025-02-27,5.0,0.1,17.77,16.38,1.26
G54KLH24DHER,14.15,2025-02-21,AK-47 | The Outsiders (Field-Tested),36.42,9e136f2b-a0d3-4002-8d50-16ef43c63227,59598996,False,9e136f2b-a0d3-4002-8d50-16ef43c63227,2025-02-22,2025-02-25,SOLD,2025-02-27,5.0,0.1,16.98,15.73,1.13
GCPZKPN28F3F,5.59,2025-02-17,FAMAS | Mecha Industries (Minimal Wear),12.71,c46768a1-244b-4f82-89a3-a574025a0b04,59569198,False,c46768a1-244b-4f82-89a3-a574025a0b04,2025-02-18,2025-02-25,SOLD,2025-02-27,9.0,0.07,10.36,6.02,4.04
GTW9ERE6ZWWX,12.71,2025-02-21,StatTrak™ FAMAS | Mecha Industries (Minimal Wear),12.17,325ccc7a-6f00-4779-bfc4-ab3ebdedd7fc,59598997,False,325ccc7a-6f00-4779-bfc4-ab3ebdedd7fc,2025-02-22,2025-02-28,SOLD,2025-02-27,5.0,0.1,15.31,14.13,1.07
G9ZP09DERU4Z,5.98,2025-02-19,CS:GO Weapon Case 3,,,5355,True,ae599a25-d810-40cf-a10e-e7b45e4b361e,2025-02-21,,SOLD,2025-02-27,7.0,0.1,7.31,6.66,0.6
GSZ67S8WPELK,4.05,2025-02-21,Buckshot | NSWC SEAL,,1662e44a-b14d-4a89-86c6-c1a7f8400010,59626734,False,1662e44a-b14d-4a89-86c6-c1a7f8400010,2025-02-27,2025-03-01,SOLD,2025-02-27,5.0,0.1,4.81,4.51,0.28
GF66KRKC0688,17.94,2025-02-21,Trapper Aggressor | Guerrilla Warfare,,8e16a176-21b1-4cf0-b010-e8393a65d2dd,59598987,False,8e16a176-21b1-4cf0-b010-e8393a65d2dd,2025-02-22,2025-02-27,SOLD,2025-02-27,5.0,0.1,22.82,19.94,2.6
GLSAPCCR8W3G,0.81,2025-02-02,Glock-18 | Teal Graf (Field-Tested),17.41,27d8c05d-56eb-445d-9528-68217d4f91d7,59569200,False,27d8c05d-56eb-445d-9528-68217d4f91d7,2025-02-18,,SOLD,2025-02-28,25.0,0.07,1.13,0.88,0.24
G39Z8EEHGZLR,5.53,2025-02-19,FAMAS | Mecha Industries (Minimal Wear),14.91,c610631b-f399-4f6c-bd22-79de9932f5ab,59590566,False,c610631b-f399-4f6c-bd22-79de9932f5ab,2025-02-21,2025-02-26,SOLD,2025-02-28,8.0,0.1,10.36,6.16,3.79
GKWD3X5XAS73,13.94,2025-02-21,AK-47 | The Outsiders (Field-Tested),29.88,3c2cd2b2-6aa5-4efd-a1fe-a9949fc4a627,59598994,False,3c2cd2b2-6aa5-4efd-a1fe-a9949fc4a627,2025-02-22,2025-02-24,SOLD,2025-02-28,6.0,0.1,16.98,15.5,1.34
GPKL44R6ZEZE,7.13,2025-02-21,MAC-10 | Neon Rider (Minimal Wear),9.43,a88e14a6-9a7c-4b67-a7d4-0eec44ff547d,59599017,False,a88e14a6-9a7c-4b67-a7d4-0eec44ff547d,2025-02-22,2025-02-28,SOLD,2025-02-28,6.0,0.1,8.78,7.93,0.77
G3TCTTLX958H,14.73,2025-02-21,M4A4 | Buzz Kill (Minimal Wear),11.34,d7a196ef-fd63-4c23-8958-78ab7ea5139a,59598991,False,d7a196ef-fd63-4c23-8958-78ab7ea5139a,2025-02-22,2025-02-27,SOLD,2025-02-28,6.0,0.1,17.77,16.38,1.26
G23CAEC2A25H,9.57,2025-02-21,AK-47 | Head Shot (Field-Tested),29.02,21f3b4f0-358e-477f-849f-4da1212664c9,59599004,False,21f3b4f0-358e-477f-849f-4da1212664c9,2025-02-22,2025-02-25,SOLD,2025-02-28,6.0,0.1,12.07,10.64,1.29
G5LH0790EN3U,7.84,2025-02-21,Bio-Haz Specialist | SWAT,,ebe1736c-13d4-43c1-82f4-8559487a34c8,59599011,False,ebe1736c-13d4-43c1-82f4-8559487a34c8,2025-02-22,2025-02-27,SOLD,2025-02-28,6.0,0.1,9.71,8.72,0.9
GL4G7K6ELUDE,0.69,2025-01-24,MAC-10 | Light Box (Factory New),5.45,489106be-71b3-42d4-9ecb-0a006a7d8cbd,59164396,False,489106be-71b3-42d4-9ecb-0a006a7d8cbd,2025-01-27,2025-01-31,SOLD,2025-02-28,34.0,0.1,1.49,0.78,0.65
GWFDAEG88WEG,0.46,2024-10-07,Sticker | Gold Web,,,7241726,True,76efde4b-8925-4d4f-b20d-11c1faaf4d4e,2024-10-13,,SOLD,2025-02-28,143.0,0.1,0.61,0.52,0.09
G29G8AFA6R9K,6.66,2025-02-21,P90 | Asiimov (Field-Tested),22.23,244b311a-5949-4e36-9e3d-d02b61c8fc04,59599013,False,244b311a-5949-4e36-9e3d-d02b61c8fc04,2025-02-22,2025-02-28,SOLD,2025-02-28,6.0,0.1,9.43,7.41,1.83
GSNS7SW5637X,7.0,2025-02-21,Aspirant | Gendarmerie Nationale,,d9e1fd62-6e53-48dd-81e1-1b6a17d76db2,59599020,False,d9e1fd62-6e53-48dd-81e1-1b6a17d76db2,2025-02-22,2025-02-28,SOLD,2025-02-28,6.0,0.1,8.43,7.79,0.59
GZ67XXRDTS79,8.94,2025-02-21,MP9 | Mount Fuji (Minimal Wear),13.87,d031412d-76dc-4c2c-b5fc-749f62f16517,59599008,False,d031412d-76dc-4c2c-b5fc-749f62f16517,2025-02-22,2025-02-28,SOLD,2025-02-28,6.0,0.1,10.92,9.94,0.89
GFPKFX9HPTLG,8.09,2025-02-21,P2000 | Amber Fade (Factory New),4.93,bc828742-f52e-4004-be38-3198aad509ca,59599077,False,bc828742-f52e-4004-be38-3198aad509ca,2025-02-22,2025-02-27,SOLD,2025-03-01,7.0,0.1,11.39,9.0,2.16
GU00DTTAG7C5,13.41,2025-02-18,Safecracker Voltzmann | The Professionals,,c4072b67-3ccd-491a-930c-b024e71fe62e,59590578,False,c4072b67-3ccd-491a-930c-b024e71fe62e,2025-02-21,2025-02-26,SOLD,2025-03-01,10.0,0.1,16.65,14.91,1.57
G6L6UFDWK7CP,7.66,2025-02-28,eSports 2013 Winter Case,,,222,True,433dc36c-0133-4dfc-908a-7ad02e3add09,2025-03-02,,SOLD,2025-03-01,0.0,0.1,9.99,8.52,1.33
GZ6AG9X2U65D,7.66,2025-02-28,eSports 2013 Winter Case,,,222,True,41108974-ff57-46d2-92a0-fc7836c4c701,2025-03-02,,SOLD,2025-03-01,0.0,0.1,9.99,8.52,1.33
G5AUHHLF90SX,7.66,2025-02-28,eSports 2013 Winter Case,,,222,True,d7c3464c-2c28-4794-bf6f-a4ad24a49c69,2025-03-02,,SOLD,2025-03-01,0.0,0.1,9.99,8.52,1.33
GXSHSELEKWW0,10.42,2025-02-21,M4A1-S | Black Lotus (Field-Tested),18.54,97a71045-1c6f-431d-9e1b-a30402a433f8,59599000,False,97a71045-1c6f-431d-9e1b-a30402a433f8,2025-02-22,2025-02-28,SOLD,2025-03-01,7.0,0.1,12.93,11.59,1.22
G56PCS0C5U4E,8.88,2025-02-21,AK-47 | Head Shot (Field-Tested),36.19,66969476-1970-4928-9dcc-1f0044dd3325,59599001,False,66969476-1970-4928-9dcc-1f0044dd3325,2025-02-22,2025-02-28,SOLD,2025-03-01,7.0,0.1,12.07,9.88,1.98
G44X2E2S8D2K,0.4,2025-01-27,Desert Eagle | Tilted (Field-Tested),30.87,39914df3-1283-4421-8f58-a12b5db0d220,59251386,False,39914df3-1283-4421-8f58-a12b5db0d220,2025-01-30,2025-02-03,SOLD,2025-03-01,32.0,0.1,1.17,0.46,0.65
GP77G0E96FS9,9.5,2025-02-21,AK-47 | Head Shot (Field-Tested),32.1,de65762c-7c7a-422e-a0c6-cafca75329a1,59599003,False,de65762c-7c7a-422e-a0c6-cafca75329a1,2025-02-22,2025-02-25,SOLD,2025-03-01,7.0,0.1,12.07,10.57,1.36
G85F0FWWAPGU,7.66,2025-02-28,eSports 2013 Winter Case,,,222,True,850f5a3a-eb06-4513-b7ae-ce2d4e4a18fd,2025-03-02,,SOLD,2025-03-01,0.0,0.1,9.99,8.52,1.33
G8KE79K4U747,3.0,2025-02-27,Sticker | Incineration (Holo),,,7867236,True,6a283823-ff58-4d5f-902f-72a7936c4a85,2025-03-02,,SOLD,2025-03-01,1.0,0.1,4.63,3.34,1.17
GHL6FDW4WF44,1.19,2025-01-24,Galil AR | Metallic Squeezer (Minimal Wear),8.5,905f0475-3a33-49e5-80cd-317b9cd73992,59164355,False,905f0475-3a33-49e5-80cd-317b9cd73992,2025-01-27,2025-01-26,SOLD,2025-03-01,35.0,0.1,1.66,1.33,0.3
GUSSDWRP8T09,4.85,2025-02-21,AK-47 | Ice Coaled (Field-Tested),27.43,60bf0231-c5aa-418c-b034-7857a02e56ab,59599036,False,60bf0231-c5aa-418c-b034-7857a02e56ab,2025-02-22,2025-03-01,SOLD,2025-03-01,7.0,0.1,6.29,5.4,0.81
GNCH4D2WLHWU,0.51,2024-10-07,Sticker | Gold Web,,,7241726,True,1894c525-9038-4cab-9dcf-540780ab715f,2024-10-13,,SOLD,2025-03-01,144.0,0.1,0.61,0.58,0.04
G6UWH922KHT3,0.47,2024-10-07,Sticker | Gold Web,,,7241726,True,769e9721-608e-435d-afad-4f4b16759ab1,2024-10-13,,SOLD,2025-03-01,144.0,0.1,0.61,0.53,0.08
GUNGAXU3G6NL,0.47,2024-10-07,Sticker | Gold Web,,,7241726,True,a4797f0f-9179-4493-8888-b34a1b2dc3de,2024-10-13,,SOLD,2025-03-01,144.0,0.1,0.62,0.53,0.09
G7Z7LD6ADC0A,7.66,2025-02-21,Street Soldier | Phoenix,,6a7e7e2f-78e3-4927-a536-0263f17021dd,59626737,False,6a7e7e2f-78e3-4927-a536-0263f17021dd,2025-02-27,2025-03-01,SOLD,2025-03-01,7.0,0.1,9.68,8.52,1.05
G5N7S23R9796,7.19,2025-02-21,Street Soldier | Phoenix,,fe11f514-f1bc-4948-baac-d949cf9d0a6b,59599012,False,fe11f514-f1bc-4948-baac-d949cf9d0a6b,2025-02-22,2025-02-28,SOLD,2025-03-01,7.0,0.1,9.68,8.0,1.52
GWF2AZKKR80N,14.73,2025-02-21,M4A4 | Buzz Kill (Minimal Wear),14.11,1e436312-c4d1-4db9-ab02-c760aa4e1cf7,59598989,False,1e436312-c4d1-4db9-ab02-c760aa4e1cf7,2025-02-22,2025-02-28,SOLD,2025-03-01,7.0,0.1,17.77,16.38,1.26
GT5H08X2597A,14.73,2025-02-21,M4A4 | Buzz Kill (Minimal Wear),11.87,0f96e738-6be3-4ebc-aaa3-e58ac65ad677,59598990,False,0f96e738-6be3-4ebc-aaa3-e58ac65ad677,2025-02-22,2025-02-28,SOLD,2025-03-01,7.0,0.1,17.77,16.38,1.26
GCC7KPPX7H0D,4.63,2025-02-20,FAMAS | ZX Spectron (Minimal Wear),12.14,367ea345-93f3-44f0-aab0-1bbb43fd9829,59590577,False,367ea345-93f3-44f0-aab0-1bbb43fd9829,2025-02-21,2025-02-27,SOLD,2025-03-01,8.0,0.1,10.79,5.16,5.08
GEPA8KZ75A2H,6.2,2025-02-18,FAMAS | ZX Spectron (Minimal Wear),8.85,828b2c6f-d7f4-4392-911d-f4daf38f6a2a,59590568,False,828b2c6f-d7f4-4392-911d-f4daf38f6a2a,2025-02-21,2025-02-25,SOLD,2025-03-01,10.0,0.1,10.79,6.9,3.51
GU659ZAD52U4,9.0,2025-02-21,AK-47 | Head Shot (Field-Tested),37.12,f8a254e6-57ee-4141-98c5-d242e60dc82f,59599002,False,f8a254e6-57ee-4141-98c5-d242e60dc82f,2025-02-22,2025-02-26,SOLD,2025-03-01,7.0,0.1,12.07,10.01,1.86
GS8WZ5P9TT8S,1.86,2025-01-14,Desert Eagle | Sputnik (Factory New),6.16,2faacf47-2be8-456b-ba1c-630e5d7c0d27,58672598,False,2faacf47-2be8-456b-ba1c-630e5d7c0d27,2025-01-16,2025-01-21,SOLD,2025-03-01,45.0,0.08,3.02,2.03,0.92
GP5K086RPAF5,0.85,2025-02-02,Nova | Wurst Hölle (Field-Tested),27.93,145b2791-03cd-4d2b-a979-31c0c47f5b73,59569202,False,145b2791-03cd-4d2b-a979-31c0c47f5b73,2025-02-18,,SOLD,2025-03-02,27.0,0.07,1.13,0.92,0.2
G7ZL6P64UPAF,0.58,2025-01-17,Glock-18 | Candy Apple (Factory New),3.58,5b5686f1-cf86-40fe-871a-bbb5174f5514,58937791,False,5b5686f1-cf86-40fe-871a-bbb5174f5514,2025-01-21,2025-01-25,SOLD,2025-03-02,43.0,0.1,1.09,0.66,0.4
GLLC5E8W7PGG,0.36,2024-10-10,Sticker | Conspiracy Club (Holo),,,41539575,True,b365de6a-cf20-43cd-8149-df7173d6a88c,2024-10-13,,SOLD,2025-03-02,142.0,0.1,0.5,0.41,0.09
GHH20ZDHNEZP,7.5,2025-02-16,FAMAS | ZX Spectron (Minimal Wear),9.5,76dd6afc-a8b7-43a7-97a6-b27ed89e5ca1,59569158,False,76dd6afc-a8b7-43a7-97a6-b27ed89e5ca1,2025-02-18,2025-02-23,SOLD,2025-03-02,13.0,0.07,10.79,8.08,2.53
GT4W7U9GA59W,4.85,2025-02-21,M4A4 | Evil Daimyo (Factory New),4.85,48645c32-a4c9-4a4b-b89d-3c6fd30a0f0c,59599009,False,48645c32-a4c9-4a4b-b89d-3c6fd30a0f0c,2025-02-22,2025-02-28,SOLD,2025-03-02,8.0,0.1,10.74,5.4,4.82
GSX9WLP7SUEL,6.0,2025-02-18,Operator | FBI SWAT,,07977e47-9692-43e0-b3cc-8b9a7a3290aa,59590570,False,07977e47-9692-43e0-b3cc-8b9a7a3290aa,2025-02-21,2025-02-26,SOLD,2025-03-02,11.0,0.1,7.76,6.68,0.98
G5NUF2973FW3,5.9,2025-02-14,FAMAS | Mecha Industries (Minimal Wear),13.11,277dff50-8e78-4fd7-9f44-085ab41f2dee,59548554,False,277dff50-8e78-4fd7-9f44-085ab41f2dee,2025-02-16,2025-02-22,SOLD,2025-03-02,15.0,0.07,10.36,6.35,3.73
G0G7L28FU7LR,8.48,2025-02-26,StatTrak™ M4A1-S | Night Terror (Factory New),3.83,0eacee83-e84c-4f8a-b98e-337d3736e043,59661970,False,0eacee83-e84c-4f8a-b98e-337d3736e043,2025-03-02,2025-03-02,SOLD,2025-03-02,3.0,0.1,11.8,9.43,2.14
GUD2RHGKC7WS,0.46,2024-10-07,Sticker | Gold Web,,,7241726,True,3e86d82c-76ff-4ffc-a30e-9664c7668a25,2024-10-13,,SOLD,2025-03-02,145.0,0.1,0.67,0.52,0.14
G4S7LCA0NNX4,5.99,2025-02-19,Operator | FBI SWAT,,0f25bd6c-3985-4216-b5ee-d1cc87cbdbe2,59590582,False,0f25bd6c-3985-4216-b5ee-d1cc87cbdbe2,2025-02-21,2025-02-27,SOLD,2025-03-02,10.0,0.1,7.76,6.67,0.99
GRECT7F4WT3A,5.25,2025-02-28,Osiris | Elite Crew,,21b93cdf-7a6d-4537-8293-a683188414e4,59661968,False,21b93cdf-7a6d-4537-8293-a683188414e4,2025-03-02,2025-03-07,SOLD,2025-03-02,1.0,0.1,6.23,5.84,0.36
GAZFF0SU26G9,9.44,2025-02-27,FAMAS | Commemoration (Minimal Wear),13.43,1042fc96-2e1b-46f7-a978-fd21fc71f201,59661975,False,1042fc96-2e1b-46f7-a978-fd21fc71f201,2025-03-02,2025-03-07,SOLD,2025-03-03,3.0,0.1,13.96,10.5,3.12
G3F2P3N65FFR,4.4,2025-02-27,FAMAS | ZX Spectron (Minimal Wear),14.51,2fdb024f-4857-4009-b4b5-5d162f53bd27,59661982,False,2fdb024f-4857-4009-b4b5-5d162f53bd27,2025-03-02,2025-03-06,SOLD,2025-03-03,3.0,0.1,6.72,4.9,1.65
GFRK98WXSFR0,8.5,2025-02-16,FAMAS | ZX Spectron (Minimal Wear),12.32,d75c451b-d505-4b1b-bb56-2125a716bd77,59569160,False,d75c451b-d505-4b1b-bb56-2125a716bd77,2025-02-18,2025-02-23,SOLD,2025-03-03,14.0,0.07,10.79,9.15,1.53
GPEC2TWGFGDW,6.21,2025-03-03,AK-47 | Phantom Disruptor (Minimal Wear),7.22,1ad17f99-3ee9-4141-ba61-5c613cc17752,59685324,False,1ad17f99-3ee9-4141-ba61-5c613cc17752,2025-03-04,2025-03-10,SOLD,2025-03-03,0.0,0.1,7.2,6.91,0.27
GGSDWUEGDWPR,5.72,2025-02-21,Ground Rebel  | Elite Crew,,ff6da8b1-a618-4b89-b656-7827b87a508e,59599038,False,ff6da8b1-a618-4b89-b656-7827b87a508e,2025-02-22,2025-03-01,SOLD,2025-03-03,9.0,0.1,7.0,6.37,0.58
G2LLXRPD9RHD,6.09,2025-03-02,StatTrak™ Glock-18 | Umbral Rabbit (Factory New),3.45,a55a3bd3-e290-4a13-ab13-daf00a167ddb,59672877,False,a55a3bd3-e290-4a13-ab13-daf00a167ddb,2025-03-04,2025-03-10,SOLD,2025-03-03,0.0,0.1,9.69,6.78,2.63
G9806GSRKU3W,0.58,2025-01-09,Glock-18 | Candy Apple (Factory New),5.33,cb78f8a0-0d04-4b2a-801a-799bbc790e79,58672619,False,cb78f8a0-0d04-4b2a-801a-799bbc790e79,2025-01-16,2025-01-17,SOLD,2025-03-03,52.0,0.08,1.09,0.64,0.42
GU0TCZRL4EXK,4.1,2025-03-02,P250 | Muertos (Minimal Wear),8.73,49f03ab0-faf0-48cc-81f6-bb1083151c0d,59672883,False,49f03ab0-faf0-48cc-81f6-bb1083151c0d,2025-03-04,2025-03-10,SOLD,2025-03-03,0.0,0.1,4.93,4.57,0.34
GKWLSLR9PNZZ,5.83,2025-02-28,AWP | Atheris (Minimal Wear),14.1,bb9bc4fd-982a-404f-84be-4526f1999057,59661991,False,bb9bc4fd-982a-404f-84be-4526f1999057,2025-03-02,2025-03-08,SOLD,2025-03-03,2.0,0.1,8.36,6.49,1.69
G8W22AHG4CP9,6.98,2025-02-26,Sous-Lieutenant Medic | Gendarmerie Nationale,,c7ed5564-cc38-48a0-abdb-1b3812681953,59661971,False,c7ed5564-cc38-48a0-abdb-1b3812681953,2025-03-02,2025-03-03,SOLD,2025-03-04,5.0,0.1,9.72,7.77,1.77
GZUD2THADS28,22.38,2025-03-03,Glock-18 | Neo-Noir (Minimal Wear),9.02,d7ac1d9a-23c1-4724-ab3e-2dc1f1b298d3,59685336,False,d7ac1d9a-23c1-4724-ab3e-2dc1f1b298d3,2025-03-04,2025-03-11,SOLD,2025-03-04,0.0,0.1,26.94,24.88,1.87
GW6GHFXCGWPU,5.84,2025-02-28,AWP | Black Nile (Factory New),6.91,009d2793-673f-4c0f-ad3b-3322cee9b47f,59661989,False,009d2793-673f-4c0f-ad3b-3322cee9b47f,2025-03-02,2025-03-08,SOLD,2025-03-04,3.0,0.1,7.7,6.5,1.09
GTA30U690PWU,8.0,2025-02-21,FAMAS | Pulse (Factory New),6.89,192f1896-2291-44d7-8054-1d3ae2ebf35e,59599035,False,192f1896-2291-44d7-8054-1d3ae2ebf35e,2025-02-22,2025-02-26,SOLD,2025-03-04,10.0,0.1,11.46,8.9,2.31
GZ93LTWLHWC6,3.75,2025-02-28,StatTrak™ M4A1-S | Emphorosaur-S (Minimal Wear),11.15,4e11227a-1f67-43cb-a750-4e6a190c9b5a,59661987,False,4e11227a-1f67-43cb-a750-4e6a190c9b5a,2025-03-02,2025-03-08,SOLD,2025-03-04,3.0,0.1,5.59,4.18,1.28
GXUNAE8WU3L3,4.69,2025-03-03,M4A4 | Tooth Fairy (Minimal Wear),12.17,ae754d06-c026-453f-aae6-950e7891bbe8,59685355,False,ae754d06-c026-453f-aae6-950e7891bbe8,2025-03-04,2025-03-11,SOLD,2025-03-04,0.0,0.1,5.38,5.22,0.15
GNU4AAU650C2,6.13,2025-03-03,Operator | FBI SWAT,,10e25fba-e725-43b7-9bb7-5ae5f364262a,59685357,False,10e25fba-e725-43b7-9bb7-5ae5f364262a,2025-03-04,,SOLD,2025-03-04,0.0,0.1,7.9,6.82,0.98
GADRRK5N4U3D,3.77,2025-02-28,StatTrak™ M4A1-S | Emphorosaur-S (Minimal Wear),8.29,7dd2ce2c-e44e-4bee-af8d-4bb095dc066e,59661985,False,7dd2ce2c-e44e-4bee-af8d-4bb095dc066e,2025-03-02,2025-03-07,SOLD,2025-03-04,3.0,0.1,5.59,4.2,1.26
GFW73F78ER3G,194.8,2025-02-23,★ Shadow Daggers | Doppler (Factory New),1.38,f1ee7805-d09f-489b-aca1-f4cbe7ab1b17,59641010,False,f1ee7805-d09f-489b-aca1-f4cbe7ab1b17,2025-02-27,2025-03-02,SOLD,2025-03-04,8.0,0.1,229.0,216.46,11.3
GGK353Z65C9F,8.34,2025-03-03,M4A4 | 龍王 (Dragon King) (Field-Tested),28.24,fc86ac8d-9466-4196-8c7e-faacb52c72dd,59685328,False,fc86ac8d-9466-4196-8c7e-faacb52c72dd,2025-03-04,2025-03-11,SOLD,2025-03-04,0.0,0.1,10.93,9.28,1.5
GEU5353PXNGP,1.36,2025-02-04,Desert Eagle | Tilted (Minimal Wear),7.93,3c417920-aa11-4fc1-b598-4affaa0e2f20,59569208,False,3c417920-aa11-4fc1-b598-4affaa0e2f20,2025-02-18,,SOLD,2025-03-04,27.0,0.07,3.06,1.47,1.49
GX303ZFNH7PG,10.62,2025-03-02,SSG 08 | Dragonfire (Minimal Wear),14.02,c5fc5236-40aa-43c9-8c68-31b544e93f4f,59672880,False,c5fc5236-40aa-43c9-8c68-31b544e93f4f,2025-03-04,2025-03-10,SOLD,2025-03-04,1.0,0.1,15.82,11.81,3.62
G85R632XPF42,5.43,2025-02-27,Ground Rebel  | Elite Crew,,44a46e1f-81ce-46e8-b64a-5f4c7610d0ff,59672872,False,44a46e1f-81ce-46e8-b64a-5f4c7610d0ff,2025-03-04,2025-03-09,SOLD,2025-03-05,5.0,0.1,7.0,6.04,0.87
GLTZGSW7WWZ2,6.72,2025-02-18,FAMAS | Pulse (Factory New),6.43,4e35de61-8994-4798-966c-153702d6776e,59590574,False,4e35de61-8994-4798-966c-153702d6776e,2025-02-21,2025-02-26,SOLD,2025-03-05,14.0,0.1,12.27,7.48,4.32
G9RSE36S2LEH,4.49,2025-01-25,AK-47 | Crossfade (Factory New),5.43,155b3680-17fa-41b9-b1b3-480073f07272,59164421,False,155b3680-17fa-41b9-b1b3-480073f07272,2025-01-27,2025-02-02,SOLD,2025-03-05,38.0,0.1,7.28,5.0,2.06
GU5867795NZ3,5.5,2025-03-03,StatTrak™ AWP | Mortis (Minimal Wear),9.36,738a47e5-c199-42be-966d-6a673baf775b,59685325,False,738a47e5-c199-42be-966d-6a673baf775b,2025-03-04,2025-03-10,SOLD,2025-03-05,1.0,0.1,7.15,6.12,0.94
GCD80EUT922D,2.61,2025-01-12,Desert Eagle | Trigger Discipline (Factory New),6.78,752d2db4-9bfa-4637-92f5-23d592aa914c,58672617,False,752d2db4-9bfa-4637-92f5-23d592aa914c,2025-01-16,2025-01-20,SOLD,2025-03-05,51.0,0.08,5.01,2.85,2.0
GLTNNPRD6LUE,0.58,2025-01-12,Glock-18 | Candy Apple (Factory New),6.22,53cfd739-d2d3-48d7-ad19-ddd923833115,58672623,False,53cfd739-d2d3-48d7-ad19-ddd923833115,2025-01-16,2025-01-20,SOLD,2025-03-05,51.0,0.08,1.09,0.64,0.42
GDLPWNZL20F5,11.7,2025-02-21,AWP | Atheris (Factory New),6.63,48570aab-07dd-4e08-b6e3-3dc9a25a13e1,59598993,False,48570aab-07dd-4e08-b6e3-3dc9a25a13e1,2025-02-22,2025-02-28,SOLD,2025-03-05,11.0,0.1,17.44,13.01,4.0
GX2RPE4SW575,0.73,2025-01-07,Glock-18 | Candy Apple (Factory New),3.73,232862cd-25b8-4b7e-a008-12e957d72aa2,58480714,False,232862cd-25b8-4b7e-a008-12e957d72aa2,2025-01-09,2025-01-15,SOLD,2025-03-06,57.0,0.1,1.17,0.82,0.32
GRTC3FCPDWA6,1.09,2024-11-15,Sticker | Baby Howl,,,41548385,True,7710cd29-a8d1-4198-8732-297988b5db2e,2024-11-17,,SOLD,2025-03-06,110.0,0.08,1.28,1.2,0.09
GWSZ2T7PPHAT,5.88,2025-03-04,SSG 08 | Turbo Peek (Field-Tested),26.8,351aac4d-4781-4bfa-a237-b1adbdbcfb82,59702976,False,351aac4d-4781-4bfa-a237-b1adbdbcfb82,2025-03-07,,SOLD,2025-03-06,1.0,0.1,8.39,6.54,1.67
GCD42249AA06,8.8,2025-03-05,M4A4 | 龍王 (Dragon King) (Field-Tested),26.86,67b9dd12-17ce-4eec-89ce-1321542c32f0,59702959,False,67b9dd12-17ce-4eec-89ce-1321542c32f0,2025-03-07,2025-03-12,SOLD,2025-03-06,0.0,0.1,10.93,9.79,1.04
G85L882KDW2E,1.09,2024-11-15,Sticker | Baby Howl,,,41548385,True,423b83c7-dcf6-4a9e-a9f4-75dafd88be20,2024-11-17,,SOLD,2025-03-06,110.0,0.08,1.28,1.2,0.09
G098RZGL3W29,1.09,2024-11-15,Sticker | Baby Howl,,,41548385,True,93623e11-9c4b-4ab4-9603-1d96f8b80ff2,2024-11-17,,SOLD,2025-03-06,110.0,0.08,1.28,1.2,0.09
GRWF7KDAK3CR,4.67,2025-03-02,StatTrak™ M4A1-S | Emphorosaur-S (Minimal Wear),10.55,cd556520-9976-48dd-a43e-6f7fa67b5430,59672873,False,cd556520-9976-48dd-a43e-6f7fa67b5430,2025-03-04,2025-03-09,SOLD,2025-03-06,3.0,0.1,5.59,5.2,0.36
GHSS5Z9RCTPA,4.31,2025-03-04,M4A4 | Desolate Space (Field-Tested),22.02,f9fcfdd5-7094-4d9a-bfd9-32227e8b26a4,59702973,False,f9fcfdd5-7094-4d9a-bfd9-32227e8b26a4,2025-03-07,2025-03-12,SOLD,2025-03-06,1.0,0.1,8.48,4.8,3.32
G60CD4SUUD78,4.54,2025-03-02,MP7 | Fade (Factory New),5.6,5ea54077-11ca-4fdc-985c-36098e9b8556,59672884,False,5ea54077-11ca-4fdc-985c-36098e9b8556,2025-03-04,2025-03-10,SOLD,2025-03-06,3.0,0.1,6.89,5.06,1.66
G4NR7LNCH3Z0,7.74,2025-02-27,StatTrak™ M4A1-S | Night Terror (Factory New),2.25,ad5e32d1-6781-4058-a7cb-20a47540cbbd,59661976,False,ad5e32d1-6781-4058-a7cb-20a47540cbbd,2025-03-02,2025-03-06,SOLD,2025-03-06,6.0,0.1,11.8,8.61,2.88
G8T4XPWF8NER,5.57,2025-03-04,Glove Case,,,29334,True,9300b40e-30bd-458d-9a93-576c5aaacde2,2025-03-07,,SOLD,2025-03-06,1.0,0.1,6.98,6.2,0.71
GA82E5LEX44A,11.7,2025-03-03,Glock-18 | Vogue (Factory New),6.09,5dcf7991-7b33-455a-8e15-7834cbe1c9c4,59685342,False,5dcf7991-7b33-455a-8e15-7834cbe1c9c4,2025-03-04,2025-03-08,SOLD,2025-03-06,2.0,0.1,15.17,13.01,1.95
G59GPCG4NU82,4.27,2025-03-03,M4A4 | Evil Daimyo (Factory New),6.96,ff268cea-640f-4bdb-afbc-88e51295667e,59685360,False,ff268cea-640f-4bdb-afbc-88e51295667e,2025-03-04,,SOLD,2025-03-06,2.0,0.1,9.78,4.76,4.53
GG9PF2T7ZD54,1.09,2024-11-15,Sticker | Baby Howl,,,41548385,True,5944b10e-cffd-4c17-932b-dc46f79b837a,2024-11-17,,SOLD,2025-03-06,110.0,0.08,1.28,1.2,0.09
GAZ32CNPL9FF,4.66,2025-03-05,MAC-10 | Disco Tech (Minimal Wear),10.81,d238d55b-d586-4061-acc2-2b1e194c2a5f,59702983,False,d238d55b-d586-4061-acc2-2b1e194c2a5f,2025-03-07,2025-03-13,SOLD,2025-03-07,1.0,0.1,6.51,5.19,1.2
GCPZCUTT9A26,0.79,2025-02-02,Nova | Wurst Hölle (Field-Tested),31.38,e6f39bb4-62c0-4380-9bed-312f989e89d7,59569210,False,e6f39bb4-62c0-4380-9bed-312f989e89d7,2025-02-18,,SOLD,2025-03-07,32.0,0.07,1.13,0.86,0.26
GULR7XTZXPF2,15.47,2025-02-28,Operation Hydra Case,,,136909,True,a59db80b-33b8-473f-b281-547d7b0ef3ca,2025-03-02,,SOLD,2025-03-07,6.0,0.1,19.56,17.2,2.13
G73LE84XE5ZP,6.5,2025-02-27,AWP | Black Nile (Factory New),5.1,67996b08-e185-4bec-84e5-a3df463a9490,59661977,False,67996b08-e185-4bec-84e5-a3df463a9490,2025-03-02,2025-03-07,SOLD,2025-03-07,7.0,0.1,7.7,7.23,0.43
G78XR4UNH3XG,15.47,2025-02-28,Operation Hydra Case,,,136909,True,ca3a43c1-9291-4af8-b360-1d0794e49511,2025-03-02,,SOLD,2025-03-07,6.0,0.1,19.56,17.2,2.13
GZRE8PD78ZPP,15.47,2025-02-28,Operation Hydra Case,,,136909,True,fdf9181e-b242-4d39-907e-e96320f02738,2025-03-02,,SOLD,2025-03-07,6.0,0.1,19.56,17.2,2.13
GEHSPEW5L84D,6.5,2025-02-27,AWP | Black Nile (Factory New),5.37,f7d73c06-5db9-4a48-8b2e-76cfe92ee646,59661979,False,f7d73c06-5db9-4a48-8b2e-76cfe92ee646,2025-03-02,2025-03-07,SOLD,2025-03-07,7.0,0.1,7.7,7.23,0.43
G7GCWRU3XCF8,5.7,2025-03-02,AWP | Black Nile (Factory New),4.37,44c0adeb-a458-4147-af9b-707c60516c4c,59672875,False,44c0adeb-a458-4147-af9b-707c60516c4c,2025-03-04,2025-03-10,SOLD,2025-03-07,4.0,0.1,7.7,6.34,1.23
G6UAE4WL3SAW,9.17,2025-03-04,Glock-18 | Vogue (Factory New),6.69,553fd516-3885-4643-96db-af55cd6f28f1,59702971,False,553fd516-3885-4643-96db-af55cd6f28f1,2025-03-07,2025-03-12,SOLD,2025-03-07,2.0,0.1,15.17,10.2,4.48
GF6NWRXGTXXT,15.47,2025-02-28,Operation Hydra Case,,,136909,True,5d209c2d-9b22-407d-9a03-1d7fa4ccdedb,2025-03-02,,SOLD,2025-03-07,6.0,0.1,19.56,17.2,2.13
GH7K0R06W4L6,6.92,2025-03-03,M4A1-S | Basilisk (Minimal Wear),12.26,8b0fb385-b64d-4056-a861-8f296ebf307e,59685346,False,8b0fb385-b64d-4056-a861-8f296ebf307e,2025-03-04,2025-03-08,SOLD,2025-03-07,3.0,0.1,8.58,7.7,0.8
G2D8F346050K,6.11,2025-02-28,1st Lieutenant Farlow | SWAT,,59593a68-1da7-49d6-91f3-2ac2e7e1a3ac,59661990,False,59593a68-1da7-49d6-91f3-2ac2e7e1a3ac,2025-03-02,2025-03-08,SOLD,2025-03-07,6.0,0.1,7.22,6.8,0.39
G5G3HCZSRK9A,14.01,2025-03-04,AK-47 | Neon Revolution (Field-Tested),35.83,8c4b30a2-7fa4-40c2-8d33-13148490fbad,59702968,False,8c4b30a2-7fa4-40c2-8d33-13148490fbad,2025-03-07,2025-03-12,SOLD,2025-03-07,2.0,0.1,17.98,15.58,2.17
G6PZ0G2706LC,6.15,2025-03-03,M4A4 | Desolate Space (Well-Worn),40.83,454360b5-32a4-4feb-a759-fa7901f542dc,59702964,False,454360b5-32a4-4feb-a759-fa7901f542dc,2025-03-07,2025-03-11,SOLD,2025-03-07,3.0,0.1,8.66,6.84,1.64
GCDHC0HGEXNW,6.5,2025-02-27,AWP | Black Nile (Factory New),5.02,0ec60700-1ff1-4d63-b776-22afd9cc4478,59661978,False,0ec60700-1ff1-4d63-b776-22afd9cc4478,2025-03-02,2025-03-07,SOLD,2025-03-07,7.0,0.1,7.7,7.23,0.43
G36N5H5K2SKZ,6.17,2025-03-05,AWP | Atheris (Minimal Wear),13.36,a8b66ea1-880d-4298-a81e-4adc4b5c24cf,59702960,False,a8b66ea1-880d-4298-a81e-4adc4b5c24cf,2025-03-07,2025-03-12,SOLD,2025-03-08,2.0,0.1,8.58,6.87,1.55
GLPCDAXD9CEE,5.35,2025-03-05,Osiris | Elite Crew,,8ecaa304-0334-4a8d-ba78-92c35a9948a3,59702984,False,8ecaa304-0334-4a8d-ba78-92c35a9948a3,2025-03-07,2025-03-13,SOLD,2025-03-08,2.0,0.1,6.43,5.96,0.44
GEF3LK23EZE4,7.92,2025-03-02,StatTrak™ M4A1-S | Night Terror (Factory New),6.54,6bb0f7d0-f111-4c18-9af9-c29e53413812,59672882,False,6bb0f7d0-f111-4c18-9af9-c29e53413812,2025-03-04,2025-03-10,SOLD,2025-03-08,5.0,0.1,11.8,8.81,2.7
G60P7C4Z34AA,15.47,2025-02-28,Operation Hydra Case,,,136909,True,4170d09a-9db6-4e8c-abdc-6da01e80dde8,2025-03-02,,SOLD,2025-03-08,7.0,0.1,19.56,17.2,2.13
G2D6RLL26HZN,9.86,2025-03-05,UMP-45 | Neo-Noir (Minimal Wear),12.27,9712466f-707f-4f71-aaf2-34c73caea32f,59702958,False,9712466f-707f-4f71-aaf2-34c73caea32f,2025-03-07,2025-03-12,SOLD,2025-03-08,2.0,0.1,12.82,10.97,1.68
GK2ULE3ED5H7,6.13,2025-02-28,Operator | FBI SWAT,,08ca96a8-50ca-480d-919f-753ce0185a85,59661969,False,08ca96a8-50ca-480d-919f-753ce0185a85,2025-03-02,2025-03-08,SOLD,2025-03-08,7.0,0.1,7.36,6.82,0.49
G3FC7P3SFZK4,5.79,2025-03-01,Ground Rebel  | Elite Crew,,aaf2935e-3fc4-4924-848d-fb8ce88d8d64,59661980,False,aaf2935e-3fc4-4924-848d-fb8ce88d8d64,2025-03-02,2025-03-07,SOLD,2025-03-08,6.0,0.1,7.0,6.44,0.51
G0983S832205,0.19,2024-11-30,Sticker | Apeks (Glitter) | Copenhagen 2024,,,50406175,True,82a337c4-16bf-4523-96d4-62cfbb9778bb,2024-12-05,,SOLD,2025-03-08,97.0,0.08,0.54,0.22,0.31
GE8KK5PT2XWK,12.29,2025-02-28,AWP | Atheris (Factory New),6.85,9c1acf2c-5709-4d58-a441-f84721c056f9,59661986,False,9c1acf2c-5709-4d58-a441-f84721c056f9,2025-03-02,2025-03-08,SOLD,2025-03-08,7.0,0.1,17.28,13.67,3.26
GU4UL3GGDAC7,7.4,2025-03-03,StatTrak™ M4A1-S | Night Terror (Factory New),6.09,80bc396f-2ef3-4859-b953-80d5c7cd7380,59685358,False,80bc396f-2ef3-4859-b953-80d5c7cd7380,2025-03-04,2025-03-10,SOLD,2025-03-08,4.0,0.1,10.88,8.23,2.39
GLE8ULXLS3UN,13.93,2025-03-06,FAMAS | Commemoration (Factory New),2.97,c73fef4f-4028-4c1c-ae73-0d2e2fccee9d,59713397,False,c73fef4f-4028-4c1c-ae73-0d2e2fccee9d,2025-03-09,2025-03-14,SOLD,2025-03-08,1.0,0.1,15.99,15.49,0.46
G9URP7XA4P0U,14.0,2025-02-21,Safecracker Voltzmann | The Professionals,,64b5cbd6-5806-4a22-a1d5-85b0670a7204,59598988,False,64b5cbd6-5806-4a22-a1d5-85b0670a7204,2025-02-22,2025-02-27,SOLD,2025-03-08,14.0,0.1,17.98,15.57,2.18
GX9WFRZDSFXS,15.47,2025-02-28,Operation Hydra Case,,,136909,True,af63f489-2635-4e84-bb95-834796be0d24,2025-03-02,,SOLD,2025-03-08,7.0,0.1,19.56,17.2,2.13
GKW4ZD9UUUZX,6.71,2025-03-02,StatTrak™ M4A1-S | Night Terror (Factory New),6.25,32063c7b-ddef-4d34-8eb2-0c1197f9c703,59672879,False,32063c7b-ddef-4d34-8eb2-0c1197f9c703,2025-03-04,2025-03-10,SOLD,2025-03-08,5.0,0.1,11.8,7.47,3.91
G40905HWAR3L,6.71,2025-03-03,P90 | Asiimov (Field-Tested),28.91,dd444545-9414-40d8-b410-c6cfcbd6a6ab,59685337,False,dd444545-9414-40d8-b410-c6cfcbd6a6ab,2025-03-04,2025-03-10,SOLD,2025-03-08,4.0,0.1,8.34,7.47,0.8
GL8PP797TG93,7.87,2025-03-04,StatTrak™ M4A1-S | Night Terror (Factory New),5.64,0b3abcc6-10f2-46c7-be16-fd2c3673afb1,59702975,False,0b3abcc6-10f2-46c7-be16-fd2c3673afb1,2025-03-07,2025-03-12,SOLD,2025-03-08,3.0,0.1,10.88,8.76,1.92
G5AZH743XT84,214.87,2025-03-04,★ Gut Knife | Doppler (Factory New),1.2,f42ad525-d40c-4945-a52d-3735f72671fb,59693983,False,f42ad525-d40c-4945-a52d-3735f72671fb,2025-03-06,,SOLD,2025-03-09,4.0,0.1,229.99,238.76,-7.88
GAPXSEKALGPP,42.72,2025-02-28,M4A1-S | Player Two (Minimal Wear),8.81,daa201e0-078d-48b1-83da-2c6b281511c4,59661993,False,daa201e0-078d-48b1-83da-2c6b281511c4,2025-03-02,2025-03-08,SOLD,2025-03-09,8.0,0.1,54.52,47.48,6.35
G038FHUEZA89,6.21,2025-03-03,AK-47 | Phantom Disruptor (Minimal Wear),10.77,4cb50b88-3f3d-4232-af89-50cb03e675a1,59685323,False,4cb50b88-3f3d-4232-af89-50cb03e675a1,2025-03-04,2025-03-10,SOLD,2025-03-09,5.0,0.1,7.2,6.91,0.27
G07P0R4PA3RX,15.47,2025-02-28,Operation Hydra Case,,,136909,True,26c284d8-0a7e-46db-b9d0-1bf4e7e6cda3,2025-03-02,,SOLD,2025-03-09,8.0,0.1,19.56,17.2,2.13
G2NGFD6C9WKP,6.57,2025-03-03,AK-47 | Slate (Minimal Wear),12.86,c40fab2d-3039-44bc-a65d-8b14d39b7adf,59685365,False,c40fab2d-3039-44bc-a65d-8b14d39b7adf,2025-03-04,2025-03-11,SOLD,2025-03-09,5.0,0.1,8.21,7.31,0.82
G8KF3GGH28TA,5.33,2024-11-16,Charm | Die-cast AK,,8cc44566-2846-4aea-9e24-7b0cb7a4a122,56577570,False,8cc44566-2846-4aea-9e24-7b0cb7a4a122,2024-11-17,2024-11-24,SOLD,2025-03-09,112.0,0.08,6.73,5.8,0.86
GKLDU354ZTXD,5.99,2025-03-04,AWP | Duality (Minimal Wear),10.73,48f36412-bb42-437b-a9db-40a7b0ac47ed,59702978,False,48f36412-bb42-437b-a9db-40a7b0ac47ed,2025-03-07,2025-03-10,SOLD,2025-03-09,4.0,0.1,7.95,6.67,1.17
G9FAPDFUGFU7,15.47,2025-02-28,Operation Hydra Case,,,136909,True,ef4b2ef3-ac73-44cc-a7f7-412ef837c4ee,2025-03-02,,SOLD,2025-03-09,8.0,0.1,19.56,17.2,2.13
GA228C6XULFW,3.35,2025-02-21,FAMAS | Rapid Eye Movement (Minimal Wear),11.41,3c995671-a126-4003-8800-7cf670e72e1a,59599032,False,3c995671-a126-4003-8800-7cf670e72e1a,2025-02-22,2025-02-26,SOLD,2025-03-09,15.0,0.1,4.49,3.73,0.69
GE68UL7XNHFF,8.64,2025-03-04,3rd Commando Company | KSK,,36631d39-a5fb-4332-997d-dbe5f3ea9aa3,59702962,False,36631d39-a5fb-4332-997d-dbe5f3ea9aa3,2025-03-07,2025-03-12,SOLD,2025-03-10,5.0,0.1,10.77,9.61,1.05
GP63S9TWTFFC,28.21,2025-03-05,Primeiro Tenente | Brazilian 1st Battalion,,774704e6-fa27-432b-b6a4-e129b088d9e6,59702986,False,774704e6-fa27-432b-b6a4-e129b088d9e6,2025-03-07,2025-03-13,SOLD,2025-03-10,4.0,0.1,34.88,31.36,3.18
GNT7D3LFR7CP,28.0,2025-03-06,Sir Bloody Silent Darryl | The Professionals,,2d941b62-5250-4cbe-b0aa-9f25fd347fa6,59702989,False,2d941b62-5250-4cbe-b0aa-9f25fd347fa6,2025-03-07,2025-03-14,SOLD,2025-03-10,3.0,0.1,35.65,31.12,4.09
GXWUG02EKED5,5.25,2025-02-28,Winter Offensive Weapon Case,,,223,True,4f6f86b9-4053-4d38-98e1-f5186bd0abe9,2025-03-02,,SOLD,2025-03-10,9.0,0.1,7.7,5.84,1.68
GGW9LKL6GPF8,4.98,2025-03-02,Glove Case,,,29334,True,557f218e-5075-4250-892d-cbb7657432cd,2025-03-04,,SOLD,2025-03-10,7.0,0.1,7.14,5.54,1.45
GRFH72H7EUWC,12.37,2025-02-24,AK-47 | Slate (Factory New),5.89,cbd329f0-e806-4e11-99c1-93e88f4eac0e,59626741,False,cbd329f0-e806-4e11-99c1-93e88f4eac0e,2025-02-27,2025-03-04,SOLD,2025-03-10,13.0,0.1,17.41,13.76,3.3
G64NLRNHGR0D,5.58,2025-03-03,AK-47 | Ice Coaled (Field-Tested),28.67,cd9e2699-9057-4b55-8ba3-577571762950,59685326,False,cd9e2699-9057-4b55-8ba3-577571762950,2025-03-04,2025-03-10,SOLD,2025-03-10,6.0,0.1,7.08,6.21,0.79
GTSHN3D6CN64,0.79,2025-01-24,SSG 08 | Acid Fade (Factory New),1.27,3338e85a-9110-4b22-b212-23b7ea2e75ec,59164397,False,3338e85a-9110-4b22-b212-23b7ea2e75ec,2025-01-27,2025-01-28,SOLD,2025-03-10,44.0,0.1,1.47,0.89,0.53
G4C20HCRZGF8,1.09,2024-11-15,Sticker | Baby Howl,,,41548385,True,ae18fb45-ff67-4c11-8fbb-1125da1c9c68,2024-11-17,,SOLD,2025-03-10,114.0,0.08,1.28,1.2,0.09
GUE73CG7586R,12.41,2025-03-03,AWP | Duality (Factory New),6.9,b5062914-537a-404e-b6b8-5e0390932944,59685363,False,b5062914-537a-404e-b6b8-5e0390932944,2025-03-04,2025-03-11,SOLD,2025-03-10,6.0,0.1,16.51,13.8,2.45
GT98LHU203RS,5.88,2025-03-05,SSG 08 | Turbo Peek (Field-Tested),25.37,ad127778-e83e-4c6d-ab3a-b9432cab74bf,59702981,False,ad127778-e83e-4c6d-ab3a-b9432cab74bf,2025-03-07,2025-03-12,SOLD,2025-03-10,4.0,0.1,8.39,6.54,1.67
GTGTFFCA8X8K,0.79,2025-01-24,SSG 08 | Acid Fade (Factory New),1.65,b2ae4fdc-3341-415b-accd-f4b4081b72ce,59164360,False,b2ae4fdc-3341-415b-accd-f4b4081b72ce,2025-01-27,2025-01-28,SOLD,2025-03-10,44.0,0.1,1.47,0.89,0.53
GWESDRLGDLAL,7.82,2025-03-01,Huntsman Weapon Case,,,224,True,ae59b663-e180-4275-b7fc-90e28d104d7f,2025-03-04,,SOLD,2025-03-10,8.0,0.1,10.48,8.7,1.61
GPUEKPKD59ZH,11.0,2025-03-05,StatTrak™ USP-S | Black Lotus (Minimal Wear),10.02,6d277987-c6cb-4851-bba1-9d25a0fea7ee,59702961,False,6d277987-c6cb-4851-bba1-9d25a0fea7ee,2025-03-07,2025-03-13,SOLD,2025-03-10,4.0,0.1,13.92,12.23,1.53
GK784DNWDAW4,12.99,2025-03-10,Sticker Capsule 2,,,234,True,88f8579f-bfa6-47fa-b67d-5d6a5c87469d,2025-03-12,,SOLD,2025-03-11,0.0,0.08,15.14,14.13,0.94
GW8GLGT0WTW2,12.41,2025-03-02,AWP | Atheris (Factory New),7.0,56da7075-2d1e-4f61-9257-d3b6eae13a8c,59672885,False,56da7075-2d1e-4f61-9257-d3b6eae13a8c,2025-03-04,2025-03-10,SOLD,2025-03-11,8.0,0.1,17.28,13.8,3.14
G5DDEX53SH69,5.03,2025-03-02,Winter Offensive Weapon Case,,,223,True,dff97ccd-e945-40fa-a806-abba9b985e2d,2025-03-04,,SOLD,2025-03-11,8.0,0.1,7.78,5.6,1.97
GW878CNENESP,9.01,2025-03-10,Street Soldier | Phoenix,,f966fa52-d736-475b-8654-2eedc2c81ff8,59735610,False,f966fa52-d736-475b-8654-2eedc2c81ff8,2025-03-12,,SOLD,2025-03-11,0.0,0.08,10.11,9.8,0.29
G0SER6CR6487,9.04,2025-03-10,Desert Eagle | Conspiracy (Factory New),6.8,2c5680e2-7b88-49ac-8683-7e50e15bc916,59735623,False,2c5680e2-7b88-49ac-8683-7e50e15bc916,2025-03-12,,SOLD,2025-03-11,0.0,0.08,12.25,9.84,2.23
GL59CXDP363G,5.45,2025-03-03,AK-47 | Ice Coaled (Field-Tested),32.39,c2a87244-d575-4705-9dcf-e0fbe2acdb10,59685331,False,c2a87244-d575-4705-9dcf-e0fbe2acdb10,2025-03-04,2025-03-11,SOLD,2025-03-11,7.0,0.1,7.08,6.07,0.92
GCL50G6XK2FE,10.61,2025-03-02,SSG 08 | Turbo Peek (Minimal Wear),12.64,72c6280c-904c-4d09-87be-6ae0c68876ef,59672876,False,72c6280c-904c-4d09-87be-6ae0c68876ef,2025-03-04,2025-03-10,SOLD,2025-03-11,8.0,0.1,15.13,11.8,3.01
GF86SGUEZEUN,12.24,2025-03-03,SSG 08 | Turbo Peek (Minimal Wear),8.09,6f51f2f3-4fdf-4568-b430-387ea7e3b518,59685366,False,6f51f2f3-4fdf-4568-b430-387ea7e3b518,2025-03-04,2025-03-11,SOLD,2025-03-11,7.0,0.1,16.7,13.61,2.79
G8H7NHFZ38TZ,13.95,2025-03-10,Officer Jacques Beltram | Gendarmerie Nationale,,5fe0517a-3986-41bb-987a-71e6c4f183f5,59735660,False,5fe0517a-3986-41bb-987a-71e6c4f183f5,2025-03-12,2025-03-11,SOLD,2025-03-11,0.0,0.08,17.18,15.17,1.86
GERRT6AKKGFZ,0.77,2025-01-15,SSG 08 | Acid Fade (Factory New),1.17,9aca4797-7b57-46c5-9081-9284d9c1fbc6,58937770,False,9aca4797-7b57-46c5-9081-9284d9c1fbc6,2025-01-21,2025-01-21,SOLD,2025-03-11,54.0,0.1,1.57,0.87,0.64
GSAFH3SFLZD7,14.0,2025-03-04,M4A4 | In Living Color (Minimal Wear),11.26,39b3857f-38c6-43d0-acb4-22fc88afacbb,59702963,False,39b3857f-38c6-43d0-acb4-22fc88afacbb,2025-03-07,2025-03-11,SOLD,2025-03-11,6.0,0.1,17.97,15.57,2.17
GDKE0PEZGF5K,2.56,2025-03-10,SSG 08 | Abyss (Factory New),6.14,36684b0b-87c4-4510-a721-84fb60f24dc9,59735689,False,36684b0b-87c4-4510-a721-84fb60f24dc9,2025-03-12,2025-03-18,SOLD,2025-03-11,0.0,0.08,3.9,2.79,1.03
GLXUX8Z2XKGA,8.66,2025-03-04,"Music Kit | TWERL and Ekko & Sidetrack, Under Bright Lights",,,49240726,True,1e2aca78-359e-4da7-aa25-9722d511dafe,2025-03-07,,SOLD,2025-03-11,6.0,0.1,13.45,9.63,3.45
G3UU8N96NFD5,5.73,2025-02-28,1st Lieutenant Farlow | SWAT,,8d5d57c8-f9d0-487b-bcc5-de63af2728b4,59661984,False,8d5d57c8-f9d0-487b-bcc5-de63af2728b4,2025-03-02,2025-03-07,SOLD,2025-03-11,10.0,0.1,7.22,6.38,0.77
GDNH78KG84GK,12.58,2025-03-03,AWP | Atheris (Factory New),5.84,064a5ec1-0de0-4e10-b4a5-7d775acf1117,59685351,False,064a5ec1-0de0-4e10-b4a5-7d775acf1117,2025-03-04,2025-03-11,SOLD,2025-03-11,7.0,0.1,17.07,13.99,2.78
G6HUUR320042,6.37,2025-03-03,Aspirant | Gendarmerie Nationale,,ffafda16-4861-47f1-9229-40c2f9c88947,59685347,False,ffafda16-4861-47f1-9229-40c2f9c88947,2025-03-04,2025-03-10,SOLD,2025-03-11,7.0,0.1,8.36,7.09,1.15
G7EDNZRWKNEN,8.99,2025-03-10,Street Soldier | Phoenix,,f8b8303e-8868-4bef-aee9-489d33be9d4e,59735609,False,f8b8303e-8868-4bef-aee9-489d33be9d4e,2025-03-12,2025-03-13,SOLD,2025-03-12,1.0,0.08,10.11,9.78,0.31
GANDD8FXD070,10.45,2025-03-04,Glock-18 | Vogue (Factory New),6.87,21460a8f-11f2-47d0-bb3a-808490028ee4,59702967,False,21460a8f-11f2-47d0-bb3a-808490028ee4,2025-03-07,2025-03-11,SOLD,2025-03-12,7.0,0.1,15.17,11.62,3.2
GWPWPXFGXF9A,1.09,2024-11-15,Sticker | Baby Howl,,,41548385,True,4367a159-4a88-48ba-b234-445727c0a867,2024-11-17,,SOLD,2025-03-12,116.0,0.08,1.28,1.2,0.09
GDC4AZKGXA4P,7.25,2025-03-10,AK-47 | Slate (Minimal Wear),9.93,0f01e031-a864-409b-a614-a741a15979ca,59735627,False,0f01e031-a864-409b-a614-a741a15979ca,2025-03-12,2025-03-18,SOLD,2025-03-12,1.0,0.08,8.81,7.89,0.86
GP2TAUA9FHSK,5.8,2025-03-03,AWP | Duality (Minimal Wear),14.3,a31ea473-539d-4e69-87b1-b95c8f562b7b,59685349,False,a31ea473-539d-4e69-87b1-b95c8f562b7b,2025-03-04,2025-03-11,SOLD,2025-03-12,8.0,0.1,7.95,6.46,1.36
GWL03DAD00RL,4.62,2025-03-04,FAMAS | ZX Spectron (Minimal Wear),12.12,0388513b-dafc-493c-bdd8-c6af8da8fcd1,59702965,False,0388513b-dafc-493c-bdd8-c6af8da8fcd1,2025-03-07,2025-03-11,SOLD,2025-03-12,7.0,0.1,6.01,5.14,0.79
G772REFXPRG9,2.03,2025-02-02,StatTrak™ Glock-18 | Umbral Rabbit (Minimal Wear),10.78,b336cb6f-f932-435c-ae0e-1aecd800ab02,59569172,False,b336cb6f-f932-435c-ae0e-1aecd800ab02,2025-02-18,,SOLD,2025-03-12,37.0,0.07,4.34,2.19,2.01
G0PXKK0AEEL0,6.15,2025-03-03,M4A4 | Desolate Space (Well-Worn),44.21,661f16bd-36d7-47df-8b1a-d1648f629bef,59685367,False,661f16bd-36d7-47df-8b1a-d1648f629bef,2025-03-04,2025-03-11,SOLD,2025-03-12,8.0,0.1,8.66,6.84,1.64
G6HENFN72FZC,9.42,2025-03-10,Huntsman Weapon Case,,,224,True,04d4bc52-28dc-41c3-9242-d2881c72b6bc,2025-03-12,,SOLD,2025-03-12,1.0,0.08,10.51,10.25,0.25
G3XGPG23752W,3.0,2025-03-10,Sticker | Winding Scorch (Foil),,,55450345,True,362c7af7-6f6a-40df-a1ee-af86e6ffe804,2025-03-12,,SOLD,2025-03-12,1.0,0.08,5.05,3.27,1.65
G37XZX3HD2C5,4.53,2024-11-15,Charm | Die-cast AK,,b33c2ce2-c81b-4250-bedf-86088b1353e0,56510384,False,b33c2ce2-c81b-4250-bedf-86088b1353e0,2024-11-16,2024-11-22,SOLD,2025-03-12,116.0,0.08,6.73,4.93,1.66
GCEF27AWL2CE,3.32,2025-03-10,MP9 | Starlight Protector (Field-Tested),27.9,7b52d96f-494f-4821-af26-3550485d4584,59735644,False,7b52d96f-494f-4821-af26-3550485d4584,2025-03-12,,SOLD,2025-03-12,1.0,0.08,4.55,3.62,0.87
GNHZ5X7SSKKT,5.42,2025-03-05,AK-47 | Ice Coaled (Field-Tested),28.73,a95d965e-9e66-4f45-8a62-4833fb07b257,59702979,False,a95d965e-9e66-4f45-8a62-4833fb07b257,2025-03-07,2025-03-12,SOLD,2025-03-12,7.0,0.1,7.08,6.03,0.95
GTFCDDKEKNLA,71.1,2025-02-24,AWP | Asiimov (Battle-Scarred),53.29,b30c5e51-6d90-4b9f-90bf-d2ee21641753,59626740,False,b30c5e51-6d90-4b9f-90bf-d2ee21641753,2025-02-27,2025-03-04,SOLD,2025-03-12,15.0,0.1,81.78,79.01,2.5
GFHZCTL23AG7,1.49,2025-01-03,Galil AR | Tuxedo (Factory New),6.59,bf894b6c-e783-4462-9417-429b01f836b8,58378684,False,bf894b6c-e783-4462-9417-429b01f836b8,2025-01-06,2025-01-11,SOLD,2025-03-12,67.0,0.1,2.33,1.67,0.61
GZKTC4TTTUDA,4.4,2025-03-04,M4A4 | Evil Daimyo (Factory New),6.19,4647fb42-30ad-4e6a-96d2-3458ae7ac1d7,59702969,False,4647fb42-30ad-4e6a-96d2-3458ae7ac1d7,2025-03-07,2025-03-11,SOLD,2025-03-12,7.0,0.1,9.78,4.9,4.4
GAT65LE43905,1.42,2024-12-21,Galil AR | Tuxedo (Factory New),3.17,c3b2f05d-bcb9-4d91-b27c-ec797043e285,57942660,False,c3b2f05d-bcb9-4d91-b27c-ec797043e285,2024-12-22,2024-12-26,SOLD,2025-03-12,81.0,0.1,2.33,1.59,0.68
GA5P5059L8WA,3.85,2025-03-04,StatTrak™ M4A1-S | Emphorosaur-S (Minimal Wear),15.0,cfb0bb7b-0131-47ed-a828-cc996699d213,59702970,False,cfb0bb7b-0131-47ed-a828-cc996699d213,2025-03-07,2025-03-12,SOLD,2025-03-13,8.0,0.1,5.92,4.29,1.48
G8N43XEAELUH,11.04,2025-03-03,SSG 08 | Turbo Peek (Minimal Wear),11.46,900e1eb8-60af-4f7a-8aac-3b7cb8ab9968,59685352,False,900e1eb8-60af-4f7a-8aac-3b7cb8ab9968,2025-03-04,2025-03-11,SOLD,2025-03-13,9.0,0.1,16.7,12.28,3.99
GADDPU7G7X8F,0.14,2024-12-24,Sticker | Apeks (Glitter) | Copenhagen 2024,,,50406175,True,24136374-6c3a-471b-b550-dd2904eeec7e,2024-12-26,,SOLD,2025-03-13,78.0,0.1,0.54,0.17,0.35
GLATFTNN7GC8,5.05,2025-03-05,Winter Offensive Weapon Case,,,223,True,1c9ba607-8d2a-4253-878b-226db77951e9,2025-03-07,,SOLD,2025-03-13,7.0,0.1,7.72,5.62,1.9
GNZD3WT7CLXF,4.08,2025-03-03,StatTrak™ M4A1-S | Emphorosaur-S (Minimal Wear),13.99,5706a5ca-189f-440f-9bd1-b228aa5ffe8d,59685364,False,5706a5ca-189f-440f-9bd1-b228aa5ffe8d,2025-03-04,2025-03-11,SOLD,2025-03-13,9.0,0.1,5.92,4.54,1.25
G232406HEPLR,4.08,2025-03-03,Buckshot | NSWC SEAL,,2160f0cc-5e57-48c1-9f4c-17b39adca1ec,59685350,False,2160f0cc-5e57-48c1-9f4c-17b39adca1ec,2025-03-04,2025-03-11,SOLD,2025-03-13,9.0,0.1,5.44,4.54,0.82
GX53DX88WNGG,2.96,2025-02-28,Sticker | Incineration (Holo),,,7867236,True,a7b9883b-3d85-4d37-8e51-cea297a6b277,2025-03-02,,SOLD,2025-03-13,12.0,0.1,4.63,3.3,1.21
GZ596ELGCLET,3.2,2025-03-10,M4A4 | Turbine (Minimal Wear),11.27,2af6701b-a065-4aec-ac4c-f6209174240e,59735666,False,2af6701b-a065-4aec-ac4c-f6209174240e,2025-03-12,2025-03-12,SOLD,2025-03-13,2.0,0.08,4.15,3.49,0.62
GCG759C76ZRU,0.19,2024-11-30,Sticker | Apeks (Glitter) | Copenhagen 2024,,,50406175,True,23f154f4-33e8-48e9-8fdf-e72bc066d08b,2024-12-05,,SOLD,2025-03-13,102.0,0.08,0.54,0.22,0.31
GTA03U5RESLX,0.19,2024-11-30,Sticker | Apeks (Glitter) | Copenhagen 2024,,,50406175,True,7fc5237f-94dd-4deb-a475-925e0c423dfe,2024-12-05,,SOLD,2025-03-13,102.0,0.08,0.54,0.22,0.31
GEN53S5RWXNC,12.38,2025-03-01,AWP | Atheris (Factory New),6.88,736134a3-1ed3-49ab-8edd-3e95891f2170,59749392,False,736134a3-1ed3-49ab-8edd-3e95891f2170,2025-03-14,,SOLD,2025-03-13,11.0,0.08,16.99,13.47,3.25
GHR95ZEGA0SA,2.17,2025-03-12,Tec-9 | Avalanche (Minimal Wear),9.97,b2ab54ef-4ac9-4574-935a-65be98f0dec4,59749068,False,b2ab54ef-4ac9-4574-935a-65be98f0dec4,2025-03-14,2025-03-19,SOLD,2025-03-13,0.0,0.08,3.68,2.37,1.22
G98NTS0DWUGH,3.33,2025-03-10,Galil AR | Chromatic Aberration (Field-Tested),33.79,729cbf11-098f-4017-b008-278e7605c146,59735663,False,729cbf11-098f-4017-b008-278e7605c146,2025-03-12,2025-03-11,SOLD,2025-03-13,2.0,0.08,4.32,3.63,0.64
G4HGH0RERP20,5.68,2025-03-05,Aspirant | Gendarmerie Nationale,,735452d0-789d-44c3-9d28-13291de7e000,59702980,False,735452d0-789d-44c3-9d28-13291de7e000,2025-03-07,2025-03-12,SOLD,2025-03-13,7.0,0.1,8.36,6.32,1.84
G0WGGF342DN6,3.41,2025-03-10,USP-S | Cortex (Minimal Wear),10.91,11d78819-981e-4225-8509-f5ae4c30e5e6,59735639,False,11d78819-981e-4225-8509-f5ae4c30e5e6,2025-03-12,2025-03-18,SOLD,2025-03-13,2.0,0.08,5.74,3.72,1.87
G8ALACTTXH8E,3.49,2025-03-11,Galil AR | Chromatic Aberration (Field-Tested),31.54,2260f792-137b-41f8-b9ed-ed890d8fa968,59749061,False,2260f792-137b-41f8-b9ed-ed890d8fa968,2025-03-14,,SOLD,2025-03-13,1.0,0.08,4.32,3.8,0.48
G8N3U58RNS93,6.44,2025-03-03,AK-47 | Legion of Anubis (Field-Tested),20.37,46e6ae97-5345-4f46-9bfa-1b05b967223b,59685361,False,46e6ae97-5345-4f46-9bfa-1b05b967223b,2025-03-04,2025-03-11,SOLD,2025-03-13,9.0,0.1,9.06,7.17,1.71
GDRAKC9U973U,3.33,2025-03-10,Sticker | Blue Gem (Glitter),,,41530486,True,4e011f0e-2e79-4769-b93c-9a600823636e,2025-03-12,,SOLD,2025-03-13,2.0,0.08,3.8,3.63,0.17
GSLZLRK7KK5C,0.11,2024-12-30,Sticker | Apeks (Glitter) | Copenhagen 2024,,,50406175,True,f433a2a4-7768-4441-a507-6c783cd6fae1,2025-01-03,,SOLD,2025-03-13,72.0,0.1,0.54,0.13,0.38
GR6RKNW6H94H,10.47,2025-03-10,USP-S | Cortex (Factory New),6.78,577ce5c8-7bfe-42e4-a2b2-d708eb3c8584,59735605,False,577ce5c8-7bfe-42e4-a2b2-d708eb3c8584,2025-03-12,2025-03-17,SOLD,2025-03-14,3.0,0.08,13.72,11.39,2.15
GFXW5DAXRUAP,2.92,2025-03-10,M4A4 | Turbine (Minimal Wear),12.14,8d613523-708e-4342-94df-85eb9261e048,59735664,False,8d613523-708e-4342-94df-85eb9261e048,2025-03-12,2025-03-13,SOLD,2025-03-14,3.0,0.08,4.15,3.18,0.9
G0PCXLPX9S3T,0.54,2025-03-10,Sticker | Vitality (Holo) | Paris 2023,,,45017001,True,e850f302-f9bc-42d9-859e-3bbeb72d712a,2025-03-12,,SOLD,2025-03-14,3.0,0.08,1.08,0.6,0.45
GFFFF203FP8P,0.54,2025-03-10,Sticker | Vitality (Holo) | Paris 2023,,,45017001,True,a0063821-3dfe-4738-8191-77a7aa7974e4,2025-03-12,,SOLD,2025-03-14,3.0,0.08,1.08,0.6,0.45
G6EPGCH8SPTH,4.99,2025-03-10,StatTrak™ Glock-18 | Block-18 (Minimal Wear),10.98,03a91380-0b55-408c-9b6f-1d7f6f3bb4f4,59735616,False,03a91380-0b55-408c-9b6f-1d7f6f3bb4f4,2025-03-12,2025-03-14,SOLD,2025-03-14,3.0,0.08,6.24,5.43,0.75
GETHE6A8N7FP,0.54,2025-03-10,Sticker | Vitality (Holo) | Paris 2023,,,45017001,True,412551b2-3b60-4598-bced-772c677d2d55,2025-03-12,,SOLD,2025-03-14,3.0,0.08,1.17,0.6,0.54
GG8AKHHCFNGE,6.24,2025-03-04,StatTrak™ USP-S | Cortex (Field-Tested),24.33,5fadb6a1-9a3a-4de0-a86e-9dc59418ef88,59702957,False,5fadb6a1-9a3a-4de0-a86e-9dc59418ef88,2025-03-07,2025-03-12,SOLD,2025-03-14,9.0,0.1,7.79,6.94,0.77
GKSK7L724FKW,4.49,2025-03-10,AK-47 | Slate (Field-Tested),27.53,de2d3391-816f-4eab-b785-ed5969a62cc0,59735640,False,de2d3391-816f-4eab-b785-ed5969a62cc0,2025-03-12,2025-03-14,SOLD,2025-03-14,3.0,0.08,5.54,4.89,0.61
GDKHA64N39UP,6.95,2024-12-06,Charm | Die-cast AK,,7aba629c-6e5a-47ec-acb3-9dc2cfde7e2e,57476590,False,7aba629c-6e5a-47ec-acb3-9dc2cfde7e2e,2024-12-11,2024-12-16,SOLD,2025-03-14,97.0,0.08,6.98,7.57,-0.53
GZGHSZ68ET23,6.71,2025-03-04,AK-47 | Legion of Anubis (Field-Tested),23.45,e618362a-828c-4a14-bca7-fcb79ad52e3c,59702972,False,e618362a-828c-4a14-bca7-fcb79ad52e3c,2025-03-07,2025-03-12,SOLD,2025-03-14,9.0,0.1,9.06,7.47,1.44
G6TNKL5X0C60,5.47,2025-03-10,StatTrak™ Desert Eagle | Trigger Discipline (Minimal Wear),9.51,f3edfb4b-c842-44eb-8f2f-8c39ce09afd0,59735695,False,f3edfb4b-c842-44eb-8f2f-8c39ce09afd0,2025-03-12,2025-03-18,SOLD,2025-03-14,3.0,0.08,9.42,5.96,3.2
GDKZTFF75U62,8.42,2025-03-03,USP-S | Blueprint (Minimal Wear),14.84,c3f64063-6e76-4979-a288-c44e2eaf9064,59685354,False,c3f64063-6e76-4979-a288-c44e2eaf9064,2025-03-04,2025-03-11,SOLD,2025-03-14,10.0,0.1,12.3,9.37,2.65
GDPNLH6SCS7R,7.96,2025-03-03,Sous-Lieutenant Medic | Gendarmerie Nationale,,5ec757c1-cfde-4294-a7d3-ba7c16831dc6,59685362,False,5ec757c1-cfde-4294-a7d3-ba7c16831dc6,2025-03-04,2025-03-11,SOLD,2025-03-14,10.0,0.1,10.21,8.86,1.23
GGGCDXE8HRT0,4.08,2025-03-03,Buckshot | NSWC SEAL,,6d1c4731-f053-4657-8f88-f13d475bad70,59685369,False,6d1c4731-f053-4657-8f88-f13d475bad70,2025-03-04,2025-03-11,SOLD,2025-03-14,10.0,0.1,5.44,4.54,0.82
GDW5764CXFKZ,3.19,2025-03-10,Galil AR | Stone Cold (Minimal Wear),14.74,f442f589-e28c-480b-b867-9ef33e6eeb26,59735671,False,f442f589-e28c-480b-b867-9ef33e6eeb26,2025-03-12,,SOLD,2025-03-14,3.0,0.08,3.89,3.48,0.39
GAD8A09TEWGS,0.46,2025-03-10,Sticker | Vitality (Holo) | Paris 2023,,,45017001,True,b27a902c-5a23-451d-8d0d-0495b99fa39c,2025-03-12,,SOLD,2025-03-14,3.0,0.08,1.02,0.51,0.48
GDED5Z422HDT,12.84,2025-03-05,AK-47 | Blue Laminate (Minimal Wear),7.39,cd7d9333-ec6f-4bb0-acc3-60b938e6a4ce,59702982,False,cd7d9333-ec6f-4bb0-acc3-60b938e6a4ce,2025-03-07,,SOLD,2025-03-15,9.0,0.1,15.98,14.28,1.54
G5CGDNFG9G0L,14.81,2025-03-02,"Music Kit | Knock2, dashstar*",,,41605242,True,d2840f79-61dd-4990-9697-bccdf187e5f7,2025-03-14,,SOLD,2025-03-15,12.0,0.08,16.5,16.11,0.37
GFZDCTXDE487,3.68,2025-03-10,MP9 | Starlight Protector (Field-Tested),34.58,66f7ebc8-aeea-4735-b010-a791c7b930d4,59735645,False,66f7ebc8-aeea-4735-b010-a791c7b930d4,2025-03-12,2025-03-12,SOLD,2025-03-15,4.0,0.08,4.55,4.01,0.51
GPTGH3E76HA4,70.32,2025-03-07,AWP | Asiimov (Battle-Scarred),53.6,f1fef504-b971-44a9-963e-496abad10ebe,59749189,False,f1fef504-b971-44a9-963e-496abad10ebe,2025-03-14,2025-03-14,SOLD,2025-03-15,7.0,0.08,81.76,76.45,4.9
G5UPE2DCUPLG,0.79,2025-01-15,SSG 08 | Acid Fade (Factory New),2.25,47535fa0-a419-4a16-bac3-c08e7eb7aedf,58937771,False,47535fa0-a419-4a16-bac3-c08e7eb7aedf,2025-01-21,2025-01-23,SOLD,2025-03-15,58.0,0.1,1.57,0.89,0.62
GLWHRGP04W5P,3.67,2025-03-03,StatTrak™ M4A1-S | Emphorosaur-S (Minimal Wear),7.2,b93e2f7c-1f80-4177-9870-6699f7b2ef63,59685327,False,b93e2f7c-1f80-4177-9870-6699f7b2ef63,2025-03-04,2025-03-10,SOLD,2025-03-15,11.0,0.1,5.92,4.09,1.66
GTD5GGX5WHUP,13.27,2025-02-27,"Music Kit | Knock2, dashstar*",,,41605242,True,9a6920b5-5eff-44ae-a769-c749063be36d,2025-03-14,,SOLD,2025-03-15,15.0,0.08,16.5,14.43,1.91
GU4UCF6TZ29P,5.76,2025-03-10,MAC-10 | Disco Tech (Minimal Wear),11.71,1d59102f-d5b4-43eb-9171-a59c6b7eadfb,59735633,False,1d59102f-d5b4-43eb-9171-a59c6b7eadfb,2025-03-12,2025-03-15,SOLD,2025-03-15,4.0,0.08,8.14,6.27,1.73
G6K0H2T8E9PX,0.82,2025-01-09,SSG 08 | Acid Fade (Factory New),2.71,5db2a490-473e-4ca4-b16a-4b5fcc0d0585,58672636,False,5db2a490-473e-4ca4-b16a-4b5fcc0d0585,2025-01-16,,SOLD,2025-03-15,64.0,0.08,1.57,0.9,0.62
G559SH94GPDE,3.09,2025-03-10,StatTrak™ Glock-18 | Umbral Rabbit (Minimal Wear),8.77,d219f312-8121-48d0-8dee-77e0a6d43ee4,59735672,False,d219f312-8121-48d0-8dee-77e0a6d43ee4,2025-03-12,2025-03-15,SOLD,2025-03-15,4.0,0.08,3.8,3.37,0.41
G0LG5PFSSG3K,6.01,2025-03-13,AK-47 | Phantom Disruptor (Minimal Wear),14.01,ddcde754-3435-490f-8a86-38ec2e531207,59891332,False,ddcde754-3435-490f-8a86-38ec2e531207,2025-03-16,2025-03-21,SOLD,2025-03-16,2.0,0.08,7.21,6.54,0.62
GC5ANDGC4403,6.06,2025-03-13,AK-47 | Phantom Disruptor (Minimal Wear),14.66,a0744b6f-286f-4efb-a1bb-982a9ceffcef,59891333,False,a0744b6f-286f-4efb-a1bb-982a9ceffcef,2025-03-16,2025-03-19,SOLD,2025-03-16,2.0,0.08,7.21,6.6,0.57
GU3Z0RUNHE97,2.53,2025-03-10,XM1014 | Black Tie (Factory New),3.53,a62f1077-0c18-42fd-8db6-7c10b4b7373a,59735673,False,a62f1077-0c18-42fd-8db6-7c10b4b7373a,2025-03-12,2025-03-14,SOLD,2025-03-16,5.0,0.08,3.69,2.76,0.86
G9S45LZX6362,0.29,2025-03-14,Shanghai 2024 Legends Autograph Capsule,,,57328788,True,1d3b6dcb-dc6c-4abc-96bf-cc3203f62235,2025-03-16,,SOLD,2025-03-16,1.0,0.08,0.45,0.33,0.12
GUZGXFWNT0DU,1.2,2024-12-30,Shanghai 2024 Legends Sticker Capsule,,,57328786,True,eb639473-9970-402d-b214-a620f326378b,2025-03-17,,SOLD,2025-03-16,75.0,0.08,0.28,1.32,-0.94
GE0A7NS5AD0L,4.86,2025-03-14,Glock-18 | Nuclear Garden (Factory New),4.39,aa9b272e-3288-4617-9058-0a97aab73f53,59891346,False,aa9b272e-3288-4617-9058-0a97aab73f53,2025-03-16,2025-03-16,SOLD,2025-03-16,1.0,0.08,8.11,5.29,2.6
GG4K3HLL3L8A,1.2,2024-12-30,Shanghai 2024 Legends Sticker Capsule,,,57328786,True,75dfffc1-f1a7-4df3-8523-ee708caa934e,2025-03-17,,SOLD,2025-03-16,75.0,0.08,0.28,1.32,-0.94
GTA2CFHFL8X7,0.29,2025-03-14,Shanghai 2024 Legends Autograph Capsule,,,57328788,True,7442708e-8eb6-4611-97fb-848083a5e2ae,2025-03-16,,SOLD,2025-03-16,1.0,0.08,0.45,0.33,0.12
G8FH9024WDG7,0.29,2025-03-14,Shanghai 2024 Legends Autograph Capsule,,,57328788,True,a2f98a01-67d7-4655-a1df-1a024ca1bec0,2025-03-16,,SOLD,2025-03-16,1.0,0.08,0.45,0.33,0.12
GAFD3W34SUWZ,0.3,2025-01-24,Shanghai 2024 Legends Sticker Capsule,,,57328786,True,66b11353-2916-401e-99a7-1d7b090637d5,2025-03-17,,SOLD,2025-03-16,50.0,0.08,0.28,0.34,-0.04
GGPXTK6UK2HC,3.69,2025-02-27,FAMAS | ZX Spectron (Minimal Wear),13.63,2d196fe1-64b9-4929-a9e2-5c26ddef2bf0,59895799,False,2d196fe1-64b9-4929-a9e2-5c26ddef2bf0,2025-03-17,,SOLD,2025-03-16,16.0,0.08,6.72,4.02,2.49
GHD797L3A5S7,0.59,2025-03-11,Charm | Lil' Crass,,cea4afa9-1f11-4bab-8912-198b8d2738ea,59749064,False,cea4afa9-1f11-4bab-8912-198b8d2738ea,2025-03-14,2025-03-13,SOLD,2025-03-16,4.0,0.08,0.75,0.65,0.1
G959TS64S69D,0.55,2025-03-11,Five-SeveN | Silver Quartz (Factory New),5.87,21c749b6-ce6a-49b5-b483-7d7c015f28b1,59749063,False,21c749b6-ce6a-49b5-b483-7d7c015f28b1,2025-03-14,2025-03-18,SOLD,2025-03-16,4.0,0.08,0.76,0.61,0.15
G7U2W8LE4SUF,1.2,2024-12-30,Shanghai 2024 Legends Sticker Capsule,,,57328786,True,2184ebc2-a3e6-433a-98d3-8f9fd12c5271,2025-03-17,,SOLD,2025-03-16,75.0,0.08,0.28,1.32,-0.94
GG5E4724ER20,1.2,2024-12-30,Shanghai 2024 Legends Sticker Capsule,,,57328786,True,2ea429ee-c3ef-4cfa-b311-5b2451bfddd8,2025-03-17,,SOLD,2025-03-16,75.0,0.08,0.28,1.32,-0.94
GN5SDR3ZSES3,1.3,2024-11-14,Sticker | Baby Howl,,,41548385,True,8fb4a035-081d-4c4b-825a-dcda27cd67c0,2024-11-15,,SOLD,2025-03-16,121.0,0.08,1.51,1.42,0.09
GXFE29SGS8KR,0.3,2025-01-24,Shanghai 2024 Legends Sticker Capsule,,,57328786,True,638fb80e-1c4b-488a-8e65-72a1eacaa261,2025-03-17,,SOLD,2025-03-16,50.0,0.08,0.28,0.34,-0.04
GDWDSAPZ9WF2,5.0,2025-03-10,AK-47 | Crossfade (Factory New),5.24,66e10346-bfbf-4171-9574-522c5ec1d7d2,59735635,False,66e10346-bfbf-4171-9574-522c5ec1d7d2,2025-03-12,2025-03-16,SOLD,2025-03-16,5.0,0.08,6.37,5.45,0.86
G27UXTRL9FZU,2.99,2025-03-10,Galil AR | Chromatic Aberration (Field-Tested),26.96,f103fdf3-1c17-4086-8b51-ac410817490d,59735662,False,f103fdf3-1c17-4086-8b51-ac410817490d,2025-03-12,2025-03-15,SOLD,2025-03-16,5.0,0.08,4.32,3.26,0.98
GS6X20HSG3NW,0.3,2025-01-24,Shanghai 2024 Legends Sticker Capsule,,,57328786,True,8e8dcb31-f845-45ee-bf89-3a811141e80e,2025-03-17,,SOLD,2025-03-16,50.0,0.08,0.28,0.34,-0.04
GE50WRN8H5A3,0.3,2025-01-24,Shanghai 2024 Legends Sticker Capsule,,,57328786,True,46f8d2c0-7bdf-4159-95c5-640f69f02202,2025-03-17,,SOLD,2025-03-16,50.0,0.08,0.28,0.34,-0.04
GT5A907NEN8S,0.3,2025-01-24,Shanghai 2024 Legends Sticker Capsule,,,57328786,True,72cb0209-4c61-4957-bafb-ce8fdea706e2,2025-03-17,,SOLD,2025-03-16,50.0,0.08,0.28,0.34,-0.04
GRFWU98RWC2U,0.3,2025-01-24,Shanghai 2024 Legends Sticker Capsule,,,57328786,True,07904063-2b37-4cc9-9aba-2cf6a0ee7b67,2025-03-17,,SOLD,2025-03-16,50.0,0.08,0.28,0.34,-0.04
GDPUWZZF395R,0.3,2025-01-24,Shanghai 2024 Legends Sticker Capsule,,,57328786,True,9de8512b-63e2-432c-ac1d-a421a1ac0bc4,2025-03-17,,SOLD,2025-03-16,50.0,0.08,0.28,0.34,-0.04
GPX92T6EX0NK,0.3,2025-01-24,Shanghai 2024 Legends Sticker Capsule,,,57328786,True,9343ed0c-b3fa-4071-ad81-921cef16d8a5,2025-03-17,,SOLD,2025-03-16,50.0,0.08,0.28,0.34,-0.04
G2PRREZEAHCE,2.66,2025-03-15,MP9 | Food Chain (Field-Tested),27.45,53c73ed1-7ebf-440e-bec4-1f07142be88d,59894096,False,53c73ed1-7ebf-440e-bec4-1f07142be88d,2025-03-17,2025-03-23,SOLD,2025-03-16,0.0,0.08,3.13,2.9,0.22
GDCNFUU60D4K,0.3,2025-01-24,Shanghai 2024 Legends Sticker Capsule,,,57328786,True,2cb4df20-c784-4350-9985-01de7e8dc8bb,2025-03-17,,SOLD,2025-03-16,50.0,0.08,0.28,0.34,-0.04
GUF9XW678URC,3.33,2025-03-10,Sticker | Blue Gem (Glitter),,,41530486,True,4918aaa3-9eca-4c95-99c6-8fd63697adb5,2025-03-12,,SOLD,2025-03-16,5.0,0.08,3.8,3.63,0.17
GH4PU4ZSKDUW,0.3,2025-01-24,Shanghai 2024 Legends Sticker Capsule,,,57328786,True,ef2bbb84-f9f9-4dae-afcd-5e9905a212ef,2025-03-17,,SOLD,2025-03-16,50.0,0.08,0.28,0.34,-0.04
G822KZL662TN,3.18,2025-03-10,Galil AR | Stone Cold (Minimal Wear),12.2,16288423-d89f-493f-8266-a1e2e58fe7ce,59735670,False,16288423-d89f-493f-8266-a1e2e58fe7ce,2025-03-12,,SOLD,2025-03-16,5.0,0.08,3.89,3.47,0.4
GFPUGNHRFE7L,0.3,2025-01-24,Shanghai 2024 Legends Sticker Capsule,,,57328786,True,01a763f7-b10b-46b6-86a4-753a146a2ec0,2025-03-17,,SOLD,2025-03-16,50.0,0.08,0.28,0.34,-0.04
G80FTEU5AFFL,0.65,2024-12-24,Sticker | Cloud9 (Glitter) | Copenhagen 2024,,,50406212,True,0ab8de00-b5ef-4b5b-9ae0-3227d6a52873,2025-03-17,,SOLD,2025-03-17,82.0,0.08,0.95,0.72,0.22
GPDFRKRXE0R3,5.52,2025-03-10,Ground Rebel  | Elite Crew,,7bf974d6-3d60-4243-9247-fe6cad3e1ed4,59735634,False,7bf974d6-3d60-4243-9247-fe6cad3e1ed4,2025-03-12,2025-03-17,SOLD,2025-03-17,6.0,0.08,7.04,6.01,0.96
G6NRU2SCXTZR,0.57,2024-12-22,Sticker | Cloud9 (Glitter) | Copenhagen 2024,,,50406212,True,c0a27385-4f65-4924-be19-feb3699c1add,2025-03-17,,SOLD,2025-03-17,84.0,0.08,0.95,0.63,0.3
GD4SXHENTNDP,0.82,2025-01-27,Desert Eagle | Heat Treated (Well-Worn),40.84,f22e4af6-ef39-414a-aaaa-bcdf0e520bcc,59895876,False,f22e4af6-ef39-414a-aaaa-bcdf0e520bcc,2025-03-17,,SOLD,2025-03-17,48.0,0.08,1.18,0.9,0.27
GN94SA36F3U3,0.79,2025-01-11,SSG 08 | Acid Fade (Factory New),1.23,2f3578e8-aab4-4f45-a187-b4dcae583101,58672624,False,2f3578e8-aab4-4f45-a187-b4dcae583101,2025-01-16,2025-01-17,SOLD,2025-03-17,64.0,0.08,1.57,0.87,0.65
GS6N3NP57A95,0.68,2024-12-13,Sticker | Cloud9 (Glitter) | Copenhagen 2024,,,50406212,True,ead52d25-d767-4bc0-843a-6773c9d77e01,2025-03-17,,SOLD,2025-03-17,93.0,0.08,0.95,0.75,0.19
GR97S4Z0EADX,0.48,2024-12-06,Sticker | Lynn Vision (Glitter) | Copenhagen 2024,,,51402017,True,6cb04e50-8bbb-4dec-87d7-3a2ea0124b70,2025-03-17,,SOLD,2025-03-17,100.0,0.08,0.54,0.53,0.02
GWX7EW93AN0F,1.05,2024-12-13,Sticker | Cloud9 (Glitter) | Copenhagen 2024,,,50406212,True,aa251e95-6630-4ac6-83a7-2d2452c8f6fa,2025-03-17,,SOLD,2025-03-17,93.0,0.08,0.95,1.15,-0.18
G2XXWP5R9E6H,6.81,2025-03-04,Aces High Pin,,,870734,True,d8ae495f-0018-4f55-9c29-3cd332db1444,2025-03-17,,SOLD,2025-03-17,12.0,0.08,9.34,7.41,1.78
GR0UK2D8NARC,0.62,2025-01-25,Sticker | Cloud9 (Glitter) | Copenhagen 2024,,,50406212,True,9210e907-687a-41f7-9c9a-6477d44315f6,2025-03-17,,SOLD,2025-03-17,50.0,0.08,0.95,0.68,0.25
G06X4HS76FKU,15.23,2025-03-12,Safecracker Voltzmann | The Professionals,,5c95c1b8-8504-4475-b248-5332c9e5019e,59749120,False,5c95c1b8-8504-4475-b248-5332c9e5019e,2025-03-14,2025-03-20,SOLD,2025-03-17,4.0,0.08,17.98,16.57,1.31
GKPE63UXG2CN,2.89,2025-03-10,Galil AR | Stone Cold (Minimal Wear),14.56,bdfc4360-ca77-4ca7-b80f-5c0d2567ab33,59735669,False,bdfc4360-ca77-4ca7-b80f-5c0d2567ab33,2025-03-12,2025-03-15,SOLD,2025-03-17,6.0,0.08,3.89,3.15,0.69
GGCWZS008Z7H,6.4,2025-03-15,Operator | FBI SWAT,,87319443-7d5a-4107-8167-58bd334af24c,59891359,False,87319443-7d5a-4107-8167-58bd334af24c,2025-03-16,2025-03-23,SOLD,2025-03-17,1.0,0.08,7.43,6.97,0.44
G4L247D82678,2.66,2025-03-15,USP-S | Cortex (Field-Tested),19.79,6168163a-710d-4727-aead-90c968ebb825,59891378,False,6168163a-710d-4727-aead-90c968ebb825,2025-03-16,2025-03-23,SOLD,2025-03-17,1.0,0.08,4.08,2.9,1.09
GN788NHGEZ5L,33.38,2025-03-11,AK-47 | Neon Revolution (Minimal Wear),9.53,8a58af89-e1ec-4e97-83ed-8c79b5c965e5,59749305,False,8a58af89-e1ec-4e97-83ed-8c79b5c965e5,2025-03-14,2025-03-18,SOLD,2025-03-17,5.0,0.08,37.6,36.29,1.21
G2TUCTNNKPN6,33.11,2025-02-21,AK-47 | The Outsiders (Minimal Wear),7.5,68ed40ed-5b55-4460-9937-944bf4d43953,59749313,False,68ed40ed-5b55-4460-9937-944bf4d43953,2025-03-14,,SOLD,2025-03-18,24.0,0.08,36.13,36.0,0.13
GLSKLXNKD59T,16.95,2025-03-13,AK-47 | Nightwish (Minimal Wear),8.22,1ce412e1-3319-4711-93a8-6d2833125b5f,59891330,False,1ce412e1-3319-4711-93a8-6d2833125b5f,2025-03-16,2025-03-21,SOLD,2025-03-18,4.0,0.08,20.45,18.43,1.86
GDT3UPWS45RE,11.24,2025-03-10,StatTrak™ USP-S | Black Lotus (Minimal Wear),11.03,06d4da41-4970-4349-91fe-bd200a5d8ce5,59735614,False,06d4da41-4970-4349-91fe-bd200a5d8ce5,2025-03-12,2025-03-17,SOLD,2025-03-18,7.0,0.08,15.03,12.23,2.59
GC0AP07RGC0R,6.42,2025-03-02,Sticker | Lotus (Glitter),,,48957895,True,3862f536-fa53-41c0-8c99-ee1f87bcb24f,2025-03-17,,SOLD,2025-03-18,15.0,0.08,8.68,6.99,1.57
GWH3E3P558UF,13.95,2025-03-10,Officer Jacques Beltram | Gendarmerie Nationale,,1e885c24-35e8-4290-9f07-d599ea50f0f3,59735675,False,1e885c24-35e8-4290-9f07-d599ea50f0f3,2025-03-12,2025-03-14,SOLD,2025-03-18,7.0,0.08,17.18,15.17,1.86
G7L28HKS2CFK,2.24,2025-03-14,USP-S | Cortex (Field-Tested),21.92,c50a641c-e118-4bb2-afa3-b7e11784cf92,59891344,False,c50a641c-e118-4bb2-afa3-b7e11784cf92,2025-03-16,2025-03-22,SOLD,2025-03-18,3.0,0.08,4.08,2.45,1.51
G99XTT88H0H2,12.68,2025-03-14,AWP | Atheris (Factory New),7.0,3e16fdff-300f-429f-8499-9c0a44c0baf9,59891341,False,3e16fdff-300f-429f-8499-9c0a44c0baf9,2025-03-16,2025-03-22,SOLD,2025-03-18,3.0,0.08,17.32,13.79,3.25
GAG2AP82SZN4,3.7,2025-01-25,Desert Eagle | Heat Treated (Minimal Wear),10.46,883d7eb5-8874-4e14-9b2f-3d2a446c352f,59895873,False,883d7eb5-8874-4e14-9b2f-3d2a446c352f,2025-03-17,,SOLD,2025-03-18,51.0,0.08,5.16,4.03,1.05
GWGP9UP3CR7W,0.89,2025-03-15,AK-47 | Elite Build (Well-Worn),42.11,8b7265b4-cc4d-47a5-9205-6f2b148816de,59894269,False,8b7265b4-cc4d-47a5-9205-6f2b148816de,2025-03-17,2025-03-17,SOLD,2025-03-18,2.0,0.08,1.1,0.98,0.12
GHLNRDNUU0Z4,0.77,2024-12-30,Sticker | Fluxo (Holo) | Paris 2023,,,45155974,True,45cc117d-ef37-4ec6-b307-18edef442a8e,2025-03-17,,SOLD,2025-03-18,77.0,0.08,1.32,0.85,0.44
GZTTS4DP3ST3,1.19,2025-03-10,MAC-10 | Pipsqueak (Minimal Wear),10.06,0a16c47b-22f2-42be-9c45-ed8a329998ec,59735684,False,0a16c47b-22f2-42be-9c45-ed8a329998ec,2025-03-12,2025-03-18,SOLD,2025-03-18,7.0,0.08,2.37,1.3,0.99
G6G0PC3E59G7,2.14,2025-03-10,StatTrak™ Glock-18 | Umbral Rabbit (Minimal Wear),14.01,b83f2233-6b83-4679-9d53-ce5ca997cdfd,59735679,False,b83f2233-6b83-4679-9d53-ce5ca997cdfd,2025-03-12,2025-03-18,SOLD,2025-03-18,7.0,0.08,3.8,2.34,1.36
G87FN0XDLACP,4.49,2025-01-25,AK-47 | Crossfade (Factory New),4.43,99dd246c-c060-4a4c-8922-3f8ce13558c1,59895847,False,99dd246c-c060-4a4c-8922-3f8ce13558c1,2025-03-17,,SOLD,2025-03-18,51.0,0.08,7.28,4.89,2.21
G2DS3L32NDGK,2.78,2025-03-10,Galil AR | Chromatic Aberration (Field-Tested),30.52,f2058fcb-fc2b-483b-8fe6-f318a93f2e55,59735676,False,f2058fcb-fc2b-483b-8fe6-f318a93f2e55,2025-03-12,2025-03-17,SOLD,2025-03-19,8.0,0.08,4.32,3.03,1.19
G8ZH8USPH0WU,0.91,2025-03-16,MAC-10 | Pipsqueak (Field-Tested),24.09,3da6238a-0764-4356-a0b9-bca6cb3dbae2,59894136,False,3da6238a-0764-4356-a0b9-bca6cb3dbae2,2025-03-17,2025-03-19,SOLD,2025-03-19,2.0,0.08,1.4,1.0,0.38
G5ENRE82LPLS,12.91,2025-03-10,AK-47 | The Outsiders (Field-Tested),26.94,fb07095c-b4b3-4d55-b430-5a11aad8b6d3,59735617,False,fb07095c-b4b3-4d55-b430-5a11aad8b6d3,2025-03-12,2025-03-18,SOLD,2025-03-19,8.0,0.08,15.92,14.04,1.74
G4C88GEHP5T2,2.48,2025-03-12,USP-S | Alpine Camo (Minimal Wear),12.9,39552492-4ca5-42ec-b810-1ee96cb4c3b6,59749119,False,39552492-4ca5-42ec-b810-1ee96cb4c3b6,2025-03-14,2025-03-19,SOLD,2025-03-19,6.0,0.08,3.32,2.71,0.57
G3UPS3S276AZ,2.59,2025-03-12,Sticker | Gold Web (Foil),,,7177483,True,5ff18aeb-d7cf-4e90-9327-96f5db3d967d,2025-03-14,,SOLD,2025-03-19,6.0,0.08,3.07,2.83,0.23
GH6TFTX7GW63,20.27,2025-03-11,Little Kev | The Professionals,,eee875e0-99ea-468d-9292-8258a9ae9ff3,59735692,False,eee875e0-99ea-468d-9292-8258a9ae9ff3,2025-03-12,2025-03-18,SOLD,2025-03-19,7.0,0.08,23.04,22.04,0.93
GXNPZXDEERTA,5.0,2025-03-11,M4A4 | Desolate Space (Field-Tested),25.2,97ad25cf-f7c7-4edf-add6-cb58f5a7d5fa,59749066,False,97ad25cf-f7c7-4edf-add6-cb58f5a7d5fa,2025-03-14,2025-03-19,SOLD,2025-03-19,7.0,0.08,9.59,5.45,3.82
GGL9EX3RWUC6,0.46,2025-03-18,Charm | Big Kev,,15725223-7bf8-4dfa-84dd-931141221178,59918869,False,15725223-7bf8-4dfa-84dd-931141221178,2025-03-20,2025-03-26,SOLD,2025-03-19,0.0,0.09,0.67,0.52,0.15
G7TU92RX328G,14.58,2025-03-12,M4A1-S | Black Lotus (Minimal Wear),13.55,895077cc-4d18-4614-84b2-2a1068553438,59749121,False,895077cc-4d18-4614-84b2-2a1068553438,2025-03-14,2025-03-19,SOLD,2025-03-19,6.0,0.08,16.38,15.86,0.49
GUG090K9CXNS,3.28,2025-03-11,"Music Kit | Denzel Curry, ULTIMATE",,,43449561,True,65465a59-3ded-4ea7-904c-3fb02ff75387,2025-03-12,,SOLD,2025-03-19,7.0,0.08,5.61,3.58,1.88
G6GLT6HA3567,1.99,2025-03-12,USP-S | Alpine Camo (Field-Tested),30.35,e5437847-a869-4d16-b05d-77ab116c7a26,59749082,False,e5437847-a869-4d16-b05d-77ab116c7a26,2025-03-14,2025-03-14,SOLD,2025-03-19,6.0,0.08,2.59,2.17,0.39
GU0458NSDCPW,0.48,2024-12-06,Sticker | Lynn Vision (Glitter) | Copenhagen 2024,,,51402017,True,f153f0ff-ded7-49c9-ad1c-6b9589a1e309,2025-03-17,,SOLD,2025-03-19,102.0,0.08,0.54,0.53,0.02
GECKCF6T795P,6.69,2025-03-10,Operator | FBI SWAT,,2b00e663-6800-4571-95b9-a8b68e595998,59735629,False,2b00e663-6800-4571-95b9-a8b68e595998,2025-03-12,2025-03-17,SOLD,2025-03-19,8.0,0.08,8.38,7.28,1.02
GCU5S3XEN024,9.5,2025-03-16,M4A1-S | Black Lotus (Field-Tested),28.61,176f7d61-e1aa-4ad3-80c4-8efaafcd90b5,59894138,False,176f7d61-e1aa-4ad3-80c4-8efaafcd90b5,2025-03-17,2025-03-23,SOLD,2025-03-19,2.0,0.08,11.11,10.34,0.72
GL50TXLTUHR5,14.58,2025-03-11,M4A1-S | Black Lotus (Minimal Wear),14.66,0145ac7e-3e1c-4a94-adb9-6c60d8b4376d,59749057,False,0145ac7e-3e1c-4a94-adb9-6c60d8b4376d,2025-03-14,2025-03-19,SOLD,2025-03-19,7.0,0.08,16.38,15.86,0.49
GRNN6FT4ACTP,3.68,2025-03-11,StatTrak™ M4A1-S | Night Terror (Minimal Wear),11.9,322d8370-2a2b-45a9-83fa-65ad55cd7abe,59749058,False,322d8370-2a2b-45a9-83fa-65ad55cd7abe,2025-03-14,2025-03-19,SOLD,2025-03-19,7.0,0.08,5.95,4.01,1.79
G2DFDECAFW9F,14.58,2025-03-12,M4A1-S | Black Lotus (Minimal Wear),12.21,2d1abaeb-4b68-4fd2-b1e0-700eea0a493a,59749123,False,2d1abaeb-4b68-4fd2-b1e0-700eea0a493a,2025-03-14,2025-03-19,SOLD,2025-03-19,6.0,0.08,16.38,15.86,0.49
GHCP40N7HEAU,9.38,2025-03-15,M4A1-S | Black Lotus (Field-Tested),27.62,7a3e0ae3-c9cf-4063-a082-334a448c74a4,59891360,False,7a3e0ae3-c9cf-4063-a082-334a448c74a4,2025-03-16,2025-03-23,SOLD,2025-03-19,3.0,0.08,11.11,10.21,0.84
GZATHDWRU47Z,14.58,2025-03-12,M4A1-S | Black Lotus (Minimal Wear),14.56,db7ab388-ad68-4d22-85ac-64a5de95ab21,59749122,False,db7ab388-ad68-4d22-85ac-64a5de95ab21,2025-03-14,2025-03-19,SOLD,2025-03-19,6.0,0.08,16.38,15.86,0.49
GWXPEUFPXLAX,7.84,2025-02-19,eSports 2014 Summer Case,,,4300,True,17e9016d-b5da-4e1d-ae75-5104da8dfdfe,2025-03-17,,SOLD,2025-03-19,27.0,0.08,10.98,8.53,2.26
GAAWRX54G26U,3.53,2025-03-10,MP9 | Starlight Protector (Field-Tested),24.78,d6a89cef-37d5-499d-8b77-7a9989782112,59735690,False,d6a89cef-37d5-499d-8b77-7a9989782112,2025-03-12,2025-03-18,SOLD,2025-03-20,9.0,0.08,4.55,3.85,0.66
G0P37XT9T0DT,45.85,2025-03-11,Number K | The Professionals,,c10207d4-d8f0-42f9-ac91-50ca3bba5f27,59735698,False,c10207d4-d8f0-42f9-ac91-50ca3bba5f27,2025-03-12,2025-03-18,SOLD,2025-03-20,8.0,0.08,57.41,49.85,6.97
GASFXN3KCF7F,0.29,2025-03-14,Shanghai 2024 Legends Autograph Capsule,,,57328788,True,ec4359b4-634f-4317-8c70-9ca8fd44bb77,2025-03-16,,SOLD,2025-03-20,5.0,0.08,0.45,0.33,0.12
G7URW4K0DGC7,0.29,2025-03-14,Shanghai 2024 Legends Autograph Capsule,,,57328788,True,038c7092-0162-43fd-b4a4-23bbdece5335,2025-03-16,,SOLD,2025-03-20,5.0,0.08,0.45,0.33,0.12
GDKWSCF9A79N,0.81,2025-03-20,USP-S | Ticket to Hell (Minimal Wear),9.95,69cc7c39-782f-4175-bd57-ad074e995e88,59929953,False,69cc7c39-782f-4175-bd57-ad074e995e88,2025-03-21,2025-03-27,SOLD,2025-03-20,0.0,0.09,1.28,0.9,0.35
G0UW8KS735U8,3.68,2025-03-10,MP9 | Starlight Protector (Field-Tested),28.05,1f0f05d0-772c-47be-a21d-c44ef2c2ed3b,59735691,False,1f0f05d0-772c-47be-a21d-c44ef2c2ed3b,2025-03-12,2025-03-18,SOLD,2025-03-20,9.0,0.08,4.55,4.01,0.51
GSS4F6EWU375,0.89,2025-01-24,Sticker | Cloud9 (Glitter) | Antwerp 2022,,,39961852,True,923fa82d-0c97-442c-9bce-fdef7efc6540,2025-03-17,,SOLD,2025-03-20,54.0,0.08,0.55,0.98,-0.38
GU4P4WUL62XX,2.76,2025-03-15,M4A1-S | Emphorosaur-S (Factory New),6.85,e249d399-0a40-4d55-8558-f9587acfb634,59891356,False,e249d399-0a40-4d55-8558-f9587acfb634,2025-03-16,2025-03-22,SOLD,2025-03-20,4.0,0.08,3.43,3.01,0.4
GXP4F9D5Z6L6,1.5,2025-03-10,USP-S | Alpine Camo (Field-Tested),28.98,359d3155-9684-4896-bd5b-501e3b184dcc,59735693,False,359d3155-9684-4896-bd5b-501e3b184dcc,2025-03-12,2025-03-18,SOLD,2025-03-20,9.0,0.08,2.59,1.64,0.88
GGPWR9480380,14.58,2025-03-11,M4A1-S | Black Lotus (Minimal Wear),14.68,a38056bc-d792-45bf-8d70-ea73f4d0b582,59749065,False,a38056bc-d792-45bf-8d70-ea73f4d0b582,2025-03-14,2025-03-19,SOLD,2025-03-20,8.0,0.08,16.38,15.86,0.49
GCAHRRXSKP8E,0.29,2025-03-14,Shanghai 2024 Legends Autograph Capsule,,,57328788,True,178431f0-1391-43c7-82e8-e09823e84f93,2025-03-16,,SOLD,2025-03-20,5.0,0.08,0.45,0.33,0.12
G449AF05AW2D,0.29,2025-03-14,Shanghai 2024 Legends Autograph Capsule,,,57328788,True,8bd4d82c-fb1b-4585-a638-0b6cb32ede19,2025-03-16,,SOLD,2025-03-20,5.0,0.08,0.45,0.33,0.12
GRFX3SUWNKK3,0.29,2025-03-14,Shanghai 2024 Legends Autograph Capsule,,,57328788,True,b2b61069-8e5a-4208-af6e-06f6d71ec818,2025-03-16,,SOLD,2025-03-20,5.0,0.08,0.45,0.33,0.12
GPUTTS9GLEP2,0.29,2025-03-14,Shanghai 2024 Legends Autograph Capsule,,,57328788,True,d684344a-e32f-47d5-a8b2-bf457813e9a6,2025-03-16,,SOLD,2025-03-20,5.0,0.08,0.45,0.33,0.12
G53N03TLKTFA,0.29,2025-03-14,Shanghai 2024 Legends Autograph Capsule,,,57328788,True,ee18c476-4991-46cc-abf5-ca5885faaee6,2025-03-16,,SOLD,2025-03-20,5.0,0.08,0.45,0.33,0.12
GW4GSL94ZF0L,0.62,2025-01-25,Sticker | Cloud9 (Glitter) | Copenhagen 2024,,,50406212,True,c46a4c33-2f8e-420b-8114-74f3f4c707fb,2025-03-17,,SOLD,2025-03-20,53.0,0.08,0.95,0.68,0.25
GPWLRWRKCGWN,0.62,2025-01-25,Sticker | Cloud9 (Glitter) | Copenhagen 2024,,,50406212,True,518f95a6-c92e-43ce-a9a0-cf7dc401a3c6,2025-03-17,,SOLD,2025-03-20,53.0,0.08,0.95,0.68,0.25
GSD0PHGZPSEA,2.79,2025-03-10,Galil AR | Chromatic Aberration (Field-Tested),33.66,972c17b7-5fce-4ee8-bcd7-20f47a385708,59735661,False,972c17b7-5fce-4ee8-bcd7-20f47a385708,2025-03-12,2025-03-16,SOLD,2025-03-20,9.0,0.08,4.32,3.04,1.18
G2DR6CUG9C9L,2.66,2025-03-15,USP-S | Cortex (Field-Tested),26.42,610934db-4b24-425f-b200-cc633626af8f,59891377,False,610934db-4b24-425f-b200-cc633626af8f,2025-03-16,2025-03-23,SOLD,2025-03-20,4.0,0.08,4.08,2.9,1.09
GWRLHH62A98C,4.48,2025-03-12,M4A4 | Spider Lily (Field-Tested),20.47,a44a34d0-b1e7-4a3c-9059-d4a346bb4745,59749124,False,a44a34d0-b1e7-4a3c-9059-d4a346bb4745,2025-03-14,2025-03-20,SOLD,2025-03-20,7.0,0.08,7.85,4.88,2.74
GU3SNZXUANDX,11.09,2025-03-12,M4A4 | Desolate Space (Minimal Wear),9.91,bcf9b200-fc26-4a6e-989a-97da9e171083,59749112,False,bcf9b200-fc26-4a6e-989a-97da9e171083,2025-03-14,2025-03-20,SOLD,2025-03-20,7.0,0.08,18.97,12.07,6.36
GPED5G8Z67A3,0.62,2025-01-25,Sticker | Cloud9 (Glitter) | Copenhagen 2024,,,50406212,True,96f4467b-a6ff-4fd3-b3db-1da8be11496c,2025-03-17,,SOLD,2025-03-20,53.0,0.08,0.95,0.68,0.25
GE6USHS7DRSC,2.41,2025-03-12,StatTrak™ M4A1-S | Emphorosaur-S (Field-Tested),27.26,14874223-77c6-44fc-93c4-a073f98c8250,59749116,False,14874223-77c6-44fc-93c4-a073f98c8250,2025-03-14,2025-03-20,SOLD,2025-03-21,8.0,0.08,3.17,2.63,0.51
GZA75PZN4CZA,37.77,2025-03-03,StatTrak™ M4A1-S | Black Lotus (Minimal Wear),8.37,afd2566b-b61b-48e2-a4a0-f9367e06f8dc,59749310,False,afd2566b-b61b-48e2-a4a0-f9367e06f8dc,2025-03-14,,SOLD,2025-03-21,17.0,0.08,42.98,41.07,1.77
GNUU76PULU8G,7.81,2025-03-10,M4A4 | Neo-Noir (Field-Tested),36.93,c54804da-dd82-45e5-af7d-48d32d6635d0,59735624,False,c54804da-dd82-45e5-af7d-48d32d6635d0,2025-03-12,2025-03-17,SOLD,2025-03-21,10.0,0.08,10.34,8.5,1.7
G6SG2NKEAPSG,12.66,2025-03-13,M4A4 | Temukau (Field-Tested),33.06,0abb78bd-bc52-4e77-ad1c-281db6472e50,59891331,False,0abb78bd-bc52-4e77-ad1c-281db6472e50,2025-03-16,2025-03-21,SOLD,2025-03-21,7.0,0.08,14.52,13.77,0.7
GU9FK96WN2UH,4.25,2025-03-10,StatTrak™ M4A1-S | Emphorosaur-S (Minimal Wear),12.42,51b19b29-0999-4655-93d0-501eb952f156,59735641,False,51b19b29-0999-4655-93d0-501eb952f156,2025-03-12,2025-03-18,SOLD,2025-03-21,10.0,0.08,5.5,4.63,0.81
GF4NTSAEDGNR,0.63,2025-03-11,MAG-7 | SWAG-7 (Minimal Wear),13.07,845ae87b-3240-44ed-8ee9-090df6159dda,59749354,False,845ae87b-3240-44ed-8ee9-090df6159dda,2025-03-14,2025-03-19,SOLD,2025-03-21,9.0,0.08,0.99,0.7,0.28
GL5ZN5C7Z6WD,1.8,2025-03-11,StatTrak™ M4A1-S | Emphorosaur-S (Field-Tested),34.39,5f57402b-9be4-4762-ad44-c9db9c818cd2,59749060,False,5f57402b-9be4-4762-ad44-c9db9c818cd2,2025-03-14,2025-03-18,SOLD,2025-03-21,9.0,0.08,3.17,1.97,1.12
G00UAXDR2NUZ,0.75,2025-03-15,Kilowatt Case,,,48702856,True,d94e4d38-760f-4fc5-9b05-22b97f45d3a2,2025-03-17,,SOLD,2025-03-22,6.0,0.08,0.82,0.83,0.0
GNHG70EDUD55,0.75,2025-03-15,Kilowatt Case,,,48702856,True,b1720899-b2fd-4d02-be6f-a7da0ffc1869,2025-03-17,,SOLD,2025-03-22,6.0,0.08,0.82,0.83,0.0
GNNE897N8NDS,3.08,2025-03-20,StatTrak™ M4A1-S | Night Terror (Field-Tested),29.2,75976755-8910-49b6-9798-480b562dcbd9,59962377,False,75976755-8910-49b6-9798-480b562dcbd9,2025-03-23,2025-03-22,SOLD,2025-03-22,1.0,0.09,4.8,3.4,1.29
GUETXE6KF2G7,3.76,2025-03-10,MP9 | Starlight Protector (Field-Tested),34.52,f56fa7eb-5805-49c0-89a5-69bb4dc7f851,59735680,False,f56fa7eb-5805-49c0-89a5-69bb4dc7f851,2025-03-12,2025-03-18,SOLD,2025-03-22,11.0,0.08,4.55,4.1,0.43
G6A557E80A6P,0.75,2025-03-15,Kilowatt Case,,,48702856,True,b04f174d-ab72-4149-b585-7f67a1881e35,2025-03-17,,SOLD,2025-03-22,6.0,0.08,0.82,0.83,0.0
GXKRH90W9ZCR,0.75,2025-03-15,Kilowatt Case,,,48702856,True,b72dceff-4f7f-45ed-b5b8-5264eb154e49,2025-03-17,,SOLD,2025-03-22,6.0,0.08,0.82,0.83,0.0
GD5PUD7G6WLT,0.75,2025-03-15,Kilowatt Case,,,48702856,True,c3a5e4bd-dc60-48c3-b4d7-406f51b2de74,2025-03-17,,SOLD,2025-03-22,6.0,0.08,0.82,0.83,0.0
GKH7ZT09HUZ9,7.0,2025-01-18,Desert Eagle | Heat Treated (Minimal Wear),8.82,2c99e256-23d2-43e6-b506-4dc532425b10,59895856,False,2c99e256-23d2-43e6-b506-4dc532425b10,2025-03-17,,SOLD,2025-03-22,62.0,0.08,5.16,7.62,-2.25
GS5LG042DG67,0.75,2025-03-15,Kilowatt Case,,,48702856,True,b84fdf57-23a9-427e-997a-6615921789ac,2025-03-17,,SOLD,2025-03-22,6.0,0.08,0.82,0.83,0.0
G3KE0GZWUL48,4.0,2025-01-24,Five-SeveN | Boost Protocol (Factory New),5.88,3900f943-b24a-483d-9457-33df957695e9,59895828,False,3900f943-b24a-483d-9457-33df957695e9,2025-03-17,,SOLD,2025-03-22,56.0,0.08,6.58,4.36,2.05
GFFH7AXRX8RN,0.19,2025-03-14,Desert Eagle | Tilted (Field-Tested),30.52,a10c7822-8f87-4cde-acfe-3e485d0cea12,59891340,False,a10c7822-8f87-4cde-acfe-3e485d0cea12,2025-03-16,2025-03-22,SOLD,2025-03-22,7.0,0.08,0.35,0.22,0.13
G3C54NUS3CFK,6.36,2025-01-18,Desert Eagle | Heat Treated (Minimal Wear),9.47,872db49e-572c-44be-aae4-15d625e4f18f,59895855,False,872db49e-572c-44be-aae4-15d625e4f18f,2025-03-17,,SOLD,2025-03-22,62.0,0.08,5.16,6.92,-1.61
G5UZ225L79ZX,0.75,2025-03-15,Kilowatt Case,,,48702856,True,75ba17c0-6228-4514-99f3-41aba43ae554,2025-03-17,,SOLD,2025-03-22,6.0,0.08,0.82,0.83,0.0
GSC23PA2U929,20.0,2025-03-10,Little Kev | The Professionals,,a0d2a584-e81c-4f0f-8135-115f8e756995,59749067,False,a0d2a584-e81c-4f0f-8135-115f8e756995,2025-03-14,2025-03-19,SOLD,2025-03-22,11.0,0.08,23.04,21.75,1.2
GE9G97CE46KP,0.75,2025-03-15,Kilowatt Case,,,48702856,True,c125f163-97f4-4d28-a1f8-aae4d1b90b69,2025-03-17,,SOLD,2025-03-22,6.0,0.08,0.82,0.83,0.0
GNWAHA7D4H6T,0.75,2025-03-15,Kilowatt Case,,,48702856,True,99534e20-bae6-4b4a-8bcb-070b65723db7,2025-03-17,,SOLD,2025-03-22,6.0,0.08,0.82,0.83,0.0
GATDK8GD6F46,3.69,2025-03-20,Maximus | Sabre,,d3faf6d1-21bd-42fd-8ee5-9090e08d4b87,59929919,False,d3faf6d1-21bd-42fd-8ee5-9090e08d4b87,2025-03-21,2025-03-24,SOLD,2025-03-22,1.0,0.09,4.27,4.07,0.2
G5AGCHF2LH7K,9.0,2025-03-14,AK-47 | Legion of Anubis (Minimal Wear),11.42,094d349c-8ce6-4326-9751-1bab3de79cc7,59891338,False,094d349c-8ce6-4326-9751-1bab3de79cc7,2025-03-16,2025-03-22,SOLD,2025-03-22,7.0,0.08,11.7,9.79,1.76
GAD5XCESS0D3,36.63,2025-03-04,StatTrak™ M4A1-S | Black Lotus (Minimal Wear),9.56,1ecb2122-bfb1-4493-ac55-92add4da23db,59749309,False,1ecb2122-bfb1-4493-ac55-92add4da23db,2025-03-14,,SOLD,2025-03-22,17.0,0.08,42.98,39.83,2.91
GAL6AL7H7TFE,1.19,2025-03-12,Tec-9 | Re-Entry (Factory New),4.73,97f74f4b-1fdf-4a63-abac-df5d6b68073b,59749073,False,97f74f4b-1fdf-4a63-abac-df5d6b68073b,2025-03-14,2025-03-19,SOLD,2025-03-22,9.0,0.08,2.5,1.3,1.11
G8S24KCCT4UP,0.21,2025-03-15,Desert Eagle | Tilted (Field-Tested),35.83,512db9dc-720b-4bf4-ab1c-f5250df6d5b2,59894114,False,512db9dc-720b-4bf4-ab1c-f5250df6d5b2,2025-03-17,2025-03-23,SOLD,2025-03-22,6.0,0.08,0.35,0.24,0.11
G50FHANRSRCG,0.75,2025-03-15,Kilowatt Case,,,48702856,True,f13eae9c-cfaf-408e-a61a-7c235080493c,2025-03-17,,SOLD,2025-03-23,7.0,0.08,0.83,0.83,0.01
G0ZHURDAGKD9,0.42,2024-12-08,Sticker | Lynn Vision (Glitter) | Copenhagen 2024,,,51402017,True,f425a2b5-55f5-4110-a035-529f86491dfe,2025-03-17,,SOLD,2025-03-23,104.0,0.08,0.54,0.47,0.08
GZ43NF2NPSPR,0.75,2025-03-15,Kilowatt Case,,,48702856,True,3cf50128-87d6-4a97-90d0-39bda42cbebf,2025-03-17,,SOLD,2025-03-23,7.0,0.08,0.83,0.83,0.01
GGLPERTLKA3P,0.39,2025-03-20,Revolution Case,,,43352341,True,1e91ec53-0422-4c9e-95ea-6440e7b13c43,2025-03-21,,SOLD,2025-03-23,2.0,0.09,0.54,0.44,0.1
GWUXH8RWRPLA,0.39,2025-03-20,Revolution Case,,,43352341,True,5696494f-7a7a-4e2f-9cae-4a06113b7a41,2025-03-21,,SOLD,2025-03-23,2.0,0.09,0.54,0.44,0.1
G8CZR0GC2ESK,0.38,2025-03-20,Charm | Lil' Crass,,6c8f9bb5-f1b4-474d-b2af-9fc278b1d2ed,59929986,False,6c8f9bb5-f1b4-474d-b2af-9fc278b1d2ed,2025-03-21,2025-03-28,SOLD,2025-03-23,2.0,0.09,0.6,0.43,0.17
G745SL3Z9AX5,0.75,2025-03-15,Kilowatt Case,,,48702856,True,ce6cf63c-0ec7-4058-9572-c453fed6ddc6,2025-03-17,,SOLD,2025-03-23,7.0,0.08,0.83,0.83,0.01
GR9UPH3KNCHF,4.32,2025-03-15,AK-47 | Crossfade (Factory New),2.78,34dae34d-6e34-4aa7-8026-496bdc1c1695,59891365,False,34dae34d-6e34-4aa7-8026-496bdc1c1695,2025-03-16,2025-03-23,SOLD,2025-03-23,7.0,0.08,6.17,4.71,1.36
G8PSE9WNFHS6,0.75,2025-03-15,Kilowatt Case,,,48702856,True,ac698c7a-a253-43b8-923c-45190ae5e9ba,2025-03-17,,SOLD,2025-03-23,7.0,0.08,0.83,0.83,0.01
G9AGG3R8G8N7,0.46,2025-03-18,Charm | Big Kev,,93406ba6-ab7d-4af6-b305-67fb9b0c1d82,59918868,False,93406ba6-ab7d-4af6-b305-67fb9b0c1d82,2025-03-20,2025-03-26,SOLD,2025-03-23,4.0,0.09,0.67,0.52,0.15
G2G4UF3D708K,0.37,2025-03-14,M4A1-S | Wash me plz (Factory New),5.67,94653f7e-b0e9-44b1-9e77-4482b6270be4,59891339,False,94653f7e-b0e9-44b1-9e77-4482b6270be4,2025-03-16,2025-03-22,SOLD,2025-03-23,8.0,0.08,0.87,0.41,0.43
GR4FR805GXEE,0.89,2025-01-24,Sticker | Cloud9 (Glitter) | Antwerp 2022,,,39961852,True,587b71d1-3fac-4733-8438-64260d452912,2025-03-17,,SOLD,2025-03-23,57.0,0.08,0.55,0.98,-0.38
GREL59RNPLA3,2.2,2025-03-12,Charm | Glamour Shot,,6760e54a-b35d-4390-95f4-cfd98e1bbf1b,59749076,False,6760e54a-b35d-4390-95f4-cfd98e1bbf1b,2025-03-14,,SOLD,2025-03-23,10.0,0.08,2.78,2.4,0.36
G9H6KZ3U52AK,0.39,2025-03-20,Revolution Case,,,43352341,True,ffbd2d1b-4e19-4ce4-8def-27bb22b66444,2025-03-23,,SOLD,2025-03-23,2.0,0.09,0.54,0.44,0.1
GK9ZGFK8GSAW,0.75,2025-03-15,Kilowatt Case,,,48702856,True,d006896a-1665-4cbc-ac27-cd0975ef7c3a,2025-03-17,,SOLD,2025-03-23,7.0,0.08,0.83,0.83,0.01
GKU759SPFS5G,0.75,2025-03-15,Kilowatt Case,,,48702856,True,7e5c0fa3-1301-40f7-83c4-c31a9f875694,2025-03-17,,SOLD,2025-03-23,7.0,0.08,0.83,0.83,0.01
G2ERD4D8TNS2,0.75,2025-03-15,Kilowatt Case,,,48702856,True,98ec71cc-2005-4e63-8d23-e848c38c5010,2025-03-17,,SOLD,2025-03-23,7.0,0.08,0.83,0.83,0.01
GN5U9AAS9TH0,0.69,2024-12-09,Sticker | Lynn Vision (Glitter) | Copenhagen 2024,,,51402017,True,afb75c4d-4542-4e04-af28-33268f81b3a6,2025-03-17,,SOLD,2025-03-23,103.0,0.08,0.54,0.76,-0.19
GFS5C92ENC6P,0.75,2025-03-15,Kilowatt Case,,,48702856,True,b5c5e188-85d0-41fe-abad-4b3dbe308b1d,2025-03-17,,SOLD,2025-03-23,7.0,0.08,0.82,0.83,0.0
GGTZD3FL8WHD,0.89,2025-01-24,Sticker | Cloud9 (Glitter) | Antwerp 2022,,,39961852,True,6b51ae1c-2a19-45bf-9a7c-05b6f3e02049,2025-03-17,,SOLD,2025-03-23,57.0,0.08,0.55,0.98,-0.38
G23PUU594D05,0.75,2025-03-15,Kilowatt Case,,,48702856,True,c2c1b96b-cb19-461f-8441-5509b477c909,2025-03-17,,SOLD,2025-03-23,7.0,0.08,0.82,0.83,0.0
GP3E8Z9FHR7H,2.71,2025-03-15,AWP | Duality (Field-Tested),35.67,fe3a7d04-7076-4e20-9f66-1be95f6a3b69,59891379,False,fe3a7d04-7076-4e20-9f66-1be95f6a3b69,2025-03-16,2025-03-22,SOLD,2025-03-23,7.0,0.08,3.71,2.96,0.7
GZUCCA893UR4,0.75,2025-03-15,Kilowatt Case,,,48702856,True,82ceee7d-e933-4b83-9401-83173e0e4e69,2025-03-17,,SOLD,2025-03-23,7.0,0.08,0.82,0.83,0.0
GA0PENA5LF5R,0.75,2025-03-15,Kilowatt Case,,,48702856,True,714f22c4-7c11-4f3a-942f-3ad4f34bf006,2025-03-17,,SOLD,2025-03-23,7.0,0.08,0.83,0.83,0.01
GWXGDT96CWC8,0.39,2025-03-20,Revolution Case,,,43352341,True,6de879e9-1ad0-4eef-bd02-9b7439bf7e58,2025-03-21,,SOLD,2025-03-23,2.0,0.09,0.54,0.44,0.1
GP6ACKWWRFE8,0.75,2025-03-15,Kilowatt Case,,,48702856,True,a11b8e44-c5ed-45b4-860c-f7eef5a54732,2025-03-17,,SOLD,2025-03-23,7.0,0.08,0.83,0.83,0.01
GCCAPT6FARRK,3.2,2025-03-16,Desert Eagle | Light Rail (Factory New),4.09,2e54f11e-7104-4dab-8bea-d06ee965d948,59894133,False,2e54f11e-7104-4dab-8bea-d06ee965d948,2025-03-17,2025-03-23,SOLD,2025-03-23,6.0,0.08,4.87,3.49,1.28
GA28ZR75S9ED,0.75,2025-03-15,Kilowatt Case,,,48702856,True,a1bbb3bb-07fa-4046-92aa-167ce3e66465,2025-03-17,,SOLD,2025-03-23,7.0,0.08,0.83,0.83,0.01
G2SD97UCG8PS,0.75,2025-03-15,Kilowatt Case,,,48702856,True,427a1377-b9ff-452b-8a28-94b1b7714848,2025-03-17,,SOLD,2025-03-23,7.0,0.08,0.83,0.83,0.01
GLU6EKPFKHWH,0.75,2025-03-15,Kilowatt Case,,,48702856,True,a0817b79-a9c9-4e6f-93c0-68508797b5ab,2025-03-17,,SOLD,2025-03-23,7.0,0.08,0.83,0.83,0.01
G9W8EF3TUUCP,5.5,2025-03-15,Ground Rebel  | Elite Crew,,1e1c98fc-08c6-40d8-bdc3-c3a2ec44a714,59894093,False,1e1c98fc-08c6-40d8-bdc3-c3a2ec44a714,2025-03-17,2025-03-23,SOLD,2025-03-23,7.0,0.08,7.04,5.99,0.98
GWA29A64E4NE,0.48,2024-12-06,Sticker | Lynn Vision (Glitter) | Copenhagen 2024,,,51402017,True,ea499b2d-1da4-4413-9760-272108d916c1,2025-03-17,,SOLD,2025-03-23,106.0,0.08,0.54,0.53,0.02
G3G5SS4GXK3S,0.75,2025-03-15,Kilowatt Case,,,48702856,True,1f19421c-794e-4479-bccb-3b901de6a9e6,2025-03-17,,SOLD,2025-03-23,7.0,0.08,0.83,0.83,0.01
G03T8E5066CX,2.21,2025-02-02,USP-S | Alpine Camo (Minimal Wear),7.91,e3258dd6-1f76-47ca-962b-16bdbc1a1b6a,59569176,False,e3258dd6-1f76-47ca-962b-16bdbc1a1b6a,2025-02-18,,SOLD,2025-03-24,49.0,0.07,4.01,2.39,1.52
GFR3DUL265KD,34.99,2025-02-21,AK-47 | The Outsiders (Minimal Wear),8.39,19edd174-8d88-43a0-a322-6d65810a69a9,59749312,False,19edd174-8d88-43a0-a322-6d65810a69a9,2025-03-14,,SOLD,2025-03-24,30.0,0.08,36.13,38.04,-1.75
GFWEHSG203GX,3.19,2025-03-19,Operation Phoenix Weapon Case,,,221,True,5410ca48-1a85-48fb-aef8-0d46ceab9156,2025-03-20,,SOLD,2025-03-25,5.0,0.09,3.84,3.52,0.3
GGDE5RDW3F66,0.89,2025-01-24,Sticker | Cloud9 (Glitter) | Antwerp 2022,,,39961852,True,fa99d998-3505-4697-9ab4-c43dd0dad606,2025-03-17,,SOLD,2025-03-25,59.0,0.08,0.55,0.98,-0.38
GHX7WWKCF39F,3.19,2025-03-19,Operation Phoenix Weapon Case,,,221,True,00d15a59-3366-4b30-b2e5-56f18c341838,2025-03-20,,SOLD,2025-03-25,5.0,0.09,3.84,3.52,0.3
G2F6SWE5G7CK,3.19,2025-03-19,Operation Phoenix Weapon Case,,,221,True,7616e888-dc82-4a29-8e4d-ff95b80f52e2,2025-03-20,,SOLD,2025-03-25,5.0,0.09,3.84,3.52,0.3
G6URRE5L2AR9,0.66,2025-03-20,Sticker | FaZe Clan (Holo) | Paris 2023,,,45027435,True,d0633b9b-b3ca-498d-808c-2e159ec7c230,2025-03-21,,SOLD,2025-03-25,4.0,0.09,0.86,0.74,0.12
GL07HFC9DUPG,3.19,2025-03-19,Operation Phoenix Weapon Case,,,221,True,2ca737f4-c5a3-486d-bbba-ac7c4c9050c4,2025-03-20,,SOLD,2025-03-25,5.0,0.09,3.84,3.52,0.3
G3ZGWFK353FX,3.19,2025-03-19,Operation Phoenix Weapon Case,,,221,True,f0f1af19-9b26-468e-a00d-bfec2714c7c3,2025-03-20,,SOLD,2025-03-25,5.0,0.09,3.84,3.52,0.3
GZZ8K0S88HKR,2.46,2025-03-15,Sticker | Gold Web (Foil),,,7177483,True,a94857e8-bb3b-42de-a9bc-9681e01855d9,2025-03-17,,SOLD,2025-03-25,9.0,0.08,3.07,2.68,0.36
GR54D269FR5P,3.19,2025-03-19,Operation Phoenix Weapon Case,,,221,True,296c4e17-12ea-410c-b4bd-d65297e3fb30,2025-03-20,,SOLD,2025-03-25,5.0,0.09,3.84,3.52,0.3
GWUHDTA76NKF,3.19,2025-03-19,Operation Phoenix Weapon Case,,,221,True,17857658-b80c-40a9-9891-9613992207b9,2025-03-20,,SOLD,2025-03-25,5.0,0.09,3.84,3.52,0.3
GAUUKND3T2NR,0.42,2025-03-19,Charm | Pinch O' Salt,,b81b752f-838b-4d5b-88f4-a27e0599be5b,59918882,False,b81b752f-838b-4d5b-88f4-a27e0599be5b,2025-03-20,2025-03-26,SOLD,2025-03-25,5.0,0.09,0.65,0.47,0.17
GPPXCEG33EGD,3.19,2025-03-19,Operation Phoenix Weapon Case,,,221,True,9fc52f60-afc0-43ec-986f-3caa05500ec7,2025-03-20,,SOLD,2025-03-25,5.0,0.09,3.84,3.52,0.3
GGA0FH8L2D4W,3.19,2025-03-19,Operation Phoenix Weapon Case,,,221,True,e3986ca4-0a09-42c8-863b-785b93134286,2025-03-20,,SOLD,2025-03-25,5.0,0.09,3.84,3.52,0.3
GA7FZK9AC7SN,0.35,2025-03-17,Sticker | Web Stuck,,,7243184,True,c5d10ad4-ed70-42c2-8524-bf34a3c85295,2025-03-20,,SOLD,2025-03-25,7.0,0.09,0.55,0.4,0.15
GAN44F285RCG,7.5,2025-03-12,StatTrak™ USP-S | Ticket to Hell (Factory New),4.26,eb467698-87c9-489e-a929-ae2231cc6731,59749107,False,eb467698-87c9-489e-a929-ae2231cc6731,2025-03-14,2025-03-20,SOLD,2025-03-25,12.0,0.08,13.04,8.16,4.5
G4KFRN5TA8GT,12.52,2025-03-10,M4A4 | Temukau (Field-Tested),34.12,da9dc902-a9d0-44e0-9faa-bf9c1be57cb1,59735687,False,da9dc902-a9d0-44e0-9faa-bf9c1be57cb1,2025-03-12,2025-03-18,SOLD,2025-03-25,14.0,0.08,15.77,13.62,1.99
G2PFXESR9SZN,1.68,2025-03-15,USP-S | Alpine Camo (Field-Tested),29.66,df80c9ea-47b9-4a5a-b3af-8663e344b6b5,59894128,False,df80c9ea-47b9-4a5a-b3af-8663e344b6b5,2025-03-17,2025-03-23,SOLD,2025-03-25,9.0,0.08,2.45,1.84,0.57
G9LLWUNPF998,0.68,2025-03-15,Sticker | FaZe Clan (Holo) | Paris 2023,,,45027435,True,86da8f60-2bca-4e3d-ac90-6a7ad9917ab3,2025-03-17,,SOLD,2025-03-25,9.0,0.08,0.86,0.75,0.11
G25A47Z335K3,3.19,2025-03-19,Operation Phoenix Weapon Case,,,221,True,34848b54-695c-492a-8c0d-dc6af5924ba7,2025-03-20,,SOLD,2025-03-25,5.0,0.09,3.84,3.52,0.3
GUHUSGGXZLA4,1.97,2025-03-19,Operation Wildfire Case,,,323,True,be684f80-e12c-4c8b-b0d1-532b49b2ae18,2025-03-20,,SOLD,2025-03-26,6.0,0.09,2.66,2.18,0.45
GNW4K5FAZLRL,2.08,2025-03-13,StatTrak™ Glock-18 | Moonrise (Minimal Wear),8.33,7feed2fa-05ab-4169-a00c-94413d0b5f4e,59891334,False,7feed2fa-05ab-4169-a00c-94413d0b5f4e,2025-03-16,2025-03-21,SOLD,2025-03-26,12.0,0.08,4.69,2.27,2.23
GSKNC96TWNR4,1.55,2025-03-12,Dreams & Nightmares Case,,,37707469,True,008ddf3f-f864-45ca-adab-9926d6beb254,2025-03-14,,SOLD,2025-03-26,13.0,0.08,2.15,1.7,0.43
G36X0GW8ULXX,1.9,2025-03-12,Dreams & Nightmares Case,,,37707469,True,42f7661c-f0c8-4136-acdd-c1af6a758a08,2025-03-14,,SOLD,2025-03-26,13.0,0.08,2.15,2.08,0.08
GUHU00A6HHTA,1.97,2025-03-19,Operation Wildfire Case,,,323,True,bcbb03e1-418f-406f-9b5f-a7ca7937bb66,2025-03-20,,SOLD,2025-03-26,6.0,0.09,2.66,2.18,0.45
GSUKHEX8FWWS,1.97,2025-03-19,Operation Wildfire Case,,,323,True,5fdf2924-1c7d-46c7-a259-7259f214e978,2025-03-20,,SOLD,2025-03-26,6.0,0.09,2.66,2.18,0.45
GWWLF6HP5P50,1.97,2025-03-19,Operation Wildfire Case,,,323,True,87e57954-3950-476f-a3e9-7780e6a16417,2025-03-20,,SOLD,2025-03-26,6.0,0.09,2.66,2.18,0.45
GZCXTSKATZNE,1.97,2025-03-19,Operation Wildfire Case,,,323,True,caa42d03-e338-4286-90e8-3bca3fc71f37,2025-03-20,,SOLD,2025-03-26,6.0,0.09,2.66,2.18,0.45
GG3UDLS9HXXC,1.97,2025-03-19,Operation Wildfire Case,,,323,True,5c203b2a-02e5-403b-99be-31c7d8941eb6,2025-03-20,,SOLD,2025-03-26,6.0,0.09,2.66,2.18,0.45
GL09E22SWSF6,1.96,2025-03-12,Dreams & Nightmares Case,,,37707469,True,c2efe2ca-d60b-4507-9b90-f4d830308ae6,2025-03-14,,SOLD,2025-03-26,13.0,0.08,2.15,2.14,0.02
GZT8F79T5PK8,1.6,2025-03-19,Dreams & Nightmares Case,,,37707469,True,69209d35-b3dd-458d-a69c-52914f555388,2025-03-20,,SOLD,2025-03-26,6.0,0.09,1.99,1.77,0.21
G3SLLZXAH08Z,0.62,2025-03-19,Sticker | Rainbow Route (Holo),,,55373804,True,a0127cd9-66f8-4016-8bb9-93eb272f5486,2025-03-20,,SOLD,2025-03-26,6.0,0.09,0.94,0.69,0.24
GZEDGTE7FDZN,1.97,2025-03-19,Operation Wildfire Case,,,323,True,bf355cd9-433b-4aad-acc4-bb0b37d1d9c5,2025-03-20,,SOLD,2025-03-26,6.0,0.09,2.66,2.18,0.45
GEA35L4KTFXZ,1.97,2025-03-19,Operation Wildfire Case,,,323,True,cc41050f-5f2a-471e-b9cd-f386b13fc799,2025-03-20,,SOLD,2025-03-26,6.0,0.09,2.66,2.18,0.45
GHLX2WR8FLN9,3.35,2025-03-10,AK-47 | Slate (Well-Worn),44.48,0b005fa4-1bf9-4455-9bde-3e02a2bd4b31,59735688,False,0b005fa4-1bf9-4455-9bde-3e02a2bd4b31,2025-03-12,2025-03-18,SOLD,2025-03-26,15.0,0.08,4.55,3.65,0.84
GAKT8UEF6ER7,2.03,2025-03-19,Chroma 3 Case,,,209,True,35ee477b-1b11-487a-916a-c8c5e9dc84fd,2025-03-20,,SOLD,2025-03-26,6.0,0.09,3.14,2.24,0.83
GL2AEDG9FE9H,0.45,2025-03-19,Charm | Pinch O' Salt,,4ed6dc53-dce0-4e1c-a2f0-c4f96adb6f69,59918880,False,4ed6dc53-dce0-4e1c-a2f0-c4f96adb6f69,2025-03-20,2025-03-26,SOLD,2025-03-26,6.0,0.09,0.65,0.51,0.14
GF6GWPN3N4LZ,0.44,2025-03-18,Charm | Hot Sauce,,0d878371-530d-4444-9cfe-4fec91fb3698,59918881,False,0d878371-530d-4444-9cfe-4fec91fb3698,2025-03-20,2025-03-26,SOLD,2025-03-26,7.0,0.09,0.66,0.49,0.16
GPRH58D07S84,1.67,2025-03-18,Dreams & Nightmares Case,,,37707469,True,0652efd1-b889-48d9-8099-f11b0225beab,2025-03-20,,SOLD,2025-03-26,7.0,0.09,1.99,1.85,0.14
GHLAR6S5H40G,1.67,2025-03-18,Dreams & Nightmares Case,,,37707469,True,964a0711-1263-492f-bd8e-29164b023802,2025-03-20,,SOLD,2025-03-26,7.0,0.09,1.99,1.85,0.14
GHX70F8S480N,1.67,2025-03-18,Dreams & Nightmares Case,,,37707469,True,6dfabe80-eefd-4043-bea9-9aa5c642f424,2025-03-20,,SOLD,2025-03-26,7.0,0.09,1.99,1.85,0.14
GGEFPN40USTK,1.67,2025-03-18,Dreams & Nightmares Case,,,37707469,True,f4d1a1da-cae0-4580-9705-8b00c6cc75ad,2025-03-20,,SOLD,2025-03-26,7.0,0.09,1.99,1.85,0.14
GTNAWX476F8X,2.94,2025-03-10,M4A4 | Turbine (Minimal Wear),10.04,0b525b59-0edf-4042-b5ca-3e3cecf57ac7,59735665,False,0b525b59-0edf-4042-b5ca-3e3cecf57ac7,2025-03-12,2025-03-16,SOLD,2025-03-26,15.0,0.08,4.15,3.21,0.88
G79GSHSXLGLC,2.03,2025-03-19,Chroma 3 Case,,,209,True,91e283a7-7b9b-4bc8-aa21-9a78e7f1063e,2025-03-20,,SOLD,2025-03-26,6.0,0.09,3.14,2.24,0.83
GXGDAU558LAG,2.03,2025-03-19,Chroma 3 Case,,,209,True,e0587cae-bd3c-45e9-b36f-67497ba3a965,2025-03-20,,SOLD,2025-03-26,6.0,0.09,3.14,2.24,0.83
GSRF7WDDEW55,2.03,2025-03-19,Chroma 3 Case,,,209,True,875a4d7a-f8ba-4391-8f28-170c18060ff2,2025-03-20,,SOLD,2025-03-26,6.0,0.09,3.14,2.24,0.83
GTC2L02785AL,2.03,2025-03-19,Chroma 3 Case,,,209,True,74caf0e4-dafe-4f2f-8c94-93936b45d1b1,2025-03-20,,SOLD,2025-03-26,6.0,0.09,3.14,2.24,0.83
GAR6P0G2NL38,9.02,2025-03-15,M4A1-S | Black Lotus (Field-Tested),23.2,e23ea15b-1c6f-41b1-aa0a-b5e65dac1011,59891363,False,e23ea15b-1c6f-41b1-aa0a-b5e65dac1011,2025-03-16,2025-03-23,SOLD,2025-03-26,10.0,0.08,12.93,9.82,2.88
G5TLCRF7RT96,0.36,2025-03-15,M4A1-S | Wash me plz (Factory New),4.7,b2ed122b-6430-4fd4-bf8d-e2dd295d1152,59891362,False,b2ed122b-6430-4fd4-bf8d-e2dd295d1152,2025-03-16,2025-03-23,SOLD,2025-03-26,10.0,0.08,0.87,0.4,0.44
GU8NTS365E7P,2.03,2025-03-19,Chroma 3 Case,,,209,True,99a90e79-33b9-4b5b-95d4-a046295a6bb3,2025-03-20,,SOLD,2025-03-26,6.0,0.09,3.14,2.24,0.83
GX3SDL3N5SFZ,4.5,2025-03-18,Sticker | Bolt Charge (Foil),,,55478593,True,96b0252e-0a6b-4dee-8257-7b9ddf351df0,2025-03-20,,SOLD,2025-03-26,7.0,0.09,5.98,4.96,0.94
GWZNDGWLW0GP,1.97,2025-03-19,Operation Wildfire Case,,,323,True,f38449a9-747c-49d8-9578-51f2c444fe5b,2025-03-20,,SOLD,2025-03-26,6.0,0.09,2.66,2.18,0.45
GCFHPXTLSSS6,0.62,2025-03-19,Sticker | Rainbow Route (Holo),,,55373804,True,b2ad0afd-dd90-41a1-9bfd-8b3cc821e43c,2025-03-20,,SOLD,2025-03-26,6.0,0.09,0.94,0.69,0.24
GSX3XX46ZNZ9,1.57,2025-03-18,Charm | Chicken Lil',,374ad9cb-6d48-46ae-a8bf-134c81f1dd7d,59918872,False,374ad9cb-6d48-46ae-a8bf-134c81f1dd7d,2025-03-20,2025-03-26,SOLD,2025-03-26,7.0,0.09,2.51,1.74,0.71
G2X0D9Z5ZUUD,2.29,2025-03-20,FAMAS | ZX Spectron (Field-Tested),25.25,3b106754-223c-46ab-8793-2ba53972e2a7,59962387,False,3b106754-223c-46ab-8793-2ba53972e2a7,2025-03-23,2025-03-26,SOLD,2025-03-26,5.0,0.09,3.49,2.53,0.89
GWES6PWFTKA9,97.78,2025-03-20,AK-47 | Inheritance (Field-Tested),17.44,b57062ad-35b9-4af3-9619-1c2c0e7acdcd,59962381,False,b57062ad-35b9-4af3-9619-1c2c0e7acdcd,2025-03-23,2025-03-25,SOLD,2025-03-26,5.0,0.09,127.89,107.46,18.6
G9Z39GPECNZA,1.38,2025-03-19,Dreams & Nightmares Case,,,37707469,True,b4f7b10d-c23f-4f60-b2df-f731c431cde2,2025-03-20,,SOLD,2025-03-26,6.0,0.09,1.99,1.53,0.43
G95NRNPR5Z74,1.43,2025-03-19,Dreams & Nightmares Case,,,37707469,True,950f18e6-39ae-4638-9cba-f78ce9ce30eb,2025-03-20,,SOLD,2025-03-26,6.0,0.09,1.99,1.58,0.38
GKT68C3924P8,0.39,2025-03-20,Sticker | DreamEaters | Berlin 2019,,,5461991,True,53a4c1ff-bc6f-4e55-b3d6-a69e3e537e96,2025-03-21,,SOLD,2025-03-26,5.0,0.09,0.73,0.44,0.27
GAL6T0A5D880,2.02,2025-03-20,M4A1-S | Night Terror (Factory New),3.75,28a7ee30-65d3-4d9b-9e8c-3bd07ba18570,59929941,False,28a7ee30-65d3-4d9b-9e8c-3bd07ba18570,2025-03-21,2025-03-25,SOLD,2025-03-26,5.0,0.09,2.76,2.23,0.49
GENHZTW2LPZE,2.05,2025-03-20,AK-47 | Crossfade (Field-Tested),28.44,64392f86-eab9-4835-9cce-302df6b3576e,59929963,False,64392f86-eab9-4835-9cce-302df6b3576e,2025-03-21,2025-03-21,SOLD,2025-03-26,5.0,0.09,3.03,2.26,0.71
G8TN27W79W6K,3.15,2025-03-18,"Music Kit | The Verkkars, EZ4ENCE",,,23245588,True,7aa7c43f-0cec-4094-bb7f-f0b3b4cb2447,2025-03-20,,SOLD,2025-03-27,8.0,0.09,5.05,3.47,1.45
GX7TNH0DZATC,0.24,2025-03-20,Shanghai 2024 Legends Autograph Capsule,,,57328788,True,d7e9969b-669a-40cc-a74a-0acd3f677feb,2025-03-21,,SOLD,2025-03-27,6.0,0.09,0.45,0.27,0.17
GP982W28L3E8,2.63,2025-03-15,P250 | See Ya Later (Field-Tested),19.76,0a7a77f9-7e19-4255-88cb-b7ef4a84536c,59891371,False,0a7a77f9-7e19-4255-88cb-b7ef4a84536c,2025-03-16,2025-03-23,SOLD,2025-03-27,11.0,0.08,5.58,2.87,2.5
G5HXAHH9NGDD,40.0,2025-03-10,AWP | Chrome Cannon (Field-Tested),18.34,f7657ffc-a489-4064-a150-aed96a49271c,59735615,False,f7657ffc-a489-4064-a150-aed96a49271c,2025-03-12,2025-03-16,SOLD,2025-03-27,16.0,0.08,53.43,43.49,9.16
GFUHFFSTL73P,0.38,2025-03-20,Sticker | Web Stuck,,,7243184,True,a882db45-5d55-476c-8622-7aafc0ff47a9,2025-03-21,,SOLD,2025-03-27,6.0,0.09,0.55,0.43,0.12
GLCUNH9NP74P,2.72,2025-03-10,FAMAS | ZX Spectron (Field-Tested),21.15,8f0e373c-bac0-4cbb-9161-6c9718c766ea,59735667,False,8f0e373c-bac0-4cbb-9161-6c9718c766ea,2025-03-12,2025-03-16,SOLD,2025-03-27,16.0,0.08,3.93,2.97,0.9
GA64NKKKC4EC,7.05,2025-01-18,Desert Eagle | Heat Treated (Minimal Wear),9.79,c5c2d8d1-7ab5-4c83-bb74-3c684f8e8045,59895846,False,c5c2d8d1-7ab5-4c83-bb74-3c684f8e8045,2025-03-17,,SOLD,2025-03-27,67.0,0.08,5.16,7.67,-2.3
G5KAXGD05630,1.15,2024-12-20,Galil AR | Tuxedo (Factory New),4.82,47f3ac6a-7350-44fc-8dd0-041a8df9e81e,59895764,False,47f3ac6a-7350-44fc-8dd0-041a8df9e81e,2025-03-17,,SOLD,2025-03-27,96.0,0.08,2.33,1.26,0.99
GXNZWPFNX388,0.24,2025-03-20,Shanghai 2024 Legends Autograph Capsule,,,57328788,True,ac3c98e1-5042-450c-b441-c935c63b0370,2025-03-21,,SOLD,2025-03-27,6.0,0.09,0.45,0.27,0.17
G5ST342KETSU,0.24,2025-03-20,Shanghai 2024 Legends Autograph Capsule,,,57328788,True,842dcecc-8303-4435-9c9c-d98930119423,2025-03-21,,SOLD,2025-03-27,6.0,0.09,0.45,0.27,0.17
GD6AS0GK04ZD,0.33,2025-03-18,Patch | Shattered Web,,,14098388,True,69039dd1-bfa0-41ef-a2a1-ad7fe30e339e,2025-03-20,,SOLD,2025-03-27,8.0,0.09,0.64,0.37,0.25
GZNS5X4WKF47,7.26,2025-03-20,AWP | Chromatic Aberration (Field-Tested),27.66,6439b07b-da37-40b3-a0a3-1f4549c1589d,59929935,False,6439b07b-da37-40b3-a0a3-1f4549c1589d,2025-03-21,2025-03-27,SOLD,2025-03-27,6.0,0.09,8.83,7.99,0.78
G58UX2T2LT8N,2.0,2025-03-12,M4A1-S | Night Terror (Factory New),5.81,419ce3fe-519b-4536-8b96-7140214e0a5e,59749117,False,419ce3fe-519b-4536-8b96-7140214e0a5e,2025-03-14,2025-03-20,SOLD,2025-03-27,14.0,0.08,2.97,2.18,0.73
GT339UN4SGE5,2.0,2025-03-20,M4A1-S | Night Terror (Factory New),5.86,bc4d094c-8819-42b7-9c8a-1bb7398d5545,59962385,False,bc4d094c-8819-42b7-9c8a-1bb7398d5545,2025-03-23,2025-03-25,SOLD,2025-03-27,6.0,0.09,2.76,2.21,0.51
GUE3UWPWUET2,0.42,2025-03-10,MP9 | Featherweight (Factory New),3.47,fd36dd6c-5003-456d-bc7a-b35ed9da35d8,59735674,False,fd36dd6c-5003-456d-bc7a-b35ed9da35d8,2025-03-12,2025-03-15,SOLD,2025-03-27,16.0,0.08,1.1,0.47,0.59
G9PG3ZKZCCXG,1.93,2025-03-12,R8 Revolver | Blaze (Factory New),4.56,2456292d-a1a6-483d-94a9-f91c1299d5ee,59749078,False,2456292d-a1a6-483d-94a9-f91c1299d5ee,2025-03-14,2025-03-14,SOLD,2025-03-27,14.0,0.08,2.63,2.11,0.49
GTTHS0LR6N3S,1.64,2025-03-20,USP-S | Ticket to Hell (Factory New),6.83,798ab515-c9e5-4bc0-9651-e98d2d1628b4,59962396,False,798ab515-c9e5-4bc0-9651-e98d2d1628b4,2025-03-23,2025-03-28,SOLD,2025-03-28,7.0,0.09,3.11,1.81,1.19
G83AKG8ENLZN,6.79,2025-02-28,eSports 2014 Summer Case,,,4300,True,66d88b9e-0e7d-4a36-af4b-27a08d747779,2025-03-17,,SOLD,2025-03-28,27.0,0.08,10.98,7.39,3.31
G3PLNZ2NGHHZ,0.69,2024-12-09,Sticker | Lynn Vision (Glitter) | Copenhagen 2024,,,51402017,True,cb0efbc8-8bd0-452a-9f63-8ff071bfdd5b,2025-03-17,,SOLD,2025-03-28,108.0,0.08,0.54,0.76,-0.19
GUKSPEG0W0X6,0.82,2025-01-27,Desert Eagle | Heat Treated (Well-Worn),41.62,1c305a08-e347-484b-add2-99f5b38ce407,59895869,False,1c305a08-e347-484b-add2-99f5b38ce407,2025-03-17,,SOLD,2025-03-28,59.0,0.08,1.18,0.9,0.27
G08A6A836H8P,0.37,2024-12-24,Sticker | Lynn Vision (Glitter) | Copenhagen 2024,,,51402017,True,b079884d-cb16-4f80-8d4d-af46f942a44c,2025-03-17,,SOLD,2025-03-28,93.0,0.08,0.54,0.41,0.13
G92SR5CCTZWA,6.79,2025-02-28,eSports 2014 Summer Case,,,4300,True,452658e1-c660-44c7-83d3-984db76b265c,2025-03-17,,SOLD,2025-03-28,27.0,0.08,10.98,7.39,3.31
G86NPRZS56K5,4.62,2025-03-14,M4A4 | Evil Daimyo (Factory New),2.46,b15df8b5-ad27-4ee4-97be-66854947a19e,59891349,False,b15df8b5-ad27-4ee4-97be-66854947a19e,2025-03-16,2025-03-22,SOLD,2025-03-29,14.0,0.08,6.95,5.03,1.77
GN696LEGX43N,3.04,2025-03-19,"Music Kit | The Verkkars, EZ4ENCE",,,23245588,True,c5190659-4683-41ed-87ea-124359f19b58,2025-03-20,,SOLD,2025-03-29,9.0,0.09,5.05,3.35,1.56
G60LCF0G6RSS,3.14,2025-03-20,"Music Kit | Denzel Curry, ULTIMATE",,,43449561,True,e805b118-a424-4ebf-b7cd-3b464031b835,2025-03-21,,SOLD,2025-03-29,8.0,0.09,5.3,3.46,1.68
GCD4CRW784PA,1.44,2025-03-12,AK-47 | Steel Delta (Field-Tested),25.34,714365c5-e1f2-48b8-b975-ca5e3fa90e42,59749388,False,714365c5-e1f2-48b8-b975-ca5e3fa90e42,2025-03-14,2025-03-20,SOLD,2025-03-29,16.0,0.08,2.1,1.58,0.49
G3ZDTR8HS7UU,2.32,2025-03-03,FAMAS | ZX Spectron (Field-Tested),28.3,0460d9ea-c450-4d43-b0b7-6a6ea062c15a,59895832,False,0460d9ea-c450-4d43-b0b7-6a6ea062c15a,2025-03-17,,SOLD,2025-03-29,25.0,0.08,4.0,2.53,1.36
GFCP29606FF6,0.44,2025-03-18,Charm | Lil' Crass,,da92a11b-b990-4b1c-9cc4-796a0ff5ccd3,59918871,False,da92a11b-b990-4b1c-9cc4-796a0ff5ccd3,2025-03-20,2025-03-26,SOLD,2025-03-29,10.0,0.09,0.64,0.49,0.14
G5NPF48X34C4,2.58,2025-03-15,USP-S | Alpine Camo (Minimal Wear),14.79,87758209-ae7f-4a63-bd3b-3f69f4adb274,59894097,False,87758209-ae7f-4a63-bd3b-3f69f4adb274,2025-03-17,2025-03-23,SOLD,2025-03-30,14.0,0.08,3.32,2.82,0.47
G404Z8A8S3GZ,4.0,2025-03-20,StatTrak™ USP-S | Ticket to Hell (Minimal Wear),7.79,dfd75a80-a809-441a-b689-b47d9d82274f,59962371,False,dfd75a80-a809-441a-b689-b47d9d82274f,2025-03-23,2025-03-25,SOLD,2025-03-30,9.0,0.09,5.53,4.41,1.03
G79XUL0XWK3A,3.67,2025-03-13,Glock-18 | Nuclear Garden (Factory New),5.78,5039f761-475d-410b-b409-2c4e3c0cf6c2,59749109,False,5039f761-475d-410b-b409-2c4e3c0cf6c2,2025-03-14,2025-03-21,SOLD,2025-03-30,16.0,0.08,7.13,4.0,2.89
GLXD6LL6WHZW,4.53,2025-03-15,MP7 | Bloodsport (Factory New),6.98,692635df-b679-4156-ad3d-a9de30a9ad43,59891355,False,692635df-b679-4156-ad3d-a9de30a9ad43,2025-03-16,,SOLD,2025-03-30,14.0,0.08,8.1,4.93,2.92
G48ELPL65CK6,3.43,2025-03-10,MP9 | Starlight Protector (Field-Tested),34.07,4a0ff807-142a-473e-8a21-6c3dbd01dc0e,59735677,False,4a0ff807-142a-473e-8a21-6c3dbd01dc0e,2025-03-12,2025-03-17,SOLD,2025-03-30,19.0,0.08,4.55,3.74,0.76
GZWA0SP3E2L7,6.65,2025-03-10,Operator | FBI SWAT,,064e1ac1-a870-4d0a-bdc3-b60b6f52ddb6,59735628,False,064e1ac1-a870-4d0a-bdc3-b60b6f52ddb6,2025-03-12,2025-03-17,SOLD,2025-03-31,20.0,0.08,8.38,7.24,1.06
G0S9EAKNRE4T,0.6,2025-03-17,Sticker | Vitality (Holo) | Paris 2023,,,45017001,True,2f619cc9-2add-4615-b6eb-34a65675659e,2025-03-20,,SOLD,2025-03-31,13.0,0.09,1.02,0.67,0.33
GAU9K06R252T,0.6,2025-03-17,Sticker | Vitality (Holo) | Paris 2023,,,45017001,True,96ebb37d-035c-4b5f-98d7-a1172549d4c0,2025-03-20,,SOLD,2025-03-31,13.0,0.09,1.02,0.67,0.33
GTW7A6LNA2E8,2.02,2025-03-20,AWP | Duality (Field-Tested),33.93,d6b9159f-14d0-440d-9d4f-57447c885fdc,59962389,False,d6b9159f-14d0-440d-9d4f-57447c885fdc,2025-03-23,2025-03-26,SOLD,2025-03-31,10.0,0.09,2.75,2.23,0.48
GH57RCSGE2K2,6.79,2025-02-28,eSports 2014 Summer Case,,,4300,True,89f85174-0613-44c0-a8b9-a47d804e0799,2025-03-17,,SOLD,2025-03-31,30.0,0.08,10.98,7.39,3.31
G8C7P7SZL4S0,1.99,2025-03-20,M4A1-S | Night Terror (Factory New),4.99,525d460e-86c8-4a30-88c7-f04a2e126e3a,59962384,False,525d460e-86c8-4a30-88c7-f04a2e126e3a,2025-03-23,2025-03-25,SOLD,2025-03-31,10.0,0.09,2.76,2.2,0.52
GRPUZA0WCCZG,1.21,2024-11-12,Sticker | Fluxo (Holo) | Paris 2023,,,45155974,True,b11ceb67-8243-4b78-a2b8-c8d907cf5d39,2024-11-13,,SOLD,2025-03-31,138.0,0.08,1.44,1.33,0.11
GR463Z3339DW,1.21,2024-11-12,Sticker | Fluxo (Holo) | Paris 2023,,,45155974,True,f2577d62-6268-4a8d-b6b7-91ecf48dbbe5,2024-11-13,,SOLD,2025-03-31,138.0,0.08,1.44,1.33,0.11
GN4WC49K0G9Z,0.72,2024-12-26,Sticker | Fluxo (Holo) | Paris 2023,,,45155974,True,edb700ab-2850-450a-9262-573eecf5950d,2025-03-17,,SOLD,2025-03-31,94.0,0.08,1.37,0.79,0.54
G4S6GP5SLH8T,2.49,2025-03-15,FAMAS | ZX Spectron (Field-Tested),34.02,fc5eac84-44f4-4bf5-b6ca-acb1985a9a6c,59891381,False,fc5eac84-44f4-4bf5-b6ca-acb1985a9a6c,2025-03-16,2025-03-23,SOLD,2025-03-31,15.0,0.08,3.76,2.72,0.97
GCUE3RKFESHF,1.99,2024-10-17,Sticker | Fluxo (Holo) | Paris 2023,,,45155974,True,7caa0f25-19bf-4276-9d6d-7033171d9ea7,2025-03-17,,SOLD,2025-03-31,164.0,0.08,1.37,2.17,-0.73
G43KDERHEX0L,1.57,2025-03-20,Desert Eagle | Trigger Discipline (Minimal Wear),11.97,331cd468-89ae-453a-bc23-a47726d02359,59929943,False,331cd468-89ae-453a-bc23-a47726d02359,2025-03-21,2025-03-27,SOLD,2025-03-31,10.0,0.09,2.38,1.74,0.6
GENF50EZNLE6,12.41,2025-03-10,StatTrak™ USP-S | Black Lotus (Minimal Wear),12.0,9b249570-2115-47ea-8979-211ae0483956,59735602,False,9b249570-2115-47ea-8979-211ae0483956,2025-03-12,,SOLD,2025-04-01,21.0,0.08,15.03,13.5,1.42
G27HUXC5WDSH,4.06,2025-03-20,StatTrak™ USP-S | Ticket to Hell (Minimal Wear),8.06,8749ed8e-add8-44e8-9724-a819e3de336f,59962372,False,8749ed8e-add8-44e8-9724-a819e3de336f,2025-03-23,2025-03-22,SOLD,2025-04-01,11.0,0.09,5.53,4.47,0.97
G78CN4E592DU,1.2,2024-12-19,Galil AR | Tuxedo (Factory New),5.59,10a52e12-76c0-438d-bd52-55e1a08141b4,59895879,False,10a52e12-76c0-438d-bd52-55e1a08141b4,2025-03-17,,SOLD,2025-04-01,102.0,0.08,2.33,1.32,0.94
G8W49XRRKGH7,2.82,2025-01-24,Desert Eagle | Heat Treated (Well-Worn),41.63,b1bffe8f-0e3b-44e0-a7f9-0f4ce6581c04,59895854,False,b1bffe8f-0e3b-44e0-a7f9-0f4ce6581c04,2025-03-17,,SOLD,2025-04-01,66.0,0.08,1.18,3.08,-1.73
G9L73895E0TE,1.08,2025-03-18,AWP | Acheron (Minimal Wear),10.42,65885bb8-0279-4f56-9908-edfc8c15fd4d,59918867,False,65885bb8-0279-4f56-9908-edfc8c15fd4d,2025-03-20,,SOLD,2025-04-01,13.0,0.09,1.71,1.2,0.48
G9X39G97ZSSD,0.99,2025-03-20,Desert Eagle | Meteorite (Factory New),5.94,f5300377-4c03-4088-8ac2-a78e9929f144,59929989,False,f5300377-4c03-4088-8ac2-a78e9929f144,2025-03-21,2025-03-28,SOLD,2025-04-01,11.0,0.09,1.52,1.1,0.39
GE5HX003882C,4.39,2025-03-10,StatTrak™ USP-S | Ticket to Hell (Minimal Wear),12.47,57f6d391-af59-4b58-9260-2d43cebae2c6,59735643,False,57f6d391-af59-4b58-9260-2d43cebae2c6,2025-03-12,2025-03-18,SOLD,2025-04-01,21.0,0.08,5.44,4.78,0.61
GLKEL0G6DWHH,4.51,2025-03-20,USP-S | Alpine Camo (Factory New),4.1,5d4b471f-1f21-4d93-a167-2fb61f6ebc51,59929937,False,5d4b471f-1f21-4d93-a167-2fb61f6ebc51,2025-03-21,2025-03-27,SOLD,2025-04-02,12.0,0.09,5.59,4.97,0.58
GTAS7XDRXGR9,2.22,2025-03-10,AWP | Duality (Field-Tested),28.86,231ef1d2-faa2-4b2f-a62e-d132c0a4648e,59735686,False,231ef1d2-faa2-4b2f-a62e-d132c0a4648e,2025-03-12,2025-03-18,SOLD,2025-04-02,22.0,0.08,3.63,2.42,1.12
GGU4AL7TP5P8,1.95,2025-03-12,USP-S | Alpine Camo (Field-Tested),23.77,199c3496-7830-41c4-a1aa-12b1da8f8d2b,59749081,False,199c3496-7830-41c4-a1aa-12b1da8f8d2b,2025-03-14,2025-03-15,SOLD,2025-04-02,20.0,0.08,2.59,2.13,0.43
GZ3ATPW28SFP,1.21,2024-11-12,Sticker | Fluxo (Holo) | Paris 2023,,,45155974,True,1da771ad-74d0-4f10-b657-42d9406a2c21,2024-11-13,,SOLD,2025-04-02,140.0,0.08,1.44,1.33,0.11
G0LF8ZNC8RRK,1.21,2024-11-12,Sticker | Fluxo (Holo) | Paris 2023,,,45155974,True,259c967f-234a-4838-9bbc-f2cb79ec1b67,2024-11-13,,SOLD,2025-04-02,140.0,0.08,1.44,1.33,0.11
G39046HA2HRH,0.96,2024-12-08,Sticker | Fluxo (Holo) | Paris 2023,,,45155974,True,63b111de-c30d-4017-9a22-dfc175c83c9f,2024-12-11,,SOLD,2025-04-02,114.0,0.08,1.54,1.05,0.46
GRSNCEGXPND6,1.21,2024-11-12,Sticker | Fluxo (Holo) | Paris 2023,,,45155974,True,ac041e32-d25a-4639-8453-f70aa4378697,2024-11-13,,SOLD,2025-04-02,140.0,0.08,1.44,1.33,0.11
G47ENS4NWX55,0.99,2025-03-20,SSG 08 | Acid Fade (Factory New),0.25,7cf6c796-77ee-4bab-ac9f-cde7630d20c0,59929968,False,7cf6c796-77ee-4bab-ac9f-cde7630d20c0,2025-03-21,2025-03-25,SOLD,2025-04-02,12.0,0.09,1.62,1.1,0.48
G40SDC0LTWE0,0.45,2024-10-28,R8 Revolver | Amber Fade (Minimal Wear),13.71,b8cb4c8d-dadf-4074-801d-dfd57021055b,59895751,False,b8cb4c8d-dadf-4074-801d-dfd57021055b,2025-03-17,,SOLD,2025-04-03,156.0,0.08,0.6,0.5,0.1
GW00WFHE360R,0.78,2024-12-08,Sticker | Fluxo (Holo) | Paris 2023,,,45155974,True,a279eef6-8f7b-47ab-8489-bfd8ac7b4cd7,2024-12-11,,SOLD,2025-04-04,116.0,0.08,1.54,0.86,0.64
GSWKET4PFTLZ,1.78,2025-03-20,AWP | Duality (Battle-Scarred),64.09,dde7e8c2-ab0b-4d1d-b990-4d118ac22355,59962390,False,dde7e8c2-ab0b-4d1d-b990-4d118ac22355,2025-03-23,2025-03-26,SOLD,2025-04-04,14.0,0.09,2.81,1.97,0.78
G26D02W495X4,0.22,2025-03-28,Sticker | Boom Trail (Glitter),,,55436346,True,3afefdb2-e5f2-46fd-a293-2ed26c0dc926,2025-03-30,,SOLD,2025-04-04,6.0,0.09,0.29,0.25,0.04
G267CL85DSPH,1.65,2025-01-24,Desert Eagle | Heat Treated (Well-Worn),42.85,17ee31b2-eb10-4791-9ee8-7960ed2b945f,59895837,False,17ee31b2-eb10-4791-9ee8-7960ed2b945f,2025-03-17,,SOLD,2025-04-04,69.0,0.08,1.18,1.8,-0.56
GXE0KA94DUNU,7.9,2025-02-16,FAMAS | ZX Spectron (Minimal Wear),12.91,6d37695f-61e6-4284-8d5a-be6b0bddc15d,59569159,False,6d37695f-61e6-4284-8d5a-be6b0bddc15d,2025-02-18,2025-02-23,SOLD,2025-04-04,46.0,0.07,10.79,8.51,2.13
G6WC48UL9WEH,12.27,2025-03-10,StatTrak™ USP-S | Black Lotus (Minimal Wear),9.0,1e1d882d-4b44-4351-b0e0-54fb683f4fd0,59735601,False,1e1d882d-4b44-4351-b0e0-54fb683f4fd0,2025-03-12,2025-03-13,SOLD,2025-04-05,25.0,0.08,15.03,13.35,1.56
G25EWAD94TNG,1.5,2025-01-26,Desert Eagle | Heat Treated (Well-Worn),41.47,43b51c29-d4b5-46e3-8d07-5f17e19a970d,59895809,False,43b51c29-d4b5-46e3-8d07-5f17e19a970d,2025-03-17,,SOLD,2025-04-05,68.0,0.08,1.18,1.64,-0.41
G952NSGGRT5T,5.13,2025-03-20,MAC-10 | Disco Tech (Minimal Wear),14.02,a5cb033e-d428-412d-9871-29e5d2f22678,59929910,False,a5cb033e-d428-412d-9871-29e5d2f22678,2025-03-21,2025-03-27,SOLD,2025-04-05,15.0,0.09,7.6,5.65,1.79
GWXG42WZPLCS,0.78,2025-01-11,M4A1-S | Wash me plz (Factory New),6.96,4301a29d-b86b-4b30-a8c5-9b7f484d30eb,58672618,False,4301a29d-b86b-4b30-a8c5-9b7f484d30eb,2025-01-16,2025-01-19,SOLD,2025-04-06,84.0,0.08,1.52,0.86,0.62
GCLD8WWTH044,3.32,2025-03-14,StatTrak™ USP-S | Ticket to Hell (Minimal Wear),9.56,b4865a57-e952-4589-a3fe-12dd5b3bb933,59891350,False,b4865a57-e952-4589-a3fe-12dd5b3bb933,2025-03-16,2025-03-22,SOLD,2025-04-06,22.0,0.08,5.64,3.62,1.87
GETRW6FNSGG8,1.99,2024-10-17,Sticker | Fluxo (Holo) | Paris 2023,,,45155974,True,75142909-20a1-4dd7-ae3f-30a6f35e70f4,2024-11-30,,SOLD,2025-04-06,170.0,0.08,1.72,2.17,-0.41
G8S0FR66GK9L,0.06,2025-03-19,Paris 2023 Legends Sticker Capsule,,,44986149,True,8fc03161-2835-4337-bd4a-3a4421a5c12e,2025-03-20,,SOLD,2025-04-06,17.0,0.09,0.09,0.08,0.02
GSCSE3TUNS0S,0.06,2025-03-19,Paris 2023 Legends Sticker Capsule,,,44986149,True,832a469e-0c58-4fd1-b042-111ece2828ad,2025-03-20,,SOLD,2025-04-06,17.0,0.09,0.09,0.08,0.02
GTFR97G9W85H,0.06,2025-03-19,Paris 2023 Legends Sticker Capsule,,,44986149,True,9732308a-4c24-4779-81ef-1cb6ca2b20fd,2025-03-20,,SOLD,2025-04-06,17.0,0.09,0.09,0.08,0.02
G84367HE3L20,0.06,2025-03-19,Paris 2023 Legends Sticker Capsule,,,44986149,True,bb75376b-9f45-4ccb-b3c1-d7c4e11d8c98,2025-03-20,,SOLD,2025-04-06,17.0,0.09,0.09,0.08,0.02
G2CWXAW0LAT4,0.06,2025-03-19,Paris 2023 Legends Sticker Capsule,,,44986149,True,c11d0480-eb1a-40e1-bc29-d41e72268023,2025-03-20,,SOLD,2025-04-06,17.0,0.09,0.09,0.08,0.02
GGT26CHRC93L,0.06,2025-03-19,Paris 2023 Legends Sticker Capsule,,,44986149,True,70c173e8-2684-4816-9cbe-22d5df42e65a,2025-03-20,,SOLD,2025-04-06,17.0,0.09,0.09,0.08,0.02
GA8NPALC8G7W,0.06,2025-03-19,Paris 2023 Legends Sticker Capsule,,,44986149,True,6b8b0fc7-b407-4270-899a-b0bf4b0e332f,2025-03-20,,SOLD,2025-04-06,17.0,0.09,0.09,0.08,0.02
GR9C0RA33N2U,0.06,2025-03-19,Paris 2023 Legends Sticker Capsule,,,44986149,True,0c5d0ab5-0017-4dc5-a1d9-398d65caf1a5,2025-03-20,,SOLD,2025-04-06,17.0,0.09,0.09,0.08,0.02
G4KAKA8LHZ33,0.06,2025-03-19,Paris 2023 Legends Sticker Capsule,,,44986149,True,02843d32-c2c5-4fa0-b895-77fb0f7c4176,2025-03-20,,SOLD,2025-04-06,17.0,0.09,0.09,0.08,0.02
GHD4663KWR3E,2.25,2025-01-03,Charm | That's Bananas,,01ab0ce1-9648-4339-bdec-e50717f14cbd,59895845,False,01ab0ce1-9648-4339-bdec-e50717f14cbd,2025-03-17,,SOLD,2025-04-07,93.0,0.08,2.89,2.46,0.41
GUTF3NF7SW0G,0.2,2025-03-20,Sticker | FaZe Clan (Glitter) | Copenhagen 2024,,,50448280,True,4ee71191-dbaa-4f39-b59d-5aa04edcf058,2025-03-21,,SOLD,2025-04-07,17.0,0.09,0.37,0.23,0.14
GTE936TAS944,2.52,2025-01-14,Sticker | Infinite Triangle (Holo),,,43562063,True,63c96191-1344-4868-aba3-c557dbdbe4fb,2025-01-16,,SOLD,2025-04-07,82.0,0.08,3.43,2.75,0.64
G2FKH2FZCU79,13.43,2025-03-10,Sticker Capsule 2,,,234,True,ded427dc-41bd-4207-b647-9e1e2426761a,2025-03-12,,SOLD,2025-04-08,28.0,0.08,14.49,14.61,-0.1
G5K6DG8PFLA8,0.99,2025-03-20,SSG 08 | Acid Fade (Factory New),0.65,2a5abf30-c33b-481e-9865-55ab4bceae18,59929966,False,2a5abf30-c33b-481e-9865-55ab4bceae18,2025-03-21,2025-03-25,SOLD,2025-04-08,18.0,0.09,1.62,1.1,0.48
G4H5W3D2U9WE,8.75,2025-03-15,AK-47 | Nightwish (Field-Tested),26.31,e6e92124-e1f0-4f7b-af61-642ba5c55ead,59891354,False,e6e92124-e1f0-4f7b-af61-642ba5c55ead,2025-03-16,2025-03-23,SOLD,2025-04-08,23.0,0.08,11.2,9.52,1.55
GHN2PR3079WL,2.25,2025-01-03,Charm | That's Bananas,,10f7f08b-2e8b-4e6e-b7ff-39688485e79f,59895841,False,10f7f08b-2e8b-4e6e-b7ff-39688485e79f,2025-03-17,,SOLD,2025-04-08,94.0,0.08,2.89,2.46,0.41
GE0F9S5G2K3L,0.87,2025-03-11,USP-S | Check Engine (Factory New),4.96,7aeedaaa-683b-4c51-853b-f7db5a4f001b,59735697,False,7aeedaaa-683b-4c51-853b-f7db5a4f001b,2025-03-12,2025-03-18,SOLD,2025-04-09,28.0,0.08,2.47,0.96,1.4
GD3HWHGE49W7,1.19,2025-03-13,Souvenir Glock-18 | High Beam (Factory New),3.46,f9178e3d-89b4-4242-a41c-9200de2f3699,59749128,False,f9178e3d-89b4-4242-a41c-9200de2f3699,2025-03-14,2025-03-20,SOLD,2025-04-10,27.0,0.08,2.16,1.3,0.8
GF54ECH39NKU,0.15,2025-03-10,Sticker | ECSTATIC (Glitter) | Copenhagen 2024,,,50925892,True,786f313d-5eff-47c9-bdbf-45008810e8ad,2025-03-12,,SOLD,2025-04-12,32.0,0.08,0.35,0.17,0.17
G5WG05Z4FDPF,0.15,2025-03-10,Sticker | ECSTATIC (Glitter) | Copenhagen 2024,,,50925892,True,ed9d8632-abc5-4161-a401-6da5f0895b17,2025-03-12,,SOLD,2025-04-12,32.0,0.08,0.35,0.17,0.17
GSN0ESP4PD59,0.15,2025-03-10,Sticker | ECSTATIC (Glitter) | Copenhagen 2024,,,50925892,True,74f6c3fa-0a7a-4f9a-919f-dfddbe844850,2025-03-12,,SOLD,2025-04-12,32.0,0.08,0.35,0.17,0.17
GNHLAKF58SSN,0.15,2025-03-10,Sticker | ECSTATIC (Glitter) | Copenhagen 2024,,,50925892,True,0333e215-af7b-4ec4-9f78-c08b5254052a,2025-03-12,,SOLD,2025-04-12,32.0,0.08,0.35,0.17,0.17
G3649AX3TH6C,0.15,2025-03-10,Sticker | ECSTATIC (Glitter) | Copenhagen 2024,,,50925892,True,b3b1c797-b96b-496b-9ef6-b795c0308daf,2025-03-12,,SOLD,2025-04-12,32.0,0.08,0.35,0.17,0.17
GW05T6N07E0U,0.5,2025-03-13,Galil AR | Firefight (Minimal Wear),11.71,a5f7d468-1c2a-403e-bcff-dd371f2bd45c,59749126,False,a5f7d468-1c2a-403e-bcff-dd371f2bd45c,2025-03-14,2025-03-20,SOLD,2025-04-12,29.0,0.08,1.18,0.55,0.59
GWSPNDHG5936,4.15,2025-03-01,M4A4 | Evil Daimyo (Factory New),5.51,7df50230-97d8-4c76-a3dc-1fc9ed483acb,59895796,False,7df50230-97d8-4c76-a3dc-1fc9ed483acb,2025-03-17,,SOLD,2025-04-13,42.0,0.08,10.74,4.52,5.73
GL2R6D98F8NX,9.58,2025-03-03,SSG 08 | Turbo Peek (Minimal Wear),14.64,729802e8-483c-4453-860b-cacdbcb7c3cb,59895829,False,729802e8-483c-4453-860b-cacdbcb7c3cb,2025-03-17,,SOLD,2025-04-13,40.0,0.08,15.13,10.42,4.34
GSGLRSCCAKE2,2.86,2025-02-26,FAMAS | Rapid Eye Movement (Minimal Wear),12.17,375f8f22-cbfe-49b9-9be8-9fffbe9328d2,59895833,False,375f8f22-cbfe-49b9-9be8-9fffbe9328d2,2025-03-17,,SOLD,2025-04-14,46.0,0.08,4.49,3.12,1.27
GULRUE2HWSGN,1.49,2024-12-24,Galil AR | Tuxedo (Factory New),6.82,a402b0d1-dd6f-47b5-9e52-207eaeaf5c2e,59895747,False,a402b0d1-dd6f-47b5-9e52-207eaeaf5c2e,2025-03-17,,SOLD,2025-04-14,110.0,0.08,2.33,1.63,0.65
GR9F6KX43LZH,0.15,2025-03-10,Sticker | ECSTATIC (Glitter) | Copenhagen 2024,,,50925892,True,66f1afae-e659-4f38-9fbe-c195d66ec37b,2025-03-12,,SOLD,2025-04-14,34.0,0.08,0.35,0.17,0.17
GAWGUF7A7RUR,0.15,2025-03-10,Sticker | ECSTATIC (Glitter) | Copenhagen 2024,,,50925892,True,a6ab8f9e-1fbf-4bf8-8091-70b5d6e641d0,2025-03-12,,SOLD,2025-04-14,34.0,0.08,0.35,0.17,0.17
G3NCZGCSXXZN,0.15,2025-03-10,Sticker | ECSTATIC (Glitter) | Copenhagen 2024,,,50925892,True,16ada2b7-e73c-49b3-a005-b2096935f74a,2025-03-12,,SOLD,2025-04-14,34.0,0.08,0.35,0.17,0.17
GX3TPZXGPZA4,0.15,2025-03-10,Sticker | ECSTATIC (Glitter) | Copenhagen 2024,,,50925892,True,18d719b3-73d0-43ef-b65e-1b41b39d5c15,2025-03-12,,SOLD,2025-04-14,34.0,0.08,0.35,0.17,0.17
GKSC7S54U8DG,4.51,2025-03-20,M4A4 | Evil Daimyo (Factory New),6.76,f9707fc1-5fe2-4f0e-a587-2851e87049c0,59929912,False,f9707fc1-5fe2-4f0e-a587-2851e87049c0,2025-03-21,2025-03-27,SOLD,2025-04-15,25.0,0.09,7.14,4.97,1.99
G8HND3H9NL3A,1.54,2025-03-18,Name Tag,,,1229920,True,2bdff002-f243-4453-a948-a5d2ee5cb547,2025-03-20,,SOLD,2025-04-15,27.0,0.09,1.97,1.7,0.25
G2TGP0CS606K,2.84,2025-02-28,FAMAS | Rapid Eye Movement (Minimal Wear),12.38,e31d6ac6-6aaa-4b64-a90d-5dd51c51011b,59895820,False,e31d6ac6-6aaa-4b64-a90d-5dd51c51011b,2025-03-17,,SOLD,2025-04-15,45.0,0.08,4.49,3.1,1.29
G7ZHFZARZRDK,10.61,2025-03-03,Cmdr. Mae 'Dead Cold' Jamison | SWAT,,63d0b513-87d7-4725-a821-b9caa0235676,59895839,False,63d0b513-87d7-4725-a821-b9caa0235676,2025-03-17,,SOLD,2025-04-16,43.0,0.08,13.28,11.54,1.61
GWTP2WN5RD9C,14.95,2025-02-21,"Music Kit | Knock2, dashstar*",,,41605242,True,4e24154b-5715-4dab-a006-68c94b314cca,2025-03-16,,SOLD,2025-04-16,53.0,0.08,15.42,16.26,-0.76
GRW9U65KD27N,10.98,2025-03-16,M4A4 | Desolate Space (Minimal Wear),12.33,3498a825-cf78-4422-ba23-5e4c29defd3b,59894137,False,3498a825-cf78-4422-ba23-5e4c29defd3b,2025-03-17,2025-03-23,SOLD,2025-04-16,30.0,0.08,18.97,11.95,6.47
GTCZ6X4P3KDC,0.96,2025-01-24,Sticker | Kawaii Eyes (Glitter),,,55364063,True,d5387c74-9a4c-4343-8fad-a6e172e64668,2025-03-17,,SOLD,2025-04-16,81.0,0.08,1.04,1.05,-0.0
GLCNGFTSDF0A,0.8,2025-02-03,Sticker | Bolt Strike,,,55436342,True,5320cb31-5689-45f1-a1bd-07fa5cf66c0a,2025-02-18,,SOLD,2025-04-17,72.0,0.07,0.5,0.87,-0.34
GSK0K2WH5620,0.95,2024-12-06,Sticker | Coiled Strike (Holo),,,29015796,True,940ab96b-3f56-40cf-800f-e32f0d26f17d,2024-12-09,,SOLD,2025-04-17,131.0,0.08,1.13,1.04,0.09
GL7UHLRXSZLF,2.26,2025-02-03,USP-S | Alpine Camo (Minimal Wear),14.3,f0463cae-1cca-4ca3-86e5-ff9fbc84dca8,59569164,False,f0463cae-1cca-4ca3-86e5-ff9fbc84dca8,2025-02-18,,SOLD,2025-04-17,72.0,0.07,2.46,2.44,0.03
G92K090NKN0A,0.15,2025-03-10,Sticker | ECSTATIC (Glitter) | Copenhagen 2024,,,50925892,True,9ee23a8b-d85b-4435-affd-cbc685bbb065,2025-03-12,,SOLD,2025-04-17,37.0,0.08,0.26,0.17,0.09
GPAGKTGZAG3L,0.15,2025-03-10,Sticker | ECSTATIC (Glitter) | Copenhagen 2024,,,50925892,True,441ac98b-4a8b-4760-886d-5e7e41fbf6b2,2025-03-12,,SOLD,2025-04-17,37.0,0.08,0.26,0.17,0.09
G8HUFG4WXFGL,0.15,2025-03-10,Sticker | ECSTATIC (Glitter) | Copenhagen 2024,,,50925892,True,901401cc-c3a0-4433-813d-e74339a4a3ae,2025-03-12,,SOLD,2025-04-17,37.0,0.08,0.26,0.17,0.09
G97G580EG6HC,0.15,2025-03-10,Sticker | ECSTATIC (Glitter) | Copenhagen 2024,,,50925892,True,0391eef2-b381-4efd-9965-c27ca14e52e0,2025-03-12,,SOLD,2025-04-17,37.0,0.08,0.26,0.17,0.09
GKASDPE4ED67,2.64,2025-03-12,M4A4 | Tooth Fairy (Field-Tested),21.92,b8189a3d-a0a4-4b1c-940e-9261753d0241,59749118,False,b8189a3d-a0a4-4b1c-940e-9261753d0241,2025-03-14,2025-03-20,SOLD,2025-04-17,35.0,0.08,2.97,2.88,0.09
GET5WW0R6HEL,0.15,2025-03-10,Sticker | ECSTATIC (Glitter) | Copenhagen 2024,,,50925892,True,32e5a63b-2617-4885-90b0-7022d3dae888,2025-03-12,,SOLD,2025-04-17,37.0,0.08,0.26,0.17,0.09
G3S8L65ZKAWC,0.15,2025-03-10,Sticker | ECSTATIC (Glitter) | Copenhagen 2024,,,50925892,True,9ed26cb9-d825-4778-99bd-e7a3f98bcd95,2025-03-12,,SOLD,2025-04-17,37.0,0.08,0.26,0.17,0.09
GKW8GA24G8EE,6.2,2025-03-16,AWP | Duality (Minimal Wear),8.39,d99ab7c7-1549-41c1-9634-3cae95022833,59894139,False,d99ab7c7-1549-41c1-9634-3cae95022833,2025-03-17,2025-03-23,SOLD,2025-04-17,31.0,0.08,6.61,6.75,-0.12
G3ULNCWXF2FT,11.28,2025-03-13,"Music Kit | Knock2, dashstar*",,,41605242,True,30f49ff0-1c0c-479c-b7fd-71a610cac143,2025-03-14,,SOLD,2025-04-17,34.0,0.08,14.52,12.27,2.08
GXP993PT5Z72,6.28,2025-03-10,AWP | Duality (Minimal Wear),9.33,23b4f34e-ea42-486b-9b1b-89139ecbb1b6,59735630,False,23b4f34e-ea42-486b-9b1b-89139ecbb1b6,2025-03-12,2025-03-16,SOLD,2025-04-17,37.0,0.08,6.4,6.84,-0.39
G9TN97WE2CDL,6.97,2025-02-21,Aspirant | Gendarmerie Nationale,,02200420-783c-48fa-9eb2-f65498c704b4,59895827,False,02200420-783c-48fa-9eb2-f65498c704b4,2025-03-17,,SOLD,2025-04-17,54.0,0.08,6.68,7.59,-0.82
G2U8EX9TLFDF,9.85,2025-02-27,SSG 08 | Turbo Peek (Minimal Wear),13.43,d0563c92-2432-4559-a309-60a3f45d40d8,59895767,False,d0563c92-2432-4559-a309-60a3f45d40d8,2025-03-17,,SOLD,2025-04-17,48.0,0.08,10.51,10.72,-0.18
G88ARKNDK630,0.39,2025-03-10,Sticker | Bolt Strike,,,55436342,True,14825241-09f2-473b-9872-e498a9f3920f,2025-03-12,,SOLD,2025-04-17,37.0,0.08,0.5,0.43,0.07
GWTSUNRFEUWE,2.58,2025-03-17,P250 | Asiimov (Field-Tested),30.35,954a1001-0a1b-47d2-aa2e-b12a303bd054,60986363,False,954a1001-0a1b-47d2-aa2e-b12a303bd054,2025-04-18,,SOLD,2025-04-17,30.0,0.08,3.36,2.82,0.51
GSTPH262WH25,6.19,2024-12-08,Charm | Die-cast AK,,66ed56d9-4f5c-402a-91b0-6264b396e766,57391406,False,66ed56d9-4f5c-402a-91b0-6264b396e766,2024-12-09,2024-12-13,SOLD,2025-04-17,129.0,0.08,6.63,6.74,-0.09
GFRXRT9HUDLD,11.0,2025-03-20,"Music Kit | Knock2, dashstar*",,,41605242,True,fda98a9c-bed0-4539-9479-aae1bbc248be,2025-04-18,,SOLD,2025-04-17,27.0,0.08,13.93,11.97,1.82
GNCXUN8RXHCK,3.13,2025-03-10,StatTrak™ M4A1-S | Night Terror (Minimal Wear),14.49,234c57fc-ca41-404c-b949-f5e148c946d9,59735682,False,234c57fc-ca41-404c-b949-f5e148c946d9,2025-03-12,2025-03-18,SOLD,2025-04-17,37.0,0.08,3.5,3.41,0.09
GCWTZUWP9ATW,6.19,2025-02-21,AWP | Duality (Minimal Wear),12.96,7901250e-bcb8-4c83-918c-48ef9385a5ee,59895834,False,7901250e-bcb8-4c83-918c-48ef9385a5ee,2025-03-17,,SOLD,2025-04-17,54.0,0.08,6.93,6.74,0.19
GXN8CEPD54CL,8.79,2025-03-20,AK-47 | Nightwish (Field-Tested),34.55,76bcfe55-c539-4373-b31e-22534687d512,60986354,False,76bcfe55-c539-4373-b31e-22534687d512,2025-04-18,,SOLD,2025-04-17,27.0,0.08,9.65,9.57,0.09
GWF7K46WD97R,2.24,2025-03-14,USP-S | Cortex (Field-Tested),30.31,4a9edcde-5e89-4eb8-a2c1-d48ed6563d20,59891345,False,4a9edcde-5e89-4eb8-a2c1-d48ed6563d20,2025-03-16,2025-03-22,SOLD,2025-04-17,33.0,0.08,3.48,2.45,0.96
GGPK2E46S90K,0.37,2025-03-10,Sticker | Bolt Strike,,,55436342,True,7cc03152-b0e3-4c89-bb46-07d62a30c06d,2025-03-12,,SOLD,2025-04-17,37.0,0.08,0.52,0.41,0.11
GPN5879LPCFW,2.3,2025-03-20,StatTrak™ M4A1-S | Emphorosaur-S (Field-Tested),35.68,f8a86205-6e0e-424c-9cdb-9586434e9c14,60986329,False,f8a86205-6e0e-424c-9cdb-9586434e9c14,2025-04-18,,SOLD,2025-04-17,27.0,0.08,2.59,2.51,0.08
GPW462T9LN4N,2.29,2025-01-24,Sticker | Natus Vincere (Holo) | Paris 2023,,,44994901,True,57dc0d94-777a-442f-b641-d4f19fd65ffe,2025-03-17,,SOLD,2025-04-17,82.0,0.08,1.21,2.5,-1.18
GHX056N04S3A,0.73,2025-03-20,Desert Eagle | Tilted (Minimal Wear),8.14,a6f2f788-af5a-489e-b72c-84e18d256cfd,60986351,False,a6f2f788-af5a-489e-b72c-84e18d256cfd,2025-04-18,,SOLD,2025-04-17,27.0,0.08,0.5,0.8,-0.27
GX9F4P433362,5.42,2025-02-21,AWP | Duality (Minimal Wear),11.12,ff9dea99-99e5-495f-a43f-fc5bdb7586d0,59895831,False,ff9dea99-99e5-495f-a43f-fc5bdb7586d0,2025-03-17,,SOLD,2025-04-17,54.0,0.08,6.94,5.9,0.96
GFEXNEXU05CC,1.16,2025-03-10,USP-S | Check Engine (Factory New),5.92,cc26ab4f-2771-488d-9da4-d5111bd136f2,59735696,False,cc26ab4f-2771-488d-9da4-d5111bd136f2,2025-03-12,2025-03-18,SOLD,2025-04-18,38.0,0.08,1.82,1.27,0.51
GR2FC7PACCSE,0.53,2025-03-10,USP-S | Check Engine (Minimal Wear),8.68,4994da57-d47c-4a5d-99b6-3214b3963f67,59735694,False,4994da57-d47c-4a5d-99b6-3214b3963f67,2025-03-12,2025-03-17,SOLD,2025-04-18,38.0,0.08,1.21,0.59,0.58
G2XL0P44H8NW,5.26,2025-02-17,AWP | Duality (Minimal Wear),13.01,25afb6c6-18d8-446a-a77e-3886481e2b6b,59569193,False,25afb6c6-18d8-446a-a77e-3886481e2b6b,2025-02-18,2025-02-25,SOLD,2025-04-18,59.0,0.07,6.01,5.67,0.33
GF2ZRN02K0WG,2.25,2025-01-03,Charm | That's Bananas,,c6f103fa-6336-42ad-af27-e1d2302744b0,59895877,False,c6f103fa-6336-42ad-af27-e1d2302744b0,2025-03-17,,SOLD,2025-04-18,104.0,0.08,2.11,2.46,-0.31
GL4K82HFARLC,1.02,2025-01-25,Sticker | Natus Vincere (Holo) | Paris 2023,,,44994901,True,76c61cee-f6aa-44a7-a8ad-559b5c2e8018,2025-03-17,,SOLD,2025-04-18,82.0,0.08,1.21,1.12,0.09
GPC80CCXZCE8,0.76,2025-01-16,Galil AR | Tuxedo (Minimal Wear),11.71,47320da2-a2b6-4d90-8f12-0948a2bff443,59895868,False,47320da2-a2b6-4d90-8f12-0948a2bff443,2025-03-17,,SOLD,2025-04-18,91.0,0.08,0.96,0.84,0.12
GL4HXK4F8ZCE,2.42,2025-03-15,P250 | Asiimov (Field-Tested),27.53,7891fdc3-25ff-4306-a8ab-51fd41936bc8,59891385,False,7891fdc3-25ff-4306-a8ab-51fd41936bc8,2025-03-16,2025-03-23,SOLD,2025-04-18,33.0,0.08,3.36,2.64,0.67
GAZTHKSNSA5X,0.14,2025-01-07,Sticker | Boom Blast (Glitter),,,55517817,True,0fa9bef3-c38d-4335-83b4-383aee03d21c,2025-03-17,,SOLD,2025-04-18,100.0,0.08,0.25,0.16,0.09
GZ66SHUUHP8X,0.14,2025-01-07,Sticker | Boom Blast (Glitter),,,55517817,True,1179dbb4-3a44-402d-8b13-13372f81fee9,2025-03-17,,SOLD,2025-04-18,100.0,0.08,0.25,0.16,0.09
GDWAGR73EWE3,0.14,2025-01-07,Sticker | Boom Blast (Glitter),,,55517817,True,fb4b19f7-f6ba-4be8-a24f-2a172ee927e4,2025-03-17,,SOLD,2025-04-18,100.0,0.08,0.25,0.16,0.09
G24SWGE74NTC,1.85,2025-01-15,Charm | That's Bananas,,641e4255-8879-4dd3-bd75-bdd6e44db134,59895880,False,641e4255-8879-4dd3-bd75-bdd6e44db134,2025-03-17,,SOLD,2025-04-18,92.0,0.08,2.11,2.02,0.09
GAXG4DLRXEXT,0.14,2025-01-07,Sticker | Boom Blast (Glitter),,,55517817,True,499f246f-55fc-4dd1-b9c4-9ed52246e4c8,2025-03-17,,SOLD,2025-04-18,100.0,0.08,0.25,0.16,0.09
GND0PD97W9HD,0.14,2025-01-07,Sticker | Boom Blast (Glitter),,,55517817,True,1f76c46c-027a-4b4e-a7a4-68cbac6825a4,2025-03-17,,SOLD,2025-04-18,100.0,0.08,0.25,0.16,0.09
G857G2SFHL3T,2.17,2025-02-02,USP-S | Alpine Camo (Minimal Wear),9.68,5fa77a96-5a88-4a7c-898e-fc63f3e92f73,59569175,False,5fa77a96-5a88-4a7c-898e-fc63f3e92f73,2025-02-18,,SOLD,2025-04-18,74.0,0.07,2.55,2.34,0.2
GGH4A3HW9GSX,0.84,2025-03-14,USP-S | Check Engine (Factory New),5.4,97b75c44-cafb-4b12-acb3-b5e74a472bb0,59891327,False,97b75c44-cafb-4b12-acb3-b5e74a472bb0,2025-03-16,2025-03-22,SOLD,2025-04-18,34.0,0.08,1.82,0.92,0.83
G9GSSDXD4TXZ,0.14,2025-01-07,Sticker | Boom Blast (Glitter),,,55517817,True,4dd944d4-fa04-4fb1-8a08-50e0a8090c8f,2025-03-17,,SOLD,2025-04-18,100.0,0.08,0.25,0.16,0.09
GD98G4FS8HT8,0.14,2025-01-07,Sticker | Boom Blast (Glitter),,,55517817,True,380ac656-a015-445f-81e7-95862755648d,2025-03-17,,SOLD,2025-04-18,100.0,0.08,0.25,0.16,0.09
GCF8LU0EKDH8,0.78,2025-01-09,Galil AR | Tuxedo (Minimal Wear),9.58,8eeb7c5c-2f1f-47c7-8b97-07c7766b315a,58672634,False,8eeb7c5c-2f1f-47c7-8b97-07c7766b315a,2025-01-16,,SOLD,2025-04-18,98.0,0.08,1.08,0.86,0.21
G5DFU30L6N3A,1.17,2025-03-13,Sticker | Natus Vincere (Holo) | Paris 2023,,,44994901,True,3a1190bb-df58-460a-ae42-d42eb0e3f02b,2025-03-16,,SOLD,2025-04-18,35.0,0.08,1.25,1.28,-0.02
GPCLUSRA663K,1.06,2025-01-24,Sticker | Natus Vincere (Holo) | Paris 2023,,,44994901,True,8c1f7b8c-c872-4451-9437-c50015b6289a,2025-03-17,,SOLD,2025-04-18,83.0,0.08,1.25,1.16,0.09
GA8KT8FAXPD0,1.98,2025-03-20,AWP | Duality (Field-Tested),35.96,250b1d55-3f22-4d5c-8783-915d1ecc5526,60986344,False,250b1d55-3f22-4d5c-8783-915d1ecc5526,2025-04-18,,SOLD,2025-04-18,28.0,0.08,2.3,2.16,0.14
GDK50ZA2NGG0,6.75,2025-03-10,AWP | Duality (Minimal Wear),14.6,561e42b0-a0a2-41ec-b0bf-801f32cfc8e0,59735632,False,561e42b0-a0a2-41ec-b0bf-801f32cfc8e0,2025-03-12,2025-03-11,SOLD,2025-04-18,38.0,0.08,7.35,7.35,0.01
GD03N432GUFT,1.02,2025-01-25,Sticker | Natus Vincere (Holo) | Paris 2023,,,44994901,True,c28a794f-a8c9-44ac-8ab3-ba22da5e8242,2025-03-17,,SOLD,2025-04-18,82.0,0.08,1.21,1.12,0.09
GTW3F2XC4AEX,3.83,2025-03-10,"Music Kit | The Verkkars, EZ4ENCE",,,23245588,True,5e3f79df-a29d-43fe-bcfc-3d58e1c2f3e1,2025-03-12,,SOLD,2025-04-18,38.0,0.08,4.42,4.17,0.24
GZR74CPX23N9,2.62,2025-03-17,StatTrak™ M4A1-S | Night Terror (Field-Tested),17.91,3dfcebdf-c986-40f5-a42f-0f31838f3f67,60986334,False,3dfcebdf-c986-40f5-a42f-0f31838f3f67,2025-04-18,,SOLD,2025-04-18,31.0,0.08,2.96,2.86,0.1
G8NT90A94NZX,3.03,2025-02-26,FAMAS | Rapid Eye Movement (Minimal Wear),14.07,6a545207-59eb-40d4-9a0d-07e04550484a,59895803,False,6a545207-59eb-40d4-9a0d-07e04550484a,2025-03-17,,SOLD,2025-04-18,50.0,0.08,3.35,3.3,0.05
GWTGSATKAR5E,6.0,2025-02-21,AK-47 | Crossfade (Factory New),6.07,52b82cef-89b3-42bb-bd59-a202e3f511e7,59895881,False,52b82cef-89b3-42bb-bd59-a202e3f511e7,2025-03-17,,SOLD,2025-04-19,56.0,0.08,4.8,6.53,-1.58
GSWAR568373P,0.45,2025-01-08,Sticker | Complexity Gaming (Holo) | Paris 2023,,,45572291,True,df2d3cb4-4300-4a96-895a-25128efb3c53,2025-03-17,,SOLD,2025-04-19,100.0,0.08,0.56,0.5,0.07
G4U4WW04C90Z,1.02,2025-01-25,Sticker | Natus Vincere (Holo) | Paris 2023,,,44994901,True,89e32722-d0da-488f-a346-32333970684b,2025-03-17,,SOLD,2025-04-19,83.0,0.08,1.37,1.12,0.24
G7769T5F9EGN,0.9,2025-01-15,Galil AR | Tuxedo (Minimal Wear),11.09,cb208def-600b-46a3-8b39-826c87a8702a,58672608,False,cb208def-600b-46a3-8b39-826c87a8702a,2025-01-16,,SOLD,2025-04-19,93.0,0.08,0.96,0.99,-0.02
GA3U4RGWC7U8,0.48,2024-12-31,Sticker | Complexity Gaming (Holo) | Paris 2023,,,45572291,True,28fe9cc5-a356-4c83-bebd-0daec7df4b96,2025-03-17,,SOLD,2025-04-19,108.0,0.08,0.56,0.53,0.04
G98N90NKDGCE,4.37,2025-03-03,M4A4 | Evil Daimyo (Factory New),4.48,bc021596-ce0e-4166-a14e-cf61fe6a1330,59895749,False,bc021596-ce0e-4166-a14e-cf61fe6a1330,2025-03-17,,SOLD,2025-04-19,46.0,0.08,4.74,4.76,-0.01
G467USEDPF5T,0.42,2025-01-03,Sticker | Complexity Gaming (Holo) | Paris 2023,,,45572291,True,2d7172e8-27b3-4559-98df-46721be36f08,2025-03-17,,SOLD,2025-04-19,105.0,0.08,0.56,0.47,0.1
G4TPUKZS8DA9,2.89,2025-03-10,FAMAS | ZX Spectron (Field-Tested),34.52,d859b573-66cf-4e01-8933-6abd0aa39767,59735668,False,d859b573-66cf-4e01-8933-6abd0aa39767,2025-03-12,2025-03-15,SOLD,2025-04-19,39.0,0.08,2.62,3.15,-0.48
GK4XEW8SW4ZR,0.14,2025-01-07,Sticker | Boom Blast (Glitter),,,55517817,True,1d59123a-5a99-4fb2-8067-206854ba6a9d,2025-03-17,,SOLD,2025-04-19,101.0,0.08,0.25,0.16,0.09
G5ATGGTEF2CD,1.06,2025-01-24,Sticker | Natus Vincere (Holo) | Paris 2023,,,44994901,True,ed1b9c42-13a5-4286-a7c7-4958f105b9ee,2025-03-17,,SOLD,2025-04-19,84.0,0.08,1.25,1.16,0.09
GN3UUN6DE54K,3.18,2025-03-10,"Music Kit | The Verkkars, EZ4ENCE",,,23245588,True,3da837ac-f7a4-4a51-b9d7-f3a54900f228,2025-03-12,,SOLD,2025-04-19,39.0,0.08,4.42,3.47,0.89
G0SCPTXDG3L2,2.91,2025-03-18,"Music Kit | The Verkkars & n0thing, Flashbang Dance",,,36870351,True,bf37bbea-e592-4abf-aaa7-2558068e25c8,2025-04-18,,SOLD,2025-04-19,31.0,0.08,5.34,3.17,2.0
G0W0H56PF4UD,0.43,2024-12-29,Sticker | Complexity Gaming (Holo) | Paris 2023,,,45572291,True,e292f2b2-a160-414d-9647-1a37e3b9715b,2025-03-17,,SOLD,2025-04-19,110.0,0.08,0.57,0.48,0.09
G84N7T408SXT,8.75,2025-03-10,Street Soldier | Phoenix,,dc86a612-8150-4042-b5d7-6961ca859b37,59735608,False,dc86a612-8150-4042-b5d7-6961ca859b37,2025-03-12,2025-03-14,SOLD,2025-04-19,39.0,0.08,7.92,9.52,-1.46
GL7328TPS8DL,0.55,2025-01-17,Sticker | Team Liquid (Holo) | Paris 2023,,,45016993,True,1f466d65-f3ee-433a-b902-a7b547149bb1,2025-03-17,,SOLD,2025-04-19,91.0,0.08,0.7,0.61,0.09
GW8S8L8C27SK,4.5,2025-03-20,Sticker | Bolt Charge (Foil),,,55478593,True,005f8c97-6da7-49ae-8f9c-84bdc5c28bd0,2025-04-18,,SOLD,2025-04-20,30.0,0.08,4.99,4.9,0.09
GF7GPALKUKKN,4.5,2025-03-20,Sticker | Bolt Charge (Foil),,,55478593,True,babdc404-1379-4760-8f49-b0a20a4a76b8,2025-04-18,,SOLD,2025-04-20,30.0,0.08,4.99,4.9,0.09
GZ9WNA6G2F9F,4.5,2025-03-20,Sticker | Bolt Charge (Foil),,,55478593,True,4dfdebf5-396c-4ede-8c94-30ad065fdd9a,2025-04-18,,SOLD,2025-04-20,30.0,0.08,4.99,4.9,0.09
G4TDTLDXFG80,3.2,2025-03-10,USP-S | Cyrex (Factory New),5.99,5cef1fd0-333f-42ff-8611-b90bd03f5280,59735642,False,5cef1fd0-333f-42ff-8611-b90bd03f5280,2025-03-12,2025-03-17,SOLD,2025-04-20,40.0,0.08,4.03,3.49,0.51
GPF8ZPP7C94L,12.0,2025-03-04,SSG 08 | Turbo Peek (Minimal Wear),12.49,698f9326-a426-4ad6-9d3f-48ebf4226158,59749390,False,698f9326-a426-4ad6-9d3f-48ebf4226158,2025-03-14,,SOLD,2025-04-20,46.0,0.08,13.4,13.05,0.33
GKW2D5HN6DAH,0.68,2025-03-15,Desert Eagle | Tilted (Minimal Wear),9.51,5662f2b7-fe32-48cd-a888-b59a85d19e99,59891361,False,5662f2b7-fe32-48cd-a888-b59a85d19e99,2025-03-16,2025-03-23,SOLD,2025-04-20,35.0,0.08,0.84,0.75,0.09
G3433AE4P5DP,0.39,2025-03-10,Sticker | Bolt Strike,,,55436342,True,ccf35b23-61c5-4070-955b-4b6caf226b02,2025-03-12,,SOLD,2025-04-20,40.0,0.08,0.52,0.43,0.09
GHUFH7H8T69L,0.39,2025-03-10,Sticker | Bolt Strike,,,55436342,True,b5879a45-c679-4b34-941a-1d860141ccb3,2025-03-12,,SOLD,2025-04-20,40.0,0.08,0.52,0.43,0.09
G20KT5TTN8H4,4.71,2025-04-20,M4A4 | Desolate Space (Field-Tested),26.33,49eebb55-709b-4dd2-a98a-e6f7cad926fd,61123074,False,49eebb55-709b-4dd2-a98a-e6f7cad926fd,2025-04-21,2025-04-28,SOLD,2025-04-20,0.0,0.08,7.39,5.13,2.09
GCK6NG0R5KGF,2.09,2024-12-24,Charm | That's Bananas,,53bb47f6-db88-40b2-b85d-117c4860ba13,59895745,False,53bb47f6-db88-40b2-b85d-117c4860ba13,2025-03-17,,SOLD,2025-04-20,116.0,0.08,2.38,2.28,0.1
GW0UP9LHUUH5,0.16,2024-12-20,Sticker | Boom Detonation (Glitter),,,55450510,True,22da9c65-d0d0-48ae-ab4e-697b27bb69da,2025-03-17,,SOLD,2025-04-20,120.0,0.08,0.26,0.18,0.08
GTSGZN9X7LKX,2.9,2025-03-14,P250 | Asiimov (Field-Tested),29.82,ee8f1ed4-a20e-4a5e-aa7f-36997c76bf7b,59891347,False,ee8f1ed4-a20e-4a5e-aa7f-36997c76bf7b,2025-03-16,2025-03-22,SOLD,2025-04-20,36.0,0.08,3.36,3.16,0.19
GWAH7DHAWW9P,1.7,2025-03-15,AWP | Mortis (Field-Tested),17.0,6d8b23ae-9f98-448f-bd8f-f92bc188916d,59891382,False,6d8b23ae-9f98-448f-bd8f-f92bc188916d,2025-03-16,2025-03-23,SOLD,2025-04-20,35.0,0.08,2.43,1.86,0.54
GGN7GNSFG6WN,2.6,2025-03-20,StatTrak™ M4A1-S | Night Terror (Field-Tested),26.99,b4ced280-2d9a-488d-89d2-4412115fbc05,60986339,False,b4ced280-2d9a-488d-89d2-4412115fbc05,2025-04-18,,SOLD,2025-04-20,30.0,0.08,2.96,2.84,0.12
G7Z5PW36HS5K,4.69,2025-03-05,M4A4 | Evil Daimyo (Factory New),6.97,7619404b-8718-4440-8611-06c8e69226ba,59895757,False,7619404b-8718-4440-8611-06c8e69226ba,2025-03-17,,SOLD,2025-04-21,46.0,0.08,4.85,5.11,-0.23
G7F5PFG2H6HL,6.97,2025-02-21,Aspirant | Gendarmerie Nationale,,74c42d94-3729-44c3-bb39-ebdb249e9d47,59895805,False,74c42d94-3729-44c3-bb39-ebdb249e9d47,2025-03-17,,SOLD,2025-04-21,58.0,0.08,7.02,7.59,-0.51
GTFFHFDSKFUT,2.14,2025-03-15,AWP | Mortis (Field-Tested),15.14,04725345-3ab7-4241-a143-41857f753a93,59894123,False,04725345-3ab7-4241-a143-41857f753a93,2025-03-17,2025-03-23,SOLD,2025-04-21,36.0,0.08,3.51,2.34,1.09
GG6X0KPD5N8E,0.81,2025-04-20,M4A1-S | Emphorosaur-S (Minimal Wear),11.96,87ec6fb7-a522-4ce4-b976-c2638fd752a7,61123061,False,87ec6fb7-a522-4ce4-b976-c2638fd752a7,2025-04-21,2025-04-27,SOLD,2025-04-21,0.0,0.08,1.33,0.89,0.41
GERNFG87GDDC,0.84,2025-03-14,USP-S | Check Engine (Factory New),5.25,6fdef436-9f15-4b9c-85ee-babbcd7c7e51,59891337,False,6fdef436-9f15-4b9c-85ee-babbcd7c7e51,2025-03-16,2025-03-22,SOLD,2025-04-21,37.0,0.08,1.82,0.92,0.83
G4PX6XSERFD4,4.13,2025-03-10,StatTrak™ M4A1-S | Night Terror (Minimal Wear),7.24,7350efe1-2090-4da1-91ff-5c699f59dd5e,59735638,False,7350efe1-2090-4da1-91ff-5c699f59dd5e,2025-03-12,2025-03-18,SOLD,2025-04-21,41.0,0.08,4.59,4.5,0.09
G4XEWE83DS27,12.54,2025-03-04,SSG 08 | Turbo Peek (Minimal Wear),13.64,602baf10-258c-47d2-815d-0aba83673dc7,59749391,False,602baf10-258c-47d2-815d-0aba83673dc7,2025-03-14,,SOLD,2025-04-21,47.0,0.08,12.49,13.64,-1.05
GG4563S5GF25,4.5,2025-03-20,Sticker | Bolt Charge (Foil),,,55478593,True,734134a1-20a5-4b8f-bd52-8efb7220971c,2025-04-18,,SOLD,2025-04-21,31.0,0.08,4.99,4.9,0.09
G8GK73N7WD7X,0.36,2025-04-20,Glock-18 | Candy Apple (Minimal Wear),8.5,b91263c2-cd5a-4ead-8b26-394289e6146b,61123073,False,b91263c2-cd5a-4ead-8b26-394289e6146b,2025-04-21,2025-04-28,SOLD,2025-04-21,0.0,0.08,0.93,0.4,0.5
G687RPZ6U5G3,4.5,2025-03-20,Sticker | Bolt Charge (Foil),,,55478593,True,e8c2b3d2-ba16-4c6a-a068-47ac0ceca4b7,2025-04-18,,SOLD,2025-04-21,31.0,0.08,4.99,4.9,0.09
GZ4DT9PLZPSN,4.5,2025-03-20,Sticker | Bolt Charge (Foil),,,55478593,True,eaf9bd81-e962-488e-807d-21acf9ae7964,2025-04-18,,SOLD,2025-04-21,31.0,0.08,4.99,4.9,0.09
GX0SL5ND722F,4.5,2025-03-20,Sticker | Bolt Charge (Foil),,,55478593,True,9c2914cf-73f3-4321-aa52-fcb331908dff,2025-04-18,,SOLD,2025-04-21,31.0,0.08,4.99,4.9,0.09
GLC5FGZNPHC7,4.5,2025-03-20,Sticker | Bolt Charge (Foil),,,55478593,True,cf9d7aa0-ba63-4bda-bbb3-e0e056283512,2025-04-18,,SOLD,2025-04-21,31.0,0.08,4.99,4.9,0.09
GWW3CN7TLSPC,8.74,2025-03-10,Desert Eagle | Conspiracy (Factory New),5.35,919f792f-de66-49fa-9a0b-5e4c5ff166f9,59735622,False,919f792f-de66-49fa-9a0b-5e4c5ff166f9,2025-03-12,2025-03-18,SOLD,2025-04-22,42.0,0.08,9.6,9.51,0.09
G8AU2FZ3EN3A,2.29,2025-03-20,StatTrak™ M4A1-S | Emphorosaur-S (Field-Tested),35.04,bc89e2ca-c9e0-4652-9d03-b0c6b3f4b9a0,60986337,False,bc89e2ca-c9e0-4652-9d03-b0c6b3f4b9a0,2025-04-18,,SOLD,2025-04-22,32.0,0.08,2.6,2.5,0.1
GN2LK0S929N2,1.33,2024-12-24,Galil AR | Tuxedo (Factory New),6.72,710a8881-21dd-4753-80b2-244588c33e32,59895746,False,710a8881-21dd-4753-80b2-244588c33e32,2025-03-17,,SOLD,2025-04-22,118.0,0.08,2.02,1.46,0.53
G87PPERER8CT,1.41,2025-03-20,Desert Eagle | Light Rail (Minimal Wear),10.79,9c72d2fb-7ada-4363-944f-45aa4c0e2f0e,60986326,False,9c72d2fb-7ada-4363-944f-45aa4c0e2f0e,2025-04-18,,SOLD,2025-04-22,32.0,0.08,1.63,1.54,0.09
GPR80HXX8E8F,6.88,2025-01-03,Sticker | Dragon Lore (Foil),,,6117158,True,ea82823e-c7e4-48c7-84d0-032d03795ed1,2025-03-17,,SOLD,2025-04-22,108.0,0.08,7.58,7.49,0.09
GCRC3PZUZXF5,0.18,2025-04-20,SG 553 | Ol' Rusty (Factory New),6.88,ff8080cc-7eb0-48d7-8b75-2f7129b4b1f3,61123078,False,ff8080cc-7eb0-48d7-8b75-2f7129b4b1f3,2025-04-21,2025-04-28,SOLD,2025-04-22,1.0,0.08,0.36,0.21,0.15
GLDUZAAK9X3W,1.24,2024-12-07,Sticker | Cloud9 (Glitter) | Copenhagen 2024,,,50406212,True,57fd5fba-8cd2-40e7-8171-6f65ade9e3ca,2025-04-18,,SOLD,2025-04-22,135.0,0.08,0.82,1.36,-0.49
GRH5WPC6WNKT,11.88,2025-04-19,AK-47 | Ice Coaled (Factory New),5.88,928cfe7c-0cef-4017-ba67-383fc71b5a38,61123060,False,928cfe7c-0cef-4017-ba67-383fc71b5a38,2025-04-21,2025-04-27,SOLD,2025-04-22,2.0,0.08,14.46,12.92,1.42
GR4SW5CER57A,1.24,2024-12-07,Sticker | Cloud9 (Glitter) | Copenhagen 2024,,,50406212,True,cb0ccc5c-7cd6-4676-9fc9-b4ba2bbd1dfd,2025-04-18,,SOLD,2025-04-22,135.0,0.08,0.82,1.36,-0.49
GKHGDGCWKADN,3.5,2025-03-20,Sticker | Winding Scorch (Foil),,,55450345,True,43b06036-b556-47da-98c5-7190a24f8068,2025-04-18,,SOLD,2025-04-23,33.0,0.08,4.59,3.82,0.72
GHS2C0FW7ESF,3.5,2025-03-20,Sticker | Winding Scorch (Foil),,,55450345,True,97daf2e1-59ce-45ee-b55b-4f17645ad257,2025-04-18,,SOLD,2025-04-23,33.0,0.08,4.59,3.82,0.72
GX2LXHKFEHTU,2.0,2025-03-18,Sticker | Winding Scorch (Foil),,,55450345,True,30598feb-c148-48d9-91de-7f39f84bec1e,2025-04-18,,SOLD,2025-04-23,35.0,0.08,4.59,2.18,2.22
G4EL9KEUK6H9,2.82,2025-03-18,Sticker | Winding Scorch (Foil),,,55450345,True,6428c44c-6104-4c86-a6b1-258f6473e5cc,2025-04-18,,SOLD,2025-04-23,35.0,0.08,4.59,3.08,1.4
G97WTAPERCF5,3.5,2025-03-20,Sticker | Winding Scorch (Foil),,,55450345,True,8ee75874-a92a-4954-9a21-4593d36757b4,2025-04-18,,SOLD,2025-04-23,33.0,0.08,4.59,3.82,0.72
G4FHALRLG434,9.2,2025-03-15,AK-47 | Ice Coaled (Minimal Wear),9.91,c5949d29-7f05-4e90-8823-2ae6b2b66439,59891364,False,c5949d29-7f05-4e90-8823-2ae6b2b66439,2025-03-16,2025-03-23,SOLD,2025-04-23,38.0,0.08,10.1,10.01,0.09
GGTT7992WRA9,41.33,2025-04-15,Desert Eagle | Printstream (Minimal Wear),8.64,23b3fabf-a4fe-4334-a66e-5d649580ed43,60986272,False,23b3fabf-a4fe-4334-a66e-5d649580ed43,2025-04-18,2025-04-22,SOLD,2025-04-23,7.0,0.08,49.28,44.93,4.01
GFGREZXGXR26,2.53,2025-03-17,M4A4 | Evil Daimyo (Minimal Wear),14.79,7578bc98-8943-4f96-a94b-9e0dec4cbd15,60986365,False,7578bc98-8943-4f96-a94b-9e0dec4cbd15,2025-04-18,,SOLD,2025-04-23,36.0,0.08,3.84,2.76,1.0
G28N86LPTTWE,3.5,2025-03-20,Sticker | Winding Scorch (Foil),,,55450345,True,ef6f9d67-4f60-4fbb-b7d3-259ef5f98279,2025-04-18,,SOLD,2025-04-23,33.0,0.08,4.59,3.82,0.72
G6WS3AEH2D0Z,1.47,2025-04-20,Name Tag,,,1229920,True,f4e87541-bd3f-492a-9c67-7d8e8d15af46,2025-04-21,,SOLD,2025-04-24,3.0,0.08,1.97,1.61,0.34
GP0KFDE7SWU2,0.42,2025-01-12,Sticker | Vitality (Holo) | Paris 2023,,,45017001,True,991b0706-c483-489d-872f-f7880b2ead35,2025-01-16,,SOLD,2025-04-24,101.0,0.08,0.75,0.47,0.27
GZCR7E39WTEN,0.75,2025-01-16,M4A1-S | Wash me plz (Factory New),6.82,b6dcd9e4-f797-4264-b53b-d251463ce2d8,59895872,False,b6dcd9e4-f797-4264-b53b-d251463ce2d8,2025-03-17,,SOLD,2025-04-24,97.0,0.08,0.57,0.83,-0.23
GE8L9SUSX3L0,0.42,2025-01-09,Sticker | Vitality (Holo) | Paris 2023,,,45017001,True,84880d44-52ce-4960-a6a5-5fbd2805d910,2025-01-16,,SOLD,2025-04-24,104.0,0.08,0.75,0.47,0.27
GKAXX74E0P3H,0.54,2024-12-24,Sticker | Vitality (Holo) | Paris 2023,,,45017001,True,e1688748-7a15-448b-b22b-cc89fbbc75b4,2025-03-17,,SOLD,2025-04-24,120.0,0.08,0.75,0.6,0.15
G05X9E55D3DE,0.3,2025-04-19,USP-S | Ticket to Hell (Field-Tested),17.06,521fe6bd-368f-4be9-b98d-0fffc56e8d12,61123058,False,521fe6bd-368f-4be9-b98d-0fffc56e8d12,2025-04-21,2025-04-27,SOLD,2025-04-24,4.0,0.08,0.44,0.34,0.1
GGLUGHN6X8T6,1.18,2024-12-26,Sticker | s1mple (Holo) | Stockholm 2021,,,36899081,True,83443d6e-8c9e-4429-956e-79e4f8f24848,2025-03-17,,SOLD,2025-04-24,118.0,0.08,1.23,1.29,-0.05
G7CW6PF066TD,0.42,2025-01-07,Sticker | Imperial Esports (Holo) | Copenhagen 2024,,,51555376,True,1297ecd5-2e11-419a-858a-561ca6f8ddb9,2025-04-18,,SOLD,2025-04-24,106.0,0.08,0.56,0.47,0.1
GGT87ES97RXN,3.08,2025-03-20,StatTrak™ M4A1-S | Night Terror (Field-Tested),30.42,0f8cce7c-6ebe-4480-aed2-988fe59d3719,60986333,False,0f8cce7c-6ebe-4480-aed2-988fe59d3719,2025-04-18,,SOLD,2025-04-24,34.0,0.08,2.93,3.36,-0.38
G7AS9SH8SH4E,1.0,2025-04-19,Glock-18 | Candy Apple (Factory New),2.91,6c387ab0-ef10-4291-95f5-2873d9517244,61123053,False,6c387ab0-ef10-4291-95f5-2873d9517244,2025-04-21,2025-04-27,SOLD,2025-04-24,4.0,0.08,1.66,1.1,0.53
GCU4R2KHLX6P,0.73,2025-01-06,Sticker | Imperial Esports (Holo) | Copenhagen 2024,,,51555376,True,290fa545-c00e-4f1d-9f20-db2fd5b1f2a9,2025-04-18,,SOLD,2025-04-24,107.0,0.08,0.89,0.8,0.09
G9ZKAS945P6N,0.55,2025-01-09,Sticker | Fnatic (Holo) | Paris 2023,,,45094590,True,dca5b43e-69bd-4802-8586-90e7507e8294,2025-01-16,,SOLD,2025-04-25,105.0,0.08,0.66,0.61,0.06
G7RT5G44GFZS,3.08,2025-03-20,StatTrak™ M4A1-S | Night Terror (Field-Tested),23.35,839d84b5-c02e-4031-a377-60df97f43919,60986364,False,839d84b5-c02e-4031-a377-60df97f43919,2025-04-18,,SOLD,2025-04-25,35.0,0.08,3.45,3.36,0.09
GE8WHNG9NX9G,0.55,2025-01-11,Sticker | Fnatic (Holo) | Paris 2023,,,45094590,True,ee0f2f2b-0d38-4a42-8750-a7ee2afedaea,2025-01-16,,SOLD,2025-04-25,103.0,0.08,0.66,0.61,0.06
GUC7UXC46SK7,3.08,2025-03-20,StatTrak™ M4A1-S | Night Terror (Field-Tested),18.28,99315900-032a-4fd1-98a2-f4853178f823,60986330,False,99315900-032a-4fd1-98a2-f4853178f823,2025-04-18,,SOLD,2025-04-25,35.0,0.08,3.27,3.36,-0.07
GNDZ95UNKCTC,0.55,2025-01-09,Sticker | Fnatic (Holo) | Paris 2023,,,45094590,True,6df7e295-0070-4628-9107-d89e8f55d4bb,2025-01-16,,SOLD,2025-04-25,105.0,0.08,0.66,0.61,0.06
GT73766RPAF8,0.15,2024-12-20,Sticker | Boom Detonation (Glitter),,,55450510,True,d604c176-401b-438b-a932-bdb3979b48c2,2025-03-17,,SOLD,2025-04-25,125.0,0.08,0.26,0.17,0.09
GDT0H948KTXU,0.55,2025-01-09,Sticker | Fnatic (Holo) | Paris 2023,,,45094590,True,6767d2da-11bb-48c2-8ab5-e6d61b3fabae,2025-01-16,,SOLD,2025-04-25,105.0,0.08,0.66,0.61,0.06
G9E8HPHES73G,1.05,2024-12-12,Sticker | Cloud9 (Glitter) | Copenhagen 2024,,,50406212,True,f77c54b0-6a50-499c-8339-8b0d99bb827b,2025-04-18,,SOLD,2025-04-25,133.0,0.08,0.82,1.15,-0.3
GNUX8EF97HW4,0.42,2024-12-30,Sticker | Complexity Gaming (Holo) | Paris 2023,,,45572291,True,4906e388-6e92-4620-a3c4-1ebef88668e4,2025-03-17,,SOLD,2025-04-25,115.0,0.08,0.62,0.47,0.15
GF5C76RN64LX,1.24,2024-12-07,Sticker | Cloud9 (Glitter) | Copenhagen 2024,,,50406212,True,45894937-675d-403e-bf62-1e7655bbf473,2025-04-18,,SOLD,2025-04-25,138.0,0.08,0.82,1.36,-0.49
GG5WRF9RGFZP,0.3,2025-04-19,USP-S | Ticket to Hell (Field-Tested),33.03,507e723b-27d7-4f18-8355-f824b32660aa,61123057,False,507e723b-27d7-4f18-8355-f824b32660aa,2025-04-21,2025-04-27,SOLD,2025-04-25,5.0,0.08,0.44,0.34,0.1
GUTNSUT7AKN2,0.19,2024-12-25,Sticker | Boom Detonation (Glitter),,,55450510,True,33a8b3c8-759f-4d07-b128-a400d5682cea,2025-03-17,,SOLD,2025-04-25,120.0,0.08,0.26,0.22,0.05
G46TUW8PSUZT,0.3,2025-04-19,USP-S | Ticket to Hell (Field-Tested),26.99,6daefb7e-b7ec-4924-91ee-0c89d45a53bb,61123056,False,6daefb7e-b7ec-4924-91ee-0c89d45a53bb,2025-04-21,2025-04-27,SOLD,2025-04-25,5.0,0.08,0.44,0.34,0.1
G4WHHKNGT8HS,0.42,2024-12-30,Sticker | Complexity Gaming (Holo) | Paris 2023,,,45572291,True,7240ae0e-815d-4e0e-a8a9-eec643e6ae0e,2025-03-17,,SOLD,2025-04-25,115.0,0.08,0.59,0.47,0.12
G72ENRF3402U,0.3,2025-04-19,USP-S | Ticket to Hell (Field-Tested),27.95,be17de03-e1df-40d4-8da8-8275fb4b39c8,61123052,False,be17de03-e1df-40d4-8da8-8275fb4b39c8,2025-04-21,2025-04-27,SOLD,2025-04-25,5.0,0.08,0.44,0.34,0.1
GZH5WTKHU38T,1.05,2024-12-12,Sticker | Cloud9 (Glitter) | Copenhagen 2024,,,50406212,True,f601f13b-749c-4c6a-a557-87de5a5f7162,2025-04-18,,SOLD,2025-04-25,133.0,0.08,0.82,1.15,-0.3
GPGULR20N9W6,0.19,2024-12-25,Sticker | Boom Detonation (Glitter),,,55450510,True,4ae60b2b-0384-4b0a-a02b-71f57ed92da5,2025-03-17,,SOLD,2025-04-25,120.0,0.08,0.26,0.22,0.05
GWT7NTD29P7C,1.5,2025-02-02,Glock-18 | Moonrise (Factory New),6.17,7edd078c-0b9d-49c9-a979-eeb3765d60de,59569204,False,7edd078c-0b9d-49c9-a979-eeb3765d60de,2025-02-18,,SOLD,2025-04-25,81.0,0.07,2.78,1.62,1.09
GCAKD9TGDT7R,7.6,2025-03-03,StatTrak™ USP-S | Ticket to Hell (Factory New),6.62,a526e7b6-ee82-4c60-9595-71055859c5d0,59895768,False,a526e7b6-ee82-4c60-9595-71055859c5d0,2025-03-17,,SOLD,2025-04-26,53.0,0.08,7.43,8.27,-0.76
G27N6ZLKDF4U,5.26,2025-04-20,Michael Syfers  | FBI Sniper,,c4bced65-5a25-4125-ba86-3f849ede389d,61123075,False,c4bced65-5a25-4125-ba86-3f849ede389d,2025-04-21,2025-04-28,SOLD,2025-04-26,5.0,0.08,6.56,5.73,0.78
G0LHXFSZ4K37,1.45,2025-04-20,Fever Case,,,60568638,True,e5a2e088-f5a1-48f6-abfc-a8c322093c3f,2025-04-21,,SOLD,2025-04-26,5.0,0.08,1.12,1.59,-0.42
GRGRH7K57UCN,0.28,2025-01-04,Sticker | Scorch Loop,,,55368025,True,ba0f18ff-3bba-4441-b3ae-385d35a87814,2025-01-06,,SOLD,2025-04-26,111.0,0.1,0.37,0.32,0.05
GH6WK2AL2PHD,0.51,2025-03-15,MAG-7 | SWAG-7 (Minimal Wear),8.05,3b7ea9b6-1e72-4f61-9259-cad8d17ac93b,59891384,False,3b7ea9b6-1e72-4f61-9259-cad8d17ac93b,2025-03-16,2025-03-23,SOLD,2025-04-26,41.0,0.08,2.09,0.57,1.41
GU6494FL5FHC,9.5,2025-03-20,AK-47 | Head Shot (Field-Tested),29.43,b47ecfc2-1b4f-4f14-a3cb-746a8755335e,60986341,False,b47ecfc2-1b4f-4f14-a3cb-746a8755335e,2025-04-18,,SOLD,2025-04-26,36.0,0.08,10.43,10.34,0.1
G3CWPWKS7FSD,0.19,2024-12-31,Sticker | Boom Detonation (Glitter),,,55450510,True,190ca230-308d-4c6a-8457-819af69e9408,2025-03-17,,SOLD,2025-04-27,116.0,0.08,0.31,0.22,0.1
GUL96FD7N0HE,0.15,2025-01-04,Sticker | Boom Detonation (Glitter),,,55450510,True,d9114089-97cf-4d1b-bd69-8ff3fa498d81,2025-03-17,,SOLD,2025-04-27,112.0,0.08,0.31,0.17,0.14
GF9LH2C3WSXX,0.15,2024-12-20,Sticker | Boom Detonation (Glitter),,,55450510,True,dce1e8f4-5f9c-450e-b848-389a2bf368fc,2025-03-17,,SOLD,2025-04-27,127.0,0.08,0.3,0.17,0.13
GHPXEUHW4SA5,2.22,2025-02-11,FAMAS | ZX Spectron (Field-Tested),31.44,c8412b51-a89b-475e-86ca-786067972e0a,59548542,False,c8412b51-a89b-475e-86ca-786067972e0a,2025-02-16,2025-02-19,SOLD,2025-04-27,74.0,0.07,2.74,2.4,0.33
G6UZNEDR2X66,7.97,2025-03-03,StatTrak™ USP-S | Ticket to Hell (Factory New),6.61,e3b808d7-3960-437a-b27b-deeca2bab328,59895752,False,e3b808d7-3960-437a-b27b-deeca2bab328,2025-03-17,,SOLD,2025-04-27,54.0,0.08,8.36,8.67,-0.28
G0RKACP2LAT8,1.12,2025-04-19,Stockholm 2021 Contenders Sticker Capsule,,,36642167,True,5b0e467c-2797-44cd-8e08-c2d06b751f7b,2025-04-21,,SOLD,2025-04-27,7.0,0.08,1.47,1.23,0.23
GARNFCLNUSUS,0.55,2025-01-09,Sticker | Fnatic (Holo) | Paris 2023,,,45094590,True,7ca14850-598b-4aef-8fc2-bf82715e1493,2025-01-16,,SOLD,2025-04-27,107.0,0.08,0.7,0.61,0.09
G8XLHF9XZZG3,0.55,2025-01-29,Desert Eagle | Tilted (Field-Tested),25.79,30ec3a82-2a5c-42f1-a3e3-3a95c0654622,59895801,False,30ec3a82-2a5c-42f1-a3e3-3a95c0654622,2025-03-17,,SOLD,2025-04-27,87.0,0.08,0.31,0.61,-0.26
GUEKKUWPKSND,0.55,2025-01-09,Sticker | Fnatic (Holo) | Paris 2023,,,45094590,True,3986dfbc-f417-4964-91ab-61f725a6d45b,2025-01-16,,SOLD,2025-04-27,107.0,0.08,0.7,0.61,0.09
GGS03CZRL509,0.55,2025-01-11,Sticker | Fnatic (Holo) | Paris 2023,,,45094590,True,7055d359-0a98-4fec-ab79-e1e027cebd02,2025-01-16,,SOLD,2025-04-27,105.0,0.08,0.68,0.61,0.08
GZ20KR6D7Z02,0.64,2025-04-19,USP-S | Ticket to Hell (Minimal Wear),10.54,22bf7363-64be-475c-9d9f-781b82fcbdd0,61123049,False,22bf7363-64be-475c-9d9f-781b82fcbdd0,2025-04-21,2025-04-27,SOLD,2025-04-27,7.0,0.08,0.91,0.71,0.2
GU9LRR0PFW28,0.18,2024-12-25,Sticker | Boom Detonation (Glitter),,,55450510,True,347331f4-75bb-4010-a613-eba9edebca19,2025-03-17,,SOLD,2025-04-27,122.0,0.08,0.31,0.21,0.11
G7H98DGRR2FR,1.3,2024-11-13,Sticker | Coiled Strike (Holo),,,29015796,True,01763a34-990d-4221-8fbf-15c7da57dc6e,2024-11-15,,SOLD,2025-04-28,165.0,0.08,1.51,1.42,0.09
GPW9ADCL5E6P,0.5,2025-01-06,Sticker | Fnatic (Holo) | Paris 2023,,,45094590,True,36aa44e6-f32b-4606-a814-63415f2b8720,2025-03-17,,SOLD,2025-04-28,111.0,0.08,0.7,0.55,0.14
GE57H3K3PSH6,1.18,2024-12-07,Sticker | Coiled Strike (Holo),,,29015796,True,f37b1482-5374-4585-ab01-fa53132fa436,2024-12-09,,SOLD,2025-04-28,141.0,0.08,1.36,1.29,0.07
GNUEEHXA82D3,0.95,2024-12-06,Sticker | Coiled Strike (Holo),,,29015796,True,84cb78ab-e9a2-4a1d-97ef-adc63d623f1f,2024-12-09,,SOLD,2025-04-28,142.0,0.08,1.13,1.04,0.09
GSHRHZT2SAP4,0.48,2024-12-30,Sticker | Fnatic (Holo) | Paris 2023,,,45094590,True,0a2f0fd0-976c-471d-b1d2-ad5dedebf92b,2025-03-17,,SOLD,2025-04-28,118.0,0.08,0.7,0.53,0.16
G8KZHNUKG85E,0.53,2024-12-31,Sticker | Fnatic (Holo) | Paris 2023,,,45094590,True,2dbfb91e-3869-42cf-a447-127fbf401e90,2025-03-17,,SOLD,2025-04-28,117.0,0.08,0.7,0.59,0.11
GZ3N74T36E3D,0.48,2024-12-30,Sticker | Fnatic (Holo) | Paris 2023,,,45094590,True,dfdc253d-df4c-46ad-ab36-6f60ef655866,2025-03-17,,SOLD,2025-04-28,118.0,0.08,0.7,0.53,0.16
GP98K5D2L9LS,0.48,2024-12-30,Sticker | Fnatic (Holo) | Paris 2023,,,45094590,True,093e5ef1-a2eb-45bc-bd96-ad71896f078e,2025-03-17,,SOLD,2025-04-28,118.0,0.08,0.7,0.53,0.16
GHSHPET9TE45,1.16,2024-12-07,Sticker | Coiled Strike (Holo),,,29015796,True,9daf7122-248d-43e8-abd7-1ed6f12fb0b2,2024-12-09,,SOLD,2025-04-28,141.0,0.08,1.38,1.27,0.11
G8FR2L2FRTP5,1.44,2025-04-20,Fever Case,,,60568638,True,bc36fc9d-bd8c-4f65-91d1-a84aac7f72e3,2025-04-21,,SOLD,2025-04-28,7.0,0.08,1.34,1.58,-0.21
G607RZTE7C9H,0.05,2025-04-15,Sticker | Vitality (Glitter) | Copenhagen 2024,,,50317528,True,7fb88d92-9331-46ba-af03-edcf205fc187,2025-04-18,,SOLD,2025-04-28,12.0,0.08,0.23,0.07,0.16
GK0GAGNK2AHT,0.05,2025-04-15,Sticker | Vitality (Glitter) | Copenhagen 2024,,,50317528,True,31932ab5-98b9-467f-a3ff-936dc60771a7,2025-04-18,,SOLD,2025-04-28,12.0,0.08,0.23,0.07,0.16
GCLD8TN93ATF,0.6,2025-01-24,M4A1-S | Wash me plz (Factory New),2.99,69e58e37-90ea-4907-8e2e-2d11d8c4acea,59895882,False,69e58e37-90ea-4907-8e2e-2d11d8c4acea,2025-03-17,,SOLD,2025-04-28,93.0,0.08,0.57,0.66,-0.08
GLLGURFCCRPE,1.44,2025-04-20,Fever Case,,,60568638,True,3166fe56-c007-48b0-aa1b-b8e0b950ce8a,2025-04-21,,SOLD,2025-04-28,7.0,0.08,1.15,1.58,-0.38
G0T66KNCDR4E,1.44,2025-04-20,Fever Case,,,60568638,True,804a4226-f584-46a8-9c69-0581a502c295,2025-04-21,,SOLD,2025-04-28,7.0,0.08,1.2,1.58,-0.34
GAL3NXCSK9KN,1.44,2025-04-20,Fever Case,,,60568638,True,b9d97dbf-841c-4e42-b1ee-4cc196a37112,2025-04-21,,SOLD,2025-04-28,7.0,0.08,1.25,1.58,-0.29
G05A5L806A58,1.44,2025-04-20,Fever Case,,,60568638,True,c200dbd8-b69d-4505-83c9-1b2b5e78c960,2025-04-21,,SOLD,2025-04-28,7.0,0.08,1.34,1.58,-0.21
GFDT5A5CNSEA,1.44,2025-04-20,Fever Case,,,60568638,True,3a95a283-47d3-4d38-b500-af0be4d7d967,2025-04-21,,SOLD,2025-04-28,7.0,0.08,1.34,1.58,-0.21
G3K9459WLD4H,1.44,2025-04-20,Fever Case,,,60568638,True,0b1afb50-c777-40d6-a45a-5f90d564206b,2025-04-21,,SOLD,2025-04-28,7.0,0.08,1.34,1.58,-0.21
G73RN9UZ3LNP,0.55,2025-01-11,Sticker | Fnatic (Holo) | Paris 2023,,,45094590,True,ea949fc8-65ef-486d-b91c-45fe6b210907,2025-01-16,,SOLD,2025-04-28,106.0,0.08,0.7,0.61,0.09
GA6CF258NKAN,0.55,2025-01-11,Sticker | Fnatic (Holo) | Paris 2023,,,45094590,True,0c0e9d62-0ca5-4110-ae3c-f18e8f266ad4,2025-01-16,,SOLD,2025-04-28,106.0,0.08,0.7,0.61,0.09
GTAF6D059URP,1.44,2025-04-20,Fever Case,,,60568638,True,c6a9456e-0e90-4f7b-9d68-c8de1c3d8383,2025-04-21,,SOLD,2025-04-28,7.0,0.08,1.34,1.58,-0.21
GU5NZ5093LUH,1.44,2025-04-20,Fever Case,,,60568638,True,b3669003-0fe2-43a4-8aa8-369b0f086704,2025-04-21,,SOLD,2025-04-28,7.0,0.08,1.34,1.58,-0.21
G6FK35D2CZD7,0.55,2025-01-11,Sticker | Fnatic (Holo) | Paris 2023,,,45094590,True,664910eb-7987-4a63-9ba3-a32cf71f46df,2025-01-16,,SOLD,2025-04-28,106.0,0.08,0.7,0.61,0.09
GAGP9GCCXR9C,5.81,2025-02-28,StatTrak™ Desert Eagle | Trigger Discipline (Minimal Wear),10.82,0e08a9fb-4ccd-4cdb-84c2-359506f96cd3,59895753,False,0e08a9fb-4ccd-4cdb-84c2-359506f96cd3,2025-03-17,,SOLD,2025-04-28,58.0,0.08,6.07,6.33,-0.23
GKRZF2HAZ7T9,1.02,2025-04-20,Fever Case,,,60568638,True,d47c7879-0c45-4d92-ab10-99bd6bdf391f,2025-04-21,,SOLD,2025-04-28,7.0,0.08,1.34,1.12,0.21
G70FRK528W63,4.5,2025-03-20,Sticker | Bolt Charge (Foil),,,55478593,True,df2c4c58-0967-4346-a5f4-12300ed60295,2025-04-18,,SOLD,2025-04-28,38.0,0.08,4.99,4.9,0.09
GWGTC7W0HTE6,1.12,2025-04-20,M4A1-S | Nitro (Minimal Wear),13.62,ab4cd873-abfb-4461-85d3-97a8bfdc2189,61123072,False,ab4cd873-abfb-4461-85d3-97a8bfdc2189,2025-04-21,2025-04-28,SOLD,2025-04-28,7.0,0.08,1.41,1.23,0.18
GA7GW62TU2TE,1.02,2025-04-20,Fever Case,,,60568638,True,25338a34-cbee-47e5-84aa-40df43af5069,2025-04-21,,SOLD,2025-04-28,7.0,0.08,1.34,1.12,0.21
GZFZRFFZNP6F,1.02,2025-04-20,Fever Case,,,60568638,True,c8d4e515-e566-4bcf-b812-402e6d80e1f5,2025-04-21,,SOLD,2025-04-28,7.0,0.08,1.34,1.12,0.21
GRE0589328CH,1.02,2025-04-20,Fever Case,,,60568638,True,50f5a1bb-2cb9-4399-b72b-70a549a1b8de,2025-04-21,,SOLD,2025-04-28,7.0,0.08,1.34,1.12,0.21
GERZH2XC7W3U,1.02,2025-04-20,Fever Case,,,60568638,True,4c026937-bc6f-4abf-b3ea-f57ac205d758,2025-04-21,,SOLD,2025-04-28,7.0,0.08,1.12,1.12,0.01
G5ZS5TAXU3T8,1.99,2025-04-20,MP9 | Food Chain (Field-Tested),23.39,25c15706-c029-4732-b4d4-ba77f7c18616,61123077,False,25c15706-c029-4732-b4d4-ba77f7c18616,2025-04-21,2025-04-28,SOLD,2025-04-29,8.0,0.08,2.56,2.17,0.37
GPNCLG05335S,0.69,2025-04-19,USP-S | Ticket to Hell (Minimal Wear),12.38,90c8af32-aceb-4b03-a9fb-7a57498484a4,61123050,False,90c8af32-aceb-4b03-a9fb-7a57498484a4,2025-04-21,2025-04-27,SOLD,2025-04-29,9.0,0.08,0.91,0.76,0.15
GWPL80NUL856,1.09,2025-04-20,AK-47 | Elite Build (Field-Tested),34.14,0ce9577d-cdab-4a42-9520-8d3dc79ba888,61123076,False,0ce9577d-cdab-4a42-9520-8d3dc79ba888,2025-04-21,2025-04-28,SOLD,2025-04-29,8.0,0.08,1.31,1.2,0.12
GSZWT5KSPNHP,0.27,2025-04-19,MP9 | Bioleak (Factory New),6.05,b02f8ca7-c5ed-4920-97d4-1ff3932ac039,61123051,False,b02f8ca7-c5ed-4920-97d4-1ff3932ac039,2025-04-21,2025-04-27,SOLD,2025-04-29,9.0,0.08,0.76,0.3,0.43
GAHPSC7ARRC5,1.25,2024-12-30,Sticker | Apeks (Holo) | Paris 2023,,,45016994,True,fed51f1e-2662-4915-9a90-752c11f1b30d,2025-03-17,,SOLD,2025-04-29,119.0,0.08,1.48,1.37,0.11
G97LCSGHAD9W,4.27,2025-02-24,M4A4 | Evil Daimyo (Factory New),6.26,8f0401a0-e6a5-471f-aa0b-b5d199c2c470,59895760,False,8f0401a0-e6a5-471f-aa0b-b5d199c2c470,2025-03-17,,SOLD,2025-04-29,63.0,0.08,4.88,4.65,0.22
G8L5H7DL4UK8,1.09,2025-04-20,AK-47 | Elite Build (Field-Tested),35.6,d9c55e57-f410-4a0f-82b0-ce7aa9ba8e98,61123069,False,d9c55e57-f410-4a0f-82b0-ce7aa9ba8e98,2025-04-21,2025-04-28,SOLD,2025-04-29,8.0,0.08,1.31,1.2,0.12
GWL5DK26AT5F,1.25,2024-12-30,Sticker | Apeks (Holo) | Paris 2023,,,45016994,True,5e577600-165e-44fc-9fdc-b83a10a74a3b,2025-03-17,,SOLD,2025-04-29,119.0,0.08,1.48,1.37,0.11
G5RC2PXA2XCF,1.33,2024-12-26,Sticker | Apeks (Holo) | Paris 2023,,,45016994,True,5d36228f-acd8-4426-8323-c1a0cbc5aadb,2025-03-17,,SOLD,2025-04-29,123.0,0.08,1.55,1.46,0.1
GU4FKG98TF5H,1.65,2025-04-20,Guardian 3 Pin,,,870797,True,0bb935c1-aef0-4614-8480-3472ab3f9516,2025-04-21,,SOLD,2025-04-30,9.0,0.08,3.66,1.8,1.72
GWDSZK7DR397,5.0,2025-04-20,Ground Rebel  | Elite Crew,,088f33fc-d581-4ad6-904b-7765ae094641,61123067,False,088f33fc-d581-4ad6-904b-7765ae094641,2025-04-21,2025-04-28,SOLD,2025-04-30,9.0,0.08,6.11,5.45,0.62
GH58TCC32DUC,0.19,2025-03-14,Sticker | Boom Trail (Glitter),,,55436346,True,926128b9-901a-41e0-82da-53fc5a03aeac,2025-03-16,,SOLD,2025-04-30,46.0,0.08,0.31,0.22,0.1
G0NAFCNWKGSN,2.63,2025-03-15,P250 | See Ya Later (Field-Tested),25.61,dc9ffad5-c792-47a2-b3e8-3446f3d7104f,59891369,False,dc9ffad5-c792-47a2-b3e8-3446f3d7104f,2025-03-16,2025-03-23,SOLD,2025-04-30,45.0,0.08,2.96,2.87,0.09
GR77SKTNH2HT,11.4,2025-03-03,SSG 08 | Turbo Peek (Minimal Wear),13.74,d9edb00a-a8cf-4709-84a5-f13158371663,59895763,False,d9edb00a-a8cf-4709-84a5-f13158371663,2025-03-17,,SOLD,2025-04-30,57.0,0.08,13.73,12.4,1.23
G397STZS0A75,0.45,2024-12-25,Sticker | Vitality (Holo) | Paris 2023,,,45017001,True,703a0e49-12e0-40a9-9afc-95d19b44e37c,2025-03-17,,SOLD,2025-05-01,126.0,0.08,0.95,0.5,0.42
G84FW99KAUH9,1.43,2025-04-20,StatTrak™ AK-47 | Uncharted (Field-Tested),30.37,2b122643-3e1e-4fe4-ae08-16b21d44c53b,61123070,False,2b122643-3e1e-4fe4-ae08-16b21d44c53b,2025-04-21,2025-04-28,SOLD,2025-05-01,10.0,0.08,1.84,1.57,0.26
GULCR9LR8820,0.49,2025-01-28,Sticker | Bolt Strike,,,55436342,True,6c00f680-d5cb-4a1a-bdee-7b055981a5e0,2025-02-18,,SOLD,2025-05-01,92.0,0.07,0.47,0.54,-0.05
GSZN9HZ9AXW6,3.5,2025-03-20,Sticker | Winding Scorch (Foil),,,55450345,True,bc3d2817-7aa6-4f3e-9af0-194d6213beb0,2025-04-18,,SOLD,2025-05-01,41.0,0.08,4.57,3.82,0.7
GNCHTGWT98DW,3.5,2025-03-20,Sticker | Winding Scorch (Foil),,,55450345,True,47bc1822-5c85-4f46-befd-e73b0c3519e3,2025-04-18,,SOLD,2025-05-01,41.0,0.08,4.57,3.82,0.7
G9U0WNRE478U,3.5,2025-03-20,Sticker | Winding Scorch (Foil),,,55450345,True,06f51f1e-b962-4f90-897f-f368b24ab8e7,2025-04-18,,SOLD,2025-05-01,41.0,0.08,4.57,3.82,0.7
GWTH70KL4S66,0.05,2024-12-24,Sticker | OG (Glitter) | Rio 2022,,,42651092,True,a4b2534a-229c-4e85-8ffa-7d310cd14986,2025-03-17,,SOLD,2025-05-01,127.0,0.08,0.05,0.07,-0.0
G6F9U3F7SP26,0.88,2025-01-30,Sticker | Kawaii Eyes (Glitter),,,55364063,True,60b9c35f-02da-41c4-8f65-345c7f8b2646,2025-02-18,,SOLD,2025-05-01,90.0,0.07,0.64,0.96,-0.28
GDE0L76S646H,3.5,2025-03-20,Sticker | Winding Scorch (Foil),,,55450345,True,28419dd4-54a1-4ea4-8aba-c8c9652f3331,2025-04-18,,SOLD,2025-05-01,41.0,0.08,4.57,3.82,0.7
GZG8HFEZ89AH,3.5,2025-03-20,Sticker | Winding Scorch (Foil),,,55450345,True,e74586e6-9fe8-41a0-ab76-b9afbfb8e57b,2025-04-18,,SOLD,2025-05-01,41.0,0.08,4.57,3.82,0.7
GENF8ASKFS8N,5.09,2025-02-19,AK-47 | Crossfade (Factory New),4.53,1cb7337d-805d-4063-b450-60bd54e44816,59895823,False,1cb7337d-805d-4063-b450-60bd54e44816,2025-03-17,,SOLD,2025-05-01,70.0,0.08,4.24,5.54,-1.19
GDSTZCSF74HH,1.32,2025-01-04,Sticker | High Heat,,,55414367,True,7f8a16a5-e01e-4177-bd0d-8658a696a908,2025-01-06,,SOLD,2025-05-01,116.0,0.1,1.12,1.48,-0.31
G5WNAPA2Z7KD,0.25,2025-03-11,Sticker | Boom Trail (Glitter),,,55436346,True,82f30a83-744e-43b1-83ab-067a7af89aca,2025-03-14,,SOLD,2025-05-01,50.0,0.08,0.3,0.28,0.03
GPK7L5E7USCC,1.0,2024-09-29,Sticker | FaZe Clan (Holo) | Paris 2023,,,45027435,True,b8ca2982-7ab5-49d6-a939-557158ce1f80,2024-11-30,,SOLD,2025-05-01,213.0,0.08,0.78,1.1,-0.28
GH43LK93NWD4,0.09,2025-04-20,AK-47 | Olive Polycam (Minimal Wear),14.62,64a576b0-398d-46a2-818c-ebfabc0a60b0,61123068,False,64a576b0-398d-46a2-818c-ebfabc0a60b0,2025-04-21,2025-04-28,SOLD,2025-05-01,10.0,0.08,0.16,0.11,0.06
GRCEHP97F3G6,0.45,2024-12-25,Sticker | Vitality (Holo) | Paris 2023,,,45017001,True,e8ee29b7-f8b2-4f70-abb3-7e72eefb9334,2025-03-17,,SOLD,2025-05-01,126.0,0.08,0.95,0.5,0.42
G4NX89HR70LS,0.5,2025-01-29,Sticker | Bolt Strike,,,55436342,True,465da284-96bc-4b50-914d-80b632506c3a,2025-02-18,,SOLD,2025-05-01,91.0,0.07,0.47,0.55,-0.06
G9PXP5CW2HXE,0.27,2025-03-10,Sticker | ropz (Glitter) | Shanghai 2024,,,58078289,True,b03ae259-3866-4d6d-85c4-86a10fe8f05f,2025-03-12,,SOLD,2025-05-01,51.0,0.08,0.62,0.3,0.3
G5XL8LR7GSTK,0.44,2025-01-30,Sticker | Bolt Strike,,,55436342,True,37a3d8fb-4799-4dfc-a201-c370ec969072,2025-02-18,,SOLD,2025-05-01,90.0,0.07,0.47,0.48,-0.0
GLWSA4EU3S0E,0.28,2025-03-10,Sticker | ropz (Glitter) | Copenhagen 2024,,,50553144,True,c8cbbeba-597e-4b8b-87d2-bbd4dd435f9d,2025-03-12,,SOLD,2025-05-01,51.0,0.08,0.34,0.32,0.03
G4AFWNAGAD3H,0.33,2025-04-15,Desert Eagle | Tilted (Minimal Wear),12.48,4e4c7f0d-b899-422f-a8b6-01b320eb8641,60986263,False,4e4c7f0d-b899-422f-a8b6-01b320eb8641,2025-04-18,2025-04-22,SOLD,2025-05-01,15.0,0.08,0.46,0.37,0.09
G9K9A256HHRU,3.59,2025-04-15,MP9 | Arctic Tri-Tone (Field-Tested),30.64,27c3997a-6a62-4047-99b6-1851aa9c1d49,60986273,False,27c3997a-6a62-4047-99b6-1851aa9c1d49,2025-04-18,2025-04-22,SOLD,2025-05-01,15.0,0.08,4.89,3.91,0.91
GP62XR20DFLN,1.55,2025-04-19,Charm | Chicken Lil',,afe223ec-7f83-47fe-a94d-a455a7c014fb,61086826,False,afe223ec-7f83-47fe-a94d-a455a7c014fb,2025-04-21,2025-04-24,SOLD,2025-05-01,11.0,0.08,2.14,1.7,0.42
G2SXR5PPGRXX,0.38,2025-04-15,SSG 08 | Zeno (Field-Tested),19.38,c6f67371-2e2d-4fc1-837c-62dc5ff3e9f1,60986262,False,c6f67371-2e2d-4fc1-837c-62dc5ff3e9f1,2025-04-18,2025-04-21,SOLD,2025-05-01,15.0,0.08,0.52,0.42,0.1
GUAEF9E2TC35,17.0,2025-02-21,Trapper Aggressor | Guerrilla Warfare,,0f980489-f177-4488-b908-e0da1a476b40,59749317,False,0f980489-f177-4488-b908-e0da1a476b40,2025-03-14,,SOLD,2025-05-01,68.0,0.08,16.25,18.49,-2.05
GGR6G638RKWU,0.08,2024-12-19,Sticker | Glare,,,55448540,True,51a323d5-5aaa-4150-a5ee-44e8f1bdc354,2025-03-17,,SOLD,2025-05-01,132.0,0.08,0.04,0.1,-0.04
GPAW8XGL6S03,0.06,2024-12-19,Sticker | OG (Glitter) | Rio 2022,,,42651092,True,f4ca484c-a081-45fc-806e-57f67857746e,2025-03-17,,SOLD,2025-05-01,132.0,0.08,0.05,0.08,-0.01
GWX57G4G7R22,0.08,2024-12-19,Sticker | Glare,,,55448540,True,bd9ac555-2ad7-4aa9-b8ab-9f8295771ae0,2025-03-17,,SOLD,2025-05-01,132.0,0.08,0.04,0.1,-0.04
GEZ7PTZ5K999,0.73,2025-04-15,MAC-10 | Pipsqueak (Minimal Wear),9.71,f5ac29d5-0a3b-4a25-9ac9-ead81295cc8b,60986259,False,f5ac29d5-0a3b-4a25-9ac9-ead81295cc8b,2025-04-18,2025-04-21,SOLD,2025-05-01,15.0,0.08,1.0,0.8,0.19
G73LPZK25XLF,0.07,2024-12-27,Sticker | Glare,,,55448540,True,58136251-f1d6-42ac-895e-78673ac49bbd,2025-03-17,,SOLD,2025-05-01,124.0,0.08,0.04,0.09,-0.03
GGZDH04H3L7W,0.4,2025-03-28,Sticker | Ribbon Tie,,,55478591,True,8abb467b-78d8-4ee2-a209-6976f9f73233,2025-04-18,,SOLD,2025-05-01,33.0,0.08,0.49,0.45,0.05
GKKA8TGRFNE2,1.11,2024-12-21,Sticker | s1mple (Holo) | Stockholm 2021,,,36899081,True,1dac8ed1-be35-4005-aa69-b6613bd6a671,2025-03-17,,SOLD,2025-05-01,130.0,0.08,1.27,1.22,0.06
GR0XAC079D7N,0.1,2024-12-31,Sticker | Glare,,,55448540,True,5d6e98db-0948-4778-ac7c-35ffac99de23,2025-03-17,,SOLD,2025-05-01,120.0,0.08,0.04,0.12,-0.06
GCN8W9P7TL7A,0.43,2025-03-10,Sticker | Vitality (Holo) | Copenhagen 2024,,,50626915,True,c1395128-8e93-4239-ab50-d2b4b5c58f06,2025-03-12,,SOLD,2025-05-01,51.0,0.08,0.98,0.48,0.47
GH7UDTR0DFK5,0.42,2024-12-06,Sticker | Lynn Vision (Glitter) | Copenhagen 2024,,,51402017,True,396853bc-17c4-4712-8c83-8133e3ab4e05,2025-03-17,,SOLD,2025-05-01,145.0,0.08,0.49,0.47,0.03
GC539079ZW49,0.73,2025-04-20,USP-S | Ticket to Hell (Minimal Wear),9.72,09a1d164-d10f-4571-aa61-5c1484974c0f,61123071,False,09a1d164-d10f-4571-aa61-5c1484974c0f,2025-04-21,2025-04-28,SOLD,2025-05-01,10.0,0.08,1.0,0.8,0.19
GSL8UHGSD7W4,0.41,2025-01-06,Sticker | Winding Scorch,,,55393980,True,48e45908-6f6c-49ba-9726-4248d42515da,2025-03-17,,SOLD,2025-05-01,114.0,0.08,0.39,0.46,-0.05
G7T4WPFZSF3W,0.45,2025-01-06,Sticker | Winding Scorch,,,55393980,True,2a26d552-930d-40f8-a2ee-1fc835e612b8,2025-03-17,,SOLD,2025-05-01,114.0,0.08,0.39,0.5,-0.09
G60AAUPP6UTC,0.26,2025-03-12,Sticker | Boom Trail (Glitter),,,55436346,True,44a23854-6be9-4640-8a1f-63e70750bc4b,2025-03-14,,SOLD,2025-05-01,49.0,0.08,0.3,0.29,0.02
G2NS7D5FDRK3,0.26,2025-03-12,Sticker | Boom Trail (Glitter),,,55436346,True,69679e07-1a4a-4c49-8af1-f260cd909cb4,2025-03-14,,SOLD,2025-05-01,49.0,0.08,0.3,0.29,0.02
G35R3CCCWA0P,0.52,2024-11-30,Sticker | PGL (Glitter) | Antwerp 2022,,,39903090,True,f9762936-e283-477b-a0bd-ff596a71c817,2024-12-05,,SOLD,2025-05-01,151.0,0.08,0.27,0.58,-0.27
G0F35XXUGLT7,22.41,2025-03-12,Elite Trapper Solman | Guerrilla Warfare,,e7c6a8be-f179-47aa-bcaf-c06955b5bfe5,59749114,False,e7c6a8be-f179-47aa-bcaf-c06955b5bfe5,2025-03-14,2025-03-20,SOLD,2025-05-01,49.0,0.08,24.46,24.37,0.09
GXU6948R3UP3,0.69,2024-11-16,Sticker | KOI (Glitter) | Copenhagen 2024,,,50925888,True,bbd2c400-b0eb-4a4c-852c-8e5d598b559c,2024-11-17,,SOLD,2025-05-01,165.0,0.08,0.49,0.76,-0.24
GCAPHWX7A83F,0.42,2024-11-15,Sticker | Scorch Loop,,,55368025,True,39e61f17-6345-499b-9b46-0ad00e767df0,2024-11-16,,SOLD,2025-05-01,166.0,0.08,0.35,0.47,-0.1
G0S0SA0SCRGD,0.95,2025-01-06,Sticker | Kawaii Eyes (Glitter),,,55364063,True,2653b75f-373b-4599-8f4b-3f439b5750e5,2025-03-17,,SOLD,2025-05-01,114.0,0.08,0.64,1.04,-0.36
GELKA98HL037,0.69,2024-11-16,Sticker | KOI (Glitter) | Copenhagen 2024,,,50925888,True,1c6c3646-9b28-4637-93af-9ecec7937d46,2024-11-17,,SOLD,2025-05-01,165.0,0.08,0.49,0.76,-0.24
G9XDDTR0D8HD,0.69,2024-11-16,Sticker | KOI (Glitter) | Copenhagen 2024,,,50925888,True,70e9e181-7ee5-422b-9925-dd2abb826656,2024-11-17,,SOLD,2025-05-01,165.0,0.08,0.49,0.76,-0.24
GZ0AS2U9EGK7,0.69,2024-11-16,Sticker | KOI (Glitter) | Copenhagen 2024,,,50925888,True,912a104e-d69c-4a53-89a6-8b1439de64c4,2024-11-17,,SOLD,2025-05-01,165.0,0.08,0.49,0.76,-0.24
GZRF942KDR3E,0.44,2025-01-06,Sticker | Vitality (Holo) | Paris 2023,,,45017001,True,b91a28c0-7d41-4011-aa5b-fb0bdf2918d4,2025-03-17,,SOLD,2025-05-01,114.0,0.08,0.95,0.49,0.43
GP850Z4TCD70,2.8,2025-03-12,Welcome to the Clutch Pin,,,870735,True,c129df8c-4c40-4186-a3f9-df0fe9d4069f,2025-03-14,,SOLD,2025-05-01,49.0,0.08,4.44,3.05,1.28
G997H758AZXD,1.4,2024-09-29,Sticker | FaZe Clan (Holo) | Paris 2023,,,45027435,True,10e11036-4853-4321-b8b3-32d5cf4c7545,2024-11-30,,SOLD,2025-05-01,213.0,0.08,0.78,1.53,-0.68
GH6LH3HZ6694,6.74,2025-03-03,StatTrak™ USP-S | Ticket to Hell (Factory New),6.64,9c72f080-4875-4688-b2bc-77cf07ce00d2,59895759,False,9c72f080-4875-4688-b2bc-77cf07ce00d2,2025-03-17,,SOLD,2025-05-01,58.0,0.08,9.99,7.34,2.45
GX7274XSCD8X,2.66,2025-03-15,USP-S | Cortex (Field-Tested),29.35,c727dd0b-2e9b-4467-8728-7774377b9522,59891376,False,c727dd0b-2e9b-4467-8728-7774377b9522,2025-03-16,2025-03-23,SOLD,2025-05-02,47.0,0.08,3.28,2.9,0.36
GUH9K6SXHKRD,0.89,2025-01-18,Sticker | Kawaii Eyes (Glitter),,,55364063,True,a4940003-536b-4e96-9abe-47d36cc6dcc3,2025-03-17,,SOLD,2025-05-02,103.0,0.08,0.64,0.98,-0.3
GX2E6HZTZKSH,0.44,2025-01-30,Sticker | Bolt Strike,,,55436342,True,eb65e414-24a7-4e01-b55d-34e48dcccfcb,2025-02-18,,SOLD,2025-05-02,91.0,0.07,0.47,0.48,-0.0
GET4Z0D8RGF8,1.16,2024-12-21,Sticker | s1mple (Holo) | Stockholm 2021,,,36899081,True,44158d74-e45c-4903-9404-2c9bd763d72b,2025-03-17,,SOLD,2025-05-02,131.0,0.08,1.27,1.27,0.01
GFFGGSGKA3WU,0.45,2025-01-06,Sticker | Winding Scorch,,,55393980,True,a3059e7b-3990-4a31-85c0-e4d43aa07c1f,2025-03-17,,SOLD,2025-05-02,115.0,0.08,0.39,0.5,-0.09
GTAPHLDNA839,0.26,2025-04-15,M4A1-S | Mud-Spec (Minimal Wear),7.7,35f9d7f7-ea75-4618-a66f-9bbf38cd6204,60986265,False,35f9d7f7-ea75-4618-a66f-9bbf38cd6204,2025-04-18,2025-04-21,SOLD,2025-05-02,16.0,0.08,0.36,0.29,0.07
G9ZNEZCE9E25,0.18,2025-01-07,Sticker | Scorch Loop (Reverse),,,55478409,True,1dee434f-7c33-4c3d-b431-a09d226d1ba1,2025-03-17,,SOLD,2025-05-02,114.0,0.08,0.2,0.21,0.0
G2N69FA22SSR,0.63,2025-01-30,Sticker | Flex,,,55480742,True,5231fb1e-728d-4e43-864f-ddb1faf3d6b9,2025-02-18,,SOLD,2025-05-02,91.0,0.07,0.52,0.69,-0.15
G5ARFDPU65PW,1.82,2025-02-03,Desert Eagle | Tilted (Minimal Wear),12.12,3e176562-04c0-46d3-b844-703843c41009,59569178,False,3e176562-04c0-46d3-b844-703843c41009,2025-02-18,,SOLD,2025-05-02,87.0,0.07,0.51,1.97,-1.35
GHFZ99SAD3FH,0.15,2024-11-22,Sticker | Surf's Up,,,6092547,True,e283461d-9e93-4894-bc93-da7b81f2b1cb,2024-11-24,,SOLD,2025-05-02,160.0,0.08,0.12,0.17,-0.04
GLSKZPHCA0H0,1.66,2024-12-30,Sticker | High Heat,,,55414367,True,c1be2b17-d0ed-4c0d-8acd-8ff26bd8e91d,2025-04-18,,SOLD,2025-05-02,122.0,0.08,1.12,1.82,-0.63
G4P8SEDSZ02T,2.02,2025-03-20,M4A1-S | Night Terror (Factory New),6.67,84ffcbfc-805c-4d21-966b-1221149b03a7,60986328,False,84ffcbfc-805c-4d21-966b-1221149b03a7,2025-04-18,,SOLD,2025-05-02,42.0,0.08,2.21,2.21,0.01
G346NU9EN8WC,1.66,2024-12-30,Sticker | High Heat,,,55414367,True,88166683-7877-4d45-ba00-c61daef3d61a,2025-04-18,,SOLD,2025-05-02,122.0,0.08,1.12,1.82,-0.63
GUSF70AT58XU,0.19,2025-04-19,M4A4 | Urban DDPAT (Minimal Wear),13.24,c14bfe4e-0acb-4acb-a87d-ad12f5a7e999,61123055,False,c14bfe4e-0acb-4acb-a87d-ad12f5a7e999,2025-04-21,2025-04-27,SOLD,2025-05-02,12.0,0.08,0.47,0.22,0.24
G5D4DEF2ED9F,1.19,2025-04-19,USP-S | Flashback (Factory New),6.64,75fb274d-a7de-49c9-b307-92f8f01920cd,61123054,False,75fb274d-a7de-49c9-b307-92f8f01920cd,2025-04-21,2025-04-27,SOLD,2025-05-02,12.0,0.08,1.62,1.3,0.3
G2F2GE46GNSS,0.18,2025-01-07,Sticker | Scorch Loop (Reverse),,,55478409,True,8bddfc26-d117-43ec-b6ef-21495da11fb2,2025-03-17,,SOLD,2025-05-02,114.0,0.08,0.2,0.21,0.0
GALCAT003FCP,3.2,2025-03-17,Desert Eagle | Light Rail (Factory New),5.93,bcd2c7fb-db5f-490e-889a-a1aded533145,60986358,False,bcd2c7fb-db5f-490e-889a-a1aded533145,2025-04-18,,SOLD,2025-05-02,45.0,0.08,4.7,3.49,1.12
GTN4F4936R83,0.45,2025-01-06,Sticker | Winding Scorch,,,55393980,True,ee19f229-2bf8-492e-9857-407afa6796a4,2025-03-17,,SOLD,2025-05-02,115.0,0.08,0.39,0.5,-0.09
G3NTT8ELPD9P,1.75,2025-02-02,Desert Eagle | Tilted (Minimal Wear),13.4,17042abb-569d-4a1d-84c8-a17284d789a5,59569201,False,17042abb-569d-4a1d-84c8-a17284d789a5,2025-02-18,,SOLD,2025-05-02,88.0,0.07,0.51,1.89,-1.28
G6WN0CUZ773R,0.39,2025-03-15,Charm | Whittle Knife,,a43960aa-0d89-4068-bd84-e88c2bf06135,59894268,False,a43960aa-0d89-4068-bd84-e88c2bf06135,2025-03-17,2025-03-23,SOLD,2025-05-02,47.0,0.08,0.5,0.43,0.07
GCUNC4F5FW95,0.11,2025-03-10,Sticker | 3DMAX (Glitter) | Shanghai 2024,,,57328465,True,8c89559b-024f-4836-abc3-9a66b936b1a3,2025-03-14,,SOLD,2025-05-02,52.0,0.08,0.49,0.13,0.34
G2L95SX2PP5H,2.29,2025-01-24,Sticker | Natus Vincere (Holo) | Paris 2023,,,44994901,True,3dde3d47-2b6f-49c9-a6d3-405c916427de,2025-03-17,,SOLD,2025-05-02,97.0,0.08,1.97,2.5,-0.48
GZL3LKSDS0KS,0.45,2025-01-06,Sticker | Winding Scorch,,,55393980,True,a4b97069-6b2f-427c-89ca-af6077bc6c1f,2025-03-17,,SOLD,2025-05-02,115.0,0.08,0.39,0.5,-0.09
GFD76R97ZX5D,0.45,2025-01-06,Sticker | Winding Scorch,,,55393980,True,58ad90d5-1758-4010-abc7-89e5aa0b53fb,2025-03-17,,SOLD,2025-05-02,115.0,0.08,0.39,0.5,-0.09
GGHPZUUGTUAG,0.53,2025-01-31,Sticker | Flex,,,55480742,True,4f53d967-baf1-4aa9-a3ff-480a142779f6,2025-02-18,,SOLD,2025-05-02,90.0,0.07,0.52,0.58,-0.05
G8NAE4DCA7KF,4.45,2025-02-18,AK-47 | Crossfade (Factory New),6.76,67407ae9-d2d0-4bef-8d0b-12fecbd64983,59895818,False,67407ae9-d2d0-4bef-8d0b-12fecbd64983,2025-03-17,,SOLD,2025-05-02,72.0,0.08,4.24,4.85,-0.55
GA2FUF48943R,0.1,2025-03-11,Sticker | 3DMAX (Glitter) | Shanghai 2024,,,57328465,True,519c54c9-7b76-46d7-9d9a-6ed9a8aa0ea6,2025-03-12,,SOLD,2025-05-02,51.0,0.08,0.49,0.12,0.35
GN6NXXTFKCX8,2.0,2025-01-24,Sticker | Natus Vincere (Holo) | Paris 2023,,,44994901,True,133bad8b-1665-4f9c-9bc0-810048255e2f,2025-03-17,,SOLD,2025-05-02,97.0,0.08,1.97,2.18,-0.19
GFSGTHD3Z38U,1.3,2025-01-09,Sticker | MOUZ (Holo) | Paris 2023,,,45008727,True,1bb34fbc-45c6-477f-be00-5d1098f329b7,2025-01-16,,SOLD,2025-05-02,112.0,0.08,1.36,1.42,-0.05
GKHKT9KP4GEE,2.0,2025-01-24,Sticker | Natus Vincere (Holo) | Paris 2023,,,44994901,True,23173ba4-508f-40dc-91da-7659703a4967,2025-03-17,,SOLD,2025-05-02,97.0,0.08,1.97,2.18,-0.19
GGN6Z03C6K3Z,1.3,2025-01-09,Sticker | MOUZ (Holo) | Paris 2023,,,45008727,True,195996fb-12ee-4e43-8b79-7bde88e6ef4e,2025-01-16,,SOLD,2025-05-02,112.0,0.08,1.36,1.42,-0.05
GUPSLA4UNPW4,0.45,2025-01-06,Sticker | Winding Scorch,,,55393980,True,8340214a-3d5e-4b0b-b301-67a7ad5ab536,2025-03-17,,SOLD,2025-05-02,115.0,0.08,0.39,0.5,-0.09
GGZH5HE6UT65,1.06,2025-01-24,Sticker | Natus Vincere (Holo) | Paris 2023,,,44994901,True,81523bab-3565-45a0-a481-582dbb49ade5,2025-03-17,,SOLD,2025-05-02,97.0,0.08,1.97,1.16,0.75
GCLE5CK4XS9F,0.44,2024-12-01,Charm | Lil' Ava,,0f61da23-4f4b-4afa-8e2c-e7e94d32206e,57292540,False,0f61da23-4f4b-4afa-8e2c-e7e94d32206e,2024-12-05,2024-12-09,SOLD,2025-05-02,151.0,0.08,0.32,0.49,-0.15
GFH5L4S0GN39,2.29,2025-01-24,Sticker | Natus Vincere (Holo) | Paris 2023,,,44994901,True,44ec0ace-3b4c-4d8e-8c34-753645b66a80,2025-03-17,,SOLD,2025-05-02,97.0,0.08,1.97,2.5,-0.48
GUW355A40GZC,1.48,2025-02-05,Desert Eagle | Tilted (Minimal Wear),11.11,c7c062f3-5dee-44f8-b074-ee545e36576f,59569166,False,c7c062f3-5dee-44f8-b074-ee545e36576f,2025-02-18,,SOLD,2025-05-02,85.0,0.07,0.51,1.6,-1.01
GS942F9SK6NF,0.3,2025-03-20,Sticker | Boom Trail (Glitter),,,55436346,True,6e9b4144-b7e4-4bf7-8493-1df26e56f4f1,2025-04-18,,SOLD,2025-05-02,42.0,0.08,0.34,0.34,0.01
G2L7LWFNA3ZN,1.45,2025-02-03,Desert Eagle | Tilted (Minimal Wear),12.27,addda797-2e5e-4ecd-a649-662523131ea5,59569169,False,addda797-2e5e-4ecd-a649-662523131ea5,2025-02-18,,SOLD,2025-05-02,87.0,0.07,0.51,1.57,-0.98
G2FR5E9D0URS,1.3,2025-01-09,Sticker | MOUZ (Holo) | Paris 2023,,,45008727,True,40ad9fea-ae6f-4c95-9bc9-ed232f36c635,2025-01-16,,SOLD,2025-05-02,112.0,0.08,1.36,1.42,-0.05
GKWN5R7N49S5,0.37,2025-02-02,Sticker | Bolt Strike,,,55436342,True,3df2db03-1351-46b4-b541-b04ed8e72ff4,2025-02-18,,SOLD,2025-05-02,88.0,0.07,0.47,0.41,0.07
GE36GEWSLFAK,1.48,2025-02-05,Desert Eagle | Tilted (Minimal Wear),11.07,a2ce2bd4-d29e-43ee-a40f-81f5f84e7352,59569163,False,a2ce2bd4-d29e-43ee-a40f-81f5f84e7352,2025-02-18,,SOLD,2025-05-03,86.0,0.07,0.51,1.6,-1.01
G5A537WL4KH8,0.81,2025-02-02,Glock-18 | Teal Graf (Field-Tested),33.69,a94f9e32-1775-447f-b763-5235858d6631,59569185,False,a94f9e32-1775-447f-b763-5235858d6631,2025-02-18,,SOLD,2025-05-03,89.0,0.07,0.36,0.88,-0.48
GH4FSH33TL48,7.43,2025-01-15,Desert Eagle | Heat Treated (Minimal Wear),12.56,785131e3-ceb6-4a6d-b673-2b94a7d228fd,59895816,False,785131e3-ceb6-4a6d-b673-2b94a7d228fd,2025-03-17,,SOLD,2025-05-03,107.0,0.08,3.09,8.09,-4.59
GU9R2L64SLWG,6.3,2025-01-24,Desert Eagle | Heat Treated (Minimal Wear),10.14,408ac7f7-7733-45b9-a1a1-2204f31731dd,59895874,False,408ac7f7-7733-45b9-a1a1-2204f31731dd,2025-03-17,,SOLD,2025-05-03,98.0,0.08,3.09,6.86,-3.46
G2KN3DU2GR26,0.38,2025-03-13,Charm | Hot Sauce,,17d85611-9a27-4031-a616-ed5397d83ad7,59749127,False,17d85611-9a27-4031-a616-ed5397d83ad7,2025-03-14,2025-03-20,SOLD,2025-05-03,50.0,0.08,0.59,0.42,0.16
G6X0UL6F708E,5.14,2025-01-24,Desert Eagle | Heat Treated (Minimal Wear),10.29,16494124-cd4b-4f47-b337-df216d97870f,59895817,False,16494124-cd4b-4f47-b337-df216d97870f,2025-03-17,,SOLD,2025-05-03,98.0,0.08,3.09,5.6,-2.3
G6KEX0X7TN2E,0.81,2025-02-02,Glock-18 | Teal Graf (Field-Tested),21.0,d38333dd-c8fb-4e4f-95b2-01acc30e3f4d,59569183,False,d38333dd-c8fb-4e4f-95b2-01acc30e3f4d,2025-02-18,,SOLD,2025-05-03,89.0,0.07,0.36,0.88,-0.48
G55DSHNXXX87,0.41,2025-03-28,Sticker | Ribbon Tie,,,55478591,True,f2ce3db8-4bb1-4ff9-bac7-ec6036ce31e7,2025-04-18,,SOLD,2025-05-03,35.0,0.08,0.49,0.46,0.04
GKN8R5UWA0R3,4.6,2025-03-20,M4A4 | Evil Daimyo (Factory New),5.49,5fd8f094-9e40-4259-af76-7142ff45c6c4,60986346,False,5fd8f094-9e40-4259-af76-7142ff45c6c4,2025-04-18,,SOLD,2025-05-03,43.0,0.08,5.12,5.01,0.11
G98SH3L7SNDT,0.13,2025-04-20,USP-S | 27 (Minimal Wear),10.63,25b74674-d9be-4c44-b4ad-1b4505d514d3,61123066,False,25b74674-d9be-4c44-b4ad-1b4505d514d3,2025-04-21,,SOLD,2025-05-03,12.0,0.08,0.19,0.15,0.04
GGK9AAGDR4Z0,1.45,2025-04-19,Charm | Chicken Lil',,81a3f745-a0d8-4b94-99a6-fa9eb39816dc,61086825,False,81a3f745-a0d8-4b94-99a6-fa9eb39816dc,2025-04-21,2025-04-25,SOLD,2025-05-03,13.0,0.08,2.14,1.59,0.52
G6KKTH6SSFFS,5.3,2024-12-30,AK-47 | Crossfade (Factory New),5.53,a63fa403-61ff-4cad-a283-6979767ade39,59895811,False,a63fa403-61ff-4cad-a283-6979767ade39,2025-03-17,,SOLD,2025-05-03,123.0,0.08,4.24,5.77,-1.4
GH2ER80AGT06,1.8,2025-03-13,Charm | Chicken Lil',,a3a287d7-e1fc-4001-b2dd-5c5b7f463ec9,59749125,False,a3a287d7-e1fc-4001-b2dd-5c5b7f463ec9,2025-03-14,2025-03-20,SOLD,2025-05-03,50.0,0.08,2.22,1.97,0.24
G044L94P3426,0.12,2025-04-19,Sticker | Eternal Fire | Copenhagen 2024,,,50406189,True,acde8927-06d5-4946-935a-a0f87b6ed2cd,2025-04-21,,SOLD,2025-05-03,13.0,0.08,0.28,0.14,0.14
G5DHD6GLRLXP,0.12,2025-04-19,Sticker | Eternal Fire | Copenhagen 2024,,,50406189,True,676f6a0e-2aa4-44f5-a3b9-e77018808767,2025-04-21,,SOLD,2025-05-03,13.0,0.08,0.28,0.14,0.14
G3PZK5DPL42L,0.12,2025-04-19,Sticker | Eternal Fire | Copenhagen 2024,,,50406189,True,7dbdddc0-342b-4107-ae7f-f55372962655,2025-04-21,,SOLD,2025-05-03,13.0,0.08,0.28,0.14,0.14
GSCKRFW3UD04,0.12,2025-04-19,Sticker | Eternal Fire | Copenhagen 2024,,,50406189,True,423b708a-f394-408a-a5b6-f443aa721a63,2025-04-21,,SOLD,2025-05-03,13.0,0.08,0.28,0.14,0.14
G24PKN56K08U,0.12,2025-04-19,Sticker | Eternal Fire | Copenhagen 2024,,,50406189,True,1b29340d-7518-4afc-9d7b-0137292408ce,2025-04-21,,SOLD,2025-05-03,13.0,0.08,0.28,0.14,0.14
G5H65LT278G5,0.14,2025-04-19,Sticker | Eternal Fire | Copenhagen 2024,,,50406189,True,b177f9c1-5a35-430c-8d72-f5df0d69eb07,2025-04-21,,SOLD,2025-05-03,13.0,0.08,0.28,0.16,0.12
G47CCD75SR8E,0.37,2025-03-14,Sticker | Vitality (Holo) | Copenhagen 2024,,,50626915,True,948ef23d-776e-451d-ad13-71649150fd45,2025-03-16,,SOLD,2025-05-03,49.0,0.08,0.98,0.41,0.53
GKPK8UA4HFGK,0.67,2024-11-16,Sticker | KOI (Glitter) | Copenhagen 2024,,,50925888,True,21d775b8-a9eb-4a36-8d9e-ba0780e1bd99,2024-11-19,,SOLD,2025-05-03,167.0,0.08,0.49,0.74,-0.22
G082H5ZP06FH,10.0,2025-03-15,Glock-18 | Vogue (Factory New),6.46,e5edc705-5d67-4f31-97b3-0684bd320bd6,59891353,False,e5edc705-5d67-4f31-97b3-0684bd320bd6,2025-03-16,2025-03-22,SOLD,2025-05-03,48.0,0.08,11.61,10.88,0.68
GTN2HRG7KCRS,3.21,2025-03-13,StatTrak™ M4A1-S | Night Terror (Minimal Wear),13.35,021fa270-c29a-4f8c-a253-6494f063de96,59749110,False,021fa270-c29a-4f8c-a253-6494f063de96,2025-03-14,2025-03-20,SOLD,2025-05-03,50.0,0.08,4.48,3.5,0.91
G3ZN8SL4UNHP,0.67,2024-11-16,Sticker | KOI (Glitter) | Copenhagen 2024,,,50925888,True,db2c1c97-0dfe-4d02-ae24-c34c411a7c00,2024-11-19,,SOLD,2025-05-03,167.0,0.08,0.49,0.74,-0.22
GK0PEUA7K7XD,4.1,2025-03-10,"Music Kit | Denzel Curry, ULTIMATE",,,43449561,True,bb8c1f09-36b4-49f0-b029-fc0249a5081d,2025-03-14,,SOLD,2025-05-04,54.0,0.08,4.97,4.47,0.47
G2KF2724W7TZ,2.63,2025-03-20,StatTrak™ M4A1-S | Night Terror (Field-Tested),30.15,8513cfd1-0ccf-478d-a4c9-72e0141d10c9,60986327,False,8513cfd1-0ccf-478d-a4c9-72e0141d10c9,2025-04-18,,SOLD,2025-05-04,44.0,0.08,2.87,2.87,0.01
G5LR4D9SHFPT,0.04,2024-12-29,Sticker | Bad News Eagles (Glitter) | Antwerp 2022,,,39916455,True,708167a5-1d67-4678-9d69-996b8707b0d4,2025-04-18,,SOLD,2025-05-04,125.0,0.08,0.06,0.05,0.02
GZ6RAHNZR57U,0.05,2024-12-25,Sticker | Bad News Eagles (Glitter) | Antwerp 2022,,,39916455,True,f9983f0b-c653-4d9b-ba9f-3acd425e911d,2025-04-18,,SOLD,2025-05-04,129.0,0.08,0.06,0.07,0.01
GX3Z93X0SSPS,1.0,2024-12-20,Sticker | Winding Scorch,,,55393980,True,f9e929ab-261d-4d1c-a2ed-1a1d4b5cceab,2025-04-18,,SOLD,2025-05-04,134.0,0.08,0.39,1.1,-0.64
GD2Z97SLA0KE,6.0,2025-02-21,AK-47 | Crossfade (Factory New),5.97,09f057a7-3df6-4d1d-aa66-f9920ea62937,59895807,False,09f057a7-3df6-4d1d-aa66-f9920ea62937,2025-03-17,,SOLD,2025-05-04,71.0,0.08,4.24,6.53,-2.1
GP03ZDA0RTF0,5.4,2025-02-21,AWP | Duality (Minimal Wear),12.97,d9459fd9-580b-464e-a1bc-6d2250fe50aa,59895814,False,d9459fd9-580b-464e-a1bc-6d2250fe50aa,2025-03-17,,SOLD,2025-05-04,71.0,0.08,6.29,5.88,0.39
G44ZN3C8P2ZS,0.89,2025-04-15,MAC-10 | Pipsqueak (Minimal Wear),10.83,94590a1f-4045-4cc5-a826-3bce19531930,60986260,False,94590a1f-4045-4cc5-a826-3bce19531930,2025-04-18,2025-04-22,SOLD,2025-05-04,18.0,0.08,1.22,0.98,0.23
GWF6NAC8PHFK,1.16,2025-03-17,Sticker | GO,,,41546906,True,074ff6d2-3506-49dc-8eee-d55a297e69ae,2025-04-18,,SOLD,2025-05-04,47.0,0.08,1.27,1.27,0.01
G87A6D9NFH8G,10.0,2025-04-15,M4A4 | Temukau (Field-Tested),30.78,886ad37f-2198-4238-9d0a-3b21141a291e,60986255,False,886ad37f-2198-4238-9d0a-3b21141a291e,2025-04-18,2025-04-22,SOLD,2025-05-04,18.0,0.08,12.7,10.88,1.68
GT9XHGHP84ZF,0.44,2025-03-17,Sticker | Flex,,,55480742,True,cf2c6dde-2e88-4c31-8235-d69e1d567a0e,2025-04-18,,SOLD,2025-05-04,47.0,0.08,0.52,0.49,0.04
G0R54NTSG394,0.82,2025-03-12,Sticker | GO,,,41546906,True,060c76c4-49b4-4164-bb4a-1f2b2154b47c,2025-03-14,,SOLD,2025-05-04,52.0,0.08,1.98,0.9,1.0
GRT5KHLNH9RA,0.68,2024-11-16,Sticker | KOI (Glitter) | Copenhagen 2024,,,50925888,True,3f5fbc6f-e465-4615-81b7-7cd32c81e9eb,2024-11-19,,SOLD,2025-05-04,168.0,0.08,0.49,0.75,-0.23
GL7P88UZDLFA,0.55,2025-04-15,Sticker | Bad News Eagles (Holo) | Paris 2023,,,45156216,True,4a7cd87c-8e31-4634-8d5d-41fc5e9b4349,2025-04-18,,SOLD,2025-05-04,18.0,0.08,0.59,0.61,-0.01
GKETW4C398PH,0.08,2025-01-06,Sticker | Bad News Eagles (Glitter) | Antwerp 2022,,,39916455,True,61aa382f-4ad5-4b4c-8edd-a3a57eabd58d,2025-03-17,,SOLD,2025-05-04,117.0,0.08,0.06,0.1,-0.02
GPCTW7A03L27,0.08,2025-01-06,Sticker | Bad News Eagles (Glitter) | Antwerp 2022,,,39916455,True,5436e0f0-4b63-4269-b5de-cec64161a07c,2025-04-18,,SOLD,2025-05-04,117.0,0.08,0.06,0.1,-0.02
GAHHCSK3LAKD,0.18,2025-01-04,Sticker | Scorch Loop (Reverse),,,55478409,True,306ec3e6-d4db-4c8c-ad67-b0453f7680af,2025-04-18,,SOLD,2025-05-04,119.0,0.08,0.2,0.21,0.0
GSNFT5PXRZWA,0.53,2025-01-31,Sticker | Flex,,,55480742,True,86dae517-d87d-4ef8-85ba-db88a768db65,2025-02-18,,SOLD,2025-05-04,92.0,0.07,0.52,0.58,-0.05
GW694R3KA4SL,0.18,2025-01-04,Sticker | Scorch Loop (Reverse),,,55478409,True,daeec701-2516-4095-b4c1-bd515f0ea8c0,2025-04-18,,SOLD,2025-05-04,119.0,0.08,0.2,0.21,0.0
G3SFK2LFGN5E,0.54,2025-01-31,Desert Eagle | Tilted (Field-Tested),25.54,04a09e7c-e020-4d59-80d8-2935d9d96068,59569203,False,04a09e7c-e020-4d59-80d8-2935d9d96068,2025-02-18,,SOLD,2025-05-04,92.0,0.07,0.28,0.59,-0.28
GGPXCR4X7H4A,1.7,2025-03-15,"Music Kit | Knock2, Make U SWEAT!",,,49025201,True,0a6bd73d-3493-41e8-8748-baa7a9c8e5d6,2025-03-17,,SOLD,2025-05-04,49.0,0.08,2.69,1.86,0.77
GEFEGC9NCHGW,1.2,2025-01-03,Sticker | High Heat,,,55414367,True,037733ec-9f88-4d81-97f8-b316387177f2,2025-04-18,,SOLD,2025-05-04,120.0,0.08,1.12,1.32,-0.17
G4C29TF0TNFA,4.0,2025-03-02,M4A4 | Evil Daimyo (Factory New),4.23,829ea879-11e3-4a62-9aff-baab9b7296a9,59895838,False,829ea879-11e3-4a62-9aff-baab9b7296a9,2025-03-17,,SOLD,2025-05-04,62.0,0.08,5.12,4.36,0.71
GPE8R65922TX,0.44,2024-12-01,Charm | Lil' Ava,,4e24987f-c69a-44a5-955f-a3a46709f91e,57292539,False,4e24987f-c69a-44a5-955f-a3a46709f91e,2024-12-05,2024-12-09,SOLD,2025-05-04,153.0,0.08,0.32,0.49,-0.15
G6GANFCD9XH7,1.69,2025-01-03,Sticker | High Heat,,,55414367,True,a755c41e-84be-4897-b641-3a9fe6bb1196,2025-04-18,,SOLD,2025-05-04,120.0,0.08,1.12,1.85,-0.66
GHX898FXW5XE,1.69,2025-01-03,Sticker | High Heat,,,55414367,True,8b24a3ce-fd57-4d31-8e79-9e76bcca2f67,2025-04-18,,SOLD,2025-05-04,120.0,0.08,1.12,1.85,-0.66
G3Z8CTGLP5SN,1.19,2025-03-12,Tec-9 | Re-Entry (Factory New),3.84,fff62133-732d-4fca-aadc-739c177e9b57,59749071,False,fff62133-732d-4fca-aadc-739c177e9b57,2025-03-14,2025-03-19,SOLD,2025-05-04,52.0,0.08,1.49,1.3,0.18
GEU87STA8GK0,4.12,2025-01-19,Desert Eagle | Tilted (Factory New),6.41,7cf0115a-0641-4682-a72e-a72cef9ec4a2,59895867,False,7cf0115a-0641-4682-a72e-a72cef9ec4a2,2025-03-17,,SOLD,2025-05-04,104.0,0.08,2.85,4.49,-1.5
GLHNRNGZAZ5A,0.26,2025-01-01,Sticker | Scorch Loop,,,55368025,True,f5cf6554-072e-444e-bbcb-fe236343dccd,2025-01-03,,SOLD,2025-05-04,122.0,0.1,0.35,0.3,0.05
GTAS8XX563WS,10.57,2025-03-13,Glock-18 | Vogue (Factory New),6.99,47cae7eb-f077-4362-bde0-4e7644ae8600,59891325,False,47cae7eb-f077-4362-bde0-4e7644ae8600,2025-03-16,2025-03-20,SOLD,2025-05-04,51.0,0.08,11.61,11.5,0.11
GZEAFHHDT92F,0.26,2025-04-15,M4A1-S | Mud-Spec (Minimal Wear),10.16,072422ef-0354-4238-bd7b-d4e602930ada,60986264,False,072422ef-0354-4238-bd7b-d4e602930ada,2025-04-18,2025-04-22,SOLD,2025-05-04,18.0,0.08,0.36,0.29,0.07
G4HAG69FG65D,1.66,2024-12-30,Sticker | High Heat,,,55414367,True,19108bed-fef9-4130-8c26-5297d1e0b7fa,2025-04-18,,SOLD,2025-05-04,124.0,0.08,1.12,1.82,-0.63
GX980KDP9F2K,5.73,2025-04-19,AK-47 | Legion of Anubis (Field-Tested),31.48,8b2b05f3-2e4c-4db5-af73-0eae3282dc9b,61123059,False,8b2b05f3-2e4c-4db5-af73-0eae3282dc9b,2025-04-21,2025-04-27,SOLD,2025-05-04,14.0,0.08,6.8,6.24,0.53
GG3DLNG6UZHW,1.66,2024-12-30,Sticker | High Heat,,,55414367,True,366edb66-2cf1-4297-8cdc-16fb8795a232,2025-04-18,,SOLD,2025-05-04,124.0,0.08,1.12,1.82,-0.63
G9KK73FXLEX4,0.2,2025-04-19,Sticker | Bad News Eagles (Holo) | Paris 2023,,,45156216,True,55c304a8-6544-4941-8b1a-fcb6192fe2b2,2025-04-21,,SOLD,2025-05-04,14.0,0.08,0.59,0.23,0.34
GXKX87CL90SX,0.89,2025-03-10,Sticker | GO,,,41546906,True,76128009-e806-49d1-9774-92ec5b7eb0ca,2025-03-12,,SOLD,2025-05-04,54.0,0.08,1.98,0.98,0.93
GHP0S0S62U44,0.6,2025-02-03,Sticker | Flex,,,55480742,True,17f34737-f2b7-46bf-8b7f-d063686cf898,2025-02-18,,SOLD,2025-05-04,89.0,0.07,0.52,0.66,-0.12
GDD4F64ETPNH,0.68,2024-11-16,Sticker | KOI (Glitter) | Copenhagen 2024,,,50925888,True,8636c332-ad76-41de-a1e7-904c2884d03b,2024-11-19,,SOLD,2025-05-04,168.0,0.08,0.49,0.75,-0.23
GSRADKR0FNWS,2.2,2025-04-20,StatTrak™ USP-S | Ticket to Hell (Minimal Wear),14.42,e0666e25-c17c-4087-97a9-ad044531764a,61123063,False,e0666e25-c17c-4087-97a9-ad044531764a,2025-04-21,2025-04-27,SOLD,2025-05-04,13.0,0.08,4.41,2.4,1.86
GR5E32URCULW,1.16,2024-12-21,Sticker | s1mple (Holo) | Stockholm 2021,,,36899081,True,d8c35335-e146-42db-bc9e-6ebf6c76a1be,2025-03-17,,SOLD,2025-05-05,134.0,0.08,1.27,1.27,0.01
GRCAHXTT2F88,2.63,2025-03-15,P250 | See Ya Later (Field-Tested),30.67,5b858545-1e77-45b9-9a92-dc2a42108765,59891368,False,5b858545-1e77-45b9-9a92-dc2a42108765,2025-03-16,2025-03-23,SOLD,2025-05-05,50.0,0.08,2.87,2.87,0.01
G3CEW3PD2ATG,5.8,2025-02-21,AK-47 | Crossfade (Factory New),6.63,c12740c0-7a19-40a0-bacd-7de224c75341,59895806,False,c12740c0-7a19-40a0-bacd-7de224c75341,2025-03-17,,SOLD,2025-05-05,72.0,0.08,4.24,6.32,-1.9
G84XHXD98ASZ,0.18,2025-01-04,Sticker | Scorch Loop (Reverse),,,55478409,True,6259f8a0-9a4c-45f3-9b48-88da781b25a5,2025-04-18,,SOLD,2025-05-05,120.0,0.08,0.2,0.21,0.0
GXSURZ4EHCKR,2.58,2025-03-15,USP-S | Alpine Camo (Minimal Wear),11.01,112f680e-0c6f-4f2a-83db-278f70b62c49,59894098,False,112f680e-0c6f-4f2a-83db-278f70b62c49,2025-03-17,2025-03-23,SOLD,2025-05-05,50.0,0.08,2.82,2.82,0.01
GENTTUZL5E0C,0.18,2025-01-07,Sticker | Scorch Loop (Reverse),,,55478409,True,7d0999d5-7417-4060-90fd-6d994f664bc5,2025-04-18,,SOLD,2025-05-05,117.0,0.08,0.2,0.21,0.0
GE5G8FAFPRP0,0.21,2025-01-06,Sticker | Scorch Loop (Reverse),,,55478409,True,1dc8eb94-1fbc-4311-815c-1bba3a9ee939,2025-04-18,,SOLD,2025-05-05,118.0,0.08,0.2,0.24,-0.03
G2PCFZGC7X76,0.18,2025-01-07,Sticker | Scorch Loop (Reverse),,,55478409,True,433ca927-e89b-4efe-bb48-2dc14e0b9c1f,2025-04-18,,SOLD,2025-05-05,117.0,0.08,0.2,0.21,0.0
GU8WHDLS0A77,0.53,2024-12-24,Sticker | Complexity Gaming (Holo) | Paris 2023,,,45572291,True,1f99c135-ba7e-4ae3-8370-2da3b03c20d5,2025-03-17,,SOLD,2025-05-05,131.0,0.08,0.67,0.59,0.09
G7TEWEFU8Z0H,0.42,2025-03-28,Sticker | Ribbon Tie,,,55478591,True,6b73ac01-2f2c-4bf4-aea0-86bc348f18aa,2025-04-18,,SOLD,2025-05-05,37.0,0.08,0.49,0.47,0.03
GSHZK7ZTPK6H,2.13,2025-03-20,Desert Eagle | Tilted (Factory New),6.59,bfc1724b-e076-40ee-a5d4-d689e5288c54,60986352,False,bfc1724b-e076-40ee-a5d4-d689e5288c54,2025-04-18,,SOLD,2025-05-05,45.0,0.08,2.85,2.33,0.49
GH3HSGE09A35,4.0,2025-02-19,FAMAS | ZX Spectron (Minimal Wear),10.36,eea40367-037e-465f-afce-0f89e8b8e245,59895800,False,eea40367-037e-465f-afce-0f89e8b8e245,2025-03-17,,SOLD,2025-05-05,74.0,0.08,4.99,4.36,0.59
GHA5Z9GS2KTN,32.0,2025-02-21,AK-47 | The Outsiders (Minimal Wear),9.32,1eb2a9a3-59c4-4973-9337-ace5502fd959,59749314,False,1eb2a9a3-59c4-4973-9337-ace5502fd959,2025-03-14,,SOLD,2025-05-05,72.0,0.08,13.99,34.79,-19.13
GF3RWP5L737H,0.82,2025-03-12,Sticker | GO,,,41546906,True,b79833e2-b081-4f95-a5b4-ac67ceb8f03d,2025-03-14,,SOLD,2025-05-05,53.0,0.08,1.98,0.9,1.0
GT6U3044K3TZ,1.16,2024-12-21,Sticker | s1mple (Holo) | Stockholm 2021,,,36899081,True,927c8a86-928d-4ec9-8f9f-658ab6b71598,2025-03-17,,SOLD,2025-05-05,134.0,0.08,1.27,1.27,0.01
G4SHSAUFXTTN,2.63,2025-03-20,StatTrak™ M4A1-S | Night Terror (Field-Tested),27.57,062322b8-ce5d-4fb6-9d17-10e97886cdd9,60986325,False,062322b8-ce5d-4fb6-9d17-10e97886cdd9,2025-04-18,,SOLD,2025-05-05,45.0,0.08,2.87,2.87,0.01
G660WU759ZHS,0.82,2025-03-12,Sticker | GO,,,41546906,True,c483a799-d31f-4f85-a8e2-0bedd5064195,2025-03-14,,SOLD,2025-05-05,53.0,0.08,1.98,0.9,1.0
GE0HX7R079FN,0.62,2024-12-12,Sticker | Cloud9 (Glitter) | Copenhagen 2024,,,50406212,True,12286450-68bc-439f-a02b-32544a482b71,2025-03-17,,SOLD,2025-05-05,143.0,0.08,0.98,0.68,0.28
G8KDPEXP3LU2,0.18,2025-01-07,Sticker | Scorch Loop (Reverse),,,55478409,True,cf23b08e-3e7c-45d9-b862-4a0844e2b5fa,2025-04-18,,SOLD,2025-05-05,117.0,0.08,0.2,0.21,0.0
GER52LPLHA5L,1.05,2024-12-12,Sticker | Cloud9 (Glitter) | Copenhagen 2024,,,50406212,True,21a9827e-0d0f-4b3d-98b5-916668a74cd6,2025-03-17,,SOLD,2025-05-05,143.0,0.08,0.98,1.15,-0.15
G53XUND6R7L8,0.73,2025-02-17,Sticker | Into The Breach (Gold) | Paris 2023,,,45016931,True,c1f19f63-5b64-4e61-93dd-56c662c4cca4,2025-05-05,,SOLD,2025-05-06,77.0,0.1,0.99,0.82,0.16
GR8NT4DNWHTU,0.55,2025-01-29,Desert Eagle | Tilted (Field-Tested),26.05,ebd3d52b-46a4-4870-a7e8-bb8759d6cbd5,59895798,False,ebd3d52b-46a4-4870-a7e8-bb8759d6cbd5,2025-03-17,,SOLD,2025-05-06,96.0,0.08,0.28,0.61,-0.29
GSPUURP64D8T,0.39,2025-03-15,Charm | Whittle Knife,,e48f84d7-d982-4e5d-b2da-dd284117634e,59894254,False,e48f84d7-d982-4e5d-b2da-dd284117634e,2025-03-17,2025-03-23,SOLD,2025-05-06,51.0,0.08,0.47,0.43,0.04
G003550ANU4A,0.18,2025-01-07,Sticker | Scorch Loop (Reverse),,,55478409,True,b45a5b29-b047-44b2-8840-e15eb2386572,2025-04-18,,SOLD,2025-05-06,118.0,0.08,0.2,0.21,0.0
GEGX2RPL7A7H,0.18,2025-01-07,Sticker | Scorch Loop (Reverse),,,55478409,True,1a2f7485-b187-4554-8c95-3a7bef446005,2025-04-18,,SOLD,2025-05-06,118.0,0.08,0.2,0.21,0.0
GP5592WZTL35,0.18,2025-01-07,Sticker | Scorch Loop (Reverse),,,55478409,True,015ec0db-af5b-4537-99e9-527aaf053976,2025-04-18,,SOLD,2025-05-06,118.0,0.08,0.2,0.21,0.0
G8DWDAS0R96K,0.26,2025-01-04,Sticker | Scorch Loop,,,55368025,True,5d1d97bb-8497-47af-b532-183730799512,2025-01-06,,SOLD,2025-05-06,121.0,0.1,0.35,0.3,0.05
GUD64GUSWTKG,1.66,2025-03-10,Charm | Chicken Lil',,3b76505e-e405-4129-82f9-79d1b93eb1df,59735678,False,3b76505e-e405-4129-82f9-79d1b93eb1df,2025-03-12,2025-03-18,SOLD,2025-05-06,56.0,0.08,2.22,1.82,0.38
GGLERPFKKSND,0.18,2025-01-07,Sticker | Scorch Loop (Reverse),,,55478409,True,e7f4ae2e-c7b7-43e7-bfde-0a122ec2e1ce,2025-04-18,,SOLD,2025-05-06,118.0,0.08,0.2,0.21,0.0
GFR4AHDEA5LZ,0.26,2025-04-15,M4A1-S | Mud-Spec (Minimal Wear),10.46,7aad4735-bd2c-4b3f-9310-31cc9bd5cdc1,60986267,False,7aad4735-bd2c-4b3f-9310-31cc9bd5cdc1,2025-04-18,2025-04-21,SOLD,2025-05-06,20.0,0.08,0.36,0.29,0.07
GFG9D5ES59DP,1.6,2025-04-15,Charm | Lil' Teacup,,65d464ee-af70-4a02-9414-a670386f3f94,60986258,False,65d464ee-af70-4a02-9414-a670386f3f94,2025-04-18,2025-04-19,SOLD,2025-05-06,20.0,0.08,2.19,1.75,0.41
GW6HN0K5344S,0.18,2025-01-07,Sticker | Scorch Loop (Reverse),,,55478409,True,6b61bb2b-27ba-4995-a038-b3c49cef44ee,2025-04-18,,SOLD,2025-05-06,118.0,0.08,0.2,0.21,0.0
GD5LZN5UP826,4.5,2025-04-15,Blackwolf | Sabre,,eead5e9d-2d7b-443b-8e69-e2a51a67aa02,60986256,False,eead5e9d-2d7b-443b-8e69-e2a51a67aa02,2025-04-18,2025-04-16,SOLD,2025-05-06,20.0,0.08,5.19,4.9,0.27
GGZ6NDW3KUX7,0.04,2025-03-18,Sticker | Dreams And Mimics,,,41489558,True,a1a61c8e-c3ad-4b59-b7a1-258063e057f2,2025-04-18,,SOLD,2025-05-06,48.0,0.08,0.05,0.05,0.01
GCKZEPUS880E,9.93,2025-03-10,StatTrak™ SSG 08 | Fever Dream (Factory New),5.03,7fc7a33c-1d31-4902-8ef1-6d696f84779c,59735621,False,7fc7a33c-1d31-4902-8ef1-6d696f84779c,2025-03-12,2025-03-12,SOLD,2025-05-06,56.0,0.08,10.8,10.8,0.01
G43SZ5R4RN38,1.16,2024-12-21,Sticker | s1mple (Holo) | Stockholm 2021,,,36899081,True,c7e2400d-3de9-49b3-8a76-071a129c299c,2025-03-17,,SOLD,2025-05-06,135.0,0.08,1.27,1.27,0.01
GT0E2KGZL4GH,1.16,2024-12-21,Sticker | s1mple (Holo) | Stockholm 2021,,,36899081,True,f50ee1db-82ac-493f-acb2-900fadc08e75,2025-03-17,,SOLD,2025-05-06,135.0,0.08,1.27,1.27,0.01
GN7W268727FT,6.5,2025-02-16,FAMAS | ZX Spectron (Minimal Wear),14.03,6873516d-b195-43fa-b2d8-ff20183e71e5,59569157,False,6873516d-b195-43fa-b2d8-ff20183e71e5,2025-02-18,2025-02-23,SOLD,2025-05-07,79.0,0.07,4.98,7.0,-1.87
GCXEEHHGUPR4,1.35,2025-04-20,Dreams & Nightmares Case,,,37707469,True,c9cf1495-73b8-4a5f-b990-3ed9f593bae5,2025-04-21,,SOLD,2025-05-07,16.0,0.08,1.78,1.48,0.29
G24Z290W0ZCK,1.45,2025-04-20,Dreams & Nightmares Case,,,37707469,True,57c28fa3-c087-415a-b9db-dfb727649552,2025-04-21,,SOLD,2025-05-07,16.0,0.08,1.78,1.59,0.19
GH840EKET3C6,0.35,2025-03-20,Sticker | Boom Trail (Glitter),,,55436346,True,29ac807c-1dd5-4eaa-9651-2253bec0e731,2025-04-18,,SOLD,2025-05-07,47.0,0.08,0.39,0.39,0.01
GCP0EWT04S0P,1.43,2025-04-20,Dreams & Nightmares Case,,,37707469,True,ebbb807b-fe23-41f3-8fc9-608fd4e9031a,2025-04-21,,SOLD,2025-05-07,16.0,0.08,1.78,1.57,0.21
GGERHN57PPAL,1.43,2025-04-20,Dreams & Nightmares Case,,,37707469,True,967a91a1-f6be-4887-a274-539894e58289,2025-04-21,,SOLD,2025-05-07,16.0,0.08,1.78,1.57,0.21
GATDN9CGUT87,1.43,2025-04-20,Dreams & Nightmares Case,,,37707469,True,e96ef5f7-6801-48c6-af88-c5da65beb660,2025-04-21,,SOLD,2025-05-07,16.0,0.08,1.78,1.57,0.21
GA9WN4LK8ZTF,1.43,2025-04-20,Dreams & Nightmares Case,,,37707469,True,552b15b1-ff5a-4dbe-ba83-abb5480d44fb,2025-04-21,,SOLD,2025-05-07,16.0,0.08,1.78,1.57,0.21
GZ0W0TU8N0XG,1.43,2025-04-20,Dreams & Nightmares Case,,,37707469,True,1d415197-cde5-419c-9a9d-8300a0d63945,2025-04-21,,SOLD,2025-05-07,16.0,0.08,1.78,1.57,0.21
G25C20NH3XFF,7.28,2025-03-03,Michael Syfers  | FBI Sniper,,c786a9c9-526c-46f1-b446-6b129c9740f3,59895769,False,c786a9c9-526c-46f1-b446-6b129c9740f3,2025-03-17,,SOLD,2025-05-07,64.0,0.08,6.71,7.92,-1.11
GKRFG9W22X84,1.45,2025-04-20,Dreams & Nightmares Case,,,37707469,True,f08f458d-4098-4a1a-b89e-d7611377c519,2025-04-21,,SOLD,2025-05-07,16.0,0.08,1.78,1.59,0.19
G6U6ZZGRSFP2,2.63,2025-03-15,P250 | See Ya Later (Field-Tested),25.79,70c9d079-46e5-445b-bf13-c216cc35eab0,59891367,False,70c9d079-46e5-445b-bf13-c216cc35eab0,2025-03-16,2025-03-23,SOLD,2025-05-07,52.0,0.08,2.87,2.87,0.01
GRXNT2PCG40U,0.03,2025-04-19,"Sticker | ZywOo (Glitter, Champion) | Paris 2023",,,45367248,True,f51da034-6bad-4d46-acaa-6acb7964bc66,2025-04-21,,SOLD,2025-05-07,17.0,0.08,0.04,0.04,0.01
GSZF6S890RZH,2.66,2025-03-15,USP-S | Cortex (Field-Tested),28.52,61e6fee0-b8e5-44f6-9d05-811d91e28825,59891374,False,61e6fee0-b8e5-44f6-9d05-811d91e28825,2025-03-16,2025-03-23,SOLD,2025-05-07,52.0,0.08,3.26,2.9,0.34
GXSRURHLLU7Z,2.66,2025-03-15,USP-S | Cortex (Field-Tested),25.29,19c8364b-00e4-4075-be51-753eb9e157b3,59891375,False,19c8364b-00e4-4075-be51-753eb9e157b3,2025-03-16,2025-03-23,SOLD,2025-05-07,52.0,0.08,3.26,2.9,0.34
GL6S6L8W2FNN,0.36,2025-03-20,Sticker | Boom Trail (Glitter),,,55436346,True,94872fbb-46a3-482e-b179-481cff865fc7,2025-04-18,,SOLD,2025-05-07,47.0,0.08,0.4,0.4,0.01
GECNE3NH33C6,1.44,2025-04-19,Dreams & Nightmares Case,,,37707469,True,08607f65-c4cf-4e16-9295-99726c50e7d3,2025-04-21,,SOLD,2025-05-07,17.0,0.08,1.78,1.58,0.2
GSKNW3CA7FGD,1.44,2025-04-19,Dreams & Nightmares Case,,,37707469,True,35e0f5e8-ed72-490b-a84e-3a0ecfbafe15,2025-04-21,,SOLD,2025-05-07,17.0,0.08,1.78,1.58,0.2
GND4864T363P,1.44,2025-04-19,Dreams & Nightmares Case,,,37707469,True,13790e30-465f-47ba-83cd-ecb472c17527,2025-04-21,,SOLD,2025-05-07,17.0,0.08,1.78,1.58,0.2
GRXFHS0KRSZ7,1.44,2025-04-19,Dreams & Nightmares Case,,,37707469,True,3fa54b44-0260-45d3-83e8-b42e5e32e5c4,2025-04-21,,SOLD,2025-05-07,17.0,0.08,1.78,1.58,0.2
GF42E0XSLP0C,1.44,2025-04-19,Dreams & Nightmares Case,,,37707469,True,2ef7d21f-4794-4817-88df-a02efdd01782,2025-04-21,,SOLD,2025-05-07,17.0,0.08,1.78,1.58,0.2
GGG8865HT03Z,1.44,2025-04-19,Dreams & Nightmares Case,,,37707469,True,73361bb8-3353-41ef-ab37-27f680beaa27,2025-04-21,,SOLD,2025-05-07,17.0,0.08,1.78,1.58,0.2
GL6W677G85K4,1.44,2025-04-19,Dreams & Nightmares Case,,,37707469,True,b905730a-16e9-4553-8afd-5b7af27e46e2,2025-04-21,,SOLD,2025-05-07,17.0,0.08,1.78,1.58,0.2
GRHKL4PNT7FD,1.44,2025-04-19,Dreams & Nightmares Case,,,37707469,True,92dc54f7-c144-4498-ac73-7742e6094e43,2025-04-21,,SOLD,2025-05-07,17.0,0.08,1.78,1.58,0.2
GD4C0EAC3X08,1.44,2025-04-19,Dreams & Nightmares Case,,,37707469,True,f2f12229-04c3-497d-bcb6-aa8cba35309f,2025-04-21,,SOLD,2025-05-07,17.0,0.08,1.78,1.58,0.2
G3C3NXTNZ4UL,1.44,2025-04-19,Dreams & Nightmares Case,,,37707469,True,d7323217-2119-476b-982f-3754e26c7664,2025-04-21,,SOLD,2025-05-07,17.0,0.08,1.78,1.58,0.2
G5U92R85R7AG,1.59,2025-04-15,Charm | Lil' Teacup,,a5baf905-4ca7-4aba-9893-e8e127d58fac,60986257,False,a5baf905-4ca7-4aba-9893-e8e127d58fac,2025-04-18,2025-04-20,SOLD,2025-05-07,21.0,0.08,2.17,1.74,0.41
GC48445WA2DR,1.2,2025-04-19,XM1014 | Zombie Offensive (Factory New),5.52,0810e803-8fd8-40c2-8851-ba1e31732336,61123048,False,0810e803-8fd8-40c2-8851-ba1e31732336,2025-04-21,2025-04-23,SOLD,2025-05-07,17.0,0.08,1.47,1.32,0.15
GNSW7R0ZS2EW,1.38,2025-04-20,Dreams & Nightmares Case,,,37707469,True,1f765191-72de-4b93-a9ca-33d88d6fcad0,2025-04-21,,SOLD,2025-05-07,16.0,0.08,1.78,1.51,0.26
G3F2T76WHAP0,2.27,2025-03-12,Charm | Chicken Lil',,fdea78df-8bf5-4c6d-a5fa-16198bb02e3f,59749115,False,fdea78df-8bf5-4c6d-a5fa-16198bb02e3f,2025-03-14,2025-03-19,SOLD,2025-05-07,55.0,0.08,2.22,2.48,-0.23
GDCH5A9TU3GE,7.11,2024-12-21,Sticker | Dragon Lore (Foil),,,6117158,True,2a548a81-ee2b-40ba-abb8-361ba270fd3b,2025-03-17,,SOLD,2025-05-07,136.0,0.08,6.99,7.74,-0.68
GP9AD5WUTF6U,0.4,2025-01-31,Desert Eagle | Tilted (Field-Tested),35.27,279b0cba-5caa-4683-b07d-768ffe9319bc,59569188,False,279b0cba-5caa-4683-b07d-768ffe9319bc,2025-02-18,,SOLD,2025-05-07,95.0,0.07,0.28,0.44,-0.14
G9T87XZT3ZCL,0.4,2025-02-01,Desert Eagle | Tilted (Field-Tested),29.88,b0b24081-8195-4543-9f8b-a83a67b2239a,59569181,False,b0b24081-8195-4543-9f8b-a83a67b2239a,2025-02-18,,SOLD,2025-05-08,95.0,0.07,0.26,0.44,-0.16
GR9LP9NGDAN7,0.36,2025-03-20,Sticker | Boom Trail (Glitter),,,55436346,True,74656f8b-c7d8-4973-a299-dd1c41eafee8,2025-04-18,,SOLD,2025-05-08,48.0,0.08,0.4,0.4,0.01
GTPARFS426FN,0.36,2025-03-20,Sticker | Boom Trail (Glitter),,,55436346,True,cc55b2c6-684b-4e00-bb3b-9ce8cacc4349,2025-04-18,,SOLD,2025-05-08,48.0,0.08,0.4,0.4,0.01
G0U2E8FPF5AR,1.32,2025-03-20,MAC-10 | Pipsqueak (Minimal Wear),12.22,d70277d5-62a8-474e-bbaf-e3558d4b3383,60986331,False,d70277d5-62a8-474e-bbaf-e3558d4b3383,2025-04-18,,SOLD,2025-05-08,48.0,0.08,1.45,1.45,0.01
GW45K74SLFG4,1.89,2025-03-15,"Music Kit | Knock2, Make U SWEAT!",,,49025201,True,150244b8-1e00-479b-941e-c0fd1de5280b,2025-03-17,,SOLD,2025-05-08,53.0,0.08,2.68,2.07,0.58
GSR2GRH5X9FW,1.32,2025-03-20,MAC-10 | Pipsqueak (Minimal Wear),11.41,e848b964-6866-40d4-ac6a-b4f4bd71259e,60986338,False,e848b964-6866-40d4-ac6a-b4f4bd71259e,2025-04-18,,SOLD,2025-05-08,48.0,0.08,1.45,1.45,0.01
GLRUTU503PDR,0.12,2024-12-20,Sticker | Boom Trail,,,55347854,True,58222555-f988-4d54-b90c-fb16e875b728,2025-04-18,,SOLD,2025-05-08,138.0,0.08,0.18,0.14,0.05
GWGN7FG9N8CR,0.03,2025-04-19,"Sticker | ZywOo (Glitter, Champion) | Paris 2023",,,45367248,True,236931e3-a180-4a64-8f76-de2a6900b8a4,2025-04-21,,SOLD,2025-05-08,18.0,0.08,0.04,0.04,0.01
G98WCKGRR4FH,6.9,2025-03-03,Michael Syfers  | FBI Sniper,,2cc1b83f-ff2c-49f1-bd0f-75294424f10a,59895766,False,2cc1b83f-ff2c-49f1-bd0f-75294424f10a,2025-03-17,,SOLD,2025-05-08,65.0,0.08,6.71,7.51,-0.73
GWHE70K82C7U,2.63,2025-03-15,P250 | See Ya Later (Field-Tested),29.01,970c5ebf-a936-4aaf-9e32-81ed2be031da,59891366,False,970c5ebf-a936-4aaf-9e32-81ed2be031da,2025-03-16,2025-03-23,SOLD,2025-05-08,53.0,0.08,2.87,2.87,0.01
G7ERGT0AGLLF,11.1,2025-03-03,Glock-18 | Vogue (Factory New),6.92,56bb2d6a-910f-427c-8f05-f80d9750ab5d,59895830,False,56bb2d6a-910f-427c-8f05-f80d9750ab5d,2025-03-17,,SOLD,2025-05-08,65.0,0.08,12.07,12.08,0.0
G6WF55F880XS,2.14,2025-03-15,AWP | Mortis (Field-Tested),28.52,ba06f413-5323-4fd5-8e4b-7d6f6a791ee2,59894271,False,ba06f413-5323-4fd5-8e4b-7d6f6a791ee2,2025-03-17,2025-03-23,SOLD,2025-05-08,53.0,0.08,2.34,2.34,0.01
GH406EZ5GTA6,2.49,2025-03-04,FAMAS | ZX Spectron (Field-Tested),25.43,b1d00557-2674-43f0-8541-564fd5cfb8f4,59895755,False,b1d00557-2674-43f0-8541-564fd5cfb8f4,2025-03-17,,SOLD,2025-05-08,64.0,0.08,2.63,2.72,-0.07
GXL28L3GC8WD,1.8,2025-03-13,AWP | Mortis (Field-Tested),26.6,f80b3edf-19f8-4d78-a6c9-321e4e74f2b9,59891326,False,f80b3edf-19f8-4d78-a6c9-321e4e74f2b9,2025-03-16,2025-03-21,SOLD,2025-05-08,55.0,0.08,1.97,1.97,0.01
GT09HELALEAC,0.36,2025-03-20,Sticker | Boom Trail (Glitter),,,55436346,True,1665273b-8526-459a-a554-f403deb8e0d2,2025-04-18,,SOLD,2025-05-08,48.0,0.08,0.4,0.4,0.01
GKKSRS5CZ0WL,0.28,2025-01-04,Sticker | Scorch Loop,,,55368025,True,1688031e-cbd5-46f3-9918-38a5625a8787,2025-01-06,,SOLD,2025-05-08,123.0,0.1,0.34,0.32,0.03
GKDEW06HXF66,0.39,2025-03-15,Charm | Whittle Knife,,c6ad6aa9-8aaa-4c3d-aaa2-3c1365e808bb,59894266,False,c6ad6aa9-8aaa-4c3d-aaa2-3c1365e808bb,2025-03-17,2025-03-23,SOLD,2025-05-08,53.0,0.08,0.48,0.43,0.05
G5CHFSRA5XC9,0.39,2025-03-15,Charm | Whittle Knife,,b812ad46-c768-463e-bd19-4db690bcc71a,59894267,False,b812ad46-c768-463e-bd19-4db690bcc71a,2025-03-17,2025-03-23,SOLD,2025-05-08,53.0,0.08,0.48,0.43,0.05
GWC4X0T80ZA9,0.4,2025-01-06,Copenhagen 2024 Legends Autograph Capsule,,,50260580,True,806a2e91-f69e-45a1-ace2-ab20e5502538,2025-03-17,,SOLD,2025-05-08,121.0,0.08,0.32,0.45,-0.11
GTE7WSC87TCA,0.39,2025-03-15,Charm | Whittle Knife,,bd04a22f-6d41-4955-a1b4-23e8b7d542a0,59894258,False,bd04a22f-6d41-4955-a1b4-23e8b7d542a0,2025-03-17,2025-03-23,SOLD,2025-05-08,53.0,0.08,0.48,0.43,0.05
GFWCW792DNWG,0.18,2025-01-07,Sticker | Scorch Loop (Reverse),,,55478409,True,2da60d15-407d-45d1-bb87-f97eb7986322,2025-04-18,,SOLD,2025-05-08,120.0,0.08,0.19,0.21,-0.01
GGU4L9UFZ9ZF,0.48,2024-10-15,Sticker | PGL (Holo) | Copenhagen 2024,,,50631070,True,a06786b9-530c-4e6d-8937-bf3ae385d656,2025-03-17,,SOLD,2025-05-08,204.0,0.08,0.43,0.53,-0.08
GRN8CFCZ867H,0.5,2025-01-31,Desert Eagle | Tilted (Field-Tested),21.08,805ce09c-8b10-41e7-abff-9ef32fa4ebdd,59569179,False,805ce09c-8b10-41e7-abff-9ef32fa4ebdd,2025-02-18,,SOLD,2025-05-08,96.0,0.07,0.26,0.55,-0.26
GHL2UAFNSXZX,0.59,2024-10-07,Sticker | PGL (Holo) | Copenhagen 2024,,,50631070,True,952cabdd-19ea-4233-90c4-cdaeba4d1ffb,2025-03-17,,SOLD,2025-05-08,212.0,0.08,0.43,0.65,-0.19
GCX6NFXSEU7N,6.5,2025-01-24,Desert Eagle | Heat Treated (Minimal Wear),12.27,16c724f5-15aa-4aef-93d1-a7e7b34eb51a,59895870,False,16c724f5-15aa-4aef-93d1-a7e7b34eb51a,2025-03-17,,SOLD,2025-05-08,103.0,0.08,3.08,7.08,-3.67
GKRECPK3S5W3,1.19,2025-03-19,Charm | Hot Hands,,f7fa9c63-d43a-4cfd-b9d9-a047d8da1fbc,60986345,False,f7fa9c63-d43a-4cfd-b9d9-a047d8da1fbc,2025-04-18,,SOLD,2025-05-08,49.0,0.08,1.39,1.3,0.09
GD4D7F4PH2T4,2.69,2025-03-20,Desert Eagle | Tilted (Factory New),6.14,b3e16397-3a17-43d5-bb36-1e53d5abb221,60986332,False,b3e16397-3a17-43d5-bb36-1e53d5abb221,2025-04-18,,SOLD,2025-05-08,48.0,0.08,2.73,2.93,-0.18
GUZUU6XA2UXK,11.23,2025-03-10,Glock-18 | Vogue (Factory New),6.67,9ba8dd2c-ebfc-4b10-92fb-91548d812401,59735618,False,9ba8dd2c-ebfc-4b10-92fb-91548d812401,2025-03-12,2025-03-18,SOLD,2025-05-08,58.0,0.08,12.22,12.22,0.01
GNC2DSN85245,0.59,2024-10-07,Sticker | PGL (Holo) | Copenhagen 2024,,,50631070,True,12763245-2129-42b8-8cad-7fe2847e2921,2025-03-17,,SOLD,2025-05-08,212.0,0.08,0.43,0.65,-0.19
GKZXHUSGXG7C,1.75,2025-01-30,Desert Eagle | Heat Treated (Field-Tested),22.87,7e543435-ce80-4e63-b1e4-21a4db043673,59569168,False,7e543435-ce80-4e63-b1e4-21a4db043673,2025-02-18,,SOLD,2025-05-08,97.0,0.07,1.88,1.89,-0.0
G56HH02R2K0W,0.52,2025-03-20,MAC-10 | Light Box (Factory New),1.88,bd599dea-feaf-452b-86a5-5aec510488ba,60986355,False,bd599dea-feaf-452b-86a5-5aec510488ba,2025-04-18,,SOLD,2025-05-09,49.0,0.08,0.86,0.58,0.27
GA65SGC35CS8,0.26,2024-12-20,Sticker | Scorch Loop,,,55368025,True,23d064d8-1d76-4076-92b6-2f51f3a08024,2025-03-17,,SOLD,2025-05-09,139.0,0.08,0.34,0.29,0.05
GNA6DE2NRH9R,0.26,2024-12-20,Sticker | Scorch Loop,,,55368025,True,511750f8-d73d-4ce5-83f4-0d353bfe9556,2025-03-17,,SOLD,2025-05-09,139.0,0.08,0.34,0.29,0.05
G7GD2NTLECD6,0.28,2025-04-15,M4A1-S | Mud-Spec (Minimal Wear),7.51,1f211db2-4bc1-4f8f-ba2d-8f77617822a4,60986268,False,1f211db2-4bc1-4f8f-ba2d-8f77617822a4,2025-04-18,2025-04-17,SOLD,2025-05-09,23.0,0.08,0.38,0.32,0.07
G53CRHX4R68Z,0.28,2025-04-15,M4A1-S | Mud-Spec (Minimal Wear),10.64,3db0ca06-3a35-4128-a1e5-facc29cbc377,60986269,False,3db0ca06-3a35-4128-a1e5-facc29cbc377,2025-04-18,2025-04-15,SOLD,2025-05-09,23.0,0.08,0.38,0.32,0.07
G9ZU40S655UR,0.3,2025-04-15,M4A1-S | Mud-Spec (Minimal Wear),9.4,e0fd9ab6-a6c1-4566-8267-f101f1b0c53c,60986270,False,e0fd9ab6-a6c1-4566-8267-f101f1b0c53c,2025-04-18,2025-04-19,SOLD,2025-05-09,23.0,0.08,0.38,0.34,0.05
GFEHC534KTZF,0.26,2024-12-20,Sticker | Scorch Loop,,,55368025,True,4b855372-8953-46ff-bc5d-b291400c9370,2025-03-17,,SOLD,2025-05-09,139.0,0.08,0.34,0.29,0.05
GLTDFUCGF463,0.39,2025-03-15,Charm | Whittle Knife,,a6449f53-8d06-45f3-a205-6d667faa7965,59894265,False,a6449f53-8d06-45f3-a205-6d667faa7965,2025-03-17,2025-03-23,SOLD,2025-05-09,54.0,0.08,0.48,0.43,0.05
GDRGGA98H25S,9.16,2025-03-10,Arno The Overgrown | Guerrilla Warfare,,2cee9170-6a03-4adb-a8d8-f441b38c5913,59735603,False,2cee9170-6a03-4adb-a8d8-f441b38c5913,2025-03-12,2025-03-17,SOLD,2025-05-09,59.0,0.08,9.99,9.97,0.03
GZZ4T76DL6XR,1.97,2025-03-11,Sticker | Team Liquid (Holo) | Stockholm 2021,,,36663836,True,3f02d5c4-7a64-4c60-bc92-05bce8469f10,2025-03-12,,SOLD,2025-05-09,58.0,0.08,2.97,2.15,0.76
G9CPXD04P5TC,1.97,2025-03-11,Sticker | Team Liquid (Holo) | Stockholm 2021,,,36663836,True,93f2154f-377a-4ac0-8db8-7ddf616e99e4,2025-03-12,,SOLD,2025-05-09,58.0,0.08,2.97,2.15,0.76
GXXXWADAHD2R,0.42,2025-03-11,Charm | Hot Sauce,,17fe9d6f-db10-4c00-9f7a-8d92729d8b03,59749056,False,17fe9d6f-db10-4c00-9f7a-8d92729d8b03,2025-03-14,2025-03-19,SOLD,2025-05-09,58.0,0.08,0.57,0.47,0.1
GZU6FK3CX3ET,1.97,2025-03-11,Sticker | Team Liquid (Holo) | Stockholm 2021,,,36663836,True,0a80e693-2efa-4e9f-bf66-2be265894b92,2025-03-12,,SOLD,2025-05-09,58.0,0.08,2.97,2.15,0.76
GLAZKXCN4US7,2.29,2025-01-24,Sticker | Natus Vincere (Holo) | Paris 2023,,,44994901,True,c4ad2297-9c94-43e8-9772-52f5be16ef0e,2025-03-17,,SOLD,2025-05-09,104.0,0.08,1.96,2.5,-0.49
G0SHU990TLR0,2.29,2025-01-24,Sticker | Natus Vincere (Holo) | Paris 2023,,,44994901,True,4e6414ef-f585-4e1d-884b-7216cfb7b7d0,2025-03-17,,SOLD,2025-05-09,104.0,0.08,1.96,2.5,-0.49
GGX203TT236U,4.22,2025-01-19,Desert Eagle | Tilted (Factory New),6.03,681c1efb-c79c-4feb-b8d9-d80e920437ce,59895860,False,681c1efb-c79c-4feb-b8d9-d80e920437ce,2025-03-17,,SOLD,2025-05-09,109.0,0.08,2.73,4.6,-1.71
GC2X9XANZEDW,6.9,2025-01-24,Desert Eagle | Heat Treated (Minimal Wear),12.68,f5b7e702-b2c0-4783-bbf2-e88e590e4517,59895852,False,f5b7e702-b2c0-4783-bbf2-e88e590e4517,2025-03-17,,SOLD,2025-05-09,104.0,0.08,3.08,7.51,-4.07
GFSU8NSNP8HD,0.44,2025-03-18,Sticker | Flex,,,55480742,True,1ddaea7b-ffd4-4437-87c0-847a8e1327d0,2025-04-18,,SOLD,2025-05-10,52.0,0.08,0.51,0.49,0.03
GX4XK3XS0ZTX,0.44,2025-03-18,Sticker | Flex,,,55480742,True,e8c81f51-3366-4877-b6ed-a745d7dca550,2025-04-18,,SOLD,2025-05-10,52.0,0.08,0.51,0.49,0.03
G73KD27CTKSW,0.5,2024-11-30,Sticker | Scorch Loop,,,55368025,True,e0aae502-2eb9-4d0d-8e55-99fd129fda36,2025-04-18,,SOLD,2025-05-10,160.0,0.08,0.34,0.55,-0.19
GH3395CRK8C4,0.85,2025-02-05,Glock-18 | Teal Graf (Field-Tested),21.65,7e31716e-e9fe-4d38-aebd-190fa9681908,59569182,False,7e31716e-e9fe-4d38-aebd-190fa9681908,2025-02-18,,SOLD,2025-05-10,93.0,0.07,0.35,0.92,-0.52
G54F96PWFWCS,0.12,2024-12-20,Sticker | Boom Trail,,,55347854,True,c0bd6a56-02e7-4b38-8d5a-4b9597640f0c,2025-04-18,,SOLD,2025-05-10,140.0,0.08,0.18,0.14,0.05
G9GH86U78K4S,0.13,2025-04-20,USP-S | 27 (Minimal Wear),14.39,b4f25847-1a79-44a3-8a19-1e4d96cb943b,61123065,False,b4f25847-1a79-44a3-8a19-1e4d96cb943b,2025-04-21,,SOLD,2025-05-10,19.0,0.08,0.17,0.15,0.03
GHUP4C9S7PDK,0.5,2024-11-30,Sticker | Scorch Loop,,,55368025,True,ac2c5202-c822-42fe-bd4f-e7314ad3f599,2025-04-18,,SOLD,2025-05-10,160.0,0.08,0.34,0.55,-0.19
GFATCKXK65U2,0.25,2024-12-31,Sticker | Scorch Loop,,,55368025,True,cb459956-d89a-4c90-b86a-67c65f06c3f4,2025-03-17,,SOLD,2025-05-10,129.0,0.08,0.34,0.28,0.06
GL5S2PH9N9AD,1.0,2024-12-19,Shanghai 2024 Contenders Sticker Capsule,,,57328785,True,7c726899-8d01-4c3d-8d4c-4a94f3a3772e,2025-03-17,,SOLD,2025-05-10,141.0,0.08,0.22,1.1,-0.8
G6CA6CH3F6XA,0.5,2024-11-30,Sticker | Scorch Loop,,,55368025,True,4f1d63e8-5d8c-4ba2-91f2-7149f2530465,2025-04-18,,SOLD,2025-05-10,160.0,0.08,0.34,0.55,-0.19
G909RC4P3EDX,1.0,2024-12-19,Shanghai 2024 Contenders Sticker Capsule,,,57328785,True,ce5aa79a-fe20-4da4-aec8-92ee30495d9f,2025-03-17,,SOLD,2025-05-10,141.0,0.08,0.22,1.1,-0.8
GN8G0U8ARD42,1.0,2024-12-19,Shanghai 2024 Contenders Sticker Capsule,,,57328785,True,201a5655-787e-4965-b388-6398129c4112,2025-03-17,,SOLD,2025-05-10,141.0,0.08,0.22,1.1,-0.8
GU05AZU3THDF,0.26,2024-12-20,Sticker | Scorch Loop,,,55368025,True,33397d63-6d64-4516-823c-4360be3dcda2,2025-03-17,,SOLD,2025-05-10,140.0,0.08,0.34,0.29,0.05
GZ94GHUPDR20,1.0,2024-12-19,Shanghai 2024 Contenders Sticker Capsule,,,57328785,True,b4d57763-2b99-4dc2-b6e4-22ca5a03d025,2025-03-17,,SOLD,2025-05-10,141.0,0.08,0.22,1.1,-0.8
GF8TG627WXTF,1.0,2024-12-19,Shanghai 2024 Contenders Sticker Capsule,,,57328785,True,c89b097f-b6ed-480e-b177-81ad5c7bf08d,2025-03-17,,SOLD,2025-05-10,141.0,0.08,0.22,1.1,-0.8
GC8SEN8966DP,1.0,2024-12-19,Shanghai 2024 Contenders Sticker Capsule,,,57328785,True,2b0b6035-02fa-4073-9181-18f0c49d2b8f,2025-03-17,,SOLD,2025-05-10,141.0,0.08,0.22,1.1,-0.8
GGUG92L583NW,1.0,2024-12-19,Shanghai 2024 Contenders Sticker Capsule,,,57328785,True,a1354da5-b86f-44ab-8588-c5dcf1effeea,2025-03-17,,SOLD,2025-05-10,141.0,0.08,0.22,1.1,-0.8
GHP32Z8ZZRSF,0.14,2025-04-19,Sticker | Eternal Fire | Copenhagen 2024,,,50406189,True,280032d7-a19e-4f43-a5e3-b8e4dc8dee49,2025-04-21,,SOLD,2025-05-10,20.0,0.08,0.18,0.16,0.03
GTKP33AECC8G,1.0,2024-12-19,Shanghai 2024 Contenders Sticker Capsule,,,57328785,True,3e8b9624-2664-47dd-89a9-084270337b02,2025-03-17,,SOLD,2025-05-10,141.0,0.08,0.22,1.1,-0.8
G529THK0C7CU,1.0,2024-12-19,Shanghai 2024 Contenders Sticker Capsule,,,57328785,True,959328e7-5822-4314-9ea8-35b7852c5a95,2025-03-17,,SOLD,2025-05-10,141.0,0.08,0.22,1.1,-0.8
G2PATKFEF83X,1.0,2024-12-19,Shanghai 2024 Contenders Sticker Capsule,,,57328785,True,d2283590-0f8f-4efc-8c77-eb3835318d48,2025-03-17,,SOLD,2025-05-10,141.0,0.08,0.22,1.1,-0.8
GG5P88H6W0NE,0.15,2025-04-19,Sticker | Eternal Fire | Copenhagen 2024,,,50406189,True,4181c425-ae73-4b6b-b110-ab6487dfd1df,2025-04-21,,SOLD,2025-05-10,20.0,0.08,0.19,0.17,0.02
G329H00FXFGT,1.0,2024-12-19,Shanghai 2024 Contenders Sticker Capsule,,,57328785,True,b68c1f03-d066-42fa-b81b-719be0e0b179,2025-03-17,,SOLD,2025-05-10,141.0,0.08,0.22,1.1,-0.8
GCT4TH2RRSR3,1.0,2024-12-19,Shanghai 2024 Contenders Sticker Capsule,,,57328785,True,bdc59e6c-ad1d-4b6a-8f30-5a4105597e7b,2025-03-17,,SOLD,2025-05-10,141.0,0.08,0.22,1.1,-0.8
GW7W58DKU3T8,1.0,2024-12-19,Shanghai 2024 Contenders Sticker Capsule,,,57328785,True,256cb308-f126-4572-a807-d65e998a6d2b,2025-03-17,,SOLD,2025-05-10,141.0,0.08,0.22,1.1,-0.8
GN5XUX7PSXHG,1.0,2024-12-19,Shanghai 2024 Contenders Sticker Capsule,,,57328785,True,66eb81e7-a619-4f5b-a42a-d742bd625e24,2025-03-17,,SOLD,2025-05-10,141.0,0.08,0.22,1.1,-0.8
GC8RCW33CF5U,1.0,2024-12-19,Shanghai 2024 Contenders Sticker Capsule,,,57328785,True,38182c7c-308e-4e08-8407-be80868909ab,2025-03-17,,SOLD,2025-05-10,141.0,0.08,0.22,1.1,-0.8
GSZ7L6UD8X8E,0.56,2025-01-29,M4A1-S | Wash me plz (Factory New),5.88,423ce015-0e45-49fe-ace7-aa223d70b0c4,59895850,False,423ce015-0e45-49fe-ace7-aa223d70b0c4,2025-03-17,,SOLD,2025-05-10,100.0,0.08,0.54,0.62,-0.06
G4PSG5P77EC5,0.14,2025-04-19,Sticker | Eternal Fire | Copenhagen 2024,,,50406189,True,dc8c6c6c-8c3b-4412-b172-35cdf2fbd0a1,2025-04-21,,SOLD,2025-05-10,20.0,0.08,0.18,0.16,0.03
GECAFA8P0ZG5,0.15,2024-12-25,Sticker | Boom Trail,,,55347854,True,1a8d0307-5fc4-4821-aa16-afa137912db4,2025-04-18,,SOLD,2025-05-10,135.0,0.08,0.18,0.17,0.02
GRL0TNRWULG9,1.97,2025-03-11,Sticker | Team Liquid (Holo) | Stockholm 2021,,,36663836,True,a7ec2618-9ffe-458d-9dec-546974a27525,2025-03-12,,SOLD,2025-05-10,59.0,0.08,2.97,2.15,0.76
GUUZ5FXC5ZGF,5.49,2025-03-06,StatTrak™ Desert Eagle | Trigger Discipline (Minimal Wear),13.43,d404a197-d95f-4bb6-b78d-dcc58cd0c167,59895826,False,d404a197-d95f-4bb6-b78d-dcc58cd0c167,2025-03-17,,SOLD,2025-05-10,64.0,0.08,5.07,5.98,-0.83
GSGSK6TZRTLT,1.9,2025-03-15,"Music Kit | Knock2, Make U SWEAT!",,,49025201,True,a0e1101d-70b0-40f1-97a5-702d18e73573,2025-03-17,,SOLD,2025-05-10,55.0,0.08,2.68,2.08,0.57
GUL7ET5G2DK9,2.14,2025-03-15,AWP | Mortis (Field-Tested),24.65,8db3e9f7-254d-4187-ad41-b8afc3596006,59894270,False,8db3e9f7-254d-4187-ad41-b8afc3596006,2025-03-17,2025-03-23,SOLD,2025-05-11,56.0,0.08,2.34,2.34,0.01
GD675DLD0AFD,0.39,2025-03-18,Charm | Lil' Ava,,c29c08e2-c27b-4041-9274-c979b66b50e0,60986361,False,c29c08e2-c27b-4041-9274-c979b66b50e0,2025-04-18,,SOLD,2025-05-11,53.0,0.08,0.43,0.43,0.01
GWZFXEZ5A4NG,1.9,2025-03-15,"Music Kit | Knock2, Make U SWEAT!",,,49025201,True,e499097c-8a2c-453e-b4bf-c99200dc1bdf,2025-03-17,,SOLD,2025-05-11,56.0,0.08,2.68,2.08,0.57
GS6T06XW6SNL,0.39,2025-03-15,Charm | Whittle Knife,,591f92be-6273-4312-835a-df3393c4136f,59894264,False,591f92be-6273-4312-835a-df3393c4136f,2025-03-17,2025-03-23,SOLD,2025-05-11,56.0,0.08,0.48,0.43,0.05
G9S9H527W8PG,1.19,2025-03-12,Tec-9 | Re-Entry (Factory New),6.03,ff53279c-3093-4311-9813-9c07e84fe12a,59749072,False,ff53279c-3093-4311-9813-9c07e84fe12a,2025-03-14,2025-03-19,SOLD,2025-05-11,59.0,0.08,1.48,1.3,0.17
GRRT496CUESN,0.25,2024-12-05,Sticker | Scorch Loop,,,55368025,True,e0a3a71e-fb61-401c-bb09-f2d581053220,2025-04-18,,SOLD,2025-05-11,156.0,0.08,0.34,0.28,0.06
G03UX726R2N4,4.48,2025-03-05,M4A4 | Evil Daimyo (Factory New),5.57,201ff3df-abaa-499b-860b-363598346194,59895758,False,201ff3df-abaa-499b-860b-363598346194,2025-03-17,,SOLD,2025-05-11,66.0,0.08,4.31,4.88,-0.51
GE34AADTDT3W,4.27,2025-01-25,Desert Eagle | Heat Treated (Minimal Wear),12.94,5a8c1276-7901-47c1-b60d-4c068895bf90,59895848,False,5a8c1276-7901-47c1-b60d-4c068895bf90,2025-03-17,,SOLD,2025-05-11,105.0,0.08,3.08,4.65,-1.44
GX5WTUFRLFUR,0.03,2025-04-19,"Sticker | ZywOo (Glitter, Champion) | Paris 2023",,,45367248,True,e4d45438-852d-4e1f-9236-9baa9f800880,2025-04-21,,SOLD,2025-05-11,21.0,0.08,0.04,0.04,0.01
GZUZ2ZSP99KR,1.62,2025-03-13,Charm | Glamour Shot,,020c307b-da6c-4512-8370-600aea67442a,59749108,False,020c307b-da6c-4512-8370-600aea67442a,2025-03-14,2025-03-20,SOLD,2025-05-11,58.0,0.08,1.81,1.77,0.05
G7XHKRHSUPRW,5.26,2025-02-14,FAMAS | ZX Spectron (Minimal Wear),12.43,40987026-66b6-4f0c-b537-252153e0d59d,59548557,False,40987026-66b6-4f0c-b537-252153e0d59d,2025-02-16,2025-02-22,SOLD,2025-05-11,85.0,0.07,4.98,5.67,-0.63
GHFX32DRSZZF,1.12,2025-03-10,Tec-9 | Re-Entry (Factory New),5.79,b8741453-1ff4-4ba2-a8bf-4b0801236dc8,59735683,False,b8741453-1ff4-4ba2-a8bf-4b0801236dc8,2025-03-12,2025-03-18,SOLD,2025-05-12,62.0,0.08,1.48,1.23,0.24
G7FZWRDLDFXF,0.29,2024-12-05,Sticker | Scorch Loop,,,55368025,True,1e8d18a2-1205-4a0c-b528-4c4a457f221f,2025-04-18,,SOLD,2025-05-12,157.0,0.08,0.34,0.33,0.02
GAHUPZUP086A,7.5,2025-04-20,AK-47 | The Outsiders (Field-Tested),29.44,00d024bf-f12a-4db5-81de-f646e8a7ae6c,61123064,False,00d024bf-f12a-4db5-81de-f646e8a7ae6c,2025-04-21,2025-04-23,SOLD,2025-05-12,21.0,0.08,9.07,8.16,0.84
G59R0H480HCE,2.99,2025-03-14,P250 | See Ya Later (Field-Tested),29.71,a19c7407-9a16-44b2-947a-c8de11ed2d02,59891351,False,a19c7407-9a16-44b2-947a-c8de11ed2d02,2025-03-16,2025-03-22,SOLD,2025-05-12,58.0,0.08,3.26,3.26,0.01
GEA0709KWXK4,3.79,2025-01-19,Desert Eagle | Heat Treated (Field-Tested),16.12,2d40253c-e1c9-4199-b9c6-f9b844b180ee,59895875,False,2d40253c-e1c9-4199-b9c6-f9b844b180ee,2025-03-17,,SOLD,2025-05-12,112.0,0.08,1.88,4.13,-2.06
GZD42LEXZUN5,1.1,2025-05-09,USP-S | Check Engine (Factory New),6.91,a6dc13d9-9a6c-46c4-9d30-e79e6b0e350d,62076450,False,a6dc13d9-9a6c-46c4-9d30-e79e6b0e350d,2025-05-12,,SOLD,2025-05-12,2.0,0.08,1.95,1.21,0.69
G7HAK5DG7G0L,2.14,2025-03-15,AWP | Mortis (Field-Tested),27.1,eb711432-eb2f-450d-bf36-9bfe7b596666,59894127,False,eb711432-eb2f-450d-bf36-9bfe7b596666,2025-03-17,2025-03-23,SOLD,2025-05-12,57.0,0.08,2.34,2.34,0.01
GDF937CL5F6L,1.2,2025-04-15,USP-S | Flashback (Factory New),5.09,38639ba9-f89e-4c54-84a2-ebd847624fea,60986261,False,38639ba9-f89e-4c54-84a2-ebd847624fea,2025-04-18,2025-04-22,SOLD,2025-05-12,26.0,0.08,1.47,1.32,0.15
G6DCHKL229CS,2.84,2025-02-13,Desert Eagle | Heat Treated (Minimal Wear),9.9,d3fe1b49-0df5-447f-b7e1-482060d5e89c,59548546,False,d3fe1b49-0df5-447f-b7e1-482060d5e89c,2025-02-16,2025-02-21,SOLD,2025-05-12,87.0,0.07,3.08,3.06,0.02
GHL57PFTC6C5,0.96,2025-05-12,Desert Eagle | Meteorite (Minimal Wear),12.39,4c71fcf2-a6d1-4a03-9d76-2c8623e33b7b,62146550,False,4c71fcf2-a6d1-4a03-9d76-2c8623e33b7b,2025-05-14,2025-05-19,SOLD,2025-05-13,0.0,0.08,2.02,1.05,0.9
GX20003HXPG0,3.04,2025-02-28,Desert Eagle | Heat Treated (Minimal Wear),13.4,0e666d3f-3a80-43c8-a9b3-4ad6ef486ec0,59895821,False,0e666d3f-3a80-43c8-a9b3-4ad6ef486ec0,2025-03-17,,SOLD,2025-05-13,73.0,0.08,3.08,3.32,-0.21
GT6FUFHTWPGK,4.65,2025-03-02,M4A4 | Evil Daimyo (Factory New),6.57,52ee24ba-2af1-444e-8fed-e817b88ec3fd,59895825,False,52ee24ba-2af1-444e-8fed-e817b88ec3fd,2025-03-17,,SOLD,2025-05-13,71.0,0.08,4.31,5.07,-0.68
G8389N8TUW2E,0.57,2025-05-09,M4A4 | Etch Lord (Field-Tested),20.51,864291f1-4470-4a56-b118-8b9310f04b99,62076454,False,864291f1-4470-4a56-b118-8b9310f04b99,2025-05-12,2025-05-13,SOLD,2025-05-13,3.0,0.08,0.77,0.63,0.14
GDC6ERER6ZHG,0.13,2025-05-11,Sticker | Renegades (Holo) | 2020 RMR,,,30582902,True,71d4f48a-8f6a-4a04-af3c-8b6aa5e74795,2025-05-12,,SOLD,2025-05-13,1.0,0.08,0.39,0.15,0.23
GXDFD96CA8U8,1.7,2025-05-12,AWP | Duality (Field-Tested),27.1,a3f6bea0-c007-4cf7-af5c-43d883cfb192,62146562,False,a3f6bea0-c007-4cf7-af5c-43d883cfb192,2025-05-14,2025-05-20,SOLD,2025-05-13,0.0,0.08,2.23,1.86,0.35
GZUK9K9ZZP2R,4.15,2025-03-10,StatTrak™ Glock-18 | Block-18 (Minimal Wear),13.78,6f706138-4c73-41e3-9ff2-1f4d7c5768c2,59735637,False,6f706138-4c73-41e3-9ff2-1f4d7c5768c2,2025-03-12,2025-03-18,SOLD,2025-05-13,63.0,0.08,4.52,4.52,0.01
GAFKPUHF5Z9L,0.69,2025-05-12,Sticker | Vitality (Holo) | Paris 2023,,,45017001,True,f692bf05-1cb9-43d1-a7b5-f53ff888f215,2025-05-14,,SOLD,2025-05-13,0.0,0.08,0.96,0.76,0.19
GZWUKZNA9AGU,1.19,2025-03-12,Tec-9 | Re-Entry (Factory New),6.12,6709a369-7c44-4d36-83b7-79f1c4b76f33,59749070,False,6709a369-7c44-4d36-83b7-79f1c4b76f33,2025-03-14,2025-03-19,SOLD,2025-05-14,62.0,0.08,1.48,1.3,0.17
G9DL8RP3L22Z,1.03,2025-01-09,Sticker | G2 Esports (Holo) | Paris 2023,,,45502097,True,e7df3c98-ab53-434c-b83b-7cc354ba99bc,2025-01-16,,SOLD,2025-05-14,124.0,0.08,1.18,1.13,0.06
G96GZ449WUHU,1.03,2025-01-09,Sticker | G2 Esports (Holo) | Paris 2023,,,45502097,True,fa9a8fad-2475-45f7-a922-b42f88512dd2,2025-01-16,,SOLD,2025-05-14,124.0,0.08,1.18,1.13,0.06
G086NDGXGXEN,1.9,2025-03-15,"Music Kit | Knock2, Make U SWEAT!",,,49025201,True,aad315da-224b-4536-97d1-391af212750a,2025-03-17,,SOLD,2025-05-14,59.0,0.08,2.68,2.08,0.57
G7704KN0ZPWC,1.03,2025-01-09,Sticker | G2 Esports (Holo) | Paris 2023,,,45502097,True,e5f70578-429e-4dc7-978a-e4c9c5e068e2,2025-01-16,,SOLD,2025-05-14,124.0,0.08,1.18,1.13,0.06
GK6EL300CC98,0.4,2025-05-11,Zeus x27 | Tosai (Field-Tested),22.6,5735f6e4-b046-45a7-866e-b32a23bf0243,62076467,False,5735f6e4-b046-45a7-866e-b32a23bf0243,2025-05-12,,SOLD,2025-05-14,2.0,0.08,0.55,0.45,0.11
GK4C5PX842Z5,1.03,2025-01-09,Sticker | G2 Esports (Holo) | Paris 2023,,,45502097,True,67d83182-cec0-494e-931e-300e439a522d,2025-01-16,,SOLD,2025-05-14,124.0,0.08,1.18,1.13,0.06
G3KFU7025TTF,1.14,2025-05-11,MP7 | Bloodsport (Field-Tested),28.92,d1b5cb08-9cb3-494b-9e74-ca6971a03395,62076463,False,d1b5cb08-9cb3-494b-9e74-ca6971a03395,2025-05-12,2025-05-12,SOLD,2025-05-14,2.0,0.08,1.78,1.25,0.5
GA2CRESU89CC,1.13,2025-05-11,MP7 | Bloodsport (Field-Tested),27.08,e18bd258-aeda-4629-8a04-42de26afbddc,62076462,False,e18bd258-aeda-4629-8a04-42de26afbddc,2025-05-12,2025-05-12,SOLD,2025-05-14,2.0,0.08,1.78,1.24,0.51
GUNTW2X44UST,0.38,2025-01-30,Desert Eagle | Tilted (Field-Tested),31.62,f5313613-e468-4f49-acd9-cb4f2dbbe1b5,59569177,False,f5313613-e468-4f49-acd9-cb4f2dbbe1b5,2025-02-18,,SOLD,2025-05-14,103.0,0.07,0.26,0.42,-0.14
G37RE6FWWSE4,0.45,2025-01-04,Sticker | Winding Scorch,,,55393980,True,d34aefaf-e715-4f38-a59e-72629d611644,2025-04-18,,SOLD,2025-05-15,130.0,0.08,0.37,0.5,-0.11
G3G3D5P9W5T6,0.45,2025-01-04,Sticker | Winding Scorch,,,55393980,True,0e413ec8-f833-4d46-b510-549131441f8c,2025-04-18,,SOLD,2025-05-15,130.0,0.08,0.37,0.5,-0.11
GNSF3KLGRTWX,0.53,2025-01-03,Sticker | Winding Scorch,,,55393980,True,363fe72f-5777-4ff5-9ff1-1a11a16b6503,2025-04-18,,SOLD,2025-05-15,131.0,0.08,0.37,0.59,-0.19
GS5D4LUH08RZ,2.99,2025-03-15,P250 | See Ya Later (Field-Tested),28.07,6f7d17ac-88c8-4cfb-a1af-42fbed8d0bff,59891329,False,6f7d17ac-88c8-4cfb-a1af-42fbed8d0bff,2025-03-16,2025-03-22,SOLD,2025-05-15,60.0,0.08,3.26,3.26,0.01
G57UEUEWALGE,0.68,2025-05-13,Galil AR | Tuxedo (Minimal Wear),9.85,f49a7a8f-7a07-412d-95c6-784d8228f1c8,62215436,False,f49a7a8f-7a07-412d-95c6-784d8228f1c8,2025-05-16,2025-05-21,SOLD,2025-05-15,1.0,0.08,1.18,0.75,0.41
G3F8GR8K2S95,3.08,2025-03-20,StatTrak™ M4A1-S | Night Terror (Field-Tested),31.41,26359401-99f9-4887-9ac0-62e3ec1c0e11,60986336,False,26359401-99f9-4887-9ac0-62e3ec1c0e11,2025-04-18,,SOLD,2025-05-15,55.0,0.08,3.36,3.36,0.01
GS4N84UXANEF,1.1,2025-03-14,AWP | PAW (Field-Tested),16.58,921921d9-9a5c-44a1-88cc-88dd257047af,59891342,False,921921d9-9a5c-44a1-88cc-88dd257047af,2025-03-16,2025-03-22,SOLD,2025-05-15,61.0,0.08,1.24,1.21,0.04
GXUGCS9927PL,1.03,2025-01-09,Sticker | G2 Esports (Holo) | Paris 2023,,,45502097,True,38f2b33a-baa5-49ad-9da7-36bbbdecb6bb,2025-01-16,,SOLD,2025-05-15,125.0,0.08,1.18,1.13,0.06
GE7C8LWHLHL3,71.49,2025-03-15,AWP | Asiimov (Battle-Scarred),54.75,183ae628-b423-4c54-8194-e53eba8e815b,59894094,False,183ae628-b423-4c54-8194-e53eba8e815b,2025-03-17,2025-03-23,SOLD,2025-05-15,60.0,0.08,77.73,77.72,0.02
G2HKKRPH9L07,1.03,2025-01-09,Sticker | G2 Esports (Holo) | Paris 2023,,,45502097,True,a7bd8247-525b-4de2-ae92-e18bbfe5b62d,2025-01-16,,SOLD,2025-05-15,125.0,0.08,1.18,1.13,0.06
G3H824W5L5W7,0.53,2024-12-27,Sticker | Winding Scorch,,,55393980,True,d1c04330-1dfb-4ea4-8517-19235560f7a8,2025-04-18,,SOLD,2025-05-15,138.0,0.08,0.37,0.59,-0.19
GRKAH7L9WX8D,2.92,2025-03-20,StatTrak™ M4A1-S | Night Terror (Field-Tested),30.01,45725dae-acda-4b8c-8a46-7bc6ad985856,60986353,False,45725dae-acda-4b8c-8a46-7bc6ad985856,2025-04-18,,SOLD,2025-05-15,55.0,0.08,3.18,3.18,0.01
GP7G426SUKFN,1.03,2025-01-09,Sticker | G2 Esports (Holo) | Paris 2023,,,45502097,True,99038142-442f-48c0-911c-318832900acd,2025-01-16,,SOLD,2025-05-15,125.0,0.08,1.18,1.13,0.06
G40XC4GDW9TA,1.0,2024-12-20,Sticker | Winding Scorch,,,55393980,True,245aa035-e689-4f69-9bb9-2f22ad55b0c0,2025-04-18,,SOLD,2025-05-15,145.0,0.08,0.37,1.1,-0.66
GR278NGWZD9S,0.41,2024-12-31,Sticker | Winding Scorch,,,55393980,True,912c5d8f-cd38-4682-8ccf-bd7939507557,2025-04-18,,SOLD,2025-05-15,134.0,0.08,0.37,0.46,-0.07
GHLD4NRS5WWG,1.0,2024-12-20,Sticker | Winding Scorch,,,55393980,True,d15f42e0-7467-4d98-bf47-1aa23c694009,2025-04-18,,SOLD,2025-05-15,145.0,0.08,0.37,1.1,-0.66
G5R4D8ARGLKC,0.93,2025-05-09,Zeus x27 | Tosai (Minimal Wear),9.92,20dfff44-5e1c-4827-bede-5892d3fca317,62076451,False,20dfff44-5e1c-4827-bede-5892d3fca317,2025-05-12,2025-05-13,SOLD,2025-05-15,5.0,0.08,1.56,1.02,0.51
GAG672RF4WW4,3.5,2025-03-20,Sticker | Winding Scorch (Foil),,,55450345,True,eff4d987-a5d0-44c0-8bbc-9a62293da764,2025-04-18,,SOLD,2025-05-16,56.0,0.08,4.57,3.82,0.7
GHRZHNU7Z3F2,3.5,2025-03-20,Sticker | Winding Scorch (Foil),,,55450345,True,c1f7eebc-aa64-4754-a4d8-335f5ab3a05e,2025-04-18,,SOLD,2025-05-16,56.0,0.08,4.57,3.82,0.7
G04FTA9H7NLD,3.5,2025-03-20,Sticker | Winding Scorch (Foil),,,55450345,True,0f7cdc92-3ff0-48f7-afc4-176853109636,2025-04-18,,SOLD,2025-05-16,56.0,0.08,4.57,3.82,0.7
G83W9W9G7H3K,3.5,2025-03-20,Sticker | Winding Scorch (Foil),,,55450345,True,07cb4229-5208-4d06-b2bc-f549f59f3b6e,2025-04-18,,SOLD,2025-05-16,56.0,0.08,4.57,3.82,0.7
GTZC0UZ6GZCW,0.6,2025-03-13,MAG-7 | SWAG-7 (Minimal Wear),10.7,452532f7-58c5-416e-adf7-46adf55e5528,59891336,False,452532f7-58c5-416e-adf7-46adf55e5528,2025-03-16,2025-03-21,SOLD,2025-05-17,64.0,0.08,0.66,0.66,0.01
GA79SEFWRNHK,0.15,2024-12-26,Sticker | Boom Trail,,,55347854,True,8471a4cb-d1b5-4162-bc3a-d6d2b0528378,2025-04-18,,SOLD,2025-05-17,141.0,0.08,0.18,0.17,0.02
GF65TXS005AF,2.14,2025-03-15,AWP | Mortis (Field-Tested),27.16,46200d88-f678-4780-9e38-3d05a57bab4e,59894126,False,46200d88-f678-4780-9e38-3d05a57bab4e,2025-03-17,2025-03-23,SOLD,2025-05-17,62.0,0.08,2.34,2.34,0.01
GH5L3RRZ9LT2,0.15,2024-12-26,Sticker | Boom Trail,,,55347854,True,3bb0d1de-7b18-4596-9cc3-d3ff51889703,2025-04-18,,SOLD,2025-05-17,141.0,0.08,0.18,0.17,0.02
G2HASU0SD0DD,18.46,2025-03-06,Trapper Aggressor | Guerrilla Warfare,,1de9e0ca-c8da-455f-b32b-4e6ea909e239,59749321,False,1de9e0ca-c8da-455f-b32b-4e6ea909e239,2025-03-14,,SOLD,2025-05-17,71.0,0.08,16.18,20.08,-3.57
GW0EG35098RA,0.15,2024-12-26,Sticker | Boom Trail,,,55347854,True,7cdc0ddd-3154-4000-86e5-10630c476218,2025-04-18,,SOLD,2025-05-17,141.0,0.08,0.18,0.17,0.02
G7AGU6END6PF,2.14,2025-03-15,AWP | Mortis (Field-Tested),21.79,5a8a24aa-0a5b-4be6-bb4d-d68cccf73c1a,59894099,False,5a8a24aa-0a5b-4be6-bb4d-d68cccf73c1a,2025-03-17,2025-03-22,SOLD,2025-05-17,62.0,0.08,2.34,2.34,0.01
GZ8W8AUT0WK2,0.15,2024-12-26,Sticker | Boom Trail,,,55347854,True,cd82a635-e837-4295-9d9e-694d1ad0320e,2025-04-18,,SOLD,2025-05-17,141.0,0.08,0.18,0.17,0.02
GRHFRW20WAZE,0.12,2024-12-25,Sticker | Boom Trail,,,55347854,True,afb542c4-0773-4f20-b3d2-2ef495d31418,2025-04-18,,SOLD,2025-05-17,142.0,0.08,0.18,0.14,0.05
GXALZ8G8E0DW,3.17,2025-03-03,FAMAS | ZX Spectron (Field-Tested),27.87,58b570b0-bce7-4fdc-8143-10630c8e3cb0,59895761,False,58b570b0-bce7-4fdc-8143-10630c8e3cb0,2025-03-17,,SOLD,2025-05-17,74.0,0.08,2.63,3.46,-0.75
G7G820UERZNA,2.14,2025-03-15,AWP | Mortis (Field-Tested),17.83,11c393e0-c398-45f4-a6c9-34133aee1835,59894124,False,11c393e0-c398-45f4-a6c9-34133aee1835,2025-03-17,2025-03-23,SOLD,2025-05-17,62.0,0.08,2.34,2.34,0.01
G6FXW32P8C0K,0.12,2024-12-31,Sticker | Boom Trail,,,55347854,True,98b2abd2-ce40-4ba4-842f-ace19242c43d,2025-04-18,,SOLD,2025-05-17,136.0,0.08,0.18,0.14,0.05
G3RLD06D8G0D,0.29,2025-01-25,Sticker | SAW (Glitter) | Copenhagen 2024,,,50406198,True,e3d7d207-0bf7-4b7a-8784-1b5c29a1c1d2,2025-03-17,,SOLD,2025-05-17,111.0,0.08,0.43,0.33,0.11
GD3SKFLKNUW9,0.1,2024-12-30,Sticker | Boom Trail,,,55347854,True,92ae5d91-eaa9-45e3-92cc-fd1807eed9c5,2025-04-18,,SOLD,2025-05-17,137.0,0.08,0.18,0.12,0.07
GE9U94P884SK,0.11,2024-12-25,Sticker | Boom Trail,,,55347854,True,19fc1317-687b-40df-abcb-90010a574876,2025-04-18,,SOLD,2025-05-17,142.0,0.08,0.18,0.13,0.06
G3G725UKTUN6,1.19,2025-03-12,Tec-9 | Re-Entry (Factory New),6.09,b8d5052c-a416-4d73-b37c-4963578d73a4,59749069,False,b8d5052c-a416-4d73-b37c-4963578d73a4,2025-03-14,2025-03-19,SOLD,2025-05-17,65.0,0.08,1.48,1.3,0.17
G47U2ZZ97XTR,0.13,2024-12-27,Sticker | Boom Trail,,,55347854,True,23f62bb2-a7ac-40f6-aac5-f432a51d5fca,2025-04-18,,SOLD,2025-05-17,140.0,0.08,0.18,0.15,0.04
GADZPC95R5XT,0.12,2025-01-01,Sticker | Boom Trail,,,55347854,True,c3365b0e-15d6-4a61-8854-6f86486aface,2025-04-18,,SOLD,2025-05-17,135.0,0.08,0.18,0.14,0.05
GTL5NKR6XF99,0.1,2024-12-30,Sticker | Boom Trail,,,55347854,True,67f6243d-574f-4d86-944c-c19ab25652ba,2025-04-18,,SOLD,2025-05-17,137.0,0.08,0.18,0.12,0.07
GN0AZ6A35UHW,0.98,2025-03-20,MAG-7 | SWAG-7 (Minimal Wear),12.96,7d0dbe1d-59d7-4ee6-90da-ebfb2af9b1e9,60986350,False,7d0dbe1d-59d7-4ee6-90da-ebfb2af9b1e9,2025-04-18,,SOLD,2025-05-18,58.0,0.08,1.08,1.08,0.01
G56ZDCFRPK63,0.44,2025-03-18,Sticker | Flex,,,55480742,True,7adc1b5d-6b2f-4cca-877d-7e8a075beafc,2025-04-18,,SOLD,2025-05-18,60.0,0.08,0.51,0.49,0.03
GXDCR6G75C5F,7.5,2025-03-20,StatTrak™ SSG 08 | Fever Dream (Factory New),6.67,693496a5-6a07-496d-895e-7c0c78cc2cae,60986356,False,693496a5-6a07-496d-895e-7c0c78cc2cae,2025-04-18,,SOLD,2025-05-18,58.0,0.08,8.16,8.16,0.01
GGACU4UALDA9,0.5,2025-03-13,MAG-7 | SWAG-7 (Minimal Wear),12.68,9324b986-49c7-491e-b4df-5350e5c1dc8d,59891335,False,9324b986-49c7-491e-b4df-5350e5c1dc8d,2025-03-16,2025-03-21,SOLD,2025-05-18,65.0,0.08,0.59,0.55,0.04
G4SN5X8436DL,17.94,2025-03-03,Trapper Aggressor | Guerrilla Warfare,,0bbcd497-df8a-4eab-81c9-4d75fcc2c572,59749320,False,0bbcd497-df8a-4eab-81c9-4d75fcc2c572,2025-03-14,,SOLD,2025-05-18,75.0,0.08,16.18,19.51,-3.05
GWG8K023RWDU,0.99,2025-05-09,Zeus x27 | Tosai (Minimal Wear),8.71,352846fa-f5b0-4dd7-8f85-d8c8862ed651,62076452,False,352846fa-f5b0-4dd7-8f85-d8c8862ed651,2025-05-12,2025-05-17,SOLD,2025-05-19,9.0,0.08,1.56,1.09,0.45
GFGEGE8SNH70,0.16,2025-05-11,Sticker | Boom Detonation (Glitter),,,55450510,True,36bc91c1-4bd3-43a7-97f0-5e5bb36815d7,2025-05-12,,SOLD,2025-05-19,7.0,0.08,0.63,0.18,0.42
GH7SXWG0HE3P,44.74,2025-05-09,Number K | The Professionals,,692e8c36-03b0-4774-b69b-e14e37de5d07,62076457,False,692e8c36-03b0-4774-b69b-e14e37de5d07,2025-05-12,2025-05-17,SOLD,2025-05-19,9.0,0.08,52.0,48.64,3.1
G03ZX4K4T8A9,0.39,2025-03-15,Charm | Whittle Knife,,c86bbd6f-2a6f-4091-a66c-63c8e3ec6566,59894263,False,c86bbd6f-2a6f-4091-a66c-63c8e3ec6566,2025-03-17,2025-03-23,SOLD,2025-05-19,64.0,0.08,0.48,0.43,0.05
G24U9GT52U9H,4.0,2025-05-08,UMP-45 | K.O. Factory (Field-Tested),17.68,6c9abe1f-3dce-4898-a2da-cc45098f7ebc,62020449,False,6c9abe1f-3dce-4898-a2da-cc45098f7ebc,2025-05-10,2025-05-16,SOLD,2025-05-19,10.0,0.08,5.47,4.36,1.03
G074NNA23U2T,0.39,2025-05-11,Zeus x27 | Tosai (Field-Tested),25.07,2065111e-b13b-457b-8bb4-6915bf2ad4f5,62076478,False,2065111e-b13b-457b-8bb4-6915bf2ad4f5,2025-05-12,2025-05-18,SOLD,2025-05-20,8.0,0.08,0.55,0.43,0.12
GS6KNSNSPK87,0.48,2025-01-29,Desert Eagle | Tilted (Field-Tested),30.22,f427cbbf-0060-46c1-a37e-d1f4136e6a18,59569165,False,f427cbbf-0060-46c1-a37e-d1f4136e6a18,2025-02-18,,SOLD,2025-05-20,110.0,0.07,0.26,0.53,-0.24
G2CZH3UWDTRT,1.87,2025-05-09,Desert Eagle | Serpent Strike (Factory New),6.45,0a5f6d8c-346a-4dc1-894c-e4e3b4d26083,62076449,False,0a5f6d8c-346a-4dc1-894c-e4e3b4d26083,2025-05-12,2025-05-13,SOLD,2025-05-20,10.0,0.08,2.88,2.04,0.78
GLL6CFL7N3P2,0.32,2025-04-15,M4A1-S | Mud-Spec (Minimal Wear),8.77,39332ce6-3753-4828-9c62-adc290c93e5d,60986271,False,39332ce6-3753-4828-9c62-adc290c93e5d,2025-04-18,,SOLD,2025-05-20,34.0,0.08,0.4,0.36,0.05
GTN5K72876NA,0.66,2025-05-12,USP-S | Ticket to Hell (Minimal Wear),9.61,58b5f721-16d7-4991-a56f-a453b22de7cd,62146552,False,58b5f721-16d7-4991-a56f-a453b22de7cd,2025-05-14,2025-05-20,SOLD,2025-05-20,7.0,0.08,0.91,0.73,0.18
GZWW0RAXDSZ8,0.49,2024-12-02,Sticker | PGL (Glitter) | Antwerp 2022,,,39903090,True,6d73d5b2-130c-447a-8807-9bac7642d9fd,2024-12-05,,SOLD,2025-05-20,168.0,0.08,0.26,0.54,-0.25
GNCS9U06R85H,0.41,2025-05-12,Zeus x27 | Tosai (Field-Tested),15.86,a2283cdf-022e-4581-baed-881afedac08c,62146554,False,a2283cdf-022e-4581-baed-881afedac08c,2025-05-14,2025-05-19,SOLD,2025-05-20,7.0,0.08,0.55,0.46,0.1
GSF5EPE9XSAW,0.99,2025-05-13,Sticker | Bolt Energy (Foil),,,55478592,True,315f922a-e13a-4174-a0a1-ea40758ca073,2025-05-16,,SOLD,2025-05-20,6.0,0.08,1.59,1.09,0.47
GFP95T4KXWPP,0.5,2024-12-04,Sticker | PGL (Glitter) | Antwerp 2022,,,39903090,True,aad4a7eb-0e3f-41c2-bb99-de65bb95bac7,2024-12-05,,SOLD,2025-05-20,166.0,0.08,0.26,0.55,-0.26
G5UFPWETCHEP,0.23,2025-05-09,AWP | Acheron (Field-Tested),35.79,c494fda7-5f77-405d-8e83-992b24c77caf,62076459,False,c494fda7-5f77-405d-8e83-992b24c77caf,2025-05-12,2025-05-17,SOLD,2025-05-20,10.0,0.08,0.72,0.26,0.43
GZA9LS8TFWK5,0.29,2025-05-12,Glock-18 | Candy Apple (Field-Tested),24.74,ecad520d-685b-41ff-8537-342cad9a1c39,62146563,False,ecad520d-685b-41ff-8537-342cad9a1c39,2025-05-14,2025-05-20,SOLD,2025-05-20,7.0,0.08,0.78,0.33,0.43
G63PDCCNLZ3D,17.73,2025-03-03,Trapper Aggressor | Guerrilla Warfare,,bc8d594e-b40f-4146-bae5-28d81ed88e2e,59749319,False,bc8d594e-b40f-4146-bae5-28d81ed88e2e,2025-03-14,,SOLD,2025-05-20,77.0,0.08,16.18,19.28,-2.84
GFGTT8PUA820,0.66,2025-05-12,USP-S | Ticket to Hell (Minimal Wear),13.16,8848d634-7bd8-4459-ae4a-92fb3caa3bcc,62146553,False,8848d634-7bd8-4459-ae4a-92fb3caa3bcc,2025-05-14,2025-05-20,SOLD,2025-05-21,8.0,0.08,0.91,0.73,0.18
G88WDWDUA27E,0.63,2025-05-11,Glock-18 | Umbral Rabbit (Minimal Wear),8.68,5d54230b-8d2b-4a6c-ac75-f3dd9a7918cc,62076477,False,5d54230b-8d2b-4a6c-ac75-f3dd9a7918cc,2025-05-12,2025-05-17,SOLD,2025-05-21,9.0,0.08,1.55,0.7,0.8
GNKL3A4Z5R86,0.39,2025-03-15,Charm | Whittle Knife,,213865b9-d988-43e5-acd7-cf1e87ae8587,59894262,False,213865b9-d988-43e5-acd7-cf1e87ae8587,2025-03-17,2025-03-23,SOLD,2025-05-21,66.0,0.08,0.48,0.43,0.05
GDZHGDSU5T9G,8.37,2025-03-03,P2000 | Amber Fade (Factory New),6.45,bfd967d2-007f-4568-8d83-2c89bd7c0d54,59895750,False,bfd967d2-007f-4568-8d83-2c89bd7c0d54,2025-03-17,,SOLD,2025-05-22,79.0,0.08,9.1,9.11,0.0
GN9KEF9D8W3P,9.6,2025-03-03,P2000 | Amber Fade (Factory New),5.31,3b44e97f-ebd7-4889-acf7-10b6f1e92d53,59895748,False,3b44e97f-ebd7-4889-acf7-10b6f1e92d53,2025-03-17,,SOLD,2025-05-22,79.0,0.08,9.1,10.45,-1.23
GX5CPF5LX8P0,0.39,2025-03-15,Charm | Whittle Knife,,57c2813a-76f2-41db-84af-2a419cd38c0f,59894260,False,57c2813a-76f2-41db-84af-2a419cd38c0f,2025-03-17,2025-03-23,SOLD,2025-05-22,67.0,0.08,0.48,0.43,0.05
GU4KFNPZE509,3.23,2025-05-09,Gamma Case,,,230,True,dc50e911-5830-4e00-9227-2e207a1b6130,2025-05-12,,SOLD,2025-05-22,12.0,0.08,4.71,3.52,1.1
GK2WZ9X36R0R,1.12,2025-05-11,MP7 | Bloodsport (Field-Tested),27.77,39e46853-811d-4f88-b5c3-fdb7861ef0ee,62076461,False,39e46853-811d-4f88-b5c3-fdb7861ef0ee,2025-05-12,2025-05-15,SOLD,2025-05-22,10.0,0.08,1.78,1.23,0.52
GS75GZS4E333,3.21,2025-01-18,Desert Eagle | Heat Treated (Field-Tested),25.7,3e051c84-2176-45cb-aae6-2434e5d0595e,59895822,False,3e051c84-2176-45cb-aae6-2434e5d0595e,2025-03-17,,SOLD,2025-05-22,123.0,0.08,1.88,3.5,-1.48
GNSUFC895US8,0.45,2025-03-14,Sticker | ropz (Glitter) | Copenhagen 2024,,,50553144,True,89616b06-4bd9-44fa-9d3c-881bab8dab2b,2025-03-17,,SOLD,2025-05-23,69.0,0.08,0.5,0.5,0.01
G9F660H20SRT,0.33,2025-05-12,Patch | Phoenix,,,14059101,True,a2a9187b-6c7a-4e75-97d2-cd30336a413e,2025-05-14,,SOLD,2025-05-23,10.0,0.08,0.98,0.37,0.57
G4SWESWHEZ59,0.45,2025-03-14,Sticker | ropz (Glitter) | Copenhagen 2024,,,50553144,True,2ca04683-3bdf-4a1e-82b4-6071538f6e84,2025-03-17,,SOLD,2025-05-23,69.0,0.08,0.5,0.5,0.01
GENR7F688PD7,0.29,2025-03-17,Shanghai 2024 Champions Autograph Capsule,,,58133574,True,79bfc45a-d74f-4839-aecd-4562023e9ba4,2025-04-18,,SOLD,2025-05-23,66.0,0.08,0.33,0.33,0.01
GA4LDE24H5AS,0.39,2025-03-15,Charm | Whittle Knife,,10a3530a-4629-4e6b-b6fd-cfff2f301f38,59894259,False,10a3530a-4629-4e6b-b6fd-cfff2f301f38,2025-03-17,2025-03-23,SOLD,2025-05-23,68.0,0.08,0.48,0.43,0.05
GLG337K0U86H,0.29,2025-03-17,Shanghai 2024 Champions Autograph Capsule,,,58133574,True,e2a47b1c-c08d-425b-b889-601bac2f45d4,2025-04-18,,SOLD,2025-05-23,66.0,0.08,0.33,0.33,0.01
GH2LX33C2Z6X,0.29,2025-03-17,Shanghai 2024 Champions Autograph Capsule,,,58133574,True,9c0e2cca-6867-4732-b53b-e0980d0aebc1,2025-04-18,,SOLD,2025-05-23,66.0,0.08,0.33,0.33,0.01
G8FE5U4LHEPP,4.01,2025-05-09,UMP-45 | K.O. Factory (Field-Tested),37.37,dbeafb95-c21d-4aae-8f3f-c8a527ad7033,62076448,False,dbeafb95-c21d-4aae-8f3f-c8a527ad7033,2025-05-12,2025-05-17,SOLD,2025-05-24,14.0,0.08,4.99,4.37,0.58
GUPPLLDXWE90,0.29,2025-03-18,Shanghai 2024 Champions Autograph Capsule,,,58133574,True,6dc9c146-c814-4710-964a-73e46cd6a958,2025-04-18,,SOLD,2025-05-24,66.0,0.08,0.33,0.33,0.01
GXH78KPLDFF4,0.29,2025-03-18,Shanghai 2024 Champions Autograph Capsule,,,58133574,True,17ca46b9-be19-49ba-9e2c-22d8fcba0c45,2025-04-18,,SOLD,2025-05-24,66.0,0.08,0.33,0.33,0.01
G8AAGZGSUZTN,0.29,2025-03-18,Shanghai 2024 Champions Autograph Capsule,,,58133574,True,5f92cb61-d167-4afb-9b60-d07c2396886d,2025-04-18,,SOLD,2025-05-24,66.0,0.08,0.33,0.33,0.01
GU5ZC6HT502P,0.29,2025-03-18,Shanghai 2024 Champions Autograph Capsule,,,58133574,True,7d339205-0214-4213-93c3-cb5fe3e82090,2025-04-18,,SOLD,2025-05-24,66.0,0.08,0.33,0.33,0.01
GF6K9F7744SF,0.29,2025-03-17,Shanghai 2024 Champions Autograph Capsule,,,58133574,True,52944c8b-8ac5-4e9a-8609-644af7be393a,2025-04-18,,SOLD,2025-05-24,67.0,0.08,0.33,0.33,0.01
GN4W833GPRAG,0.29,2025-03-17,Shanghai 2024 Champions Autograph Capsule,,,58133574,True,04631a78-2d75-4ca1-8834-a32b56bba822,2025-04-18,,SOLD,2025-05-24,67.0,0.08,0.33,0.33,0.01
G9ANKZKW0AGL,4.02,2025-05-12,UMP-45 | K.O. Factory (Field-Tested),27.99,fa658d80-75a8-42e8-880e-dd90e256f772,62146559,False,fa658d80-75a8-42e8-880e-dd90e256f772,2025-05-14,2025-05-20,SOLD,2025-05-24,11.0,0.08,4.89,4.38,0.48
GE356EP7PT4C,4.02,2025-05-12,UMP-45 | K.O. Factory (Field-Tested),36.04,2176e75b-38f5-48ad-b1e1-5b645e352535,62146560,False,2176e75b-38f5-48ad-b1e1-5b645e352535,2025-05-14,2025-05-20,SOLD,2025-05-24,11.0,0.08,4.99,4.38,0.57
G4PZ5T92C66A,0.29,2025-03-17,Shanghai 2024 Champions Autograph Capsule,,,58133574,True,c3c220fe-dd6c-4744-9252-e1b116a75817,2025-04-18,,SOLD,2025-05-24,67.0,0.08,0.33,0.33,0.01
G2DTZPLNU7AD,0.29,2025-03-17,Shanghai 2024 Champions Autograph Capsule,,,58133574,True,50283ed9-7713-4dd8-b485-f702890ff91d,2025-04-18,,SOLD,2025-05-24,67.0,0.08,0.33,0.33,0.01
G9DEWTZN2D4T,0.29,2025-03-17,Shanghai 2024 Champions Autograph Capsule,,,58133574,True,088f7867-b9ed-4fc1-9a56-b7bbf66fba76,2025-04-18,,SOLD,2025-05-24,67.0,0.08,0.33,0.33,0.01
G7SNT2DKGP8F,0.29,2025-03-18,Shanghai 2024 Champions Autograph Capsule,,,58133574,True,9230b86d-663c-4019-87b2-f346545fae56,2025-04-18,,SOLD,2025-05-24,66.0,0.08,0.33,0.33,0.01
GRD6XER3Z9GA,0.29,2025-03-17,Shanghai 2024 Champions Autograph Capsule,,,58133574,True,83e6d544-03ad-4460-8a7e-98d9a262e7f1,2025-04-18,,SOLD,2025-05-24,67.0,0.08,0.33,0.33,0.01
G2CEW80F46KW,4.24,2025-05-11,UMP-45 | K.O. Factory (Field-Tested),32.56,20bd1b5c-20fd-403a-b7b7-33fa33f90422,62076475,False,20bd1b5c-20fd-403a-b7b7-33fa33f90422,2025-05-12,2025-05-18,SOLD,2025-05-24,12.0,0.08,4.79,4.62,0.17
G3G7H9ALXPR4,4.24,2025-05-11,UMP-45 | K.O. Factory (Field-Tested),33.79,2a51b462-3459-448a-9b8e-b765ed09f456,62076476,False,2a51b462-3459-448a-9b8e-b765ed09f456,2025-05-12,2025-05-18,SOLD,2025-05-24,12.0,0.08,4.79,4.62,0.17
G3EECUNLZHPH,6.07,2025-05-13,AWP | Black Nile (Factory New),6.98,87fc1d5f-a9b0-4cac-8574-bc9046aea762,62215433,False,87fc1d5f-a9b0-4cac-8574-bc9046aea762,2025-05-16,2025-05-21,SOLD,2025-05-24,10.0,0.08,8.37,6.61,1.63
GL63W0N48KTL,4.29,2025-05-13,UMP-45 | K.O. Factory (Field-Tested),28.4,3dcf2735-bad1-4121-8f80-d77ba00835b1,62215434,False,3dcf2735-bad1-4121-8f80-d77ba00835b1,2025-05-16,2025-05-20,SOLD,2025-05-24,10.0,0.08,4.89,4.67,0.21
G8UEDN959UNA,4.22,2025-05-08,UMP-45 | K.O. Factory (Field-Tested),24.83,0144c5cd-0969-4025-90fe-e178ca0114a1,62020450,False,0144c5cd-0969-4025-90fe-e178ca0114a1,2025-05-10,2025-05-13,SOLD,2025-05-24,15.0,0.08,4.99,4.6,0.37
GN4480X09SF4,0.29,2025-03-17,Shanghai 2024 Champions Autograph Capsule,,,58133574,True,6beee19c-5c0a-43f3-ae20-8d7778192505,2025-04-18,,SOLD,2025-05-24,67.0,0.08,0.33,0.33,0.01
GS2UZZRWGNT8,0.98,2025-03-20,MAG-7 | SWAG-7 (Minimal Wear),10.67,74fac715-596c-46fe-94b8-269c84a4dc2f,60986349,False,74fac715-596c-46fe-94b8-269c84a4dc2f,2025-04-18,,SOLD,2025-05-24,64.0,0.08,1.08,1.08,0.01
GHD6PF0D5LKU,1.5,2025-03-12,AWP | Duality (Battle-Scarred),77.13,5b809d29-b241-485d-a800-aa3a6bbb696e,59749111,False,5b809d29-b241-485d-a800-aa3a6bbb696e,2025-03-14,2025-03-19,SOLD,2025-05-25,73.0,0.08,1.98,1.64,0.32
GW3R096XZNAW,0.29,2025-03-18,Shanghai 2024 Champions Autograph Capsule,,,58133574,True,f45ce08d-0a8c-454c-bb80-7d7817dbcad3,2025-04-18,,SOLD,2025-05-25,67.0,0.08,0.33,0.33,0.01
GHLRT50FLL7E,1.4,2025-03-20,MAC-10 | Pipsqueak (Minimal Wear),9.13,43c6d1a3-6a52-4e7a-8fb7-f58bb2f47c19,60986342,False,43c6d1a3-6a52-4e7a-8fb7-f58bb2f47c19,2025-04-18,,SOLD,2025-05-25,65.0,0.08,1.53,1.53,0.01
G7Z0SULCSUTR,1.01,2025-01-30,Desert Eagle | Heat Treated (Battle-Scarred),68.33,7928337a-56e8-4ebe-9e3c-4f4d35e77cd6,59569205,False,7928337a-56e8-4ebe-9e3c-4f4d35e77cd6,2025-02-18,,SOLD,2025-05-25,114.0,0.07,0.87,1.1,-0.2
GG2ZCE89SLR6,1.57,2025-01-18,Desert Eagle | Heat Treated (Battle-Scarred),50.08,64957e68-1000-4c24-ac01-2c3c695cf0e6,59895863,False,64957e68-1000-4c24-ac01-2c3c695cf0e6,2025-03-17,,SOLD,2025-05-25,126.0,0.08,0.87,1.72,-0.77
G0WDFP7SA592,1.01,2025-05-09,Zeus x27 | Tosai (Minimal Wear),10.27,349a1c08-2390-4c75-8732-484f26bc4eca,62076453,False,349a1c08-2390-4c75-8732-484f26bc4eca,2025-05-12,2025-05-12,SOLD,2025-05-26,16.0,0.08,1.56,1.11,0.43
GKPZXXUCHPZ9,1.56,2025-03-20,MAC-10 | Pipsqueak (Minimal Wear),10.05,00b81303-15cb-4354-8488-ee80e1f8ec40,60986335,False,00b81303-15cb-4354-8488-ee80e1f8ec40,2025-04-18,,SOLD,2025-05-26,66.0,0.08,1.71,1.71,0.01
G05H5F2CEZD2,2.14,2025-03-15,AWP | Mortis (Field-Tested),25.31,1b8984e5-3b79-45ce-aa72-73f7fc4d5ff1,59894125,False,1b8984e5-3b79-45ce-aa72-73f7fc4d5ff1,2025-03-17,2025-03-23,SOLD,2025-05-26,71.0,0.08,2.34,2.34,0.01
G8HWHUHUT0S4,0.15,2025-04-19,Sticker | Eternal Fire | Copenhagen 2024,,,50406189,True,713ade79-f11b-47bb-b65d-3f89970a051a,2025-04-21,,SOLD,2025-05-26,36.0,0.08,0.19,0.17,0.02
G0FTKA3ZG9KH,0.18,2025-04-19,Sticker | Eternal Fire | Copenhagen 2024,,,50406189,True,3e5f9f22-853e-4e3a-a538-38a8b9df4bf7,2025-04-21,,SOLD,2025-05-26,36.0,0.08,0.23,0.21,0.03
GRKL3D6G4SAX,0.57,2025-02-02,Sticker | Cloud9 (Glitter) | Antwerp 2022,,,39961852,True,d6c66d36-1413-4296-91b0-1fa35057176c,2025-02-18,,SOLD,2025-05-28,114.0,0.07,0.87,0.62,0.24
GFKP6ZRZ8CCD,0.29,2025-03-18,Shanghai 2024 Champions Autograph Capsule,,,58133574,True,6ff10d69-c032-4a20-9e0a-e6bf6f9d72c5,2025-04-18,,SOLD,2025-05-28,70.0,0.08,0.33,0.33,0.01
G90ADE7NWUP3,1.7,2025-05-12,AWP | Duality (Field-Tested),33.42,71add107-2c49-4903-bdcc-852c6dc55d43,62146556,False,71add107-2c49-4903-bdcc-852c6dc55d43,2025-05-14,2025-05-20,SOLD,2025-05-28,15.0,0.08,2.23,1.86,0.35
GSD5AUS47N3G,0.29,2025-03-18,Shanghai 2024 Champions Autograph Capsule,,,58133574,True,36671177-7fa7-4eb2-a370-fd4f7551cd91,2025-04-18,,SOLD,2025-05-28,70.0,0.08,0.33,0.33,0.01
GLGHPT9XKHF6,0.29,2025-03-18,Shanghai 2024 Champions Autograph Capsule,,,58133574,True,d66305db-ad41-44c2-84ae-0e386cb9efa4,2025-04-18,,SOLD,2025-05-28,70.0,0.08,0.33,0.33,0.01
G96N343KN6LT,0.29,2025-03-18,Shanghai 2024 Champions Autograph Capsule,,,58133574,True,dc7f238c-4c17-4948-990e-c6cd1c5549be,2025-04-18,,SOLD,2025-05-28,70.0,0.08,0.33,0.33,0.01
GN2CG3P7WKDP,0.55,2025-03-18,Sticker | Flex,,,55480742,True,52a5e868-221e-4054-9b15-f0789481cbb2,2025-04-18,,SOLD,2025-05-28,70.0,0.08,0.61,0.61,0.01
GR6RKUE745W0,7.51,2025-03-12,StatTrak™ SSG 08 | Fever Dream (Factory New),6.36,b42637bb-8d33-4b83-9fee-c333ecebd04a,59749074,False,b42637bb-8d33-4b83-9fee-c333ecebd04a,2025-03-14,2025-03-19,SOLD,2025-05-28,76.0,0.08,8.17,8.17,0.01
GTWS2XWNC56E,0.99,2025-05-13,Sticker | Bolt Energy (Foil),,,55478592,True,d593ce27-9e13-44f6-9e86-81a96e52fb21,2025-05-16,,SOLD,2025-05-28,14.0,0.08,1.59,1.09,0.47
G6S5CC206X6F,0.99,2025-05-13,Sticker | Bolt Energy (Foil),,,55478592,True,6e9d237e-dca7-4541-81a2-1ebc1669cea5,2025-05-16,,SOLD,2025-05-28,14.0,0.08,1.59,1.09,0.47
GWKR255G85HX,17.72,2025-03-03,Trapper Aggressor | Guerrilla Warfare,,2d580392-acd9-488e-8002-dd32ff50dac3,59749318,False,2d580392-acd9-488e-8002-dd32ff50dac3,2025-03-14,,SOLD,2025-05-28,85.0,0.08,16.18,19.27,-2.83
G46C0DTK4WZ3,0.55,2025-01-29,M4A1-S | Wash me plz (Factory New),5.26,9b5008aa-17a5-4111-a4a0-4ce935f5788f,59569186,False,9b5008aa-17a5-4111-a4a0-4ce935f5788f,2025-02-18,,SOLD,2025-05-28,118.0,0.07,0.54,0.6,-0.05
G76E9CA3FZC3,0.89,2025-01-24,Sticker | Cloud9 (Glitter) | Antwerp 2022,,,39961852,True,5690cd3d-d67c-4613-a38b-0ecf4e2b4a5d,2025-03-17,,SOLD,2025-05-28,123.0,0.08,0.87,0.98,-0.09
GELCTWWN98A4,0.03,2025-04-20,"Sticker | ZywOo (Glitter, Champion) | Paris 2023",,,45367248,True,a5430351-75db-4774-b2b8-a50499218db6,2025-04-21,,SOLD,2025-05-29,38.0,0.08,0.04,0.04,0.01
GW00042R4THN,0.26,2025-04-15,M4A1-S | Mud-Spec (Minimal Wear),10.66,d93a613e-9e39-4c65-9632-04e5486b0113,60986266,False,d93a613e-9e39-4c65-9632-04e5486b0113,2025-04-18,2025-04-20,SOLD,2025-05-30,44.0,0.08,0.38,0.29,0.09
GDA837DT8K6S,2.14,2025-03-15,AWP | Mortis (Field-Tested),27.6,9368f3cf-d639-40fa-8795-1fce7cf71180,59894102,False,9368f3cf-d639-40fa-8795-1fce7cf71180,2025-03-17,2025-03-22,SOLD,2025-05-30,75.0,0.08,2.34,2.34,0.01
GDR6RWDURG7X,0.7,2025-01-24,MAC-10 | Light Box (Factory New),6.48,677fceb2-6e44-4c7e-9114-39af07d104e9,59895849,False,677fceb2-6e44-4c7e-9114-39af07d104e9,2025-03-17,,SOLD,2025-05-30,125.0,0.08,0.86,0.77,0.09
G8LDRXH0ZCGP,6.6,2025-01-24,Desert Eagle | Heat Treated (Minimal Wear),11.12,2d794ea7-26e9-43e8-b287-46b2e6c3c4a8,59895812,False,2d794ea7-26e9-43e8-b287-46b2e6c3c4a8,2025-03-17,,SOLD,2025-05-31,126.0,0.08,3.08,7.18,-3.77
GRCXCN5DK2SX,6.0,2025-03-20,StatTrak™ Desert Eagle | Trigger Discipline (Minimal Wear),13.55,4c50e5ce-499f-475e-952d-f39ac24fc12b,60986340,False,4c50e5ce-499f-475e-952d-f39ac24fc12b,2025-04-18,,SOLD,2025-05-31,71.0,0.08,6.53,6.53,0.01
GKWD375UEK4W,0.99,2025-05-13,Sticker | Bolt Energy (Foil),,,55478592,True,dc9b7163-ac6d-4950-8571-1212db2faa57,2025-05-16,,SOLD,2025-05-31,17.0,0.08,1.59,1.09,0.47
GHDP3N42CWD7,0.62,2025-01-24,M4A1-S | Wash me plz (Factory New),6.69,c4ef4ba7-0be6-43cb-86f6-88e3d883370c,59895853,False,c4ef4ba7-0be6-43cb-86f6-88e3d883370c,2025-03-17,,SOLD,2025-05-31,126.0,0.08,0.54,0.68,-0.12
G34FN2Z92ER2,1.51,2025-05-12,Dual Berettas | Melondrama (Field-Tested),20.46,fad1c84d-0b72-49fb-a436-d0429438674d,62146558,False,fad1c84d-0b72-49fb-a436-d0429438674d,2025-05-14,2025-05-20,SOLD,2025-06-01,19.0,0.08,1.83,1.65,0.17
G70W0XR07T7D,0.71,2025-02-04,Sticker | Bolt Charge,,,55478590,True,18d12561-ac21-4b91-b147-2c6e3fae5202,2025-02-18,,SOLD,2025-06-01,116.0,0.07,0.7,0.77,-0.06
GN9E32RND5F5,0.71,2025-02-04,Sticker | Bolt Charge,,,55478590,True,6adff3cf-77c2-4201-ae94-61150177f60c,2025-02-18,,SOLD,2025-06-01,116.0,0.07,0.7,0.77,-0.06
GGS2N3WSN76H,12.0,2024-10-27,Street Soldier | Phoenix,,e1f3ea72-f7f3-4bf4-bb6a-bc11d2987489,57093178,False,e1f3ea72-f7f3-4bf4-bb6a-bc11d2987489,2024-11-30,2024-12-07,SOLD,2025-06-01,216.0,0.08,7.77,13.05,-4.85
GXDP8A63LWXX,52.45,2025-05-12,AK-47 | The Empress (Minimal Wear),8.4,c6bf64f4-2541-4123-a3ec-a6148a76ce03,62146557,False,c6bf64f4-2541-4123-a3ec-a6148a76ce03,2025-05-14,2025-05-20,SOLD,2025-06-01,19.0,0.08,65.0,57.02,7.35
GW9CZ2UL0W7A,1.85,2025-01-15,Charm | That's Bananas,,c956c3f5-6437-48e4-a5a6-80ad570af20f,59895878,False,c956c3f5-6437-48e4-a5a6-80ad570af20f,2025-03-17,,SOLD,2025-06-01,136.0,0.08,2.04,2.02,0.03
GAAWN8U8ULAR,0.6,2025-01-24,M4A1-S | Wash me plz (Factory New),5.71,9a7b09d1-dde1-483b-bd43-4bd352462453,59895851,False,9a7b09d1-dde1-483b-bd43-4bd352462453,2025-03-17,,SOLD,2025-06-01,127.0,0.08,0.53,0.66,-0.11
GSUG5LTA28P8,3.83,2025-03-20,AK-47 | Slate (Field-Tested),29.96,8919811b-d2a5-47b3-8b65-44562c7a5f3e,60986343,False,8919811b-d2a5-47b3-8b65-44562c7a5f3e,2025-04-18,,SOLD,2025-06-01,72.0,0.08,3.5,4.17,-0.61
GCUAZ579P0TL,1.97,2025-03-10,StatTrak™ Glock-18 | Moonrise (Minimal Wear),9.62,6049b692-27d3-4190-8462-846be2b552d1,59735612,False,6049b692-27d3-4190-8462-846be2b552d1,2025-03-12,2025-03-18,SOLD,2025-06-01,82.0,0.08,3.57,2.15,1.31
GX5AECR2TDSX,2.25,2025-03-12,Charm | Glamour Shot,,404b38d6-8ec0-4924-891c-5dae2111eef3,59749077,False,404b38d6-8ec0-4924-891c-5dae2111eef3,2025-03-14,,SOLD,2025-06-01,80.0,0.08,1.83,2.46,-0.57
GEPFN45LNFZ3,0.75,2025-05-11,Sticker | High Heat,,,55414367,True,9fbaac74-bd24-41bd-ae1a-d10119cb846d,2025-05-12,,SOLD,2025-06-01,20.0,0.08,1.0,0.83,0.17
GHKNN449G847,4.34,2025-01-06,Desert Eagle | Tilted (Factory New),6.15,67de0cce-8d45-44ca-8e35-229d6a9798d9,59895859,False,67de0cce-8d45-44ca-8e35-229d6a9798d9,2025-03-17,,SOLD,2025-06-01,145.0,0.08,2.62,4.73,-1.93
G8TZ44L8ZH84,2.3,2025-03-15,M4A4 | Converter (Factory New),5.64,649a0ee7-4755-4506-88cf-86ceb8d316b8,59894111,False,649a0ee7-4755-4506-88cf-86ceb8d316b8,2025-03-17,2025-03-19,SOLD,2025-06-01,77.0,0.08,1.3,2.51,-1.1
GPZ98S5NLL3Z,7.97,2025-03-14,Street Soldier | Phoenix,,384ee91e-f36c-4343-a2d7-eb5ac406a2eb,59891328,False,384ee91e-f36c-4343-a2d7-eb5ac406a2eb,2025-03-16,2025-03-22,SOLD,2025-06-01,78.0,0.08,7.77,8.67,-0.82
GC8AZE0ZGNC8,0.78,2025-05-13,AWP | Acheron (Minimal Wear),9.51,c3747436-3547-42fd-8252-8bc9448edfe0,62215438,False,c3747436-3547-42fd-8252-8bc9448edfe0,2025-05-16,2025-05-21,SOLD,2025-06-01,18.0,0.08,1.01,0.86,0.15
GDDPSS5ZG3KW,0.96,2025-01-28,Desert Eagle | Heat Treated (Well-Worn),42.34,66ac1c66-178d-4319-afd6-1154acc2b414,59895836,False,66ac1c66-178d-4319-afd6-1154acc2b414,2025-03-17,,SOLD,2025-06-01,123.0,0.08,0.74,1.05,-0.28
GST764LFS0CP,11.0,2025-03-10,P2000 | Amber Fade (Factory New),5.58,3fb12599-00e6-406d-95f8-9402567778f1,59735620,False,3fb12599-00e6-406d-95f8-9402567778f1,2025-03-12,,SOLD,2025-06-01,82.0,0.08,9.99,11.97,-1.81
G2RHAPAU0ZFX,6.01,2024-12-06,Charm | Die-cast AK,,43511b63-df82-4bd4-9591-47a3205449cc,57391403,False,43511b63-df82-4bd4-9591-47a3205449cc,2024-12-09,2024-12-11,SOLD,2025-06-01,176.0,0.08,5.38,6.54,-1.06
GX93R2H0GR9H,0.95,2025-02-03,Sticker | Bolt Charge,,,55478590,True,0372d135-929d-48cd-bf1e-f907e8f73153,2025-02-18,,SOLD,2025-06-01,117.0,0.07,0.7,1.03,-0.3
GXGDWLWP6THU,2.06,2025-03-16,M4A1-S | Night Terror (Factory New),6.03,cebe2923-d54f-444f-b33a-a6f8cf542bcf,59894134,False,cebe2923-d54f-444f-b33a-a6f8cf542bcf,2025-03-17,2025-03-20,SOLD,2025-06-02,77.0,0.08,1.69,2.25,-0.51
GLHPRTTL6SUX,0.39,2025-03-15,Charm | Whittle Knife,,aba83088-eb9c-4872-b758-acc6f9391236,59894115,False,aba83088-eb9c-4872-b758-acc6f9391236,2025-03-17,2025-03-23,SOLD,2025-06-02,78.0,0.08,0.47,0.43,0.04
GWDWAWD655D5,0.58,2024-12-29,M4A1-S | Wash me plz (Factory New),6.85,103be71c-4123-4a42-83d4-37f3fe6afeab,59895840,False,103be71c-4123-4a42-83d4-37f3fe6afeab,2025-03-17,,SOLD,2025-06-02,154.0,0.08,0.53,0.64,-0.09
GPS5WNKHL5FF,0.71,2025-05-13,MP9 | Goo (Minimal Wear),8.45,bb2c31d2-e9a9-4c42-92bb-29ebb758861a,62215441,False,bb2c31d2-e9a9-4c42-92bb-29ebb758861a,2025-05-16,2025-05-21,SOLD,2025-06-02,19.0,0.08,1.02,0.78,0.23
GH93R5CKER8X,2.0,2025-03-12,USP-S | Alpine Camo (Field-Tested),16.98,bae719aa-6109-456e-a6fd-37c33c4eccae,59749389,False,bae719aa-6109-456e-a6fd-37c33c4eccae,2025-03-14,2025-03-18,SOLD,2025-06-02,81.0,0.08,0.85,2.18,-1.22
GKA4ZGL7NE04,0.39,2025-03-18,Charm | Lil' Ava,,75eed86c-a48a-4473-92cf-bccd9fa9d3b4,60986357,False,75eed86c-a48a-4473-92cf-bccd9fa9d3b4,2025-04-18,,SOLD,2025-06-02,75.0,0.08,0.37,0.43,-0.05
GHDGFXRZWNPE,2.13,2025-03-15,M4A1-S | Night Terror (Factory New),6.41,23d9fbe9-053e-4997-83be-b8b418b57c76,59894109,False,23d9fbe9-053e-4997-83be-b8b418b57c76,2025-03-17,2025-03-22,SOLD,2025-06-02,78.0,0.08,1.69,2.33,-0.58
G0W64AZ644P3,0.39,2025-03-15,Charm | Whittle Knife,,f92aca0e-4d4d-48cd-a684-23e9f2b4f463,59894261,False,f92aca0e-4d4d-48cd-a684-23e9f2b4f463,2025-03-17,2025-03-23,SOLD,2025-06-02,78.0,0.08,0.47,0.43,0.04
GS2E9UEWDRNT,1.5,2024-12-23,Charm | That's Bananas,,5cebbba9-cd69-408c-b3dc-9d6be5fa224a,59895744,False,5cebbba9-cd69-408c-b3dc-9d6be5fa224a,2025-03-17,,SOLD,2025-06-02,160.0,0.08,2.04,1.64,0.38
G5NCLZF73NS7,16.0,2025-03-10,Trapper Aggressor | Guerrilla Warfare,,2faece4f-eda1-4038-bc61-f18d0e063c9c,59735606,False,2faece4f-eda1-4038-bc61-f18d0e063c9c,2025-03-12,2025-03-13,SOLD,2025-06-02,83.0,0.08,15.99,17.4,-1.29
GC9FLN8SPTL4,0.39,2025-03-15,Charm | Whittle Knife,,dbe83708-57b6-4195-bb9d-dedba1759419,59894256,False,dbe83708-57b6-4195-bb9d-dedba1759419,2025-03-17,2025-03-23,SOLD,2025-06-02,78.0,0.08,0.47,0.43,0.04
G8FZ6Z69L75T,0.39,2025-03-15,Charm | Whittle Knife,,75eb68b8-ee03-45f8-9681-391499f24c3e,59894257,False,75eb68b8-ee03-45f8-9681-391499f24c3e,2025-03-17,2025-03-23,SOLD,2025-06-02,78.0,0.08,0.47,0.43,0.04
GZPPG9GX5K7Z,1.7,2025-05-12,AWP | Duality (Field-Tested),29.76,eda34be3-33c5-466b-a5c1-3cdf4aa1a82c,62146549,False,eda34be3-33c5-466b-a5c1-3cdf4aa1a82c,2025-05-14,2025-05-20,SOLD,2025-06-02,20.0,0.08,2.07,1.86,0.2
GCXS4SRKRAN8,4.38,2025-01-24,Desert Eagle | Tilted (Factory New),6.7,8f9adb23-413e-40be-aba8-e9ff45a662d6,59895843,False,8f9adb23-413e-40be-aba8-e9ff45a662d6,2025-03-17,,SOLD,2025-06-02,128.0,0.08,2.62,4.77,-1.97
G8WXUECES2D3,2.4,2025-03-12,M4A1-S | Night Terror (Factory New),5.96,7a4785f8-d057-4a84-bc3f-8be608943e86,59749075,False,7a4785f8-d057-4a84-bc3f-8be608943e86,2025-03-14,2025-03-17,SOLD,2025-06-02,81.0,0.08,1.69,2.62,-0.85
GL2WD5CE8072,0.43,2025-05-09,SSG 08 | Abyss (Minimal Wear),14.76,8d4cf2d5-d508-4408-aaa6-918a62414d84,62076455,False,8d4cf2d5-d508-4408-aaa6-918a62414d84,2025-05-12,2025-05-16,SOLD,2025-06-02,23.0,0.08,0.53,0.48,0.06
GETT4NE58FLX,1.97,2025-03-11,Sticker | Team Liquid (Holo) | Stockholm 2021,,,36663836,True,1cd8ca75-70d4-49a0-8ed0-792954a076b7,2025-03-12,,SOLD,2025-06-03,83.0,0.08,2.95,2.15,0.74
GDGE22R0C0WF,1.3,2025-01-09,Sticker | MOUZ (Holo) | Paris 2023,,,45008727,True,17fcbbd2-8b9a-4ea6-a9ea-719b9cc6cf8e,2025-01-16,,SOLD,2025-06-03,144.0,0.08,1.28,1.42,-0.12
GF8GC8KCGEC8,10.5,2025-03-10,Arno The Overgrown | Guerrilla Warfare,,90344a71-a91c-402a-9317-6143c07de4ea,59735604,False,90344a71-a91c-402a-9317-6143c07de4ea,2025-03-12,2025-03-15,SOLD,2025-06-03,84.0,0.08,9.6,11.42,-1.67
GUX5SFSNWUSP,1.99,2025-03-12,Sticker | GODSENT (Holo) | Stockholm 2021,,,36756440,True,57a2cce9-87f7-49e4-91fa-611ea0f0139a,2025-03-14,,SOLD,2025-06-03,82.0,0.08,1.98,2.17,-0.17
GZHHSS2AF0R9,1.99,2025-03-12,Sticker | GODSENT (Holo) | Stockholm 2021,,,36756440,True,c6f6bcc6-af69-498b-b773-2992cc9c0ba0,2025-03-14,,SOLD,2025-06-03,82.0,0.08,1.98,2.17,-0.17
GWC6ZSRGGCSA,0.82,2025-03-15,Sticker | Bolt Charge,,,55478590,True,a2ef34c8-ed31-452c-adda-e0a9b4463a6c,2025-03-17,,SOLD,2025-06-03,79.0,0.08,0.7,0.9,-0.18
G9WT8FFELCT7,0.59,2024-12-05,Sticker | PGL (Glitter) | Antwerp 2022,,,39903090,True,c15f44e4-7cdd-4380-866f-75db1cef794d,2024-12-06,,SOLD,2025-06-03,179.0,0.08,0.25,0.65,-0.36
GNXZLGGH4S79,1.3,2025-01-09,Sticker | MOUZ (Holo) | Paris 2023,,,45008727,True,9e53b11a-d3dd-4ea8-97f7-0519a3124be2,2025-01-16,,SOLD,2025-06-03,144.0,0.08,1.28,1.42,-0.12
GN3NREL6CHFN,1.3,2025-01-09,Sticker | MOUZ (Holo) | Paris 2023,,,45008727,True,b0634165-fc2b-4b3b-a77e-0d274ffac65f,2025-01-16,,SOLD,2025-06-03,144.0,0.08,1.28,1.42,-0.12
G2RX253STGD3,1.3,2025-01-09,Sticker | MOUZ (Holo) | Paris 2023,,,45008727,True,2416159d-43f9-4f81-acf0-25d62905db0c,2025-01-16,,SOLD,2025-06-03,144.0,0.08,1.28,1.42,-0.12
GD78Z585T94E,1.3,2025-01-09,Sticker | MOUZ (Holo) | Paris 2023,,,45008727,True,f12acc9a-112f-4b56-b137-b2de34f3638d,2025-01-16,,SOLD,2025-06-03,144.0,0.08,1.28,1.42,-0.12
G42C3S8P6LNL,1.97,2025-03-11,Sticker | Team Liquid (Holo) | Stockholm 2021,,,36663836,True,8f9471dd-2c5f-45bc-b7f9-ba92c6a70a88,2025-03-12,,SOLD,2025-06-03,83.0,0.08,2.95,2.15,0.74
GXLNN0UPPZ3C,1.99,2025-03-12,Sticker | GODSENT (Holo) | Stockholm 2021,,,36756440,True,311d530f-cc84-4bc5-9392-9716f0a00086,2025-03-14,,SOLD,2025-06-03,82.0,0.08,1.98,2.17,-0.17
GWCUHT5SKSZ5,2.25,2024-12-19,Charm | That's Bananas,,5fc5740f-b7b4-446f-a300-48f7ef3792ac,59895743,False,5fc5740f-b7b4-446f-a300-48f7ef3792ac,2025-03-17,,SOLD,2025-06-03,165.0,0.08,2.04,2.46,-0.37
GTP56WPHF75F,0.71,2025-01-08,M4A1-S | Wash me plz (Factory New),5.71,a6b4b25d-2521-4169-8ce7-717f8d4df2b1,59895797,False,a6b4b25d-2521-4169-8ce7-717f8d4df2b1,2025-03-17,,SOLD,2025-06-03,145.0,0.08,0.53,0.78,-0.22
GZK0DULNPN56,0.59,2024-12-05,Sticker | PGL (Glitter) | Antwerp 2022,,,39903090,True,927b075b-b171-4458-b523-030adb0e47b8,2024-12-06,,SOLD,2025-06-03,179.0,0.08,0.25,0.65,-0.36
GK0P85TW2LUW,0.59,2024-12-05,Sticker | PGL (Glitter) | Antwerp 2022,,,39903090,True,40d08d2c-c389-4252-8c07-de9c65412811,2024-12-06,,SOLD,2025-06-03,179.0,0.08,0.25,0.65,-0.36
GDD0DX3F8TL8,0.5,2024-12-04,Sticker | PGL (Glitter) | Antwerp 2022,,,39903090,True,8580f10f-329b-40bc-9365-6617a56fa404,2024-12-05,,SOLD,2025-06-03,180.0,0.08,0.25,0.55,-0.27
G3SK7GAXP40P,0.39,2025-03-15,Charm | Whittle Knife,,4b03eb33-f628-4dbd-84d6-b2ec38dae440,59894255,False,4b03eb33-f628-4dbd-84d6-b2ec38dae440,2025-03-17,2025-03-23,SOLD,2025-06-03,79.0,0.08,0.47,0.43,0.04
GWGTXGNZXG99,0.64,2025-03-13,Sticker | Bolt Charge,,,55478590,True,c7997f30-83ae-4a88-bccd-ff75fbfbb280,2025-03-14,,SOLD,2025-06-03,81.0,0.08,0.7,0.71,0.0
GW2CTGLC9UCD,2.9,2025-03-10,Sticker | Team Liquid (Holo) | Stockholm 2021,,,36663836,True,14952160-39b8-40a0-bac9-d26578d0bf0a,2025-03-14,,SOLD,2025-06-03,84.0,0.08,2.95,3.16,-0.19
GP3T0ZR4UPS0,0.1,2025-05-12,MAG-7 | Foresight (Minimal Wear),8.74,fda5ed61-1048-43ca-83a0-7df89384876a,62146555,False,fda5ed61-1048-43ca-83a0-7df89384876a,2025-05-14,2025-05-19,SOLD,2025-06-03,21.0,0.08,0.13,0.12,0.02
GTR3FL0AZFGP,1.9,2025-03-12,USP-S | Check Engine (Factory New),6.87,d8d83e4b-6a91-4046-ad1c-954c4c423e92,59749106,False,d8d83e4b-6a91-4046-ad1c-954c4c423e92,2025-03-14,2025-03-18,SOLD,2025-06-03,82.0,0.08,1.97,2.08,-0.09
GSRFAL8SEUUH,2.9,2025-03-10,Sticker | Team Liquid (Holo) | Stockholm 2021,,,36663836,True,152d61c6-9a77-42ea-bd24-758987855cb1,2025-03-14,,SOLD,2025-06-03,84.0,0.08,2.95,3.16,-0.19
G5PS4RWWC9AA,1.99,2025-03-12,Sticker | GODSENT (Holo) | Stockholm 2021,,,36756440,True,a7ee5e95-f209-42d5-9268-b0c68d82e069,2025-03-14,,SOLD,2025-06-03,82.0,0.08,1.98,2.17,-0.17
G8HD7E5T0ZSS,1.99,2025-03-12,Sticker | GODSENT (Holo) | Stockholm 2021,,,36756440,True,54c21929-2d63-4341-b75f-068c7b106fab,2025-03-14,,SOLD,2025-06-03,82.0,0.08,1.98,2.17,-0.17
G0RF6SS9L08G,1.3,2025-01-09,Sticker | MOUZ (Holo) | Paris 2023,,,45008727,True,0447e47c-0676-4e4c-8c6d-68fe31b6a276,2025-01-16,,SOLD,2025-06-03,144.0,0.08,1.28,1.42,-0.12
G98LXH69GS6K,0.5,2025-01-30,M4A1-S | Wash me plz (Factory New),5.31,ec777932-7c22-4806-a079-2279b345fcd0,59569209,False,ec777932-7c22-4806-a079-2279b345fcd0,2025-02-18,,SOLD,2025-06-03,123.0,0.07,0.53,0.55,-0.01
GCNN8C876CE4,1.99,2025-03-12,Sticker | GODSENT (Holo) | Stockholm 2021,,,36756440,True,28057233-7746-412a-9a10-92b79e369ef9,2025-03-14,,SOLD,2025-06-03,82.0,0.08,1.98,2.17,-0.17
GL8TXR28G2N0,1.99,2025-03-12,Sticker | GODSENT (Holo) | Stockholm 2021,,,36756440,True,401ae289-0275-4ede-a137-a886a43b537f,2025-03-14,,SOLD,2025-06-03,82.0,0.08,1.98,2.17,-0.17
G8E907THU8C4,0.39,2025-03-18,Charm | Lil' Ava,,be508c68-f95d-48eb-9ed4-9c7ce13a8473,60986360,False,be508c68-f95d-48eb-9ed4-9c7ce13a8473,2025-04-18,,SOLD,2025-06-03,76.0,0.08,0.37,0.43,-0.05
GRLZTFLPC6AU,1.99,2025-03-12,Sticker | GODSENT (Holo) | Stockholm 2021,,,36756440,True,6563827e-d35c-4f3c-8ad7-57538d975c90,2025-03-14,,SOLD,2025-06-03,82.0,0.08,1.98,2.17,-0.17
G9DAZF7ZC9WW,2.9,2025-03-10,Sticker | Team Liquid (Holo) | Stockholm 2021,,,36663836,True,6daa0f8f-5fbf-46b7-bdea-6226ce80d760,2025-03-14,,SOLD,2025-06-03,84.0,0.08,2.95,3.16,-0.19
GTLXS23UHW8C,1.97,2025-03-11,Sticker | Team Liquid (Holo) | Stockholm 2021,,,36663836,True,49f6f31b-ddab-4953-8e65-2fb457b3dfd4,2025-03-12,,SOLD,2025-06-03,83.0,0.08,2.95,2.15,0.74
GF6RHH8WWTE6,0.82,2025-03-15,Sticker | Bolt Charge,,,55478590,True,39be8531-835d-4311-b3d9-172755cad339,2025-03-17,,SOLD,2025-06-04,80.0,0.08,0.7,0.9,-0.18
GKRL5ZNWXFRH,1.5,2025-01-26,Desert Eagle | Heat Treated (Well-Worn),40.99,613b0171-4719-4662-ab33-7e13313c3661,59895835,False,613b0171-4719-4662-ab33-7e13313c3661,2025-03-17,,SOLD,2025-06-04,128.0,0.08,0.74,1.64,-0.82
GNR76606RUAL,11.11,2025-03-03,Glock-18 | Vogue (Factory New),6.35,1b1e96ad-c781-4884-8b8c-3ae28c25ee2f,59895756,False,1b1e96ad-c781-4884-8b8c-3ae28c25ee2f,2025-03-17,,SOLD,2025-06-04,92.0,0.08,9.48,12.09,-2.39
G8CAEC94CFRH,0.82,2025-03-15,Sticker | Bolt Charge,,,55478590,True,4788edde-e911-4c0d-8f6c-b6feb792e53f,2025-03-17,,SOLD,2025-06-04,80.0,0.08,0.7,0.9,-0.18
GGF8FZFCWZ4K,0.82,2025-03-15,Sticker | Bolt Charge,,,55478590,True,b26906b3-ed7e-4946-a28d-7c68ffa7ae78,2025-03-17,,SOLD,2025-06-04,80.0,0.08,0.7,0.9,-0.18
GX90DHA0LLU2,3.56,2025-01-30,Desert Eagle | Tilted (Factory New),6.85,6f6f6cdd-3a2d-4a02-a906-dbed7f793f4f,59569206,False,6f6f6cdd-3a2d-4a02-a906-dbed7f793f4f,2025-02-18,,SOLD,2025-06-04,124.0,0.07,2.62,3.84,-1.12
GCZKH3UFX06A,0.82,2025-03-15,Sticker | Bolt Charge,,,55478590,True,c08e8895-e124-438e-9266-4a21fe1803a7,2025-03-17,,SOLD,2025-06-04,80.0,0.08,0.7,0.9,-0.18
GEWLCDKC960D,2.95,2025-05-12,StatTrak™ USP-S | Ticket to Hell (Minimal Wear),12.61,3125130d-9976-45b1-8535-4d3f0de81de0,62146561,False,3125130d-9976-45b1-8535-4d3f0de81de0,2025-05-14,2025-05-20,SOLD,2025-06-04,22.0,0.08,3.58,3.22,0.34
GRSU6K72CD08,0.98,2025-03-20,MAG-7 | SWAG-7 (Minimal Wear),11.41,861c8312-0741-487f-abbe-392ffe8f4013,60986348,False,861c8312-0741-487f-abbe-392ffe8f4013,2025-04-18,,SOLD,2025-06-05,76.0,0.08,1.07,1.08,0.0
GT445WW6U8KS,1.3,2025-01-11,Sticker | MOUZ (Holo) | Paris 2023,,,45008727,True,df7dff72-0b64-4df0-a7a5-c427a8474a49,2025-01-16,,SOLD,2025-06-05,144.0,0.08,1.28,1.42,-0.12
GPW9X947D4E0,1.3,2025-01-11,Sticker | MOUZ (Holo) | Paris 2023,,,45008727,True,7adb00fc-c43c-42d0-8b58-3ef591eeb424,2025-01-16,,SOLD,2025-06-05,144.0,0.08,1.28,1.42,-0.12
G6DWZC0E2PGF,1.9,2025-03-15,"Music Kit | Knock2, Make U SWEAT!",,,49025201,True,65df4c0e-f152-4470-8a90-8de5c6c53956,2025-03-17,,SOLD,2025-06-05,81.0,0.08,2.67,2.08,0.56
GP09ZWKZDXXF,1.3,2025-01-11,Sticker | MOUZ (Holo) | Paris 2023,,,45008727,True,cdf44d83-5b91-404b-9606-82cb66650606,2025-01-16,,SOLD,2025-06-05,144.0,0.08,1.28,1.42,-0.12
GPT5HZLL6E0E,0.82,2025-03-12,Sticker | GO,,,41546906,True,9ce727b1-4300-4806-b5df-7ea8b11fb1b0,2025-03-14,,SOLD,2025-06-05,84.0,0.08,0.71,0.9,-0.17
GUK6DSZ4XT8K,1.3,2025-01-09,Sticker | MOUZ (Holo) | Paris 2023,,,45008727,True,69cb1c14-2538-4fbb-8a42-13467cb47c3c,2025-01-16,,SOLD,2025-06-05,146.0,0.08,1.28,1.42,-0.12
GT53RZ7KN2TS,1.52,2025-05-11,USP-S | Ticket to Hell (Factory New),6.4,ff63b6fb-b11a-477f-979a-50f249a82f32,62076480,False,ff63b6fb-b11a-477f-979a-50f249a82f32,2025-05-12,2025-05-19,SOLD,2025-06-05,24.0,0.08,2.2,1.66,0.5
GW2GRNGE7WD3,2.59,2025-05-11,USP-S | Alpine Camo (Factory New),6.75,627c1f9e-83e7-4a5a-a8bc-680fb5c521e9,62076479,False,627c1f9e-83e7-4a5a-a8bc-680fb5c521e9,2025-05-12,2025-05-19,SOLD,2025-06-06,25.0,0.08,3.14,2.83,0.3
GAZL07CT5HT0,8.68,2025-03-10,Street Soldier | Phoenix,,3083c3ca-e0be-4601-a657-adfdb5c68282,59895765,False,3083c3ca-e0be-4601-a657-adfdb5c68282,2025-03-17,,SOLD,2025-06-06,87.0,0.08,8.37,9.45,-0.98
GSE4LAHTEW9C,3.19,2025-05-09,Chroma 2 Case,,,214,True,7e4659d6-ec05-4a22-b752-c1fe12da9abd,2025-05-12,,SOLD,2025-06-06,27.0,0.08,3.69,3.48,0.2
GDFXUZAT3R9W,3.19,2025-05-09,Chroma 2 Case,,,214,True,a06003e7-c8aa-4e31-a8ed-e7a2c6d2b229,2025-05-12,,SOLD,2025-06-06,27.0,0.08,3.69,3.48,0.2
G3RC3H84UEXT,3.19,2025-05-09,Chroma 2 Case,,,214,True,83a10891-3d19-4502-b825-d7f2554260ea,2025-05-12,,SOLD,2025-06-06,27.0,0.08,3.69,3.48,0.2
G6ESGRLK73NH,3.19,2025-05-09,Chroma 2 Case,,,214,True,bccebd5e-e9f1-49dd-9ce0-121275d551e4,2025-05-12,,SOLD,2025-06-06,27.0,0.08,3.69,3.48,0.2
GUSD5W8AKS3R,10.5,2025-05-09,Glove Case,,,29334,True,07c86cc6-d96d-4f68-9dfc-4f69a66c3435,2025-05-12,,SOLD,2025-06-06,27.0,0.08,11.42,11.42,0.01
GRHS9X8R8T7S,13.77,2025-03-14,Lt. Commander Ricksaw | NSWC SEAL,,57408704-5d9e-40ce-b296-ca58b66ddace,59894095,False,57408704-5d9e-40ce-b296-ca58b66ddace,2025-03-17,2025-03-23,SOLD,2025-06-06,83.0,0.08,14.05,14.98,-0.84
GRDTN433ZRCR,13.0,2025-03-15,Lt. Commander Ricksaw | NSWC SEAL,,25724454-a322-454e-89e7-928aa6fdc898,59891352,False,25724454-a322-454e-89e7-928aa6fdc898,2025-03-16,,SOLD,2025-06-06,82.0,0.08,14.05,14.14,-0.07
G0A47EAEWH9X,2.66,2025-03-15,USP-S | Cortex (Field-Tested),27.08,a54fdf2d-953e-40cd-8df1-4996002a0f94,59891373,False,a54fdf2d-953e-40cd-8df1-4996002a0f94,2025-03-16,2025-03-23,SOLD,2025-06-06,82.0,0.08,2.84,2.9,-0.05
GPP42K8HZ8SX,9.5,2025-05-12,Operation Riptide Case,,,36318587,True,669dae1b-9624-4148-9a59-6d15ce7760bd,2025-05-14,,SOLD,2025-06-06,24.0,0.08,11.42,10.34,1.01
G5445HTAFA44,1.91,2025-03-12,USP-S | Alpine Camo (Field-Tested),27.44,1bd718a2-1d6b-4540-8f2a-648503e63ed0,59749080,False,1bd718a2-1d6b-4540-8f2a-648503e63ed0,2025-03-14,2025-03-16,SOLD,2025-06-06,85.0,0.08,0.85,2.09,-1.13
GD6UZDULX7G2,0.81,2025-03-16,MAC-10 | Pipsqueak (Field-Tested),37.88,576b5d83-bea2-4834-a863-fa8d54085cb1,59894135,False,576b5d83-bea2-4834-a863-fa8d54085cb1,2025-03-17,2025-03-23,SOLD,2025-06-07,82.0,0.08,0.7,0.89,-0.17
G7CC7D2TU69P,0.55,2024-12-13,Sticker | PGL (Glitter) | Antwerp 2022,,,39903090,True,7db3ea49-6e44-44f4-90dc-1a21b0124f87,2024-12-16,,SOLD,2025-06-07,175.0,0.08,0.25,0.61,-0.32
GXDLLTW60KN3,0.29,2025-03-10,Sticker | Wildcard (Glitter) | Shanghai 2024,,,57632779,True,662de7d7-3127-4a45-951e-038d061d2c3b,2025-03-14,,SOLD,2025-06-07,88.0,0.08,0.41,0.33,0.09
G7L95Z4C9803,0.19,2025-03-11,Sticker | Wildcard (Glitter) | Shanghai 2024,,,57632779,True,a636e047-63a6-47dc-944a-b097c5b65edb,2025-03-12,,SOLD,2025-06-07,87.0,0.08,0.41,0.22,0.19
G72L925DDUZ2,0.19,2025-03-11,Sticker | Wildcard (Glitter) | Shanghai 2024,,,57632779,True,c075a8ab-4800-4fc2-82b1-56f50f4e877c,2025-03-12,,SOLD,2025-06-07,87.0,0.08,0.41,0.22,0.19
GCHG8U0GHZR0,0.19,2025-03-11,Sticker | Wildcard (Glitter) | Shanghai 2024,,,57632779,True,ba861871-80b4-4c3a-9c71-12b1ac7a8e94,2025-03-12,,SOLD,2025-06-07,87.0,0.08,0.41,0.22,0.19
GUWN7AGPT76P,0.52,2024-12-11,Sticker | PGL (Glitter) | Antwerp 2022,,,39903090,True,d8ef9f81-8bb2-4edc-99c2-7c0048e26bfc,2024-12-12,,SOLD,2025-06-07,177.0,0.08,0.25,0.58,-0.29
GSHP7R606CRA,0.52,2024-12-11,Sticker | PGL (Glitter) | Antwerp 2022,,,39903090,True,2677d4f3-d62f-43c1-be94-c9aaf5a9e546,2024-12-12,,SOLD,2025-06-07,177.0,0.08,0.25,0.58,-0.29
G6UNRL4TT64F,0.39,2025-03-15,Charm | Whittle Knife,,b60d344e-e770-44ff-8e47-047d5ac1d6f6,59894253,False,b60d344e-e770-44ff-8e47-047d5ac1d6f6,2025-03-17,2025-03-23,SOLD,2025-06-07,83.0,0.08,0.47,0.43,0.04
GEUU8ACL7ELW,0.39,2025-03-15,Charm | Whittle Knife,,160cc067-f297-44f2-b013-95ffe949f2f4,59894252,False,160cc067-f297-44f2-b013-95ffe949f2f4,2025-03-17,2025-03-23,SOLD,2025-06-07,83.0,0.08,0.47,0.43,0.04
GX2WDRLGHPAR,10.5,2025-05-09,Glove Case,,,29334,True,257a14e3-b8db-45f5-9eb0-5593b450539e,2025-05-12,,SOLD,2025-06-07,28.0,0.08,11.42,11.42,0.01
G3RNKH5WLTCX,1.5,2025-01-26,Desert Eagle | Heat Treated (Well-Worn),40.65,3b4510fa-c385-4bb2-9f5d-30fe70eb5a52,59895824,False,3b4510fa-c385-4bb2-9f5d-30fe70eb5a52,2025-03-17,,SOLD,2025-06-07,131.0,0.08,0.74,1.64,-0.82
G6A83AHFTZ66,0.76,2025-05-13,USP-S | Alpine Camo (Field-Tested),27.17,d6f84ebf-0c4a-42c4-a3bb-76855ad70a5f,62215435,False,d6f84ebf-0c4a-42c4-a3bb-76855ad70a5f,2025-05-16,2025-05-21,SOLD,2025-06-07,24.0,0.08,0.93,0.84,0.1
GZRNH26ZP80W,6.81,2025-05-09,Operation Breakout Weapon Case,,,256,True,078e37a3-fcb1-45da-9083-9b7a41899130,2025-05-12,,SOLD,2025-06-07,28.0,0.08,7.99,7.41,0.54
GH5CT7R5S0DC,6.81,2025-05-09,Operation Breakout Weapon Case,,,256,True,2b1894c8-35da-4dcd-aba7-ee89d1fc35f0,2025-05-12,,SOLD,2025-06-07,28.0,0.08,7.99,7.41,0.54
GNF3A7SE077E,6.81,2025-05-09,Operation Breakout Weapon Case,,,256,True,e22fda7b-8cae-4937-a718-1603a6c8183e,2025-05-12,,SOLD,2025-06-07,28.0,0.08,7.99,7.41,0.54
G23EC8NL2ULF,6.81,2025-05-09,Operation Breakout Weapon Case,,,256,True,12c494b3-4610-4025-b322-f047b387fb4c,2025-05-12,,SOLD,2025-06-07,28.0,0.08,7.99,7.41,0.54
GPREGEH34UA0,6.81,2025-05-09,Operation Breakout Weapon Case,,,256,True,e0b80b78-329f-4f9d-94fc-aaa86d745746,2025-05-12,,SOLD,2025-06-07,28.0,0.08,7.99,7.41,0.54
GLNZK92LELSG,6.81,2025-05-09,Operation Breakout Weapon Case,,,256,True,64f61f34-767d-4c0a-843f-8f4cf2e67e31,2025-05-12,,SOLD,2025-06-07,28.0,0.08,7.99,7.41,0.54
GLPW37ST5X7A,6.81,2025-05-09,Operation Breakout Weapon Case,,,256,True,3a9ba530-bf27-46e5-b9d2-4053aeb358d1,2025-05-12,,SOLD,2025-06-07,28.0,0.08,7.99,7.41,0.54
G8N86HNX47T5,3.19,2025-05-09,Chroma 2 Case,,,214,True,d2b626e4-0b84-47be-b20f-3aea0195546f,2025-05-12,,SOLD,2025-06-07,28.0,0.08,3.69,3.48,0.2
GPTS9USSD470,3.19,2025-05-09,Chroma 2 Case,,,214,True,c5b8bc4a-a15b-4f1d-be04-03b1ac058adb,2025-05-12,,SOLD,2025-06-07,28.0,0.08,3.69,3.48,0.2
GUXH97UWCUCF,10.5,2025-05-09,Glove Case,,,29334,True,028bad5a-94fe-46fc-91d6-1531e7dcd644,2025-05-12,,SOLD,2025-06-07,28.0,0.08,11.42,11.42,0.01
GA4AT6WSX9PF,10.5,2025-05-09,Glove Case,,,29334,True,98427fdd-7bd6-4583-9c50-0fd1a87b8946,2025-05-12,,SOLD,2025-06-07,28.0,0.08,11.42,11.42,0.01
GAECS2FK23WD,10.5,2025-05-09,Glove Case,,,29334,True,229762ac-c58a-4b58-9549-367ec15bdf97,2025-05-12,,SOLD,2025-06-07,28.0,0.08,11.42,11.42,0.01
G2WX263TEHXW,10.5,2025-05-09,Glove Case,,,29334,True,5feb774b-79e1-4883-a07a-6c9970399720,2025-05-12,,SOLD,2025-06-07,28.0,0.08,11.42,11.42,0.01
GZZLD240X9KC,10.5,2025-05-09,Glove Case,,,29334,True,45583238-e531-42f9-98db-7538a7151e00,2025-05-12,,SOLD,2025-06-07,28.0,0.08,11.42,11.42,0.01
G3T3LXR5S90U,10.5,2025-05-09,Glove Case,,,29334,True,56049136-db5a-4c3a-8f4b-f77e0d7ac2fe,2025-05-12,,SOLD,2025-06-07,28.0,0.08,11.42,11.42,0.01
G465G22Z4D99,10.5,2025-05-09,Glove Case,,,29334,True,87e0c18f-44ce-4090-a584-70fba5ee88fd,2025-05-12,,SOLD,2025-06-07,28.0,0.08,11.42,11.42,0.01
G2P0FF4CRSRG,6.81,2025-05-09,Operation Breakout Weapon Case,,,256,True,6d4ce5b5-d03b-4fdc-80ec-09d175c53d71,2025-05-12,,SOLD,2025-06-07,28.0,0.08,7.99,7.41,0.54
GXFR5FFN29CP,1.48,2025-01-24,Desert Eagle | Heat Treated (Well-Worn),40.5,18827423-6f0f-4011-8eca-d1178dbddf9c,59895819,False,18827423-6f0f-4011-8eca-d1178dbddf9c,2025-03-17,,SOLD,2025-06-07,133.0,0.08,0.74,1.62,-0.8
G3776GE3E974,6.81,2025-05-09,Operation Breakout Weapon Case,,,256,True,3dad4c92-ea7b-4b47-bc21-86b24c9450c4,2025-05-12,,SOLD,2025-06-07,28.0,0.08,7.99,7.41,0.54
G8H3PGGTWPES,0.39,2025-03-15,Charm | Whittle Knife,,a52faaf2-dcb0-419c-88e0-8100957b1816,59894131,False,a52faaf2-dcb0-419c-88e0-8100957b1816,2025-03-17,2025-03-23,SOLD,2025-06-07,83.0,0.08,0.47,0.43,0.04
G93EA36HUX7F,10.5,2025-05-09,Glove Case,,,29334,True,a0ebeda9-568a-4e84-9b29-2165c4011d80,2025-05-12,,SOLD,2025-06-07,28.0,0.08,11.42,11.42,0.01
GRRRC7RDSG2K,1.99,2025-03-12,USP-S | Alpine Camo (Field-Tested),27.98,fc033ee7-0505-44df-b471-1860e7458772,59749079,False,fc033ee7-0505-44df-b471-1860e7458772,2025-03-14,2025-03-14,SOLD,2025-06-07,86.0,0.08,0.85,2.17,-1.21
GREDFANENPS6,0.39,2025-03-15,Charm | Whittle Knife,,d731c496-0cb7-4528-a3c9-f157807d618d,59894130,False,d731c496-0cb7-4528-a3c9-f157807d618d,2025-03-17,2025-03-23,SOLD,2025-06-08,84.0,0.08,0.47,0.43,0.04
GCF52LLDTD7S,1.03,2025-01-09,Sticker | G2 Esports (Holo) | Paris 2023,,,45502097,True,a8b5f521-443a-4273-8d36-3628827faea9,2025-01-16,,SOLD,2025-06-08,149.0,0.08,1.14,1.13,0.02
GC296ESL7F2U,0.24,2025-05-09,Sticker | 3DMAX (Glitter) | Shanghai 2024,,,57328465,True,196fdd42-7a8c-45c2-ab56-6584de2e5d71,2025-05-12,,SOLD,2025-06-08,29.0,0.08,0.27,0.27,0.01
GFAC9HFZPG0T,0.17,2025-05-11,Sticker | 3DMAX (Glitter) | Shanghai 2024,,,57328465,True,9be21d18-d8e1-49ec-9d92-de451be3098d,2025-05-12,,SOLD,2025-06-08,27.0,0.08,0.27,0.2,0.08
G8H0PEXL0CDN,1.03,2025-01-09,Sticker | G2 Esports (Holo) | Paris 2023,,,45502097,True,6925742b-9b6f-437e-8b49-30bc10dfd0ad,2025-01-16,,SOLD,2025-06-08,149.0,0.08,1.14,1.13,0.02
GLX32TRAZHGF,1.03,2025-01-09,Sticker | G2 Esports (Holo) | Paris 2023,,,45502097,True,647fdf65-4780-4d2c-971e-df486c56a075,2025-01-16,,SOLD,2025-06-08,149.0,0.08,1.14,1.13,0.02
G39PNDRG65AD,0.19,2025-05-12,Sticker | 3DMAX (Glitter) | Shanghai 2024,,,57328465,True,fa44ad1e-2f6e-4b15-bdae-63ac1f387751,2025-05-14,,SOLD,2025-06-08,26.0,0.08,0.27,0.22,0.06
GH0NKTZE3G7F,0.2,2025-05-09,Sticker | 3DMAX (Glitter) | Shanghai 2024,,,57328465,True,5de68a4e-6bb9-4e45-b763-cb58c939f07b,2025-05-12,,SOLD,2025-06-08,29.0,0.08,0.3,0.23,0.08
GFKUX0HW9WLU,0.18,2025-05-12,Sticker | 3DMAX (Glitter) | Shanghai 2024,,,57328465,True,892233a0-7101-4ba3-82fb-b9c1fbfb618d,2025-05-14,,SOLD,2025-06-08,26.0,0.08,0.27,0.21,0.07
GN075WPGN478,9.5,2025-05-12,Operation Riptide Case,,,36318587,True,63cf3632-5168-40d2-9202-6546c17e3481,2025-05-14,,SOLD,2025-06-08,26.0,0.08,11.42,10.34,1.01
GG9KZW2A3NTX,9.5,2025-05-12,Operation Riptide Case,,,36318587,True,ba2d3060-8e37-445f-9b20-053aee92b86c,2025-05-14,,SOLD,2025-06-08,26.0,0.08,11.42,10.34,1.01
GKST2T59W2Z0,1.03,2025-01-09,Sticker | G2 Esports (Holo) | Paris 2023,,,45502097,True,1854ebd4-b1ad-4bdf-8c1f-c7cc29e938bf,2025-01-16,,SOLD,2025-06-08,149.0,0.08,1.14,1.13,0.02
GT64TXECN73X,0.11,2025-03-11,Sticker | Wildcard (Glitter) | Shanghai 2024,,,57632779,True,653aac02-9790-42fa-b50e-4e49f8373400,2025-03-12,,SOLD,2025-06-08,88.0,0.08,0.42,0.13,0.28
GLDS04KREZ92,0.11,2025-03-11,Sticker | Wildcard (Glitter) | Shanghai 2024,,,57632779,True,52cc0937-bf19-478d-8027-eef18e42e972,2025-03-12,,SOLD,2025-06-08,88.0,0.08,0.42,0.13,0.28
GURDE700TRHZ,0.29,2025-03-10,Sticker | Wildcard (Glitter) | Shanghai 2024,,,57632779,True,b80ee711-841a-4f1c-8edd-3021737be3b1,2025-03-14,,SOLD,2025-06-08,89.0,0.08,0.41,0.33,0.09
GZ7W6A94XFAX,0.29,2025-03-10,Sticker | Wildcard (Glitter) | Shanghai 2024,,,57632779,True,84b361cc-2a37-49c8-ae8a-79886f5fe598,2025-03-14,,SOLD,2025-06-08,89.0,0.08,0.41,0.33,0.09
GW7E04G57ZPD,1.03,2025-01-09,Sticker | G2 Esports (Holo) | Paris 2023,,,45502097,True,fe8258a2-bbe5-4ef6-a674-3ef1b3754e42,2025-01-16,,SOLD,2025-06-08,149.0,0.08,1.14,1.13,0.02
GGXKN6568577,0.39,2025-03-15,Charm | Whittle Knife,,f02cf594-14c8-4e76-8217-4a5cc872706d,59894132,False,f02cf594-14c8-4e76-8217-4a5cc872706d,2025-03-17,2025-03-23,SOLD,2025-06-09,85.0,0.08,0.47,0.43,0.04
GAF8UU7T0AXS,2.14,2025-03-15,AWP | Mortis (Field-Tested),30.33,45c874af-314d-4344-bcc2-c003abb9e3e1,59894100,False,45c874af-314d-4344-bcc2-c003abb9e3e1,2025-03-17,2025-03-22,SOLD,2025-06-09,85.0,0.08,2.33,2.34,0.0
G4EZ0CXSW3N3,0.39,2025-03-15,Charm | Whittle Knife,,4f3109b0-d93c-45f4-83b3-a8f6bee4a541,59894129,False,4f3109b0-d93c-45f4-83b3-a8f6bee4a541,2025-03-17,2025-03-23,SOLD,2025-06-09,85.0,0.08,0.47,0.43,0.04
GD7TAHW4A3Z6,0.78,2025-03-10,Desert Eagle | Tilted (Minimal Wear),12.58,327ea0cd-a69a-475b-b3de-d079eb5d1c6f,59735685,False,327ea0cd-a69a-475b-b3de-d079eb5d1c6f,2025-03-12,2025-03-18,SOLD,2025-06-09,90.0,0.08,0.52,0.86,-0.3
GA4F4CRSP2XR,0.39,2025-03-15,Charm | Whittle Knife,,05a47a61-783a-46b8-adf7-57b3c9836231,59894120,False,05a47a61-783a-46b8-adf7-57b3c9836231,2025-03-17,2025-03-23,SOLD,2025-06-10,86.0,0.08,0.47,0.43,0.04
G0T5Z6WDZHCD,1.03,2025-01-09,Sticker | G2 Esports (Holo) | Paris 2023,,,45502097,True,ba3b07f9-cb2c-4161-a063-4072400945f2,2025-01-16,,SOLD,2025-06-10,151.0,0.08,1.14,1.13,0.02
GS0X3U93S8UD,1.03,2025-01-09,Sticker | G2 Esports (Holo) | Paris 2023,,,45502097,True,c51cb3d5-b028-4b79-a5d7-c46a3f957c85,2025-01-16,,SOLD,2025-06-10,151.0,0.08,1.14,1.13,0.02
GH0NZEL05K7L,0.39,2025-03-15,Charm | Whittle Knife,,693eb9ee-ef68-423e-8757-794e861d9cb0,59894117,False,693eb9ee-ef68-423e-8757-794e861d9cb0,2025-03-17,2025-03-23,SOLD,2025-06-10,86.0,0.08,0.47,0.43,0.04
G3X7KNUNUUU2,0.39,2025-03-15,Charm | Whittle Knife,,e10fc8b7-0270-4468-82a9-e76802b13862,59894119,False,e10fc8b7-0270-4468-82a9-e76802b13862,2025-03-17,2025-03-23,SOLD,2025-06-10,86.0,0.08,0.47,0.43,0.04
GKXSHRHNTF2R,0.39,2025-03-15,Charm | Whittle Knife,,7f280d5e-394c-475d-9a40-775ba16984b2,59894118,False,7f280d5e-394c-475d-9a40-775ba16984b2,2025-03-17,2025-03-23,SOLD,2025-06-10,86.0,0.08,0.47,0.43,0.04
G2N0P5WCZAGP,1.4,2025-03-20,Charm | Hot Hands,,73a3d15d-a9f7-4fa0-8428-b8225ce5697d,60986359,False,73a3d15d-a9f7-4fa0-8428-b8225ce5697d,2025-04-18,,SOLD,2025-06-10,81.0,0.08,1.21,1.53,-0.29
G3APDK3DX0NW,0.39,2025-03-15,Charm | Whittle Knife,,0833d8b9-991d-4757-908b-fbed70bda4ac,59894116,False,0833d8b9-991d-4757-908b-fbed70bda4ac,2025-03-17,2025-03-23,SOLD,2025-06-10,86.0,0.08,0.47,0.43,0.04
G2ET6NNEAU5T,1.03,2025-01-09,Sticker | G2 Esports (Holo) | Paris 2023,,,45502097,True,3e20cf68-e5c0-4559-992b-e3885d36563f,2025-01-16,,SOLD,2025-06-10,151.0,0.08,1.14,1.13,0.02
GL72XU0KWGRH,0.39,2025-03-29,Sticker | frozen | Berlin 2019,,,5485702,True,0586521c-f6b5-4f15-b85b-a10d5c104889,2025-04-18,,SOLD,2025-06-11,73.0,0.08,0.6,0.43,0.16
GW9SDE3RAN8P,2.9,2025-03-10,Sticker | Team Liquid (Holo) | Stockholm 2021,,,36663836,True,42d3827e-2686-48de-ba00-80f7284bf0d2,2025-03-14,,SOLD,2025-06-12,93.0,0.08,2.95,3.16,-0.19
GA0W96RGS729,2.9,2025-03-10,Sticker | Team Liquid (Holo) | Stockholm 2021,,,36663836,True,332deecd-6653-44a6-8ccc-54c5453c2dba,2025-03-14,,SOLD,2025-06-12,93.0,0.08,2.95,3.16,-0.19
G23EL0CZEU3R,1.46,2025-01-18,Desert Eagle | Heat Treated (Battle-Scarred),91.25,25d31aee-0cab-49ff-b0d1-bd4790ad8a50,59895871,False,25d31aee-0cab-49ff-b0d1-bd4790ad8a50,2025-03-17,,SOLD,2025-06-13,145.0,0.08,0.75,1.6,-0.77
G02A75TUU0DP,2.73,2025-03-15,AWP | Duality (Field-Tested),33.09,c42013be-20d5-4be9-989c-db24758672c2,59891383,False,c42013be-20d5-4be9-989c-db24758672c2,2025-03-16,2025-03-21,SOLD,2025-06-13,89.0,0.08,2.1,2.98,-0.8
GH5RDLA9FEH6,0.37,2025-03-14,M4A1-S | Wash me plz (Factory New),5.76,224a8abf-2a9a-4ad9-b944-71853217e510,59891348,False,224a8abf-2a9a-4ad9-b944-71853217e510,2025-03-16,2025-03-22,SOLD,2025-06-14,91.0,0.08,0.53,0.41,0.12
G32SSRPRTTWD,0.56,2025-01-29,M4A1-S | Wash me plz (Factory New),5.77,3abd50fb-68aa-4740-a7b6-d8c4411c39b8,59569199,False,3abd50fb-68aa-4740-a7b6-d8c4411c39b8,2025-02-18,,SOLD,2025-06-14,135.0,0.07,0.53,0.61,-0.07
GN00U007G7NK,3.46,2025-02-21,Desert Eagle | Heat Treated (Minimal Wear),13.47,1889b377-d402-4db7-877d-938b673c3169,59895815,False,1889b377-d402-4db7-877d-938b673c3169,2025-03-17,,SOLD,2025-06-15,113.0,0.08,3.63,3.77,-0.12
GSK8UC3K8XUZ,1.9,2025-03-15,"Music Kit | Knock2, Make U SWEAT!",,,49025201,True,526eb95e-8a95-4900-96ca-64ef5e02114d,2025-03-17,,SOLD,2025-06-15,91.0,0.08,2.67,2.08,0.56
G49C9UHNPFZ9,0.87,2024-11-30,M4A1-S | Wash me plz (Factory New),6.93,2df33b52-85de-4ade-8fbc-c4b36a0a2f32,57292528,False,2df33b52-85de-4ade-8fbc-c4b36a0a2f32,2024-12-05,2024-12-05,SOLD,2025-06-15,196.0,0.08,0.53,0.96,-0.38
GD8S620UDGHR,1.65,2025-03-17,Glock-18 | Umbral Rabbit (Factory New),6.12,fab7ee9e-ffda-4570-854c-7c1aa158a1d1,60986362,False,fab7ee9e-ffda-4570-854c-7c1aa158a1d1,2025-04-18,,SOLD,2025-06-15,89.0,0.08,2.43,1.8,0.59
GWRH73GLLT3E,0.11,2025-03-11,Sticker | Wildcard (Glitter) | Shanghai 2024,,,57632779,True,b6d48f46-23a9-4032-b66b-4537a2e4a20e,2025-03-12,,SOLD,2025-06-16,96.0,0.08,0.42,0.13,0.28
GCD0R7GPWUHZ,2.9,2025-03-10,Sticker | Team Liquid (Holo) | Stockholm 2021,,,36663836,True,fc92f20e-6c50-479e-9499-348103599730,2025-03-14,,SOLD,2025-06-16,97.0,0.08,2.95,3.16,-0.19
G50W5Z0E5WRR,0.85,2025-06-15,Shadow Case,,,208,True,4a9f8aaa-89cf-4540-9fe5-d5e476a66d9a,2025-06-18,,SOLD,2025-06-17,1.0,0.08,1.3,0.93,0.35
GECWKENT0S25,9.5,2025-05-12,Operation Riptide Case,,,36318587,True,b345bd3c-0c65-4028-9138-1a5a83ea25fa,2025-05-14,,SOLD,2025-06-17,35.0,0.08,10.88,10.34,0.51
G7UX66N8225D,1.24,2025-06-15,USP-S | PC-GRN (Factory New),2.4,3ed8bb33-a83a-4460-9307-8dc27bbaebb1,63332142,False,3ed8bb33-a83a-4460-9307-8dc27bbaebb1,2025-06-18,,SOLD,2025-06-17,1.0,0.08,1.86,1.36,0.47
GNDSL28X7KG0,4.0,2025-06-15,AK-47 | Searing Rage (Field-Tested),20.72,9aee25ac-813e-4566-9fe2-1e31de32c9f1,63332155,False,9aee25ac-813e-4566-9fe2-1e31de32c9f1,2025-06-18,2025-06-16,SOLD,2025-06-17,1.0,0.08,4.69,4.36,0.31
GFRW2374ZZCN,0.85,2025-06-15,Shadow Case,,,208,True,a35818ce-f16d-40f4-a182-e8cd769b6175,2025-06-18,,SOLD,2025-06-17,1.0,0.08,1.3,0.93,0.35
GFX94D05L6HC,7.25,2025-06-15,Seal Team 6 Soldier | NSWC SEAL,,542a36d7-7df8-483b-a0b7-497662b6a6e8,63332164,False,542a36d7-7df8-483b-a0b7-497662b6a6e8,2025-06-18,2025-06-23,SOLD,2025-06-17,1.0,0.08,8.98,7.89,1.01
GH7T6LNXRWRC,0.77,2025-06-15,Sticker | Rainbow Route (Holo),,,55373804,True,61b13137-e14c-4915-a1ff-25287bf2d09a,2025-06-18,,SOLD,2025-06-17,1.0,0.08,1.01,0.85,0.16
GE30H42E0F8X,0.41,2025-06-16,AWP | Pit Viper (Minimal Wear),12.41,229d1585-735f-440f-810f-fbe68944b722,63332181,False,229d1585-735f-440f-810f-fbe68944b722,2025-06-18,2025-06-24,SOLD,2025-06-17,0.0,0.08,0.96,0.46,0.47
GCHCU3AG5DT8,11.84,2025-06-16,M4A1-S | Black Lotus (Minimal Wear),9.5,2a9af759-ed9d-48ee-a939-1c2204bbf3b0,63332187,False,2a9af759-ed9d-48ee-a939-1c2204bbf3b0,2025-06-18,2025-06-24,SOLD,2025-06-17,0.0,0.08,13.47,12.88,0.55
GGAD8W89RADL,0.65,2025-06-16,Sticker | Rainbow Route (Holo),,,55373804,True,612aca91-aab2-4383-8def-e6fe034a13a7,2025-06-18,,SOLD,2025-06-17,0.0,0.08,1.01,0.72,0.28
G4KAGAF9W3TT,1.21,2025-06-16,AK-47 | Crossfade (Field-Tested),21.43,8956e2ba-f449-4e24-93a5-c5cfcdf41e09,63332188,False,8956e2ba-f449-4e24-93a5-c5cfcdf41e09,2025-06-18,2025-06-24,SOLD,2025-06-17,0.0,0.08,1.8,1.33,0.45
GL8WT8C537LH,3.98,2025-06-17,AK-47 | Searing Rage (Field-Tested),22.26,603faeb1-1e9e-4c3f-aef8-f263dfa115a1,63368995,False,603faeb1-1e9e-4c3f-aef8-f263dfa115a1,2025-06-19,2025-06-25,SOLD,2025-06-18,0.0,0.08,4.69,4.34,0.33
GURP8RFD8UF8,1.48,2025-06-17,USP-S | Ticket to Hell (Factory New),6.78,0656b97e-3606-4ab1-bd74-726059ef2d5a,63369007,False,0656b97e-3606-4ab1-bd74-726059ef2d5a,2025-06-19,2025-06-25,SOLD,2025-06-18,0.0,0.08,2.14,1.62,0.49
GU7SFZ0TTWCP,25.49,2025-06-15,Desert Eagle | Printstream (Field-Tested),21.26,a44cad40-d37a-462b-a740-10ab0837a2db,63332159,False,a44cad40-d37a-462b-a740-10ab0837a2db,2025-06-18,2025-06-23,SOLD,2025-06-18,2.0,0.08,31.72,27.72,3.69
GTSTTHA6A5LK,2.9,2025-03-10,Sticker | Team Liquid (Holo) | Stockholm 2021,,,36663836,True,cb30c2b1-bc77-4de3-a77e-838911e43e8e,2025-03-14,,SOLD,2025-06-18,99.0,0.08,2.95,3.16,-0.19
G3Z5NUFTK5W9,3.98,2025-06-17,AK-47 | Searing Rage (Field-Tested),28.98,37fe72e9-7a5b-4030-856b-a59a49b77c09,63369001,False,37fe72e9-7a5b-4030-856b-a59a49b77c09,2025-06-19,2025-06-25,SOLD,2025-06-18,0.0,0.08,4.69,4.34,0.33
GD73NKAK9XW2,0.08,2025-06-16,Nova | Candy Apple (Factory New),3.7,548089a7-53c6-4a0c-bd8c-60c92a700533,63332189,False,548089a7-53c6-4a0c-bd8c-60c92a700533,2025-06-18,2025-06-24,SOLD,2025-06-18,1.0,0.08,0.27,0.1,0.17
GSXN63E4KZ83,9.5,2025-05-12,Operation Riptide Case,,,36318587,True,72bd5dd6-8218-401b-95fa-806673d3d573,2025-05-14,,SOLD,2025-06-18,36.0,0.08,10.88,10.34,0.51
GK9GGKCH8UAA,1.97,2025-03-11,Sticker | Team Liquid (Holo) | Stockholm 2021,,,36663836,True,30029b1c-0e47-40f8-863a-392668faddbd,2025-03-14,,SOLD,2025-06-18,98.0,0.08,2.95,2.15,0.74
G6HGF45EKWF0,0.37,2025-06-16,Revolution Case,,,43352341,True,b41bdfbe-7244-47bc-865e-733a265852f8,2025-06-18,,SOLD,2025-06-18,1.0,0.08,0.51,0.41,0.1
G7ADCFX82Z8U,0.1,2025-06-16,Nova | Candy Apple (Factory New),3.04,844dfcb6-4ecf-4266-bfba-a844af9e8c6e,63332196,False,844dfcb6-4ecf-4266-bfba-a844af9e8c6e,2025-06-18,2025-06-24,SOLD,2025-06-18,1.0,0.08,0.27,0.12,0.15
G8EF9D46EEK8,0.37,2025-06-16,Revolution Case,,,43352341,True,a642aa1c-2d6e-4a37-996f-31207fa246e5,2025-06-18,,SOLD,2025-06-18,1.0,0.08,0.51,0.41,0.1
GT30ZLUKT2T9,0.1,2025-05-13,MAG-7 | Foresight (Minimal Wear),9.95,66ce9a60-1e87-472d-9265-7162b173cfe1,62215439,False,66ce9a60-1e87-472d-9265-7162b173cfe1,2025-05-16,2025-05-21,SOLD,2025-06-18,35.0,0.08,0.09,0.12,-0.02
GE69GTFUAW34,1.12,2025-06-15,MP7 | Bloodsport (Field-Tested),19.77,8ec21c92-8e00-4e56-af0d-0c4f31537eda,63332148,False,8ec21c92-8e00-4e56-af0d-0c4f31537eda,2025-06-18,,SOLD,2025-06-19,3.0,0.08,1.74,1.23,0.48
G4P5AH39TK5K,2.93,2025-06-19,AK-47 | Slate (Field-Tested),32.36,edddad17-9fa3-4de8-9cff-43c6c271851a,63412657,False,edddad17-9fa3-4de8-9cff-43c6c271851a,2025-06-21,2025-06-27,SOLD,2025-06-20,0.0,0.08,3.43,3.2,0.23
G3KK0DSH0N9G,2.14,2025-03-15,AWP | Mortis (Field-Tested),28.19,6fa944c1-db1c-41ba-a0ab-19c78c76ab89,59891358,False,6fa944c1-db1c-41ba-a0ab-19c78c76ab89,2025-03-16,2025-03-22,SOLD,2025-06-20,96.0,0.08,2.25,2.34,-0.07
GH4LD3XZ57G5,1.63,2025-06-19,Operation Wildfire Case,,,323,True,63d8e886-40b2-4ca9-aa2c-965b566b37d6,2025-06-21,,SOLD,2025-06-20,0.0,0.08,3.06,1.78,1.19
GU9C7SA4SGZ9,1.63,2025-06-19,Operation Wildfire Case,,,323,True,844d384a-74e4-46c4-af49-d795553f9eb8,2025-06-21,,SOLD,2025-06-20,0.0,0.08,3.06,1.78,1.19
GFK8EGDWTX5A,5.0,2025-06-18,MP9 | Starlight Protector (Minimal Wear),9.74,32f0dd38-b851-49e5-937e-d26d3f235c41,63397182,False,32f0dd38-b851-49e5-937e-d26d3f235c41,2025-06-20,2025-06-26,SOLD,2025-06-20,1.0,0.08,6.83,5.45,1.28
G8FT5KAFZNEP,1.2,2025-06-15,USP-S | Check Engine (Factory New),0.21,d6ffcdb8-a698-4daf-b1f6-1ec979924d21,63332145,False,d6ffcdb8-a698-4daf-b1f6-1ec979924d21,2025-06-18,2025-06-22,SOLD,2025-06-20,4.0,0.08,1.81,1.32,0.47
GXS2NU4AAU72,1.63,2025-06-19,Operation Wildfire Case,,,323,True,fcd4e13b-9ef7-4875-90b6-5d4e5be4805e,2025-06-21,,SOLD,2025-06-20,0.0,0.08,3.06,1.78,1.19
GX42X4552WWS,1.81,2025-01-26,Desert Eagle | Heat Treated (Field-Tested),20.18,ce65ad54-a4c3-436b-a7ad-77cca4cf22d7,59895866,False,ce65ad54-a4c3-436b-a7ad-77cca4cf22d7,2025-03-17,,SOLD,2025-06-20,144.0,0.08,1.24,1.98,-0.67
GG0D538H0C77,5.0,2025-03-10,USP-S | Alpine Camo (Factory New),6.08,44638e1d-843c-4aeb-be68-dc7207188f05,59735636,False,44638e1d-843c-4aeb-be68-dc7207188f05,2025-03-12,2025-03-18,SOLD,2025-06-20,101.0,0.08,3.12,5.45,-2.13
GKSFS888H5H8,0.22,2025-01-08,Desert Eagle | Tilted (Battle-Scarred),45.54,fd0f563c-8b45-41c9-ba6f-7cecf818f71c,59895858,False,fd0f563c-8b45-41c9-ba6f-7cecf818f71c,2025-03-17,,SOLD,2025-06-20,162.0,0.08,0.14,0.25,-0.09
G9FZZ6TXW9HF,1.95,2025-06-20,MP9 | Starlight Protector (Field-Tested),27.94,7edc3ae2-d1fc-4378-ba58-651468fda50f,63416536,False,7edc3ae2-d1fc-4378-ba58-651468fda50f,2025-06-22,2025-06-28,SOLD,2025-06-21,0.0,0.08,2.31,2.13,0.18
GHNPARXZA43G,1.67,2025-06-16,USP-S | Cortex (Field-Tested),22.57,9dd12503-0622-4d07-94c0-7eed4c71b2ad,63332186,False,9dd12503-0622-4d07-94c0-7eed4c71b2ad,2025-06-18,2025-06-24,SOLD,2025-06-21,4.0,0.08,2.6,1.83,0.72
GHFSAXSALT3N,2.72,2025-03-15,AWP | Duality (Field-Tested),32.26,8b6a1b16-0eae-4466-9e76-ee0bfd4c9491,59891380,False,8b6a1b16-0eae-4466-9e76-ee0bfd4c9491,2025-03-16,2025-03-22,SOLD,2025-06-21,97.0,0.08,2.09,2.97,-0.8
G68GKC4A4US7,1.12,2025-06-15,MP7 | Bloodsport (Field-Tested),22.44,79f5cf6c-7089-4c5b-a7cf-35a2379423d8,63332149,False,79f5cf6c-7089-4c5b-a7cf-35a2379423d8,2025-06-18,,SOLD,2025-06-21,5.0,0.08,1.74,1.23,0.48
G5N8U5Z69H05,8.31,2025-06-20,Glock-18 | Shinobu (Minimal Wear),12.12,e3d61641-840c-4d4d-83e0-ff5d409f28f8,63416537,False,e3d61641-840c-4d4d-83e0-ff5d409f28f8,2025-06-22,2025-06-28,SOLD,2025-06-21,0.0,0.08,10.01,9.04,0.9
GWU9XZKL6UG3,1.7,2025-06-15,StatTrak™ M4A1-S | Emphorosaur-S (Field-Tested),18.72,8d441a63-cd1e-456d-bfd3-45f0b7fb823a,63332139,False,8d441a63-cd1e-456d-bfd3-45f0b7fb823a,2025-06-18,2025-06-22,SOLD,2025-06-22,6.0,0.08,2.86,1.86,0.93
G6E4T56NCXPK,0.26,2025-06-19,Sticker | Scorch Loop,,,55368025,True,b7754f55-6a38-4ad1-aa15-abf7a4fc01b8,2025-06-21,,SOLD,2025-06-22,2.0,0.08,1.3,0.29,0.94
G5NFKWHZX7R6,0.25,2025-06-16,Sticker | Scorch Loop,,,55368025,True,c2c86218-2a4b-463b-8ef4-99ff0c795dbb,2025-06-18,,SOLD,2025-06-22,5.0,0.08,1.29,0.28,0.94
GFECXF96HAXL,1.3,2025-01-11,Sticker | MOUZ (Holo) | Paris 2023,,,45008727,True,e7464b37-e7b4-4d1f-9fa0-f57f78119114,2025-01-16,,SOLD,2025-06-22,161.0,0.08,1.15,1.42,-0.24
GSZ2ST8FCX67,0.26,2025-06-15,Sticker | Scorch Loop,,,55368025,True,a327e08f-b7ab-4455-83fe-a0387f384c59,2025-06-18,,SOLD,2025-06-22,6.0,0.08,1.29,0.29,0.93
GWNS68UTNXD0,1.3,2025-01-11,Sticker | MOUZ (Holo) | Paris 2023,,,45008727,True,2b06e94a-7b16-4617-b5fb-92afe7351577,2025-01-16,,SOLD,2025-06-22,161.0,0.08,1.15,1.42,-0.24
GG03N2238T9K,1.19,2025-05-09,Sticker | Bolt Energy (Foil),,,55478592,True,1504508c-1c35-483c-9e24-2b2b0fc1acee,2025-05-12,,SOLD,2025-06-22,43.0,0.08,1.4,1.3,0.1
GCPUL0AK2026,11.09,2025-06-17,M4A1-S | Black Lotus (Minimal Wear),10.38,52256af7-fc55-4070-bf62-50ea70d417e4,63368997,False,52256af7-fc55-4070-bf62-50ea70d417e4,2025-06-19,2025-06-25,SOLD,2025-06-22,4.0,0.08,13.47,12.07,1.3
GSTWX47H0WUE,0.5,2025-06-20,Charm | Baby's AK,,f332021f-6587-4294-aa5a-b20026ed8d6e,63416540,False,f332021f-6587-4294-aa5a-b20026ed8d6e,2025-06-22,2025-06-28,SOLD,2025-06-22,1.0,0.08,0.71,0.55,0.15
GUF5P3SLH82C,0.3,2025-06-15,Sticker | Scorch Loop,,,55368025,True,bdd7b6d6-dfb9-4f08-b0e6-97153defde27,2025-06-18,,SOLD,2025-06-22,6.0,0.08,1.29,0.34,0.89
GDZE60DWUUE0,1.19,2025-05-09,Sticker | Bolt Energy (Foil),,,55478592,True,f605ae56-6568-4e8e-9984-aca99b51a345,2025-05-12,,SOLD,2025-06-22,43.0,0.08,1.4,1.3,0.1
G5U393LRESED,3.4,2025-01-30,Desert Eagle | Heat Treated (Field-Tested),24.22,df9d908e-507d-4dd9-9ae8-202c77f9817b,59569187,False,df9d908e-507d-4dd9-9ae8-202c77f9817b,2025-02-18,,SOLD,2025-06-22,142.0,0.07,1.15,3.67,-2.33
G6A9F2FC46H0,4.17,2024-10-31,Desert Eagle | Heat Treated (Well-Worn),42.76,41120be5-f150-4ce4-8f1b-8cd1eec6c041,56380145,False,41120be5-f150-4ce4-8f1b-8cd1eec6c041,2024-11-12,,SOLD,2025-06-22,233.0,0.08,0.65,4.54,-3.57
GGZZRGADH34A,2.83,2025-03-10,Sticker | Bolt Strike (Foil),,,55478586,True,df05f889-256d-4c92-9bdc-f982479e9fb2,2025-03-14,,SOLD,2025-06-22,103.0,0.08,2.77,3.09,-0.28
GWC2Z7UX9WE9,2.5,2025-03-11,Sticker | Bolt Strike (Foil),,,55478586,True,7a8dc9b7-d95f-4977-82b2-02a28c2253b7,2025-03-12,,SOLD,2025-06-22,102.0,0.08,2.77,2.73,0.05
GN06XGD3UU73,10.5,2025-03-10,P2000 | Amber Fade (Factory New),6.72,b1e5849d-12a8-4d85-9376-c7aae65e850f,59735619,False,b1e5849d-12a8-4d85-9376-c7aae65e850f,2025-03-12,,SOLD,2025-06-22,103.0,0.08,8.57,11.42,-2.62
GLG3N58P4KHU,1.85,2025-01-29,Desert Eagle | Heat Treated (Field-Tested),24.11,a7747c6c-2510-4052-8af0-23fdd1c3f351,59569170,False,a7747c6c-2510-4052-8af0-23fdd1c3f351,2025-02-18,,SOLD,2025-06-23,144.0,0.07,1.15,2.0,-0.78
G422XRTN9FC3,11.22,2025-06-20,M4A1-S | Black Lotus (Minimal Wear),13.54,04fe2b4a-f215-4e72-bf32-396d3952840c,63416532,False,04fe2b4a-f215-4e72-bf32-396d3952840c,2025-06-22,2025-06-28,SOLD,2025-06-23,2.0,0.08,13.14,12.21,0.87
GDTNPFCWLH3C,1.85,2025-06-15,Galil AR | Chromatic Aberration (Field-Tested),25.82,1cc80f3d-27fc-44bf-9a97-e41350937e07,63332158,False,1cc80f3d-27fc-44bf-9a97-e41350937e07,2025-06-18,2025-06-23,SOLD,2025-06-23,7.0,0.08,2.52,2.02,0.47
GP2ADR0LRKS2,1.85,2025-06-16,Galil AR | Chromatic Aberration (Field-Tested),35.02,ba9a0f80-a9ec-442c-9c6f-9bb5f4d6652f,63332191,False,ba9a0f80-a9ec-442c-9c6f-9bb5f4d6652f,2025-06-18,2025-06-19,SOLD,2025-06-23,6.0,0.08,2.52,2.02,0.47
GSCNSDFLTAWC,1.07,2025-01-24,Desert Eagle | Heat Treated (Battle-Scarred),67.91,a07d28a3-dfc6-4bfa-93d5-83ce675e9753,59895865,False,a07d28a3-dfc6-4bfa-93d5-83ce675e9753,2025-03-17,,SOLD,2025-06-23,149.0,0.08,0.74,1.17,-0.39
GND2ND7TPG25,0.74,2025-06-21,Sticker | High Heat,,,55414367,True,41bf01c8-b28a-4cbe-b3b7-55f48d5f9172,2025-06-23,,SOLD,2025-06-23,1.0,0.08,1.0,0.82,0.18
G5U6X55345HX,5.0,2025-06-23,AK-47 | Slate (Minimal Wear),12.08,33094b09-0ae4-48f9-9d36-183bec914362,63433195,False,33094b09-0ae4-48f9-9d36-183bec914362,2025-06-24,2025-06-30,SOLD,2025-06-23,0.0,0.08,5.91,5.45,0.44
GD6U8SPK9U94,0.74,2025-06-15,Sticker | High Heat,,,55414367,True,5a39ee36-23e2-4882-a367-ab9d9997b6ac,2025-06-18,,SOLD,2025-06-23,7.0,0.08,1.02,0.82,0.2
GDL7KZTUPUUA,4.16,2025-06-22,Glock-18 | Shinobu (Field-Tested),17.44,1aa6d68a-0f71-45e1-b57c-314ac6d2f20d,63432213,False,1aa6d68a-0f71-45e1-b57c-314ac6d2f20d,2025-06-24,2025-06-30,SOLD,2025-06-23,0.0,0.08,5.14,4.53,0.57
G0PZ7SES4738,65.0,2025-06-15,AK-47 | Inheritance (Field-Tested),19.46,0939ba1c-4d6c-4847-9db9-a42ba2be341a,63332162,False,0939ba1c-4d6c-4847-9db9-a42ba2be341a,2025-06-18,2025-06-23,SOLD,2025-06-23,7.0,0.08,76.79,70.66,5.65
G8883P36PKWX,2.18,2025-06-15,StatTrak™ Glock-18 | Moonrise (Minimal Wear),12.69,940f7188-9bac-465e-b574-07f6f69a99a5,63332157,False,940f7188-9bac-465e-b574-07f6f69a99a5,2025-06-18,2025-06-23,SOLD,2025-06-23,7.0,0.08,3.18,2.38,0.75
GD0DKLR86T0W,0.65,2025-03-15,Sticker | ropz (Glitter) | Copenhagen 2024,,,50553144,True,48d82818-2ae8-4d97-9d57-4cf61ef31d6a,2025-03-16,,SOLD,2025-06-23,99.0,0.08,0.59,0.72,-0.11
GLWD5L8GRE6A,4.16,2025-06-16,Glock-18 | Shinobu (Field-Tested),17.17,e63399be-e396-48d5-93af-24b75fb4666a,63332172,False,e63399be-e396-48d5-93af-24b75fb4666a,2025-06-18,2025-06-24,SOLD,2025-06-23,6.0,0.08,5.97,4.53,1.33
GT0TNNTWHE08,0.5,2025-06-15,Zeus x27 | Tosai (Minimal Wear),9.18,e8aeb4b8-db3c-44e4-9147-73e9637bb62e,63332161,False,e8aeb4b8-db3c-44e4-9147-73e9637bb62e,2025-06-18,2025-06-23,SOLD,2025-06-23,7.0,0.08,0.98,0.55,0.4
GP6XWP3C5LT7,2.0,2025-01-31,Desert Eagle | Heat Treated (Field-Tested),37.37,6884a607-5865-418a-aa1b-33c21b6972bb,59569171,False,6884a607-5865-418a-aa1b-33c21b6972bb,2025-02-18,,SOLD,2025-06-23,142.0,0.07,1.15,2.16,-0.93
GTP909Z9AZX5,2.56,2025-06-19,AK-47 | Crossfade (Factory New),6.32,72062536-3473-44dd-887b-22fc227395ef,63412651,False,72062536-3473-44dd-887b-22fc227395ef,2025-06-21,2025-06-27,SOLD,2025-06-23,3.0,0.08,3.31,2.79,0.49
GA98G7EGAK49,3.82,2025-01-11,Desert Eagle | Heat Treated (Field-Tested),35.04,265a84a0-dcda-45d6-9a1f-59d23dcf3dad,58672609,False,265a84a0-dcda-45d6-9a1f-59d23dcf3dad,2025-01-16,2025-01-18,SOLD,2025-06-24,163.0,0.08,1.15,4.16,-2.76
G3RUP05T5S02,4.74,2025-06-19,Five-SeveN | Boost Protocol (Factory New),5.9,5ac5ce78-f83e-4361-9357-b2ef5d0e1a6d,63412649,False,5ac5ce78-f83e-4361-9357-b2ef5d0e1a6d,2025-06-21,2025-06-24,SOLD,2025-06-24,4.0,0.08,7.79,5.16,2.43
G2GK3PN7X5XP,1.87,2025-06-16,P250 | See Ya Later (Field-Tested),25.39,ef8903db-7e71-4616-8ad6-0f4725ebab7e,63332185,False,ef8903db-7e71-4616-8ad6-0f4725ebab7e,2025-06-18,2025-06-24,SOLD,2025-06-24,7.0,0.08,2.6,2.04,0.52
GUELD8SZKKNX,1.99,2025-06-16,Desert Eagle | Heat Treated (Minimal Wear),13.18,e10d9398-e6e2-4002-9d91-c616271e729d,63332182,False,e10d9398-e6e2-4002-9d91-c616271e729d,2025-06-18,,SOLD,2025-06-24,7.0,0.08,3.51,2.17,1.24
GGCEHAHSLEN0,6.3,2025-06-19,AK-47 | Head Shot (Field-Tested),32.0,97314e69-dfb0-42a6-99a9-cfd5d170b2a1,63412654,False,97314e69-dfb0-42a6-99a9-cfd5d170b2a1,2025-06-21,2025-06-27,SOLD,2025-06-24,4.0,0.08,7.31,6.86,0.43
G3PGF5026R3D,0.55,2025-03-17,Sticker | ropz (Glitter) | Copenhagen 2024,,,50553144,True,dd49d303-062c-42d0-9e7f-5bd37b730846,2025-04-18,,SOLD,2025-06-24,98.0,0.08,0.59,0.61,-0.01
G2250TR89ZK4,1.81,2025-01-16,Desert Eagle | Heat Treated (Well-Worn),41.51,4f495cde-fc07-48aa-afb3-77a73c9080cd,59895804,False,4f495cde-fc07-48aa-afb3-77a73c9080cd,2025-03-17,,SOLD,2025-06-24,158.0,0.08,0.7,1.98,-1.17
GK5PFEPFENPK,0.65,2025-03-15,Sticker | ropz (Glitter) | Copenhagen 2024,,,50553144,True,9cd2b705-a642-4f22-9ae7-708010bbe083,2025-03-16,,SOLD,2025-06-24,100.0,0.08,0.59,0.72,-0.11
G0TLN527DSEZ,0.99,2025-05-13,Sticker | Bolt Energy (Foil),,,55478592,True,d1a9e362-42b8-4997-b659-3acd8f9307be,2025-05-16,,SOLD,2025-06-24,41.0,0.08,1.4,1.09,0.3
GWX9XCTZFU9G,0.65,2025-03-15,Sticker | ropz (Glitter) | Copenhagen 2024,,,50553144,True,b26bb7fe-cb49-4302-8fe4-27cd203ff761,2025-03-17,,SOLD,2025-06-24,100.0,0.08,0.59,0.72,-0.11
GAL8KET3DX0Z,1.52,2025-06-22,AWP | Duality (Field-Tested),21.29,25824b9a-459c-4204-ad81-8f279dc4d230,63432208,False,25824b9a-459c-4204-ad81-8f279dc4d230,2025-06-24,2025-06-30,SOLD,2025-06-24,1.0,0.08,1.89,1.66,0.22
GFDDXFD44ZFX,0.23,2025-06-15,Rio 2022 Legends Sticker Capsule,,,42230946,True,4666e810-1270-45db-b73a-bd7c2c898d88,2025-06-18,,SOLD,2025-06-24,8.0,0.08,0.36,0.26,0.1
G65W7GC9ZH5T,2.5,2025-03-20,Sticker | Bolt Strike (Foil),,,55478586,True,2abcd6bd-48f9-44ba-a47f-e1337e79d3af,2025-04-18,,SOLD,2025-06-24,95.0,0.08,2.77,2.73,0.05
G9T7HU0ET522,1.44,2025-06-22,Dreams & Nightmares Case,,,37707469,True,25e9f989-2c3f-4ef4-b21d-e21ed3c17a21,2025-06-24,,SOLD,2025-06-24,1.0,0.08,1.73,1.58,0.15
GUN73LD5U9UH,1.71,2025-01-18,Desert Eagle | Heat Treated (Well-Worn),39.71,5cefaab1-d373-42df-b901-31914671b08e,59895813,False,5cefaab1-d373-42df-b901-31914671b08e,2025-03-17,,SOLD,2025-06-24,156.0,0.08,0.7,1.87,-1.07
GAEKP4SSNAZL,0.55,2025-03-18,Sticker | ropz (Glitter) | Copenhagen 2024,,,50553144,True,3c7056fd-4d7b-4d36-9263-11f144e1773c,2025-04-18,,SOLD,2025-06-24,97.0,0.08,0.59,0.61,-0.01
GZ3E7HSPU9GR,0.55,2025-03-18,Sticker | ropz (Glitter) | Copenhagen 2024,,,50553144,True,7646b586-1501-4b7b-bcd8-e3e8d3bd65d9,2025-04-18,,SOLD,2025-06-24,97.0,0.08,0.59,0.61,-0.01
GCC63F2485G0,0.55,2025-03-18,Sticker | ropz (Glitter) | Copenhagen 2024,,,50553144,True,559fb72f-2c36-4340-9a02-db6809628c77,2025-04-18,,SOLD,2025-06-24,97.0,0.08,0.59,0.61,-0.01
GZ967PLDFP6X,1.14,2025-06-15,MP7 | Bloodsport (Field-Tested),18.12,22a2438a-b4cf-460c-a8d4-279a4ff55305,63332163,False,22a2438a-b4cf-460c-a8d4-279a4ff55305,2025-06-18,2025-06-23,SOLD,2025-06-24,8.0,0.08,1.74,1.25,0.46
G9GLC8TP5AL2,0.21,2025-01-16,Desert Eagle | Tilted (Battle-Scarred),66.44,647fbdc5-e5c1-4bc8-bc79-ccc1f83ac6d2,59895862,False,647fbdc5-e5c1-4bc8-bc79-ccc1f83ac6d2,2025-03-17,,SOLD,2025-06-24,158.0,0.08,0.14,0.24,-0.08
GT3UXGK7Z3D5,0.55,2025-03-17,Sticker | ropz (Glitter) | Copenhagen 2024,,,50553144,True,150d027a-0984-4f0b-8e21-ce4c10e90f57,2025-04-18,,SOLD,2025-06-24,98.0,0.08,0.59,0.61,-0.01
GTU473ECSECK,8.0,2025-06-16,AK-47 | Legion of Anubis (Minimal Wear),9.46,c7c77f30-3fb3-459f-8191-edde15ccfffd,63332184,False,c7c77f30-3fb3-459f-8191-edde15ccfffd,2025-06-18,2025-06-24,SOLD,2025-06-24,7.0,0.08,9.47,8.71,0.71
GUCFPGAWEK0E,0.55,2025-03-18,Sticker | ropz (Glitter) | Copenhagen 2024,,,50553144,True,533701b1-dfe4-42f7-9ea8-b9eb9acb9b18,2025-04-18,,SOLD,2025-06-24,97.0,0.08,0.59,0.61,-0.01
G72X8UW3DFS2,1.95,2025-06-20,StatTrak™ USP-S | Ticket to Hell (Minimal Wear),13.21,5ee1345c-5e3f-439f-af4d-e8204f016e0d,63416543,False,5ee1345c-5e3f-439f-af4d-e8204f016e0d,2025-06-22,2025-06-28,SOLD,2025-06-24,3.0,0.08,2.74,2.13,0.57
GHZEX6KC5T0T,0.55,2025-03-17,Sticker | ropz (Glitter) | Copenhagen 2024,,,50553144,True,495e10a7-b731-46bb-8062-534611ca28e5,2025-04-18,,SOLD,2025-06-24,98.0,0.08,0.59,0.61,-0.01
G0S405W8ZNCN,0.55,2025-03-17,Sticker | ropz (Glitter) | Copenhagen 2024,,,50553144,True,c36c3399-d293-493a-a7a3-c23c3909b0c8,2025-04-18,,SOLD,2025-06-24,98.0,0.08,0.59,0.61,-0.01
G35LT4L4ELWN,7.0,2025-03-10,FAMAS | ZX Spectron (Minimal Wear),10.79,4042777f-4148-4f7e-bb00-6eb43d5589fd,59735626,False,4042777f-4148-4f7e-bb00-6eb43d5589fd,2025-03-12,,SOLD,2025-06-24,105.0,0.08,4.98,7.62,-2.42
G7SW8X0TK02R,0.76,2025-06-22,USP-S | Alpine Camo (Field-Tested),27.36,a45ae319-3742-421e-84c7-27f4ca47b4a3,63432218,False,a45ae319-3742-421e-84c7-27f4ca47b4a3,2025-06-24,2025-06-30,SOLD,2025-06-25,2.0,0.08,0.94,0.84,0.1
GZZ08S6AXU9H,10.95,2025-06-23,M4A1-S | Black Lotus (Minimal Wear),11.44,1b62a0f8-38c7-40c3-ba3b-c90a63a05af6,63433193,False,1b62a0f8-38c7-40c3-ba3b-c90a63a05af6,2025-06-24,2025-06-30,SOLD,2025-06-25,1.0,0.08,13.14,11.91,1.14
GX82RN7CWR62,1.28,2025-06-22,Glock-18 | Candy Apple (Factory New),2.87,d773582f-9424-422c-b29a-755849260a80,63432210,False,d773582f-9424-422c-b29a-755849260a80,2025-06-24,2025-06-30,SOLD,2025-06-25,2.0,0.08,2.02,1.4,0.58
G33RKGGCLR5F,1.8,2025-06-19,Desert Eagle | Serpent Strike (Factory New),6.08,16f8a7e8-9a4e-4a56-ab4e-311823e521db,63412658,False,16f8a7e8-9a4e-4a56-ab4e-311823e521db,2025-06-21,2025-06-26,SOLD,2025-06-25,5.0,0.08,2.13,1.97,0.16
GNATCH23EE5A,0.98,2025-03-20,MAG-7 | SWAG-7 (Minimal Wear),12.3,ce2c1ba2-de16-4fcb-845d-e3bba3e6d8b5,60986347,False,ce2c1ba2-de16-4fcb-845d-e3bba3e6d8b5,2025-04-18,,SOLD,2025-06-25,96.0,0.08,1.06,1.08,-0.0
G22S4CZLFXL6,0.84,2025-06-19,M4A1-S | Nitro (Minimal Wear),14.68,da727b75-f68c-4bf9-8a0c-3bc83e9ade68,63412652,False,da727b75-f68c-4bf9-8a0c-3bc83e9ade68,2025-06-21,2025-06-27,SOLD,2025-06-25,5.0,0.08,1.18,0.92,0.25
GU08NHL57W3F,11.23,2025-06-18,M4A1-S | Black Lotus (Minimal Wear),14.04,2d76bc0b-6809-4881-b6aa-e25373459fc1,63397196,False,2d76bc0b-6809-4881-b6aa-e25373459fc1,2025-06-20,2025-06-26,SOLD,2025-06-25,6.0,0.08,13.47,12.22,1.16
G8T6D7WXT6L3,0.49,2025-06-16,AWP | Pit Viper (Minimal Wear),13.68,3bfdc389-9b04-4a44-9ae3-961ddc579a06,63332177,False,3bfdc389-9b04-4a44-9ae3-961ddc579a06,2025-06-18,2025-06-24,SOLD,2025-06-25,8.0,0.08,0.96,0.54,0.39
GULUHK76C46N,0.57,2025-06-17,Sticker | FaZe Clan (Holo) | Paris 2023,,,45027435,True,c3cc2746-a3f8-4b83-8a69-134db3e16f3a,2025-06-19,,SOLD,2025-06-25,7.0,0.08,0.92,0.63,0.28
GA5A2GRWKPND,0.12,2025-06-16,Sticker | Hydro Stream,,,55629346,True,d251a5d3-aad5-40b2-8ad3-0fa9ef6a533b,2025-06-18,,SOLD,2025-06-25,8.0,0.08,0.25,0.14,0.11
GE57UFS3NEKL,2.43,2025-06-17,Glock-18 | Vogue (Field-Tested),23.98,ef7c25e2-b2ea-4b0e-b9e8-8d40618d4ceb,63368998,False,ef7c25e2-b2ea-4b0e-b9e8-8d40618d4ceb,2025-06-19,2025-06-25,SOLD,2025-06-25,7.0,0.08,2.79,2.65,0.14
GEHR9ZGGFL0Z,2.32,2025-06-16,Desert Eagle | Heat Treated (Minimal Wear),10.87,ddf128ed-cae7-4c17-9664-61cd6d60b605,63332194,False,ddf128ed-cae7-4c17-9664-61cd6d60b605,2025-06-18,2025-06-24,SOLD,2025-06-25,8.0,0.08,3.51,2.53,0.91
G4RA9XNLSRR9,2.5,2025-03-12,Berlin 2019 Minor Challengers Autograph Capsule,,,5420215,True,19307ff9-3dad-4dd7-a138-02a2a7dcc080,2025-03-14,,SOLD,2025-06-25,104.0,0.08,1.98,2.73,-0.68
GAF4H6ACU44R,80.0,2025-06-16,CS:GO Weapon Case,,,923,True,c637e572-1270-44e6-8078-b763edf4ef55,2025-06-18,,SOLD,2025-06-25,8.0,0.08,94.99,86.97,7.39
G63K2HS2CSL9,0.79,2025-06-16,Sticker | High Heat,,,55414367,True,cb1f3e73-0167-44fb-a709-6dd33d4504f6,2025-06-18,,SOLD,2025-06-25,8.0,0.08,1.02,0.87,0.15
GKTPX4ANNDDA,1.3,2025-01-12,Sticker | G2 Esports (Holo) | Paris 2023,,,45502097,True,b2d20f90-24fc-4b02-a1aa-f6f1e6824b6e,2025-01-16,,SOLD,2025-06-25,163.0,0.08,1.05,1.42,-0.33
G58F6TD8CAXT,0.64,2025-06-18,MP9 | Army Sheen (Factory New),5.04,1fe71c82-2060-4a09-9564-5ac196684a77,63397195,False,1fe71c82-2060-4a09-9564-5ac196684a77,2025-06-20,2025-06-26,SOLD,2025-06-25,6.0,0.08,0.87,0.71,0.16
G0EZEZKSLKG9,7.99,2025-06-18,AK-47 | Legion of Anubis (Minimal Wear),10.04,0399e7ff-f817-4fff-973a-c1ec89b4bd7c,63397190,False,0399e7ff-f817-4fff-973a-c1ec89b4bd7c,2025-06-20,2025-06-25,SOLD,2025-06-25,6.0,0.08,9.47,8.7,0.72
GZATWNDLEACC,1.5,2025-06-17,AWP | Duality (Field-Tested),31.64,5d44e253-a1a6-4268-9fa6-5cbc56aa3a32,63369004,False,5d44e253-a1a6-4268-9fa6-5cbc56aa3a32,2025-06-19,2025-06-24,SOLD,2025-06-25,7.0,0.08,1.81,1.64,0.17
G7PG5K0HEH0F,1.83,2025-06-17,Desert Eagle | Serpent Strike (Factory New),6.79,96f89e95-77d0-424e-b57b-0c81a5366c5b,63369013,False,96f89e95-77d0-424e-b57b-0c81a5366c5b,2025-06-19,2025-06-25,SOLD,2025-06-25,7.0,0.08,2.62,2.0,0.58
GSZ7E73U5AD4,39.19,2025-06-18,AWP | Chrome Cannon (Minimal Wear),12.97,2313a99b-48db-4498-a3e5-8bdb37b699cf,63397177,False,2313a99b-48db-4498-a3e5-8bdb37b699cf,2025-06-20,2025-06-25,SOLD,2025-06-26,7.0,0.08,48.01,42.61,4.98
GHKCNSE4AU8E,0.94,2025-02-02,Desert Eagle | Heat Treated (Battle-Scarred),74.44,3cd4d4bc-b700-456f-bb15-d6665a553b86,59569184,False,3cd4d4bc-b700-456f-bb15-d6665a553b86,2025-02-18,,SOLD,2025-06-26,143.0,0.07,0.7,1.02,-0.29
GE6425UUWL27,6.18,2025-06-18,AK-47 | Head Shot (Field-Tested),27.61,cb90a81d-aab4-4280-ac18-7b49c210c45f,63397189,False,cb90a81d-aab4-4280-ac18-7b49c210c45f,2025-06-20,2025-06-26,SOLD,2025-06-26,7.0,0.08,7.5,6.73,0.72
G6C2WUKK87FA,0.52,2025-06-16,Sticker | KOI (Glitter) | Copenhagen 2024,,,50925888,True,a1f125ad-9396-45f4-9919-66db311b30c2,2025-06-18,,SOLD,2025-06-26,9.0,0.08,0.71,0.58,0.13
G289X2KGAD0S,2.55,2025-06-22,AK-47 | Crossfade (Factory New),4.16,941ae990-1113-49a5-a2a2-2a7470ef300e,63432211,False,941ae990-1113-49a5-a2a2-2a7470ef300e,2025-06-24,2025-06-30,SOLD,2025-06-26,3.0,0.08,3.31,2.78,0.5
GUPHNNLKTK77,0.52,2025-06-16,Sticker | KOI (Glitter) | Copenhagen 2024,,,50925888,True,f0a9b41c-8a93-4660-aaf1-0f0b642e9178,2025-06-18,,SOLD,2025-06-26,9.0,0.08,0.71,0.58,0.13
G4DPRL3R3EGC,0.97,2025-01-27,Desert Eagle | Heat Treated (Well-Worn),42.39,cafdd7e4-6c63-4671-a7f0-be7f96b78e13,59895802,False,cafdd7e4-6c63-4671-a7f0-be7f96b78e13,2025-03-17,,SOLD,2025-06-26,149.0,0.08,0.7,1.07,-0.33
G42ASNX6K8AF,3.21,2025-01-18,Desert Eagle | Heat Treated (Field-Tested),23.31,e1c8ab15-96ea-4736-8ce0-102689493730,59895857,False,e1c8ab15-96ea-4736-8ce0-102689493730,2025-03-17,,SOLD,2025-06-26,158.0,0.08,1.24,3.5,-2.07
GKUX45KNL5CA,6.16,2025-06-22,AK-47 | Head Shot (Field-Tested),28.76,e3e56254-f0bd-456c-bc35-43b5ee7a639f,63423187,False,e3e56254-f0bd-456c-bc35-43b5ee7a639f,2025-06-23,2025-06-29,SOLD,2025-06-26,3.0,0.08,7.36,6.71,0.61
GH5PCS0233PT,1.5,2025-06-18,AWP | Duality (Field-Tested),33.0,e4e107d3-45f1-4e04-8aaa-a9b7f03286c9,63397181,False,e4e107d3-45f1-4e04-8aaa-a9b7f03286c9,2025-06-20,2025-06-26,SOLD,2025-06-26,7.0,0.08,1.81,1.64,0.17
GDETLE0F487K,1.14,2025-06-18,MP7 | Bloodsport (Field-Tested),27.91,5ac4f99e-f162-4832-aa85-02bd102fc5d7,63397175,False,5ac4f99e-f162-4832-aa85-02bd102fc5d7,2025-06-20,2025-06-26,SOLD,2025-06-26,7.0,0.08,1.74,1.25,0.46
G4A83S8SZP36,8.0,2025-06-18,Glock-18 | Shinobu (Minimal Wear),14.42,782c9c98-6587-47d8-9957-ec3e4d7ab597,63397186,False,782c9c98-6587-47d8-9957-ec3e4d7ab597,2025-06-20,2025-06-24,SOLD,2025-06-26,7.0,0.08,11.45,8.71,2.53
GNPZN53SF0EL,65.0,2025-06-18,AK-47 | Inheritance (Field-Tested),24.68,9f3eeb34-48d0-44ae-aeb8-8222a108ae5d,63397178,False,9f3eeb34-48d0-44ae-aeb8-8222a108ae5d,2025-06-20,2025-06-26,SOLD,2025-06-26,7.0,0.08,76.79,70.66,5.65
G22H5TXDF2E3,7.48,2025-06-17,AK-47 | Searing Rage (Minimal Wear),10.62,e1eca8b6-60ba-4413-b456-a8a65af1f127,63369008,False,e1eca8b6-60ba-4413-b456-a8a65af1f127,2025-06-19,2025-06-25,SOLD,2025-06-26,8.0,0.08,9.31,8.14,1.09
G9LEKLWD5S9G,3.21,2025-01-18,Desert Eagle | Heat Treated (Field-Tested),32.66,7932130a-88eb-479a-b948-1032400e2ee6,59895864,False,7932130a-88eb-479a-b948-1032400e2ee6,2025-03-17,,SOLD,2025-06-26,158.0,0.08,1.24,3.5,-2.07
G8ZWDHKAR3C9,0.52,2025-06-16,Sticker | KOI (Glitter) | Copenhagen 2024,,,50925888,True,bb99df67-58bf-4985-b07f-3abd47310f28,2025-06-18,,SOLD,2025-06-26,9.0,0.08,0.71,0.58,0.13
GZTCL3CCW0F7,0.52,2025-06-16,Sticker | KOI (Glitter) | Copenhagen 2024,,,50925888,True,480350d3-5e32-4a80-ad76-74dd39502a97,2025-06-18,,SOLD,2025-06-26,9.0,0.08,0.71,0.58,0.13
G575AEDZ554D,10.41,2025-06-23,M4A4 | Desolate Space (Minimal Wear),12.61,541b2ed2-44f1-40f2-8bd6-f701b5b70300,63433199,False,541b2ed2-44f1-40f2-8bd6-f701b5b70300,2025-06-24,2025-07-01,SOLD,2025-06-26,2.0,0.08,13.14,11.33,1.68
G62HK6CGC7U9,0.99,2025-05-13,Sticker | Bolt Energy (Foil),,,55478592,True,74fe0a33-db65-424e-bfdd-52bdd500b945,2025-05-16,,SOLD,2025-06-26,43.0,0.08,1.4,1.09,0.3
G97N0WK5CCSH,2.5,2025-03-20,Sticker | Bolt Strike (Foil),,,55478586,True,722f3aaa-b9a8-4c57-b3ec-ce9201bb4e71,2025-04-18,,SOLD,2025-06-26,97.0,0.08,2.77,2.73,0.05
GTGWCRG69050,3.0,2025-06-23,AWP | Black Nile (Minimal Wear),13.69,4af1b5da-21bf-4150-b42a-0df0856e4550,63433201,False,4af1b5da-21bf-4150-b42a-0df0856e4550,2025-06-24,2025-06-30,SOLD,2025-06-26,2.0,0.08,3.74,3.27,0.44
G83KGW9PS0AK,11.18,2025-06-18,M4A1-S | Black Lotus (Minimal Wear),14.13,ea5b2348-5c57-41b0-940a-2eaa38947667,63397184,False,ea5b2348-5c57-41b0-940a-2eaa38947667,2025-06-20,2025-06-26,SOLD,2025-06-27,8.0,0.08,13.47,12.16,1.21
GEN0332N072T,0.15,2025-06-20,M4A1-S | Wash me plz (Factory New),6.54,2ab9af52-22a6-4626-a98a-0dfb3a229888,63416539,False,2ab9af52-22a6-4626-a98a-0dfb3a229888,2025-06-22,2025-06-28,SOLD,2025-06-27,6.0,0.08,0.34,0.17,0.16
G09LKRHC0WP6,4.88,2025-06-20,USP-S | Jawbreaker (Field-Tested),36.72,3bf981f4-2a96-4a42-8d2f-4922816330b0,63416538,False,3bf981f4-2a96-4a42-8d2f-4922816330b0,2025-06-22,2025-06-28,SOLD,2025-06-27,6.0,0.08,6.07,5.32,0.7
GULK4ALKSD26,63.0,2025-06-19,AK-47 | Inheritance (Field-Tested),34.28,d58d68f6-1716-4e43-987f-08bf5076e4f7,63412653,False,d58d68f6-1716-4e43-987f-08bf5076e4f7,2025-06-21,2025-06-27,SOLD,2025-06-27,7.0,0.08,73.58,68.49,4.69
G376ZTR0FGDK,3.98,2025-06-17,AK-47 | Searing Rage (Field-Tested),31.78,1a09522a-596d-4678-b125-a84751bf7b17,63369002,False,1a09522a-596d-4678-b125-a84751bf7b17,2025-06-19,2025-06-25,SOLD,2025-06-27,9.0,0.08,4.69,4.34,0.33
G2Z94FU2WDKT,0.48,2025-06-27,MAC-10 | Candy Apple (Factory New),2.78,a3d796a4-5504-4f79-8d94-318ec1de7e8a,63506516,False,a3d796a4-5504-4f79-8d94-318ec1de7e8a,2025-06-28,2025-07-05,SOLD,2025-06-27,0.0,0.1,0.65,0.54,0.11
GPLWXH9AEWHH,7.96,2025-06-20,USP-S | Jawbreaker (Minimal Wear),14.76,fe331bec-d0e0-4797-b53a-d91f2cad8650,63416544,False,fe331bec-d0e0-4797-b53a-d91f2cad8650,2025-06-22,2025-06-28,SOLD,2025-06-27,6.0,0.08,9.8,8.66,1.06
GTDXC84D7PF5,26.56,2025-06-17,Desert Eagle | Printstream (Field-Tested),34.61,7f66cd60-9fa9-4b96-8946-4837688a5d43,63369016,False,7f66cd60-9fa9-4b96-8946-4837688a5d43,2025-06-19,2025-06-25,SOLD,2025-06-27,9.0,0.08,31.72,28.88,2.62
GNFTHXG7HHDP,0.49,2025-06-17,Sticker | Team Liquid (Holo) | Paris 2023,,,45016993,True,0dd6e8d4-f0ac-424b-8bd3-29cc7a424cb3,2025-06-19,,SOLD,2025-06-27,9.0,0.08,0.75,0.54,0.2
G6D8FD0ZLLDH,0.5,2025-06-27,Desert Eagle | Tilted (Minimal Wear),9.96,7d7215ab-d7e7-4f4e-993f-f36d920829e6,63506517,False,7d7215ab-d7e7-4f4e-993f-f36d920829e6,2025-06-28,2025-07-04,SOLD,2025-06-27,0.0,0.1,0.67,0.57,0.1
GSDGC5G2AD0Z,1.87,2025-05-13,USP-S | Cortex (Field-Tested),28.9,b6a14e27-a601-409a-93f2-6b15db1891d1,62215440,False,b6a14e27-a601-409a-93f2-6b15db1891d1,2025-05-16,2025-05-21,SOLD,2025-06-28,45.0,0.08,2.34,2.04,0.28
GELK8GE0RF75,0.22,2024-10-18,P250 | Metallic DDPAT (Factory New),2.51,f7613212-8ba3-4e9a-a833-15622262c0f1,63509179,False,f7613212-8ba3-4e9a-a833-15622262c0f1,2025-06-29,2025-07-05,SOLD,2025-06-28,252.0,0.1,0.31,0.26,0.06
G7DDC9S7XC2X,6.69,2025-06-20,M4A1-S | Black Lotus (Field-Tested),19.37,7ba1d146-213c-48d7-b4c0-029dd1009e0c,63416542,False,7ba1d146-213c-48d7-b4c0-029dd1009e0c,2025-06-22,2025-06-28,SOLD,2025-06-28,7.0,0.08,8.14,7.28,0.8
GNGFXNLFTXT5,6.7,2025-06-16,M4A1-S | Black Lotus (Field-Tested),34.55,ef948194-9d55-4a0b-a7aa-5edad44cd9c9,63332183,False,ef948194-9d55-4a0b-a7aa-5edad44cd9c9,2025-06-18,2025-06-24,SOLD,2025-06-28,11.0,0.08,8.14,7.29,0.79
GT7HD0ZDP293,25.5,2025-06-20,Desert Eagle | Printstream (Field-Tested),28.12,468e1418-9a20-470c-98a6-3b6d18c687fe,63416541,False,468e1418-9a20-470c-98a6-3b6d18c687fe,2025-06-22,2025-06-28,SOLD,2025-06-28,7.0,0.08,29.98,27.73,2.08
GT9FAS2W8ZAT,0.55,2025-06-27,Sticker | Team Liquid (Holo) | Paris 2023,,,45016993,True,e8fa9b44-46e1-449e-b788-c15e5aa808fa,2025-06-29,,SOLD,2025-06-28,0.0,0.1,0.77,0.62,0.14
GN78F7T9P4K9,0.75,2025-06-16,Falchion Case,,,197,True,cff509ed-d4a7-4c0b-8e8f-57dc9acef378,2025-06-18,,SOLD,2025-06-28,11.0,0.08,1.29,0.83,0.44
GSZ96C0UPXS0,2.99,2025-06-17,"Music Kit | The Verkkars, EZ4ENCE",,,23245588,True,a35fbd5b-d08f-4569-a074-4793b99cd6a6,2025-06-19,,SOLD,2025-06-28,10.0,0.08,3.89,3.26,0.59
GSWC4C9A9NX0,5.78,2025-06-18,AK-47 | Head Shot (Field-Tested),28.58,fa48e307-ec5a-42ed-bc3c-ef4babe93b55,63397197,False,fa48e307-ec5a-42ed-bc3c-ef4babe93b55,2025-06-20,2025-06-26,SOLD,2025-06-28,9.0,0.08,6.95,6.29,0.61
G44UWF0G7GS6,5.92,2025-06-17,Desert Eagle | Conspiracy (Minimal Wear),12.34,eeaeb7e1-9943-4017-8f88-a4a30d96dbf9,63369023,False,eeaeb7e1-9943-4017-8f88-a4a30d96dbf9,2025-06-19,2025-06-25,SOLD,2025-06-28,10.0,0.08,9.18,6.45,2.53
GEZDCG9XP8NX,0.45,2025-06-27,Desert Eagle | Tilted (Minimal Wear),14.43,8f692617-2efa-41d5-8b74-41a37354e028,63509023,False,8f692617-2efa-41d5-8b74-41a37354e028,2025-06-29,2025-06-28,SOLD,2025-06-28,0.0,0.1,0.66,0.51,0.14
GP37CPXAS8ZU,1.22,2025-06-15,Name Tag,,,1229920,True,8e731a6d-2744-4967-99e1-84b6cdd84e3f,2025-06-18,,SOLD,2025-06-28,12.0,0.08,1.67,1.34,0.32
GT8U9SH9FCPZ,1.22,2025-06-15,Name Tag,,,1229920,True,4a6582dd-b4d9-443e-9d9b-b670fcae539e,2025-06-18,,SOLD,2025-06-28,12.0,0.08,1.67,1.34,0.32
GUWUR9G05XUX,1.84,2025-06-23,AWP | Black Nile (Field-Tested),32.74,f4570819-b92c-465e-b2b4-11988f2aa63f,63433192,False,f4570819-b92c-465e-b2b4-11988f2aa63f,2025-06-24,2025-06-30,SOLD,2025-06-28,4.0,0.08,2.76,2.01,0.7
G4WS2HN89WXG,0.88,2025-06-17,SSG 08 | Fever Dream (Minimal Wear),14.0,5caa90ab-0c84-45f6-bfe3-96b477d762e3,63369014,False,5caa90ab-0c84-45f6-bfe3-96b477d762e3,2025-06-19,2025-06-25,SOLD,2025-06-28,10.0,0.08,1.53,0.97,0.53
GS8NXPXSGXLA,3.06,2025-06-19,"Music Kit | The Verkkars, EZ4ENCE",,,23245588,True,5dac56be-6898-42f6-ade9-966c703caa61,2025-06-21,,SOLD,2025-06-28,8.0,0.08,3.91,3.34,0.54
GSS9SFSWGT0C,1.99,2025-06-17,MP9 | Starlight Protector (Field-Tested),33.71,5cc140b9-7eaa-4f18-8fdb-16861fe608c5,63369005,False,5cc140b9-7eaa-4f18-8fdb-16861fe608c5,2025-06-19,2025-06-25,SOLD,2025-06-28,10.0,0.08,2.42,2.17,0.24
G99953CH542W,11.52,2025-06-20,AK-47 | Head Shot (Minimal Wear),10.66,d3ba4167-972e-424c-8fc1-f9d531d141d6,63416531,False,d3ba4167-972e-424c-8fc1-f9d531d141d6,2025-06-22,2025-06-28,SOLD,2025-06-29,8.0,0.08,15.1,12.53,2.37
GAXANDUNCT7A,80.0,2025-06-18,CS:GO Weapon Case,,,923,True,b302c800-03d4-4328-9f65-2d69c77769ec,2025-06-20,,SOLD,2025-06-29,10.0,0.08,94.95,86.97,7.35
GFA8DFNGDZPZ,0.79,2025-06-18,StatTrak™ USP-S | Ticket to Hell (Field-Tested),20.29,608f8ade-deb3-4cbe-ae76-9119dd0fbd32,63397191,False,608f8ade-deb3-4cbe-ae76-9119dd0fbd32,2025-06-20,2025-06-26,SOLD,2025-06-29,10.0,0.08,1.02,0.87,0.15
G5R6U56DL337,8.38,2025-06-18,M4A4 | Temukau (Field-Tested),31.36,eed6046e-b165-4ac3-932c-a5ceb3eeecb3,63397172,False,eed6046e-b165-4ac3-932c-a5ceb3eeecb3,2025-06-20,2025-06-26,SOLD,2025-06-29,10.0,0.08,11.51,9.12,2.21
G5DF3ESWXFLW,4.72,2025-06-17,AK-47 | Slate (Minimal Wear),10.46,426df80e-30ad-4737-bf32-653e5d250244,63369020,False,426df80e-30ad-4737-bf32-653e5d250244,2025-06-19,2025-06-25,SOLD,2025-06-29,11.0,0.08,5.84,5.14,0.65
GS6A48NLX5KK,1.78,2025-06-16,Galil AR | Chromatic Aberration (Field-Tested),26.3,b7f67972-853e-44c7-a2c9-83c903517be0,63332195,False,b7f67972-853e-44c7-a2c9-83c903517be0,2025-06-18,2025-06-24,SOLD,2025-06-29,12.0,0.08,2.15,1.95,0.2
GGG6EK65E0K8,6.54,2025-06-20,Winter Offensive Weapon Case,,,223,True,b84206ac-599a-4fc2-89ae-6a926cbf600f,2025-06-22,,SOLD,2025-06-29,8.0,0.08,7.98,7.12,0.8
GTA4ZR3AFDC2,1.85,2025-06-22,MP9 | Food Chain (Field-Tested),26.57,c179c67a-d9a0-476f-ad09-a11cd6bf759b,63432217,False,c179c67a-d9a0-476f-ad09-a11cd6bf759b,2025-06-24,2025-06-30,SOLD,2025-06-29,6.0,0.08,2.3,2.02,0.27
GFGLNR8GPG5F,8.5,2025-06-15,Glock-18 | Shinobu (Minimal Wear),11.15,b2e29030-2034-4ecf-bbdd-b9efd5f94e5e,63332160,False,b2e29030-2034-4ecf-bbdd-b9efd5f94e5e,2025-06-18,2025-06-23,SOLD,2025-06-29,13.0,0.08,10.31,9.25,0.99
GPZTAA0T5LTG,0.17,2025-06-16,Sticker | 3DMAX (Glitter) | Shanghai 2024,,,57328465,True,05056fd4-7f34-40aa-ae94-9ce2bd028674,2025-06-18,,SOLD,2025-06-29,12.0,0.08,0.29,0.2,0.1
G2208D2U3G5G,75.0,2025-06-17,AWP | Printstream (Field-Tested),21.55,e758657b-e475-45d8-8041-4c4a8b5a3319,63369018,False,e758657b-e475-45d8-8041-4c4a8b5a3319,2025-06-19,2025-06-25,SOLD,2025-06-30,12.0,0.08,81.53,81.53,0.01
GRS8923NR4FK,4.72,2025-06-17,AK-47 | Slate (Minimal Wear),9.61,ef80221e-f029-4190-9ba2-c2ee5543f68a,63369019,False,ef80221e-f029-4190-9ba2-c2ee5543f68a,2025-06-19,2025-06-25,SOLD,2025-06-30,12.0,0.08,5.84,5.14,0.65
GW0Z2NLE2EZ9,11.1,2025-06-17,AWP | Atheris (Factory New),6.78,54f61dc1-2391-414d-8f81-20ecef8e1558,63368990,False,54f61dc1-2391-414d-8f81-20ecef8e1558,2025-06-19,2025-06-25,SOLD,2025-06-30,12.0,0.08,17.72,12.08,5.2
GP0RENWKT82G,0.93,2025-06-17,M4A1-S | Emphorosaur-S (Minimal Wear),7.78,9a46e914-e927-4141-9cbb-6c1247bb2454,63368991,False,9a46e914-e927-4141-9cbb-6c1247bb2454,2025-06-19,2025-06-24,SOLD,2025-06-30,12.0,0.08,1.14,1.02,0.12
G9W0R9CHL3UF,8.0,2025-06-27,M4A4 | Temukau (Field-Tested),33.75,66da8fe5-23f2-4730-8237-4ab96c917032,63509024,False,66da8fe5-23f2-4730-8237-4ab96c917032,2025-06-29,2025-07-05,SOLD,2025-06-30,2.0,0.1,9.7,8.9,0.73
GGFG557NWGED,1.8,2025-06-17,Galil AR | Tuxedo (Factory New),6.82,85a5f488-8165-45cf-a0e3-213fbb7448d1,63369012,False,85a5f488-8165-45cf-a0e3-213fbb7448d1,2025-06-19,2025-06-25,SOLD,2025-06-30,12.0,0.08,2.58,1.97,0.57
GGDL6S7GA2SF,8.2,2025-06-17,AK-47 | Legion of Anubis (Minimal Wear),8.22,54a588a3-44c6-49b5-9b55-e5ca3b1c0c7d,63369022,False,54a588a3-44c6-49b5-9b55-e5ca3b1c0c7d,2025-06-19,2025-06-25,SOLD,2025-06-30,12.0,0.08,9.47,8.92,0.51
GH54D9TNU9ZK,0.25,2025-06-22,Sticker | Hydro Wave,,,55393888,True,52decdd8-bc80-4d30-9dca-7868be71d042,2025-06-24,,SOLD,2025-06-30,7.0,0.08,0.4,0.28,0.12
GHWW29PAFXH2,6.05,2025-06-23,Desert Eagle | Conspiracy (Minimal Wear),8.96,c3addc84-076c-4b0b-a112-8c08863c2054,63433200,False,c3addc84-076c-4b0b-a112-8c08863c2054,2025-06-24,2025-07-01,SOLD,2025-06-30,6.0,0.08,9.18,6.59,2.4
GTUFZGDGDXK4,32.19,2025-06-16,M4A4 | Temukau (Minimal Wear),14.82,5f8fa958-fe13-4399-9b54-c37e7aac2711,63332180,False,5f8fa958-fe13-4399-9b54-c37e7aac2711,2025-06-18,2025-06-24,SOLD,2025-06-30,13.0,0.08,39.1,35.0,3.78
GR3RDT7XKS7F,2.83,2025-06-30,AK-47 | Slate (Field-Tested),27.49,f4e4f563-94b6-4a22-a948-d7ec7ad15a68,63559972,False,f4e4f563-94b6-4a22-a948-d7ec7ad15a68,2025-07-01,2025-07-08,SOLD,2025-06-30,0.0,0.1,3.31,3.16,0.15
GHLDUD7U52ZA,1.33,2025-06-23,USP-S | Ticket to Hell (Factory New),6.98,81556fd1-4a03-462f-899b-764394d126e9,63433196,False,81556fd1-4a03-462f-899b-764394d126e9,2025-06-24,2025-06-30,SOLD,2025-07-01,7.0,0.08,1.87,1.46,0.39
G3A5KZ8AHXLH,7.22,2025-06-27,AK-47 | Legion of Anubis (Minimal Wear),9.56,0f391284-d66f-4416-ab16-888b2eca3bad,63509020,False,0f391284-d66f-4416-ab16-888b2eca3bad,2025-06-29,2025-07-05,SOLD,2025-07-01,3.0,0.1,8.77,8.03,0.67
G95K7FLG02T2,0.83,2025-06-30,SSG 08 | Acid Fade (Factory New),0.93,28452828-dabe-46b1-ae04-ce8f11df07fb,63559973,False,28452828-dabe-46b1-ae04-ce8f11df07fb,2025-07-01,2025-07-08,SOLD,2025-07-01,0.0,0.1,1.94,0.93,0.92
GD2RK722LLXE,0.16,2025-07-01,SCAR-20 | Carbon Fiber (Factory New),4.84,c7aa53f2-06d9-4eff-9eae-e080c4f08c40,63562800,False,c7aa53f2-06d9-4eff-9eae-e080c4f08c40,2025-07-02,2025-07-08,SOLD,2025-07-01,0.0,0.1,0.37,0.19,0.17
GTHHZSCDD9RR,6.43,2025-06-27,AK-47 | Ice Coaled (Minimal Wear),10.7,ce566b32-e524-4c60-9f76-ff8c66e149f2,63506515,False,ce566b32-e524-4c60-9f76-ff8c66e149f2,2025-06-28,2025-07-04,SOLD,2025-07-01,3.0,0.1,7.63,7.16,0.44
GR749KL2W5T2,0.93,2025-06-13,Five-SeveN | Urban Hazard (Minimal Wear),11.05,50427eb0-9887-4f81-ba62-42925dbbdcf9,63332166,False,50427eb0-9887-4f81-ba62-42925dbbdcf9,2025-06-18,2025-06-21,SOLD,2025-07-01,17.0,0.08,1.23,1.02,0.2
GUDD3AWSE60F,4.14,2025-06-29,Glock-18 | Shinobu (Field-Tested),29.06,53837a3d-6ac4-4d4f-bb0e-b25bdab9a59d,63555571,False,53837a3d-6ac4-4d4f-bb0e-b25bdab9a59d,2025-06-30,2025-07-07,SOLD,2025-07-01,1.0,0.1,4.85,4.61,0.23
GEF5WSK83H05,3.87,2025-06-29,AK-47 | Searing Rage (Field-Tested),17.68,654bf2a3-7a69-47d5-ad1e-d06d1942b7f9,63554144,False,654bf2a3-7a69-47d5-ad1e-d06d1942b7f9,2025-06-30,2025-07-07,SOLD,2025-07-01,1.0,0.1,4.52,4.31,0.2
G297L8X6CE4E,0.41,2025-06-28,Charm | Baby's AK,,2b313f6c-7742-4b48-ad5f-f356b2ae805c,63554138,False,2b313f6c-7742-4b48-ad5f-f356b2ae805c,2025-06-30,2025-07-06,SOLD,2025-07-01,2.0,0.1,0.7,0.47,0.22
G3N83Z9T3RPC,1.31,2025-06-16,Stockholm 2021 Contenders Sticker Capsule,,,36642167,True,671c96b9-121e-4959-8cd3-d780a33a667f,2025-06-18,,SOLD,2025-07-01,14.0,0.08,2.2,1.43,0.71
GP5CDR4GWE6Z,6.21,2025-06-28,AK-47 | Ice Coaled (Minimal Wear),10.18,9c4e722a-f8b5-445d-a5c0-d90c99780a7f,63554137,False,9c4e722a-f8b5-445d-a5c0-d90c99780a7f,2025-06-30,2025-07-05,SOLD,2025-07-01,2.0,0.1,7.63,6.91,0.66
G6D0XCENPH7P,3.37,2025-07-01,AK-47 | Ice Coaled (Field-Tested),18.41,89f402b3-e823-4d43-9ece-379be8ea6270,63562809,False,89f402b3-e823-4d43-9ece-379be8ea6270,2025-07-02,2025-07-09,SOLD,2025-07-01,0.0,0.1,4.03,3.76,0.26
GE9WCZTA0ZXD,2.23,2025-06-18,StatTrak™ USP-S | Ticket to Hell (Minimal Wear),10.62,835c6ccb-7c09-41f1-a657-16a8d6ebf21d,63397194,False,835c6ccb-7c09-41f1-a657-16a8d6ebf21d,2025-06-20,2025-06-26,SOLD,2025-07-01,12.0,0.08,2.95,2.43,0.48
G9X6TUG57P98,75.0,2025-06-16,AWP | Printstream (Field-Tested),22.69,343838ca-3693-4da3-ae63-80c3ecad761d,63332190,False,343838ca-3693-4da3-ae63-80c3ecad761d,2025-06-18,2025-06-24,SOLD,2025-07-02,15.0,0.08,82.13,81.53,0.56
GARK26RZE4C8,5.04,2025-06-29,AK-47 | Slate (Minimal Wear),9.02,a1372fe5-f045-4903-a343-2400e52b0c67,63554143,False,a1372fe5-f045-4903-a343-2400e52b0c67,2025-06-30,2025-07-07,SOLD,2025-07-02,2.0,0.1,5.93,5.61,0.3
GLDF9ETT40LP,5.01,2025-06-29,AK-47 | Slate (Minimal Wear),14.11,adcd0c31-4c2f-46cc-ba5b-1a0e2e950d74,63555573,False,adcd0c31-4c2f-46cc-ba5b-1a0e2e950d74,2025-06-30,2025-07-07,SOLD,2025-07-02,2.0,0.1,5.93,5.58,0.33
G3C0A8HDZCKT,4.99,2025-05-09,Shattered Web Case,,,7191070,True,c0fd7b84-eeec-493f-820e-8cb73925681e,2025-05-12,,SOLD,2025-07-02,53.0,0.08,5.66,5.43,0.22
GNA4LX405XC6,0.7,2025-06-17,USP-S | Check Engine (Factory New),5.61,212b0298-647a-4a1f-9019-0fbff405ee9e,63369011,False,212b0298-647a-4a1f-9019-0fbff405ee9e,2025-06-19,2025-06-25,SOLD,2025-07-02,14.0,0.08,1.12,0.77,0.33
GUEG7FZS5WDZ,4.16,2025-06-22,Glock-18 | Shinobu (Field-Tested),24.41,9fb0c350-6a9c-494d-b6d8-9f5a4efbf089,63432212,False,9fb0c350-6a9c-494d-b6d8-9f5a4efbf089,2025-06-24,2025-06-30,SOLD,2025-07-02,9.0,0.08,5.14,4.53,0.57
GKES7SEZ4L5T,0.17,2025-06-16,Sticker | 3DMAX (Glitter) | Shanghai 2024,,,57328465,True,6476a105-ba20-4b1a-96c3-e85ddf1ee25d,2025-06-18,,SOLD,2025-07-02,15.0,0.08,0.29,0.2,0.1
GADNWCWFSE36,3.89,2025-06-22,Galil AR | Chromatic Aberration (Minimal Wear),12.69,74bedd57-c756-4d06-b040-468f03bd1c78,63432209,False,74bedd57-c756-4d06-b040-468f03bd1c78,2025-06-24,2025-06-30,SOLD,2025-07-02,9.0,0.08,5.33,4.24,1.01
GDC9S3UPHF32,3.83,2025-07-01,Tec-9 | Fuel Injector (Field-Tested),27.57,65cf171f-6617-4859-935d-99bdca6c0763,63562803,False,65cf171f-6617-4859-935d-99bdca6c0763,2025-07-02,2025-07-08,SOLD,2025-07-02,0.0,0.1,4.74,4.27,0.44
GUUUGKXLTZS4,9.32,2025-07-02,Huntsman Weapon Case,,,224,True,a7d89421-b4fb-4119-b671-ff394415aa99,2025-07-04,,SOLD,2025-07-03,0.0,0.1,10.99,10.37,0.57
GF97TTHD460G,9.32,2025-07-02,Huntsman Weapon Case,,,224,True,cfc204da-0981-43a6-b34b-df198d1d8c67,2025-07-04,,SOLD,2025-07-03,0.0,0.1,10.99,10.37,0.57
GKGAEK7CHDAX,1.97,2025-07-02,USP-S | Cortex (Field-Tested),27.18,388ee27d-0378-46a8-8c61-67f773813cb1,63570126,False,388ee27d-0378-46a8-8c61-67f773813cb1,2025-07-04,2025-07-09,SOLD,2025-07-03,0.0,0.1,2.31,2.2,0.11
GZ9F8HX5LSHL,1.52,2025-06-15,Dreams & Nightmares Case,,,37707469,True,3386446f-010b-4cb8-ab4e-87f254adbf49,2025-06-20,,SOLD,2025-07-03,17.0,0.08,1.84,1.66,0.17
GND7XEGGAF4U,3.35,2025-06-28,Sticker | Winding Scorch (Foil),,,55450345,True,fa060792-b4ee-41ab-896f-b3cf4cc46a59,2025-06-30,,SOLD,2025-07-03,4.0,0.1,4.72,3.73,0.9
G0TPE98UXX8F,8.66,2025-07-01,MAC-10 | Neon Rider (Minimal Wear),8.52,94bb6f51-5439-45ff-a538-b8c7efc31a3a,63562805,False,94bb6f51-5439-45ff-a538-b8c7efc31a3a,2025-07-02,2025-07-07,SOLD,2025-07-03,1.0,0.1,12.0,9.63,2.14
GH9W28PL8TKF,3.39,2025-06-15,AK-47 | Phantom Disruptor (Field-Tested),26.91,69d71c94-f32d-4d55-9576-78ef11a31059,63332167,False,69d71c94-f32d-4d55-9576-78ef11a31059,2025-06-18,2025-06-23,SOLD,2025-07-03,17.0,0.08,4.22,3.7,0.49
GU3TPF2R232U,1.77,2025-06-22,AWP | Black Nile (Field-Tested),29.06,b302c743-f148-4a75-8610-716c26fa4497,63432215,False,b302c743-f148-4a75-8610-716c26fa4497,2025-06-24,2025-06-30,SOLD,2025-07-03,10.0,0.08,2.81,1.93,0.82
GS6K45W2AGX8,0.91,2025-07-02,MAC-10 | Pipsqueak (Minimal Wear),8.82,bd08b478-408c-43f9-ab08-f5935cc3f0af,63570127,False,bd08b478-408c-43f9-ab08-f5935cc3f0af,2025-07-04,2025-07-10,SOLD,2025-07-03,0.0,0.1,1.4,1.02,0.35
GWK5D9945ZRS,1.43,2025-06-29,AWP | Duality (Field-Tested),32.84,12fdd1be-fdfa-496e-9a84-654d56dbf718,63555574,False,12fdd1be-fdfa-496e-9a84-654d56dbf718,2025-06-30,2025-07-07,SOLD,2025-07-03,3.0,0.1,1.8,1.6,0.19
G6PSLSU2K9NF,4.4,2025-05-09,Sticker | Bolt Charge (Foil),,,55478593,True,d024c2e4-fc49-4912-bbac-e6ae821a253a,2025-05-12,,SOLD,2025-07-03,54.0,0.08,4.63,4.79,-0.14
GFEAUXER3433,5.0,2025-05-13,Shattered Web Case,,,7191070,True,10389d9e-cefd-494d-bef4-5a7aa40a5b25,2025-05-16,,SOLD,2025-07-03,50.0,0.08,5.66,5.45,0.21
GKR3E7294DDS,5.0,2025-05-13,Shattered Web Case,,,7191070,True,197372d6-167e-4b0f-a90a-10803418da32,2025-05-16,,SOLD,2025-07-03,50.0,0.08,5.66,5.45,0.21
G7AD49SCZEU8,5.0,2025-05-13,Shattered Web Case,,,7191070,True,893636b1-be86-40a9-9277-b63d620e3f2d,2025-05-16,,SOLD,2025-07-03,50.0,0.08,5.66,5.45,0.21
GNRD8U33D785,5.0,2025-05-13,Shattered Web Case,,,7191070,True,ce9ed22c-0613-491a-a4ff-f2ab0351f011,2025-05-16,,SOLD,2025-07-03,50.0,0.08,5.66,5.45,0.21
GF9AR5SC4TUD,5.0,2025-05-13,Shattered Web Case,,,7191070,True,78e9f45e-8b12-4855-9f15-e8e659f60a5e,2025-05-16,,SOLD,2025-07-03,50.0,0.08,5.66,5.45,0.21
GNN5WK6R8ZGA,3.38,2025-06-29,M4A4 | Tooth Fairy (Minimal Wear),10.55,ff25bf43-f2bb-44bb-a8ef-0c8970df91d3,63555575,False,ff25bf43-f2bb-44bb-a8ef-0c8970df91d3,2025-06-30,2025-07-07,SOLD,2025-07-03,3.0,0.1,4.39,3.77,0.57
G07STEP7XDK2,5.0,2025-05-13,Shattered Web Case,,,7191070,True,d918ebb4-ff57-4652-b263-a2c044e89013,2025-05-16,,SOLD,2025-07-03,50.0,0.08,5.66,5.45,0.21
GC59KDUAEXN2,3.96,2025-07-02,Dragomir | Sabre,,ad9f707b-8855-4dba-88fd-9330c5914ac6,63570131,False,ad9f707b-8855-4dba-88fd-9330c5914ac6,2025-07-04,2025-07-10,SOLD,2025-07-03,0.0,0.1,4.71,4.41,0.28
G8G2T4GSC26P,0.19,2025-06-16,Sticker | Coiled Strike,,,28994750,True,ab53931b-a2e4-4f11-b86f-5ad3258fa00f,2025-06-18,,SOLD,2025-07-03,16.0,0.08,0.26,0.22,0.05
GKEELSLR39FL,5.0,2025-05-13,Shattered Web Case,,,7191070,True,89921727-1e25-4766-9fc2-b377fcae0558,2025-05-16,,SOLD,2025-07-03,50.0,0.08,5.66,5.45,0.21
GSR36KTNDZ2U,4.16,2025-06-21,Glock-18 | Shinobu (Field-Tested),35.25,7975442f-9020-478a-8da5-911ba62e37e4,63423184,False,7975442f-9020-478a-8da5-911ba62e37e4,2025-06-23,2025-06-29,SOLD,2025-07-03,11.0,0.08,5.14,4.53,0.57
G4XZ95E5WZFD,6.25,2025-06-19,AK-47 | Head Shot (Field-Tested),30.24,2fb568e6-eba3-4917-a8ac-2325ca2721bf,63412655,False,2fb568e6-eba3-4917-a8ac-2325ca2721bf,2025-06-21,2025-06-27,SOLD,2025-07-03,13.0,0.08,7.31,6.8,0.48
GH5ZSLTWD6G9,4.12,2025-06-23,Glock-18 | Bullet Queen (Field-Tested),25.85,ad3a3d54-65c9-47e5-b61a-30f5c5980afa,63433202,False,ad3a3d54-65c9-47e5-b61a-30f5c5980afa,2025-06-24,2025-07-01,SOLD,2025-07-03,9.0,0.08,5.14,4.49,0.61
GS2AW7AC8FKP,1.55,2025-06-18,Dreams & Nightmares Case,,,37707469,True,dd2c5129-89f2-46da-beac-f437749a1420,2025-06-19,,SOLD,2025-07-03,14.0,0.08,1.84,1.7,0.14
GELH84C9F3HZ,4.4,2025-05-09,Sticker | Bolt Charge (Foil),,,55478593,True,5b19b7d8-59b2-4941-8cfc-1b3b8da140ae,2025-05-12,,SOLD,2025-07-03,54.0,0.08,4.63,4.79,-0.14
GCW37LSU4LSE,1.52,2025-06-17,Dreams & Nightmares Case,,,37707469,True,6718a0a3-4539-4292-9bff-1b2f438e8b53,2025-06-18,,SOLD,2025-07-03,15.0,0.08,1.84,1.66,0.17
G4K54X9UU6RD,5.0,2025-05-13,Shattered Web Case,,,7191070,True,82ab1b28-1a5a-4063-aa76-076becd81f78,2025-05-16,,SOLD,2025-07-03,50.0,0.08,5.66,5.45,0.21
G3EK3CEZ3EG4,5.18,2025-06-29,StatTrak™ USP-S | Ticket to Hell (Factory New),6.95,2711b274-d4b0-4a7c-9f6e-ace256d71211,63555572,False,2711b274-d4b0-4a7c-9f6e-ace256d71211,2025-06-30,2025-07-07,SOLD,2025-07-04,4.0,0.1,7.38,5.77,1.46
GK0SG7SA5AU7,5.75,2025-06-28,M4A4 | Neo-Noir (Field-Tested),15.17,a428453f-4c35-48ca-bb36-bf1816ee9d55,63554139,False,a428453f-4c35-48ca-bb36-bf1816ee9d55,2025-06-30,2025-07-06,SOLD,2025-07-04,5.0,0.1,7.63,6.4,1.12
GECS2U7ZWZT8,2.7,2025-07-01,"Music Kit | bbno$, u mad!",,,36448801,True,6bdeeb29-298f-486f-b8ae-09785b2b9b66,2025-07-02,,SOLD,2025-07-04,2.0,0.1,4.44,3.01,1.3
G277GT9XF734,0.19,2025-06-16,Sticker | Coiled Strike,,,28994750,True,578301ff-b304-4b4c-908f-464cdfc0fc11,2025-06-18,,SOLD,2025-07-04,17.0,0.08,0.26,0.22,0.05
G7EDLHWDH2X4,10.99,2025-07-03,M4A1-S | Black Lotus (Minimal Wear),13.95,f669c990-75c7-4206-b53e-cfac992987cf,63577564,False,f669c990-75c7-4206-b53e-cfac992987cf,2025-07-05,2025-07-11,SOLD,2025-07-04,0.0,0.1,13.1,12.22,0.8
GW64994P6RG7,0.24,2025-06-22,Sticker | Boom Trail (Glitter),,,55436346,True,bf4b8a18-3fb7-44ea-a255-77e9e7f9961d,2025-06-24,,SOLD,2025-07-04,11.0,0.08,0.4,0.27,0.13
GLTRXAK8PFKF,0.24,2025-06-22,Sticker | Boom Trail (Glitter),,,55436346,True,17950772-4491-4c7a-ac06-a205dc4e9115,2025-06-24,,SOLD,2025-07-04,11.0,0.08,0.4,0.27,0.13
G89W0K2EH3PF,0.23,2025-06-17,Sticker | Spirit (Holo) | 2020 RMR,,,30577201,True,bd889bce-08f2-4980-aea9-7d090e81d3d9,2025-06-18,,SOLD,2025-07-04,16.0,0.08,0.29,0.26,0.04
G093LFUXN2UE,1.21,2025-06-21,FAMAS | Rapid Eye Movement (Field-Tested),17.32,7e855414-ffb0-4d81-b184-851a4987aadd,63423181,False,7e855414-ffb0-4d81-b184-851a4987aadd,2025-06-23,2025-06-29,SOLD,2025-07-04,12.0,0.08,1.69,1.33,0.34
GA02UU99PCAX,9.95,2025-07-03,USP-S | The Traitor (Field-Tested),22.88,119bd95c-206e-4064-8247-f529e6ebdf09,63577562,False,119bd95c-206e-4064-8247-f529e6ebdf09,2025-07-05,2025-07-06,SOLD,2025-07-04,0.0,0.1,11.84,11.07,0.71
GWR2READDEER,13.28,2025-06-16,AK-47 | Head Shot (Minimal Wear),14.7,ce696242-5aec-44e9-86e8-fa833773f8ae,63332178,False,ce696242-5aec-44e9-86e8-fa833773f8ae,2025-06-18,2025-06-24,SOLD,2025-07-04,17.0,0.08,15.33,14.45,0.82
G4CU0559F36E,0.17,2025-06-16,Sticker | 3DMAX (Glitter) | Shanghai 2024,,,57328465,True,dfae8606-35d8-45ac-b091-c8176ef21b26,2025-06-18,,SOLD,2025-07-04,17.0,0.08,0.29,0.2,0.1
GSZ0N82LWE0T,0.19,2025-06-16,Sticker | Coiled Strike,,,28994750,True,28819a2b-8822-4262-80a7-37f9b5f07954,2025-06-18,,SOLD,2025-07-04,17.0,0.08,0.26,0.22,0.05
G2E2A7EEF32X,7.92,2025-06-19,AK-47 | Legion of Anubis (Minimal Wear),9.71,885b6491-026f-44fe-bb7c-dcfa41b84640,63412656,False,885b6491-026f-44fe-bb7c-dcfa41b84640,2025-06-21,2025-06-27,SOLD,2025-07-05,15.0,0.08,9.57,8.62,0.88
GU4Z8PNRTN9F,1.35,2025-06-19,Anubis Collection Package,,,44819636,True,a73704f3-5b72-4479-9d29-55a5edc56564,2025-06-21,,SOLD,2025-07-05,15.0,0.08,1.89,1.48,0.39
GA7HAUETAUDX,4.7,2025-06-30,USP-S | Jawbreaker (Field-Tested),31.23,3e048a6e-9415-423c-be8c-d711cc3470da,63559971,False,3e048a6e-9415-423c-be8c-d711cc3470da,2025-07-01,2025-07-06,SOLD,2025-07-05,4.0,0.1,5.73,5.23,0.46
GN3STGAK0S8C,1.03,2025-01-03,Galil AR | Tuxedo (Factory New),4.52,c4aaa6f7-ff00-4a33-ba33-0a63c0d0f8e4,63509180,False,c4aaa6f7-ff00-4a33-ba33-0a63c0d0f8e4,2025-06-29,2025-07-05,SOLD,2025-07-05,182.0,0.1,2.64,1.16,1.35
GHFDPDXFNF8F,1.35,2025-06-19,Anubis Collection Package,,,44819636,True,a4da884b-6b3d-4ed8-9c91-433f9a762814,2025-06-21,,SOLD,2025-07-05,15.0,0.08,1.89,1.48,0.39
GARSKNTFSCUR,37.36,2025-07-01,Desert Eagle | Printstream (Minimal Wear),7.73,b2190f3b-c268-479f-87cd-53b6fbd66281,63562808,False,b2190f3b-c268-479f-87cd-53b6fbd66281,2025-07-02,2025-07-08,SOLD,2025-07-05,3.0,0.1,45.37,41.52,3.47
GXCXK7Z0W7X9,0.78,2025-06-16,USP-S | Check Engine (Factory New),5.09,1ab9c992-ca39-48fc-836b-01ed1900a7f9,63332175,False,1ab9c992-ca39-48fc-836b-01ed1900a7f9,2025-06-18,2025-06-24,SOLD,2025-07-05,18.0,0.08,1.12,0.86,0.25
GKEP5FZN52PS,1.35,2025-06-19,Anubis Collection Package,,,44819636,True,4379879a-a0f3-46e3-9f0b-0c2c619511bc,2025-06-21,,SOLD,2025-07-05,15.0,0.08,1.89,1.48,0.39
GZCG96GCF9T0,1.35,2025-06-19,Anubis Collection Package,,,44819636,True,b03a9e28-56bf-4af0-bbff-6ec6c739e280,2025-06-21,,SOLD,2025-07-05,15.0,0.08,1.89,1.48,0.39
GNHHX2CNEDLS,2.99,2025-07-03,Sticker | Blue Gem (Glitter),,,41530486,True,227090fe-490b-48cd-b66a-e4e21204436c,2025-07-04,,SOLD,2025-07-05,1.0,0.1,3.72,3.33,0.36
G43DUP9NWC9L,0.34,2025-06-20,Charm | Whittle Knife,,9a6fa907-129a-4c8b-90a7-5b8ffcd9729c,63416535,False,9a6fa907-129a-4c8b-90a7-5b8ffcd9729c,2025-06-22,2025-06-28,SOLD,2025-07-05,14.0,0.08,0.48,0.38,0.1
G70WSAK47WAL,0.34,2025-06-20,Charm | Whittle Knife,,9c26e576-a0de-4f85-9025-4f935721f80f,63416533,False,9c26e576-a0de-4f85-9025-4f935721f80f,2025-06-22,2025-06-28,SOLD,2025-07-05,14.0,0.08,0.48,0.38,0.1
GNETDE7GNX0N,3.2,2025-07-04,AK-47 | Ice Coaled (Field-Tested),22.14,736f7748-6a65-4d56-9031-181509970379,63582077,False,736f7748-6a65-4d56-9031-181509970379,2025-07-06,2025-07-12,SOLD,2025-07-05,0.0,0.1,4.0,3.57,0.4
G7ZZFKNLPSPE,5.2,2025-07-05,Ground Rebel  | Elite Crew,,fa9a14ba-d567-4e03-aec4-dc12a01cc164,63582076,False,fa9a14ba-d567-4e03-aec4-dc12a01cc164,2025-07-06,2025-07-12,SOLD,2025-07-05,0.0,0.1,7.05,5.79,1.14
G63K5NCZC23R,0.44,2025-06-28,Desert Eagle | Tilted (Minimal Wear),10.23,80e5c8f1-869a-428c-ad06-1e950dc45f60,63554136,False,80e5c8f1-869a-428c-ad06-1e950dc45f60,2025-06-30,2025-07-05,SOLD,2025-07-05,6.0,0.1,0.74,0.5,0.23
G8NRL70UKW98,10.5,2025-07-04,M4A1-S | Black Lotus (Minimal Wear),14.51,b724d4fe-bf88-4b12-b1e9-f548e7ccda29,63582064,False,b724d4fe-bf88-4b12-b1e9-f548e7ccda29,2025-07-06,2025-07-08,SOLD,2025-07-05,0.0,0.1,13.1,11.68,1.29
G8APEAPTZU0W,1.94,2025-03-12,XM1014 | Black Tie (Factory New),6.82,1b71daab-449a-4c65-a30e-47ff3ab2b4c6,63509175,False,1b71daab-449a-4c65-a30e-47ff3ab2b4c6,2025-06-29,2025-07-05,SOLD,2025-07-05,114.0,0.1,2.22,2.17,0.06
GAZS2GT7E9W5,1.35,2025-06-19,Anubis Collection Package,,,44819636,True,a4547228-3165-4bd0-b409-f6e7dd5fe95e,2025-06-21,,SOLD,2025-07-05,15.0,0.08,1.89,1.48,0.39
GS4C856C8T2N,8.31,2025-07-04,Huntsman Weapon Case,,,224,True,1f1e44bd-178d-49e2-82a4-6878c34d1a81,2025-07-06,,SOLD,2025-07-05,0.0,0.1,10.96,9.24,1.55
G3W5AHZH949C,6.0,2025-06-29,M4A4 | Neo-Noir (Field-Tested),26.56,688ecc2e-08ad-41a4-9090-2e87292ea280,63559969,False,688ecc2e-08ad-41a4-9090-2e87292ea280,2025-07-01,2025-07-06,SOLD,2025-07-06,6.0,0.1,7.63,6.68,0.87
G92H6R7AF60X,4.55,2025-07-04,Ground Rebel  | Elite Crew,,a4e6c517-3ec7-4504-a91e-d0fad814af03,63587533,False,a4e6c517-3ec7-4504-a91e-d0fad814af03,2025-07-07,2025-07-13,SOLD,2025-07-06,1.0,0.1,7.47,5.07,2.17
G8490ZHZL22E,5.78,2025-07-05,AWP | Atheris (Minimal Wear),10.77,aed633e3-a53e-4f86-8a97-e2bcbdd68c2c,63587542,False,aed633e3-a53e-4f86-8a97-e2bcbdd68c2c,2025-07-07,2025-07-13,SOLD,2025-07-06,0.0,0.1,7.03,6.43,0.55
GT6UKGCFU0TZ,0.42,2025-06-27,Desert Eagle | Tilted (Minimal Wear),13.26,e9bca83d-7935-4db5-89bc-c79c774bc897,63509018,False,e9bca83d-7935-4db5-89bc-c79c774bc897,2025-06-29,2025-07-05,SOLD,2025-07-06,8.0,0.1,0.74,0.48,0.25
GC0XFZX5NEDE,35.0,2025-07-03,AK-47 | Neon Rider (Field-Tested),23.36,3866b619-5761-4c08-a4c0-cf08547a60fa,63577560,False,3866b619-5761-4c08-a4c0-cf08547a60fa,2025-07-05,2025-07-04,SOLD,2025-07-06,2.0,0.1,40.48,38.9,1.43
G0U9KRF8PH4L,3.82,2025-06-27,USP-S | Cortex (Minimal Wear),10.59,e8089031-65ec-4c18-ad68-7f5afe767da9,63509019,False,e8089031-65ec-4c18-ad68-7f5afe767da9,2025-06-29,2025-07-05,SOLD,2025-07-06,8.0,0.1,4.7,4.26,0.41
G6GAWLCXX2Z0,0.18,2025-06-28,Sticker | Chompers,,,55517814,True,bdfc1eb8-4586-4575-a89c-baf6cb083f15,2025-06-30,,SOLD,2025-07-06,7.0,0.1,0.44,0.21,0.22
GAWRSX79RHU8,6.36,2025-07-05,M4A1-S | Black Lotus (Field-Tested),17.17,14d9b126-4c02-4fe8-9b7a-a6550097f1d6,63587520,False,14d9b126-4c02-4fe8-9b7a-a6550097f1d6,2025-07-07,2025-07-13,SOLD,2025-07-06,0.0,0.1,7.84,7.08,0.7
GFP5KDTWGEHG,0.94,2025-07-05,Glock-18 | Ocean Topo (Factory New),0.79,5148aa3a-1fd4-43ef-9a09-6f414a914ce1,63587526,False,5148aa3a-1fd4-43ef-9a09-6f414a914ce1,2025-07-07,2025-07-13,SOLD,2025-07-06,0.0,0.1,1.74,1.06,0.63
GZ4DF4CLGAC5,0.22,2025-06-28,Sticker | Bolt Strike,,,55436342,True,b9c7a86c-602b-47fe-8df7-a7f6b0ce2e2a,2025-06-30,,SOLD,2025-07-06,7.0,0.1,0.37,0.26,0.11
GELCZL3GA093,0.52,2025-06-19,Sticker | KOI (Glitter) | Copenhagen 2024,,,50925888,True,e1076f47-250d-4f77-9d59-ca3fe272f0f0,2025-06-21,,SOLD,2025-07-06,16.0,0.08,0.72,0.58,0.14
G3E6PU45G8L3,0.22,2025-06-28,Sticker | Bolt Strike,,,55436342,True,7ee2eaab-5396-450a-a430-cb590897685e,2025-06-30,,SOLD,2025-07-06,7.0,0.1,0.37,0.26,0.11
GNKCC70SDF3Z,1.99,2025-06-29,USP-S | Cortex (Field-Tested),25.84,5b452fea-fa7b-41f3-9c8a-58bc1b118db0,63555569,False,5b452fea-fa7b-41f3-9c8a-58bc1b118db0,2025-06-30,2025-07-07,SOLD,2025-07-06,6.0,0.1,2.34,2.22,0.12
G7K7A42260GP,17.37,2025-07-04,Trapper Aggressor | Guerrilla Warfare,,bb5cc439-48ad-46c9-97bc-3ee46ffe395e,63582065,False,bb5cc439-48ad-46c9-97bc-3ee46ffe395e,2025-07-06,2025-07-11,SOLD,2025-07-06,1.0,0.1,25.07,19.31,5.19
GUWLLTAKGT7C,0.5,2025-06-27,Desert Eagle | Tilted (Minimal Wear),10.26,35898ece-62ff-4f6b-bd0e-253e3be5864f,63509021,False,35898ece-62ff-4f6b-bd0e-253e3be5864f,2025-06-29,2025-07-05,SOLD,2025-07-06,8.0,0.1,0.74,0.57,0.17
GKE2SGP8F7K3,0.53,2025-04-20,Kilowatt Case,,,48702856,True,c0071d20-9c17-4fcd-875d-936373089e76,2025-04-21,,SOLD,2025-07-06,76.0,0.08,0.55,0.59,-0.02
GDUH2DLN2W29,0.53,2025-04-20,Kilowatt Case,,,48702856,True,31061696-1f9e-48b1-a770-3f94fc031c5b,2025-04-21,,SOLD,2025-07-06,76.0,0.08,0.55,0.59,-0.02
GGEA2EC304CG,0.53,2025-04-20,Kilowatt Case,,,48702856,True,fba9ffd0-0044-4ba6-b39f-66f9a89a508b,2025-04-21,,SOLD,2025-07-06,76.0,0.08,0.55,0.59,-0.02
GZPK00WFFZCN,5.0,2025-06-18,Zeus x27 | Olympus (Field-Tested),21.8,b8cef8ba-9a66-4c09-9984-de94e8ffed80,63397185,False,b8cef8ba-9a66-4c09-9984-de94e8ffed80,2025-06-20,2025-06-26,SOLD,2025-07-06,17.0,0.08,5.85,5.45,0.38
G9C5LUFAA94K,0.53,2025-04-20,Kilowatt Case,,,48702856,True,30fbcece-6990-4400-a7e3-8b6b48ded81b,2025-04-21,,SOLD,2025-07-06,76.0,0.08,0.55,0.59,-0.02
GC56D20G6ZN9,0.43,2025-06-27,M4A1-S | Night Terror (Minimal Wear),14.53,af9d76e2-06aa-4ee8-a511-7ddeeb6c3e09,63509017,False,af9d76e2-06aa-4ee8-a511-7ddeeb6c3e09,2025-06-29,2025-07-05,SOLD,2025-07-07,9.0,0.1,0.57,0.49,0.08
GXASW5L3AXFT,0.52,2025-06-23,USP-S | Ticket to Hell (Minimal Wear),13.84,bde05a0d-0204-4589-bb7c-cdaa93c41bba,63433198,False,bde05a0d-0204-4589-bb7c-cdaa93c41bba,2025-06-24,2025-07-01,SOLD,2025-07-07,13.0,0.08,0.77,0.58,0.19
GFNTCDKFTP28,1.74,2025-06-21,Glock-18 | Block-18 (Factory New),5.82,f50bc7c6-4737-44fe-b5f1-245034ae64af,63423185,False,f50bc7c6-4737-44fe-b5f1-245034ae64af,2025-06-23,2025-06-29,SOLD,2025-07-07,15.0,0.08,2.62,1.9,0.67
G9Z3ZRD64DN2,5.68,2025-07-03,Five-SeveN | Boost Protocol (Factory New),6.7,05a8d936-b657-4ec8-9dee-985967e16893,63577559,False,05a8d936-b657-4ec8-9dee-985967e16893,2025-07-05,2025-07-04,SOLD,2025-07-07,3.0,0.1,7.85,6.32,1.38
GTP8C5058P08,3.64,2025-07-04,Sticker | Winding Scorch (Foil),,,55450345,True,3a7a0571-37aa-48b7-8352-656ffba70a72,2025-07-06,,SOLD,2025-07-07,2.0,0.1,4.69,4.06,0.58
GH6RAXS9U3R7,1.09,2025-06-21,Desert Eagle | Trigger Discipline (Minimal Wear),10.18,1af19c32-fee1-47b8-9248-cdb38d873af0,63423186,False,1af19c32-fee1-47b8-9248-cdb38d873af0,2025-06-23,2025-06-29,SOLD,2025-07-07,15.0,0.08,1.44,1.2,0.23
GCL6CENEP448,61.0,2025-07-06,AK-47 | Inheritance (Field-Tested),23.13,a2d66541-3585-4cef-8c24-25c4cd154cd0,63609043,False,a2d66541-3585-4cef-8c24-25c4cd154cd0,2025-07-07,2025-07-13,SOLD,2025-07-07,0.0,0.1,70.94,67.79,2.85
G2WR303GUA4R,75.0,2025-06-18,AWP | Printstream (Field-Tested),27.06,6648f9b4-db88-466b-a5a9-ce2769e8de58,63397183,False,6648f9b4-db88-466b-a5a9-ce2769e8de58,2025-06-20,2025-06-26,SOLD,2025-07-07,18.0,0.08,80.71,81.53,-0.75
G7XSXHDXX04X,2.29,2025-07-04,FAMAS | Bad Trip (Field-Tested),26.88,67e902f3-bfb0-431b-9070-a5acb667c609,63582063,False,67e902f3-bfb0-431b-9070-a5acb667c609,2025-07-06,2025-07-11,SOLD,2025-07-07,2.0,0.1,2.65,2.56,0.09
GFXKG3P8C4EL,4.0,2025-07-05,Glock-18 | Shinobu (Field-Tested),29.68,64b80a8a-0373-4ff9-a404-e18dccec75e6,63587537,False,64b80a8a-0373-4ff9-a404-e18dccec75e6,2025-07-07,2025-07-13,SOLD,2025-07-07,1.0,0.1,4.66,4.46,0.19
GXDT24LWTL4S,0.16,2025-06-27,Sticker | 3DMAX (Glitter) | Shanghai 2024,,,57328465,True,0c07cf8b-3933-458e-a353-eb22c6a5cf4e,2025-06-28,,SOLD,2025-07-08,10.0,0.1,0.29,0.19,0.1
G0UWE9KTL025,0.62,2025-06-19,Sticker | Rainbow Route (Holo),,,55373804,True,ea3d0c8f-3f77-49e7-9709-dfdd37031614,2025-06-20,,SOLD,2025-07-08,18.0,0.08,0.93,0.68,0.24
G2U9R0P728K4,0.61,2025-06-21,Sticker | Rainbow Route (Holo),,,55373804,True,b5987693-5812-4d52-a1e3-5333aa9b8653,2025-06-23,,SOLD,2025-07-08,16.0,0.08,0.93,0.67,0.25
GRUER45CP46S,0.68,2025-06-18,Sticker | Rainbow Route (Holo),,,55373804,True,841157c2-7745-4b68-9c46-caffd9970575,2025-06-20,,SOLD,2025-07-08,19.0,0.08,0.93,0.75,0.18
G54F07AT0W4T,2.73,2025-06-29,Sticker | Gold Web (Foil),,,7177483,True,418c99e3-ee11-4dab-b4f7-61ea7fefefe5,2025-06-30,,SOLD,2025-07-08,8.0,0.1,3.38,3.04,0.31
GDZ7K7Z6T0HT,2.73,2025-06-29,Sticker | Gold Web (Foil),,,7177483,True,6d9e596f-518e-4f39-918c-ec947bd923e5,2025-06-30,,SOLD,2025-07-08,8.0,0.1,3.38,3.04,0.31
G6Z55S9K4HGP,2.57,2025-07-06,"Music Kit | bbno$, u mad!",,f88bbee5-62f2-4361-95cb-5c64301543db,63609046,True,f88bbee5-62f2-4361-95cb-5c64301543db,2025-07-07,2025-07-13,SOLD,2025-07-08,1.0,0.1,4.09,2.87,1.11
G7C4N60DGXPN,8.06,2025-06-29,Glock-18 | Shinobu (Minimal Wear),11.59,ddd29f93-8486-4e41-8978-e635b0cf3a80,63555570,False,ddd29f93-8486-4e41-8978-e635b0cf3a80,2025-06-30,2025-07-07,SOLD,2025-07-08,8.0,0.1,9.88,8.97,0.83
G5GW9CLDF87X,2.6,2025-06-28,Sticker | Gold Web (Foil),,,7177483,True,c91cf4a3-c638-49ba-9faa-f53d8b7b2b3a,2025-06-30,,SOLD,2025-07-08,9.0,0.1,3.38,2.9,0.44
GDRN80RGHULH,1.9,2025-07-08,Desert Eagle | Tilted (Factory New),0.06,a4f41c70-6576-4b52-b77b-45fd171eca31,63623660,False,a4f41c70-6576-4b52-b77b-45fd171eca31,2025-07-09,2025-07-15,SOLD,2025-07-08,0.0,0.1,2.23,2.12,0.11
GXZSUFR6K8WG,1.33,2025-06-27,Sticker | Fluxo (Holo) | Paris 2023,,,45155974,True,79c22336-4347-4df7-960c-c035f7fbf4e2,2025-06-28,,SOLD,2025-07-08,10.0,0.1,1.8,1.49,0.29
G8GFFDX3LW3Z,2.3,2025-03-15,M4A4 | Converter (Factory New),5.62,2fd1a3d5-9a75-4693-8721-4fc8801e0983,59894113,False,2fd1a3d5-9a75-4693-8721-4fc8801e0983,2025-03-17,2025-03-19,SOLD,2025-07-08,114.0,0.08,2.51,2.51,0.01
G5CW3SNUTUGS,3.99,2025-07-07,Sticker | Bolt Charge (Foil),,,55478593,True,441a55cd-dbf8-4901-b696-7bb4d8df35c6,2025-07-08,,SOLD,2025-07-08,0.0,0.1,4.63,4.44,0.18
GDT4NK6SR7RW,0.61,2025-06-18,Sticker | Rainbow Route (Holo),,,55373804,True,266fb6ee-a212-4c6e-9331-f70a439453f4,2025-06-21,,SOLD,2025-07-08,19.0,0.08,0.93,0.67,0.25
GX4HWNGE5G0D,1.14,2025-06-23,Dual Berettas | Melondrama (Field-Tested),29.33,1a69102f-4c63-4de9-b43f-4d1d9e247be5,63433197,False,1a69102f-4c63-4de9-b43f-4d1d9e247be5,2025-06-24,2025-06-30,SOLD,2025-07-08,14.0,0.08,1.46,1.25,0.2
GK0UFEFWPCCW,3.18,2025-07-07,AK-47 | Ice Coaled (Field-Tested),23.21,e3f28d26-cbff-4c46-86ba-38635d6da087,63617876,False,e3f28d26-cbff-4c46-86ba-38635d6da087,2025-07-08,2025-07-15,SOLD,2025-07-08,0.0,0.1,4.04,3.54,0.46
G2FARUG6WG4F,4.36,2025-07-01,Desert Eagle | Mecha Industries (Minimal Wear),12.78,6f5e336c-06ab-4d13-a345-02462067581d,63562801,False,6f5e336c-06ab-4d13-a345-02462067581d,2025-07-02,2025-07-09,SOLD,2025-07-09,7.0,0.1,5.57,4.86,0.65
GCR7GZ735USL,8.06,2025-06-29,Glock-18 | Shinobu (Minimal Wear),14.65,88fd607b-2ab6-4469-87a3-9f7757953c67,63554145,False,88fd607b-2ab6-4469-87a3-9f7757953c67,2025-06-30,2025-07-07,SOLD,2025-07-09,9.0,0.1,9.88,8.97,0.83
GSU85ZDP2XPS,0.23,2025-06-15,Sticker | Spirit (Holo) | 2020 RMR,,,30577201,True,245c628d-c23c-4b2a-bb06-c6d4a7b45a78,2025-06-19,,SOLD,2025-07-09,23.0,0.08,0.29,0.26,0.04
G8ENS2R75U93,0.34,2025-06-28,Sticker | Flex,,,55480742,True,ee44310b-f949-4814-ade4-e170f1042023,2025-06-30,,SOLD,2025-07-09,10.0,0.1,0.56,0.39,0.16
G6PR85R2L8UT,19.74,2025-07-04,AWP | Neo-Noir (Minimal Wear),14.28,c5e01536-dc75-423d-8f29-8ebbee671253,63582062,False,c5e01536-dc75-423d-8f29-8ebbee671253,2025-07-06,2025-07-11,SOLD,2025-07-09,4.0,0.1,24.01,21.94,1.87
G6US20LGZXHZ,4.63,2025-07-08,AK-47 | Slate (Minimal Wear),12.91,e014ce33-7a68-48fb-a424-57c8351a74af,63623672,False,e014ce33-7a68-48fb-a424-57c8351a74af,2025-07-09,2025-07-16,SOLD,2025-07-09,0.0,0.1,5.52,5.16,0.34
GAFU7DZ9T955,1.96,2025-07-06,MP9 | Starlight Protector (Field-Tested),19.13,bcec6c91-6b17-40ed-a549-c08c8a4f8cab,63609053,False,bcec6c91-6b17-40ed-a549-c08c8a4f8cab,2025-07-07,2025-07-14,SOLD,2025-07-09,2.0,0.1,2.42,2.19,0.22
G325S2607RS4,5.8,2025-07-08,Rezan the Redshirt | Sabre,,366cfbe9-92ea-453c-90ed-108920406da6,63623657,False,366cfbe9-92ea-453c-90ed-108920406da6,2025-07-09,2025-07-15,SOLD,2025-07-09,0.0,0.1,6.75,6.46,0.28
GTK32UKEL89A,0.7,2025-06-28,Sticker | High Heat,,,55414367,True,0ca0d0ba-ed08-454e-aac7-63598dfcbfc3,2025-06-30,,SOLD,2025-07-09,10.0,0.1,1.1,0.79,0.29
GWZ90394Z6SC,0.98,2025-06-28,Sticker | Bolt Energy (Foil),,,55478592,True,7382c1a4-8bb7-495a-97dc-3d4a14d663a9,2025-06-30,,SOLD,2025-07-09,10.0,0.1,1.28,1.1,0.17
GSU4ZU5GSTPC,10.13,2025-07-08,StatTrak™ USP-S | Black Lotus (Minimal Wear),12.18,6c614bde-693f-42f6-a873-1586ab3c1a06,63623651,False,6c614bde-693f-42f6-a873-1586ab3c1a06,2025-07-09,,SOLD,2025-07-09,0.0,0.1,11.87,11.27,0.55
GUFPCH0E30C7,7.5,2025-05-12,Operation Broken Fang Case,,,28950707,True,3604a948-6965-4cda-b266-ba0683c24612,2025-05-14,,SOLD,2025-07-09,57.0,0.08,8.16,8.16,0.01
GZ6S2AHUENHA,0.53,2025-07-07,Sticker | FaZe Clan (Holo) | Paris 2023,,,45027435,True,4532800c-0388-4208-aa9b-c13722f2f9e3,2025-07-08,,SOLD,2025-07-09,1.0,0.1,0.98,0.6,0.35
GLG7A24FAPC4,5.87,2025-07-02,Winter Offensive Weapon Case,,,223,True,5a16098f-ef3a-416f-8b68-d983eb362bcc,2025-07-04,,SOLD,2025-07-09,6.0,0.1,8.1,6.53,1.42
GU77U5G5DFSW,0.69,2025-06-27,AWP | Acheron (Minimal Wear),11.17,78b287e3-f722-4fd5-abed-e0526b8af19b,63509022,False,78b287e3-f722-4fd5-abed-e0526b8af19b,2025-06-29,2025-07-05,SOLD,2025-07-10,12.0,0.1,1.24,0.78,0.43
GEW9D46L580A,6.92,2025-07-04,AK-47 | Legion of Anubis (Minimal Wear),8.23,1d21c47e-2bc5-4b64-85bb-1818afe0b5e9,63582071,False,1d21c47e-2bc5-4b64-85bb-1818afe0b5e9,2025-07-06,2025-07-12,SOLD,2025-07-10,5.0,0.1,8.38,7.7,0.62
GA27G783Z6E8,1.68,2025-06-28,Stockholm 2021 Contenders Sticker Capsule,,,36642167,True,3bd8f6d9-3253-4150-9560-61684262665e,2025-06-30,,SOLD,2025-07-10,11.0,0.1,2.2,1.88,0.3
GHGFC9E49EAG,4.62,2025-07-04,StatTrak™ USP-S | Ticket to Hell (Factory New),6.97,d0440470-00e5-46ac-b33c-7b4a058fcc99,63582067,False,d0440470-00e5-46ac-b33c-7b4a058fcc99,2025-07-06,2025-07-10,SOLD,2025-07-10,5.0,0.1,7.38,5.14,2.02
GKW5NNH0AU7R,0.4,2025-07-07,AWP | Atheris (Well-Worn),43.69,389de81c-2bb4-4aa3-8a02-396338fb6895,63617863,False,389de81c-2bb4-4aa3-8a02-396338fb6895,2025-07-08,2025-07-12,SOLD,2025-07-10,2.0,0.1,3.13,0.46,2.42
G8Z5D8HU37F6,6.04,2025-07-08,AWP | Atheris (Minimal Wear),9.92,a22a05d7-0657-4d07-aa49-b2bf9a8a7c6a,63623665,False,a22a05d7-0657-4d07-aa49-b2bf9a8a7c6a,2025-07-09,2025-07-16,SOLD,2025-07-10,1.0,0.1,7.17,6.72,0.41
G6CHFZ9D9ZWZ,5.97,2025-07-07,M4A4 | Neo-Noir (Field-Tested),35.63,3b0f97d7-3a87-4760-9e2a-f1e19cd4f52e,63617879,False,3b0f97d7-3a87-4760-9e2a-f1e19cd4f52e,2025-07-08,2025-07-15,SOLD,2025-07-10,2.0,0.1,7.57,6.64,0.84
G5SU6H4H93ZW,8.5,2025-07-03,StatTrak™ Glock-18 | Vogue (Minimal Wear),12.47,7ebb3480-b8d3-438f-8265-47ac7f2b215b,63574927,False,7ebb3480-b8d3-438f-8265-47ac7f2b215b,2025-07-04,2025-07-09,SOLD,2025-07-10,6.0,0.1,10.16,9.46,0.64
G8NP3XSNCEC5,4.63,2025-07-08,AK-47 | Slate (Minimal Wear),14.85,c343c41d-14bc-45e1-81ae-9cf767862b9f,63623658,False,c343c41d-14bc-45e1-81ae-9cf767862b9f,2025-07-09,2025-07-15,SOLD,2025-07-10,1.0,0.1,5.52,5.16,0.34
GC472FCWNER8,1.56,2025-07-09,Dreams & Nightmares Case,,,37707469,True,e1fb67a2-543e-4b75-86cf-ad61a5a5fdce,2025-07-10,,SOLD,2025-07-10,0.0,0.1,1.87,1.74,0.12
GLT5F7P2R7FU,4.54,2025-07-09,Enforcer | Phoenix,,143eeaa6-e915-4e41-aa8c-175fe8357aaa,63628275,False,143eeaa6-e915-4e41-aa8c-175fe8357aaa,2025-07-10,2025-07-17,SOLD,2025-07-10,0.0,0.1,5.39,5.06,0.31
GTGK4CNTP0ZF,22.44,2025-07-03,AWP | Chrome Cannon (Field-Tested),24.8,e60e2178-4a29-4128-a2dd-03670fd44d6d,63577561,False,e60e2178-4a29-4128-a2dd-03670fd44d6d,2025-07-05,2025-07-08,SOLD,2025-07-10,6.0,0.1,25.96,24.94,0.92
G8ZKWGF554AH,50.0,2025-07-09,StatTrak™ Desert Eagle | Printstream (Field-Tested),32.13,6f22cc2f-8419-4843-b80b-02ef654b3896,63628268,False,6f22cc2f-8419-4843-b80b-02ef654b3896,2025-07-10,2025-07-16,SOLD,2025-07-10,0.0,0.1,60.85,55.57,4.77
GCRNDL2U4FZ8,0.79,2025-07-03,M4A1-S | Emphorosaur-S (Minimal Wear),8.66,7841a207-2f22-4593-9164-7ebc085dcb12,63577558,False,7841a207-2f22-4593-9164-7ebc085dcb12,2025-07-05,2025-07-11,SOLD,2025-07-10,6.0,0.1,1.08,0.89,0.18
GLLAU7NFTKZN,0.25,2025-06-19,Sticker | 3DMAX (Glitter) | Shanghai 2024,,,57328465,True,8c3f6e9e-c3d3-457d-9f0e-2617343b6be1,2025-06-21,,SOLD,2025-07-10,20.0,0.08,0.49,0.28,0.2
G7E784T2FPPP,38.07,2025-07-09,Desert Eagle | Printstream (Minimal Wear),9.08,517ac059-f43a-4e5f-86bd-67b6f7c125a9,63628264,False,517ac059-f43a-4e5f-86bd-67b6f7c125a9,2025-07-10,2025-07-16,SOLD,2025-07-10,0.0,0.1,44.38,42.31,1.87
GP0SL2CF228K,2.0,2025-07-02,MP9 | Starlight Protector (Field-Tested),29.91,bbdd69f7-5c5a-498a-807c-eb122574cd6c,63570129,False,bbdd69f7-5c5a-498a-807c-eb122574cd6c,2025-07-04,2025-07-10,SOLD,2025-07-10,7.0,0.1,2.35,2.23,0.12
GZAW220PP2T0,2.53,2025-06-29,"Music Kit | bbno$, u mad!",,,36448801,True,1e620401-449e-4d9c-aeab-d195c0278d7b,2025-07-02,,SOLD,2025-07-10,10.0,0.1,4.44,2.82,1.47
G4DLREAFFE0E,4.71,2025-07-08,USP-S | Jawbreaker (Field-Tested),33.93,8e5fa119-eed7-42f7-a2fd-0404963255c2,63623650,False,8e5fa119-eed7-42f7-a2fd-0404963255c2,2025-07-09,2025-07-12,SOLD,2025-07-10,1.0,0.1,5.71,5.24,0.43
GT0UCPU04C77,7.5,2025-05-12,Operation Broken Fang Case,,,28950707,True,4aa0fc19-f83e-4dab-ba93-d4416d68f4e3,2025-05-14,,SOLD,2025-07-11,59.0,0.08,8.16,8.16,0.01
GZTRX9KHS0CZ,7.5,2025-05-12,Operation Broken Fang Case,,,28950707,True,4726511a-4ca0-4b17-a5b4-5703e8cd03d5,2025-05-14,,SOLD,2025-07-11,59.0,0.08,8.16,8.16,0.01
GHUPADAZ9UPX,7.5,2025-05-12,Operation Broken Fang Case,,,28950707,True,ab424cf6-ca8b-407e-b2da-f6c552f76585,2025-05-14,,SOLD,2025-07-11,59.0,0.08,8.16,8.16,0.01
GZE23X0A8ZUN,7.5,2025-05-12,Operation Broken Fang Case,,,28950707,True,ef95ca6b-3228-4324-b82f-ed5e90bf2f3d,2025-05-14,,SOLD,2025-07-11,59.0,0.08,8.16,8.16,0.01
G0SK7KEFHCFK,0.4,2025-07-10,FAMAS | Rapid Eye Movement (Field-Tested),27.92,9759f2d8-b8c2-447f-af70-e066a83ea77a,63634709,False,9759f2d8-b8c2-447f-af70-e066a83ea77a,2025-07-11,2025-07-16,SOLD,2025-07-11,0.0,0.1,1.12,0.46,0.61
GGU7LRFDWN4T,8.01,2025-07-01,Glock-18 | Shinobu (Minimal Wear),12.17,99e05313-9406-456a-9f0c-3a2ffe24ca6b,63562804,False,99e05313-9406-456a-9f0c-3a2ffe24ca6b,2025-07-02,2025-07-09,SOLD,2025-07-11,9.0,0.1,9.88,8.91,0.88
GECD54U2WKXD,7.5,2025-05-12,Operation Broken Fang Case,,,28950707,True,ee51b446-b0c7-4e8d-bcad-a33b4af87c81,2025-05-14,,SOLD,2025-07-11,59.0,0.08,8.16,8.16,0.01
G5A7DG59W62P,2.7,2025-07-04,Desert Eagle | Heat Treated (Minimal Wear),13.13,82250427-b2d8-4966-8b8d-f74401a1d446,63582066,False,82250427-b2d8-4966-8b8d-f74401a1d446,2025-07-06,2025-07-12,SOLD,2025-07-11,6.0,0.1,3.56,3.01,0.5
GZP3GA6E9NFH,7.5,2025-05-12,Operation Broken Fang Case,,,28950707,True,fab8eb49-9627-490f-94f8-110fd2c35672,2025-05-14,,SOLD,2025-07-11,59.0,0.08,8.16,8.16,0.01
GG5HWHGCFF66,3.2,2025-06-30,Desert Eagle | Heat Treated (Minimal Wear),11.6,3c4cfe3c-0491-4cb7-8e71-04661d046c6f,63559970,False,3c4cfe3c-0491-4cb7-8e71-04661d046c6f,2025-07-01,2025-07-07,SOLD,2025-07-11,10.0,0.1,5.48,3.57,1.73
GEEXG04PA9R5,1.68,2025-06-28,Stockholm 2021 Contenders Sticker Capsule,,,36642167,True,17dcd121-00cb-47f8-b1cb-f46904f88667,2025-06-30,,SOLD,2025-07-11,12.0,0.1,2.2,1.88,0.3
GUWHZ4T60UFF,1.68,2025-06-28,Stockholm 2021 Contenders Sticker Capsule,,,36642167,True,e3094f4d-3063-4b1a-b0b7-581210e6a0e6,2025-06-30,,SOLD,2025-07-11,12.0,0.1,2.2,1.88,0.3
G428P2876CLR,4.54,2025-07-10,Enforcer | Phoenix,,0486e63e-ce76-4008-96e1-f5aa305f0b5d,63634704,False,0486e63e-ce76-4008-96e1-f5aa305f0b5d,2025-07-11,2025-07-18,SOLD,2025-07-11,0.0,0.1,5.39,5.06,0.31
GCD3W459L9T3,7.5,2025-05-12,Operation Broken Fang Case,,,28950707,True,61cb4fbd-4a2c-40d0-afc1-1351053ce4cf,2025-05-14,,SOLD,2025-07-11,59.0,0.08,8.16,8.16,0.01
G9FHWHLUU27N,7.5,2025-05-12,Operation Broken Fang Case,,,28950707,True,52e74dc5-a9e2-49d4-acb6-eee83523c074,2025-05-14,,SOLD,2025-07-11,59.0,0.08,8.16,8.16,0.01
GPRP8AZGRP8U,7.5,2025-05-12,Operation Broken Fang Case,,,28950707,True,eea932cb-4643-4ae3-aa05-aeb8b9e33f10,2025-05-14,,SOLD,2025-07-11,59.0,0.08,8.16,8.16,0.01
GU6C0ZXKFN5R,8.0,2025-07-02,Glock-18 | Shinobu (Minimal Wear),10.95,1b418c34-9a6a-4a75-8378-ceff3ec7e066,63570136,False,1b418c34-9a6a-4a75-8378-ceff3ec7e066,2025-07-04,2025-07-10,SOLD,2025-07-11,8.0,0.1,9.88,8.9,0.89
GPW68CXE9U98,0.42,2025-06-18,USP-S | Check Engine (Minimal Wear),8.81,373520eb-1f8b-47c1-ba32-2a458556a023,63397193,False,373520eb-1f8b-47c1-ba32-2a458556a023,2025-06-20,2025-06-26,SOLD,2025-07-11,22.0,0.08,0.67,0.47,0.2
G56TKF2600Z7,1.33,2025-06-22,StatTrak™ M4A1-S | Emphorosaur-S (Field-Tested),29.55,0af9cf5c-696d-4451-a832-fc2b611478dd,63432219,False,0af9cf5c-696d-4451-a832-fc2b611478dd,2025-06-24,2025-06-30,SOLD,2025-07-11,18.0,0.08,1.89,1.46,0.41
G6X4ZSX5DE2N,2.49,2025-03-10,Glock-18 | Block-18 (Factory New),6.96,4bd8e849-061c-44a1-9903-41453478b7cf,63509178,False,4bd8e849-061c-44a1-9903-41453478b7cf,2025-06-29,2025-07-05,SOLD,2025-07-11,122.0,0.1,2.78,2.78,0.01
GE84U2W8FU7D,1.21,2025-06-21,FAMAS | Rapid Eye Movement (Field-Tested),18.31,907431b2-9ac5-4d0c-be40-816a0e5de507,63423183,False,907431b2-9ac5-4d0c-be40-816a0e5de507,2025-06-23,2025-06-29,SOLD,2025-07-11,19.0,0.08,1.69,1.33,0.34
GG5LDDNXU88E,1.21,2025-06-21,FAMAS | Rapid Eye Movement (Field-Tested),27.27,a6a35801-cac8-4f6a-90bb-338c715d9f4e,63423182,False,a6a35801-cac8-4f6a-90bb-338c715d9f4e,2025-06-23,2025-06-29,SOLD,2025-07-11,19.0,0.08,1.69,1.33,0.34
G7C6Z4W86956,4.16,2025-06-16,Glock-18 | Shinobu (Field-Tested),31.16,cd189def-19e3-42e3-a684-c3e2c996b32e,63332197,False,cd189def-19e3-42e3-a684-c3e2c996b32e,2025-06-18,2025-06-24,SOLD,2025-07-11,24.0,0.08,5.97,4.53,1.33
G44W6H56KNKX,4.0,2025-07-05,Glock-18 | Shinobu (Field-Tested),21.72,5b905ec4-e8b6-4d8c-916d-1ba1424b5e61,63587540,False,5b905ec4-e8b6-4d8c-916d-1ba1424b5e61,2025-07-07,2025-07-11,SOLD,2025-07-11,5.0,0.1,4.66,4.46,0.19
GTSE34LE6K58,20.84,2025-07-05,SSG 08 | Dragonfire (Minimal Wear),9.17,f8e2fc8f-ef9a-46c8-9936-84986f796712,63587510,False,f8e2fc8f-ef9a-46c8-9936-84986f796712,2025-07-07,2025-07-10,SOLD,2025-07-11,5.0,0.1,27.14,23.17,3.59
G02USHNNEXHS,2.08,2025-07-05,MP9 | Starlight Protector (Field-Tested),33.24,73a0ae6f-2664-4b92-b59e-6a4f898659d0,63587528,False,73a0ae6f-2664-4b92-b59e-6a4f898659d0,2025-07-07,2025-07-10,SOLD,2025-07-12,6.0,0.1,2.42,2.32,0.1
G4RW626XRC64,1.03,2025-07-04,Glock-18 | Block-18 (Minimal Wear),8.58,90439025-84c2-46b7-822d-4c399d415c5d,63582060,False,90439025-84c2-46b7-822d-4c399d415c5d,2025-07-06,2025-07-11,SOLD,2025-07-12,7.0,0.1,1.35,1.16,0.19
G2GUSHXSCH4E,59.06,2025-07-07,AK-47 | Inheritance (Field-Tested),33.0,e02fe652-0a3f-4624-aa60-0d82b8534403,63617860,False,e02fe652-0a3f-4624-aa60-0d82b8534403,2025-07-08,2025-07-15,SOLD,2025-07-12,4.0,0.1,70.11,65.63,4.04
GN5K2ELP6K52,0.69,2025-06-29,Sticker | Vitality (Holo) | Paris 2023,,,45017001,True,4066ab34-2745-403a-aad8-43c4a53319fa,2025-07-01,,SOLD,2025-07-12,12.0,0.1,1.43,0.78,0.6
GKU3F9TD5ZPA,0.68,2025-07-08,Stockholm 2021 Legends Sticker Capsule,,,36642166,True,68baec43-dc9d-4ca2-85d1-cb4ca1501465,2025-07-09,,SOLD,2025-07-12,3.0,0.1,0.86,0.77,0.09
G8KZ67X4H25D,7.0,2025-07-02,AK-47 | Legion of Anubis (Minimal Wear),9.19,cf38517c-0be3-4e54-8d89-396586cd6569,63570135,False,cf38517c-0be3-4e54-8d89-396586cd6569,2025-07-04,2025-07-09,SOLD,2025-07-12,9.0,0.1,8.57,7.79,0.71
GDHDH24W5GDP,2.72,2025-06-17,AK-47 | Crossfade (Factory New),6.56,a3df2c73-3276-42ca-a713-a2e0711178be,63369017,False,a3df2c73-3276-42ca-a713-a2e0711178be,2025-06-19,2025-06-25,SOLD,2025-07-12,24.0,0.08,3.68,2.97,0.67
G43APDPNWDGL,23.67,2025-07-04,AK-47 | Asiimov (Field-Tested),27.8,dd91e0db-4af9-4bb5-b0b7-da0e951292b8,63582074,False,dd91e0db-4af9-4bb5-b0b7-da0e951292b8,2025-07-06,2025-07-12,SOLD,2025-07-12,7.0,0.1,27.35,26.31,0.95
G9LAW6LDZW0W,8.04,2025-07-07,Glock-18 | Shinobu (Minimal Wear),10.83,e11d1e17-d37f-4b99-bac8-5938755e0546,63617846,False,e11d1e17-d37f-4b99-bac8-5938755e0546,2025-07-08,2025-07-14,SOLD,2025-07-12,4.0,0.1,10.73,8.94,1.62
GH8KEAR8DZLA,8.41,2025-07-02,Huntsman Weapon Case,,,224,True,06c6de36-be68-4c93-b9d7-814fffc147ef,2025-07-04,,SOLD,2025-07-12,9.0,0.1,10.99,9.36,1.48
G0A5XTD735GT,5.49,2025-07-09,StatTrak™ USP-S | Ticket to Hell (Factory New),6.31,ea35e2f0-4ce3-4c18-8002-29e890144f44,63628265,False,ea35e2f0-4ce3-4c18-8002-29e890144f44,2025-07-10,,SOLD,2025-07-12,2.0,0.1,7.42,6.11,1.19
G67SASTZKT2T,0.78,2025-07-04,StatTrak™ USP-S | Ticket to Hell (Field-Tested),28.06,5f41f388-9e9f-4278-81c8-14737d705d81,63582072,False,5f41f388-9e9f-4278-81c8-14737d705d81,2025-07-06,2025-07-12,SOLD,2025-07-13,8.0,0.1,1.02,0.88,0.14
GDTESTW3E7P7,1.85,2025-07-08,Galil AR | Tuxedo (Factory New),3.15,dda84103-f56d-4ceb-b184-7f42b9a95ace,63623670,False,dda84103-f56d-4ceb-b184-7f42b9a95ace,2025-07-09,2025-07-16,SOLD,2025-07-13,4.0,0.1,2.57,2.07,0.46
G77WNR6U2SX6,4.45,2025-07-04,M4A4 | In Living Color (Field-Tested),24.94,59db67dd-d3e0-4992-8493-82016c89c0d3,63582070,False,59db67dd-d3e0-4992-8493-82016c89c0d3,2025-07-06,2025-07-12,SOLD,2025-07-13,8.0,0.1,5.24,4.96,0.27
G3TN45SN400P,0.95,2025-07-05,StatTrak™ Glock-18 | Moonrise (Field-Tested),22.49,fa693248-202a-4178-a5ae-16f4ae161815,63587532,False,fa693248-202a-4178-a5ae-16f4ae161815,2025-07-07,2025-07-13,SOLD,2025-07-13,7.0,0.1,1.53,1.07,0.43
GR82RZ6CHHFF,2.0,2025-07-07,FAMAS | Bad Trip (Field-Tested),37.59,5a41c07d-f204-4ef3-a43b-5acaa0d9ef3d,63617861,False,5a41c07d-f204-4ef3-a43b-5acaa0d9ef3d,2025-07-08,2025-07-15,SOLD,2025-07-13,5.0,0.1,2.79,2.23,0.51
G82FNC64PSA8,1.2,2025-06-20,AK-47 | Crossfade (Field-Tested),22.39,be32b731-6868-45a5-893a-0a6031b2a48b,63416530,False,be32b731-6868-45a5-893a-0a6031b2a48b,2025-06-22,2025-06-28,SOLD,2025-07-13,22.0,0.08,1.77,1.32,0.43
GWWKC877N2K6,0.86,2025-07-02,Sticker | High Heat,,,55414367,True,4f4d5727-9921-4d76-9b8e-1b8f423d000d,2025-07-04,,SOLD,2025-07-13,10.0,0.1,1.1,0.97,0.13
G36K4A3N2HZE,8.58,2025-07-09,USP-S | Jawbreaker (Minimal Wear),14.4,347fb0ef-0566-4d97-8db4-2a1223a12b74,63628266,False,347fb0ef-0566-4d97-8db4-2a1223a12b74,2025-07-10,2025-07-14,SOLD,2025-07-13,3.0,0.1,9.99,9.54,0.41
G6GHWX99KP4X,2.09,2025-07-09,MP9 | Starlight Protector (Field-Tested),34.91,044d8092-47f8-4708-a5d8-aeea127b86d9,63628267,False,044d8092-47f8-4708-a5d8-aeea127b86d9,2025-07-10,2025-07-13,SOLD,2025-07-13,3.0,0.1,2.43,2.33,0.1
GN7SEADUC4W6,0.7,2025-06-28,Sticker | High Heat,,,55414367,True,8715f2e3-16e4-4375-bfb5-b7b5ca629791,2025-06-30,,SOLD,2025-07-13,14.0,0.1,1.1,0.79,0.29
GNW4G5G608NG,0.52,2025-03-17,MAC-10 | Light Box (Factory New),3.8,7dfd9e2b-58ce-4c63-926d-cfe8d8813200,63509181,False,7dfd9e2b-58ce-4c63-926d-cfe8d8813200,2025-06-29,2025-07-05,SOLD,2025-07-13,117.0,0.1,0.59,0.59,0.01
GTTUPUZZ72FP,0.7,2025-06-28,Sticker | High Heat,,,55414367,True,b84c4de2-1f8f-4659-a43c-b2c3c9e341f1,2025-06-30,,SOLD,2025-07-13,14.0,0.1,1.1,0.79,0.29
G5N7ZLKSU2XS,5.36,2025-07-04,AWP | Chromatic Aberration (Field-Tested),29.42,deb79cc1-3418-4700-b339-bfe3c2f79ef3,63582078,False,deb79cc1-3418-4700-b339-bfe3c2f79ef3,2025-07-06,2025-07-12,SOLD,2025-07-13,8.0,0.1,7.6,5.97,1.48
GSZ8R7PL7K5S,4.83,2025-07-04,USP-S | Jawbreaker (Field-Tested),27.06,72841fb6-df08-4a47-9a3a-4881a6f54d96,63582061,False,72841fb6-df08-4a47-9a3a-4881a6f54d96,2025-07-06,2025-07-11,SOLD,2025-07-13,8.0,0.1,5.76,5.38,0.35
G8R89UX22KER,20.0,2025-07-05,SSG 08 | Dragonfire (Minimal Wear),9.74,3d98cd1d-ab9b-42e0-8b3c-1347fef2d603,63587509,False,3d98cd1d-ab9b-42e0-8b3c-1347fef2d603,2025-07-07,2025-07-12,SOLD,2025-07-13,7.0,0.1,27.14,22.23,4.43
G9KXZE6K50GC,0.5,2025-06-27,MP5-SD | Kitbash (Minimal Wear),11.25,43c43022-68d3-4c13-a39f-d2a448f6ee4b,63506514,False,43c43022-68d3-4c13-a39f-d2a448f6ee4b,2025-06-28,2025-06-30,SOLD,2025-07-13,15.0,0.1,0.65,0.57,0.09
GGNSGEZRK4AP,0.5,2025-06-27,MP5-SD | Kitbash (Minimal Wear),11.77,4fa5c648-e9db-4aee-afe5-ab30b4902478,63506513,False,4fa5c648-e9db-4aee-afe5-ab30b4902478,2025-06-28,2025-07-01,SOLD,2025-07-13,15.0,0.1,0.65,0.57,0.09
GS6NFES2ZLWS,0.7,2025-06-28,Sticker | High Heat,,,55414367,True,82c67242-9f1c-487c-85cf-bd4843ce933b,2025-06-30,,SOLD,2025-07-13,14.0,0.1,1.1,0.79,0.29
GNRNF6HK6DS6,0.78,2025-07-04,StatTrak™ USP-S | Ticket to Hell (Field-Tested),27.9,6ddc9f95-f0e5-4939-83ea-422ef07a07a1,63582073,False,6ddc9f95-f0e5-4939-83ea-422ef07a07a1,2025-07-06,2025-07-12,SOLD,2025-07-13,8.0,0.1,1.02,0.88,0.14
G2RN9TRKS3ZU,5.26,2025-07-03,Galil AR | Eco (Field-Tested),32.52,8f6b716c-6f3f-42f7-a73b-e427222007cb,63574921,False,8f6b716c-6f3f-42f7-a73b-e427222007cb,2025-07-04,2025-07-08,SOLD,2025-07-14,10.0,0.1,8.22,5.86,2.14
G4FG6AK0C7RE,31.0,2025-07-03,AK-47 | Redline (Field-Tested),27.89,57ddbb56-e733-492a-81d7-c11607e04010,63570094,False,57ddbb56-e733-492a-81d7-c11607e04010,2025-07-04,2025-07-10,SOLD,2025-07-14,10.0,0.1,37.73,34.46,2.96
G4EWGPETT597,6.36,2025-07-05,M4A1-S | Black Lotus (Field-Tested),27.67,f65808dc-bca6-4327-b7df-7a84044ce83c,63587519,False,f65808dc-bca6-4327-b7df-7a84044ce83c,2025-07-07,2025-07-13,SOLD,2025-07-14,8.0,0.1,7.84,7.08,0.7
GF08W3S9CAG5,1.27,2025-07-13,Name Tag,,,1229920,True,cf2b41a9-6496-4bba-a954-e2222c52e1ba,2025-07-14,,SOLD,2025-07-14,0.0,0.1,1.65,1.42,0.21
GKP3CTP0RH2F,4.0,2025-07-08,Glock-18 | Shinobu (Field-Tested),20.78,8a4abb94-9c81-4433-8c92-2f22113a0c55,63623655,False,8a4abb94-9c81-4433-8c92-2f22113a0c55,2025-07-09,2025-07-15,SOLD,2025-07-14,5.0,0.1,4.71,4.46,0.24
G8TKSZ4XHW9D,2.73,2025-06-29,Sticker | Gold Web (Foil),,,7177483,True,61fed6cd-a989-4d59-a490-7e20253d96a4,2025-06-30,,SOLD,2025-07-14,14.0,0.1,3.38,3.04,0.31
G8GWED5WFPU2,1.27,2025-07-13,Name Tag,,,1229920,True,1ca5c9ee-9585-40d0-ba47-d1893eb83c16,2025-07-14,,SOLD,2025-07-14,0.0,0.1,1.65,1.42,0.21
G0EEKXXXUU2R,1.27,2025-07-13,Name Tag,,,1229920,True,90a49196-38c9-469c-9f24-b7b70d55d029,2025-07-14,,SOLD,2025-07-14,0.0,0.1,1.65,1.42,0.21
GX75TAAHE3WR,2.74,2025-07-01,Sticker | Gold Web (Foil),,,7177483,True,3188bea4-ae00-46f7-a1c2-89b28f9ee76e,2025-07-02,,SOLD,2025-07-14,12.0,0.1,3.38,3.06,0.3
G28004LNT5KT,0.21,2025-06-29,Rio 2022 Legends Sticker Capsule,,,42230946,True,9207dabb-2339-4101-a903-8bff52e4c059,2025-06-30,,SOLD,2025-07-14,14.0,0.1,0.32,0.24,0.08
GEHAUALUHWKS,11.0,2025-07-06,M4A1-S | Black Lotus (Minimal Wear),12.68,d5c23153-7e40-43f4-8291-b3a06d887e96,63609050,False,d5c23153-7e40-43f4-8291-b3a06d887e96,2025-07-07,2025-07-14,SOLD,2025-07-14,7.0,0.1,13.13,12.23,0.82
GH6XX82NCWRA,1.27,2025-07-13,Name Tag,,,1229920,True,53543bcb-f266-458e-aa2f-38ff7c058332,2025-07-14,,SOLD,2025-07-14,0.0,0.1,1.65,1.42,0.21
G7CT8NPPTFE6,0.56,2025-07-01,Sticker | Vitality (Holo) | Paris 2023,,,45017001,True,68dc949f-a5e9-4634-9cb8-b046507209cf,2025-07-02,,SOLD,2025-07-14,12.0,0.1,1.43,0.63,0.73
GCW3P95RZ0A5,1.95,2025-07-06,Guardian 3 Pin,,,870797,True,79d80635-9fcc-493f-a518-93b02ec11476,2025-07-07,,SOLD,2025-07-15,8.0,0.1,3.18,2.18,0.91
G568AK4C9HFR,119.86,2025-07-07,AWP | Printstream (Minimal Wear),11.67,54453112-f74c-4c25-b9df-d73e0e6e5597,63617859,False,54453112-f74c-4c25-b9df-d73e0e6e5597,2025-07-08,2025-07-15,SOLD,2025-07-15,7.0,0.1,134.31,133.19,1.02
GD6REZPEC8ZN,6.4,2025-07-13,M4A1-S | Black Lotus (Field-Tested),28.83,33c2cf87-82d1-493e-8dc3-8903ef236612,63651723,False,33c2cf87-82d1-493e-8dc3-8903ef236612,2025-07-14,2025-07-15,SOLD,2025-07-15,1.0,0.1,7.57,7.12,0.41
G2C0N0UNZD0N,1.85,2025-07-03,StatTrak™ USP-S | Ticket to Hell (Minimal Wear),8.06,cd246345-c9ff-4052-bfb5-5f021e10faa4,63574930,False,cd246345-c9ff-4052-bfb5-5f021e10faa4,2025-07-04,2025-07-11,SOLD,2025-07-15,11.0,0.1,2.96,2.07,0.81
GNDUXK76TG46,1.89,2025-07-09,USP-S | Cortex (Field-Tested),35.55,9e408167-4dc8-4c6b-bcfe-fa65860307a7,63628270,False,9e408167-4dc8-4c6b-bcfe-fa65860307a7,2025-07-10,2025-07-17,SOLD,2025-07-15,5.0,0.1,2.33,2.11,0.21
GRH487GW6LUS,3.7,2025-07-06,Sticker | Loving Eyes (Holo),,,49020732,True,d123f124-4da9-45bd-8564-129747154615,2025-07-07,,SOLD,2025-07-15,8.0,0.1,6.78,4.12,2.4
GTRRGRXH4SNW,2.23,2025-07-07,Desert Eagle | Heat Treated (Minimal Wear),10.87,2b2a179b-f815-42ac-933c-9758e1052e11,63617878,False,2b2a179b-f815-42ac-933c-9758e1052e11,2025-07-08,2025-07-15,SOLD,2025-07-15,7.0,0.1,3.23,2.49,0.68
GU842HR3AN2K,0.68,2025-06-27,Stockholm 2021 Legends Sticker Capsule,,,36642166,True,6b921981-729d-464e-9130-300590168474,2025-06-28,,SOLD,2025-07-15,17.0,0.1,0.92,0.77,0.15
GEA309F2GW8T,0.68,2025-06-27,Stockholm 2021 Legends Sticker Capsule,,,36642166,True,7f1df9c4-50fb-413a-8f25-aeffa88b3791,2025-06-28,,SOLD,2025-07-15,17.0,0.1,0.92,0.77,0.15
GP8L3ECHE4UW,4.2,2025-07-07,FAMAS | Mecha Industries (Minimal Wear),8.25,b0b46e3e-1a16-41a8-9ff2-e0a2104e930f,63617847,False,b0b46e3e-1a16-41a8-9ff2-e0a2104e930f,2025-07-08,2025-07-14,SOLD,2025-07-15,7.0,0.1,7.49,4.68,2.54
GRFRX7P5RT26,0.68,2025-06-27,Stockholm 2021 Legends Sticker Capsule,,,36642166,True,c67b4858-bf7a-433a-b6c5-671b49a396be,2025-06-28,,SOLD,2025-07-15,17.0,0.1,0.92,0.77,0.15
GCAGZ7L674LZ,0.68,2025-06-27,Stockholm 2021 Legends Sticker Capsule,,,36642166,True,46dd8d3b-c0ac-40aa-9c35-f31b6d262e48,2025-06-28,,SOLD,2025-07-15,17.0,0.1,0.92,0.77,0.15
GF3TF40E92UN,0.68,2025-06-27,Stockholm 2021 Legends Sticker Capsule,,,36642166,True,83bf3b6e-deaf-449a-912f-ef7c7beca009,2025-06-28,,SOLD,2025-07-15,17.0,0.1,0.92,0.77,0.15
G73UHRH3XGH2,2.69,2025-03-12,USP-S | Black Lotus (Minimal Wear),8.12,cc4b5b30-070d-4b9e-a4c9-520badd337da,63509183,False,cc4b5b30-070d-4b9e-a4c9-520badd337da,2025-06-29,2025-07-05,SOLD,2025-07-15,124.0,0.1,3.0,3.0,0.01
GN0WH63Z53ZC,2.53,2025-07-07,P250 | See Ya Later (Field-Tested),20.07,ddc2ba49-143a-4072-a637-750e4f507fc8,63617851,False,ddc2ba49-143a-4072-a637-750e4f507fc8,2025-07-08,2025-07-14,SOLD,2025-07-15,7.0,0.1,3.0,2.82,0.17
GHUZAHG82UL9,1.17,2025-06-15,USP-S | PC-GRN (Factory New),4.49,c914e3f6-bfb4-41a3-8ad4-55ba5df14ea7,63332140,False,c914e3f6-bfb4-41a3-8ad4-55ba5df14ea7,2025-06-18,,SOLD,2025-07-15,29.0,0.08,1.86,1.28,0.54
GAZEA9HW0F3U,1.59,2025-07-05,Sticker | Fluxo (Holo) | Paris 2023,,,45155974,True,c50ec783-dfc6-4261-8b5b-15617a563b83,2025-07-07,,SOLD,2025-07-15,9.0,0.1,1.97,1.78,0.18
GDN9WEN0WTAC,6.4,2025-07-13,M4A1-S | Black Lotus (Field-Tested),30.21,1cff89d8-7b04-4479-a4e9-4b48cd69475a,63651725,False,1cff89d8-7b04-4479-a4e9-4b48cd69475a,2025-07-14,2025-07-21,SOLD,2025-07-15,1.0,0.1,7.57,7.12,0.41
GP2DXK24CFGF,1.73,2025-05-11,Sticker | Bolt Strike (Foil),,,55478586,True,68cd6d77-3d92-4c66-af2f-e4d0b3c79956,2025-05-12,,SOLD,2025-07-15,64.0,0.08,2.76,1.89,0.81
G9DLGWGS2TWD,0.23,2025-07-07,Sticker | Bolt Strike,,,55436342,True,f713b22f-9581-4fe2-b500-6bb8c92ef3c4,2025-07-08,,SOLD,2025-07-15,7.0,0.1,0.37,0.27,0.1
GHXNGA8Z8L5E,4.5,2025-07-12,MP7 | Fade (Factory New),5.28,bbc03304-6f08-4346-a56f-190b25ebbd89,63645723,False,bbc03304-6f08-4346-a56f-190b25ebbd89,2025-07-13,2025-07-14,SOLD,2025-07-15,2.0,0.1,5.31,5.01,0.28
G6XXKEFHR5AU,4.84,2025-07-07,USP-S | Jawbreaker (Field-Tested),37.62,7d183959-3c78-4e1f-a2e3-bbea6340a3d5,63617862,False,7d183959-3c78-4e1f-a2e3-bbea6340a3d5,2025-07-08,2025-07-15,SOLD,2025-07-15,7.0,0.1,5.65,5.39,0.25
GF4ZF53K366W,19.74,2025-07-05,AWP | Chrome Cannon (Field-Tested),29.55,bb853d8d-e742-4bd5-823c-6693f633c0df,63587524,False,bb853d8d-e742-4bd5-823c-6693f633c0df,2025-07-07,2025-07-13,SOLD,2025-07-15,9.0,0.1,24.44,21.94,2.26
G7CTS2T0F6ET,5.21,2025-07-05,MP9 | Starlight Protector (Minimal Wear),8.23,5435f2ad-14d4-4727-99d8-a9460fd4fb3d,63587538,False,5435f2ad-14d4-4727-99d8-a9460fd4fb3d,2025-07-07,2025-07-13,SOLD,2025-07-15,9.0,0.1,7.21,5.8,1.28
G0L6C5N022WC,17.73,2025-07-07,M4A1-S | Nightmare (Minimal Wear),13.94,efb001a0-923d-4f8b-8937-226cca2c7960,63617866,False,efb001a0-923d-4f8b-8937-226cca2c7960,2025-07-08,2025-07-15,SOLD,2025-07-15,7.0,0.1,22.55,19.71,2.57
GXC4CXFAK6CU,1.32,2025-07-05,MP7 | Anodized Navy (Factory New),2.0,8828bf3c-ab6a-4fff-8999-01bd62bfea86,63587530,False,8828bf3c-ab6a-4fff-8999-01bd62bfea86,2025-07-07,2025-07-13,SOLD,2025-07-15,9.0,0.1,1.73,1.48,0.24
G8Z4KX6XRZN0,3.12,2025-07-12,Sticker | Bolt Charge (Foil),,,55478593,True,edb5c827-6913-4b00-88fc-f363c37c1ea3,2025-07-13,,SOLD,2025-07-15,2.0,0.1,4.52,3.48,0.95
GCTSF5X2HTW8,2.91,2025-07-07,AK-47 | Slate (Field-Tested),37.21,1c4dcdf5-d24a-4a15-a381-df3f956f49f8,63617877,False,1c4dcdf5-d24a-4a15-a381-df3f956f49f8,2025-07-08,2025-07-15,SOLD,2025-07-15,7.0,0.1,3.41,3.24,0.16
GDK63RFRFRW8,2.64,2025-07-07,Sticker | Blue Gem (Glitter),,,41530486,True,a0b6416a-32af-4ecb-8fdb-d5be5a4b6cfd,2025-07-08,,SOLD,2025-07-15,7.0,0.1,3.72,2.94,0.71
G6FKNL35DR0D,44.0,2025-07-07,AWP | Printstream (Well-Worn),42.4,804071a0-5287-4962-8686-24f261a17872,63617871,False,804071a0-5287-4962-8686-24f261a17872,2025-07-08,2025-07-15,SOLD,2025-07-15,7.0,0.1,50.19,48.9,1.17
GATG6LHDRS79,0.25,2025-07-13,Sticker | Boom Trail (Glitter),,,55436346,True,3b4d39a1-7b4c-442c-840e-79e45ff8e707,2025-07-14,,SOLD,2025-07-15,1.0,0.1,0.39,0.29,0.1
GAGGX99W6L9N,3.76,2025-07-05,USP-S | Jawbreaker (Battle-Scarred),78.56,bdaf64a3-25e4-4226-a5d4-a999706330a0,63587522,False,bdaf64a3-25e4-4226-a5d4-a999706330a0,2025-07-07,2025-07-13,SOLD,2025-07-16,10.0,0.1,5.02,4.19,0.76
GXPUZTWH82SC,3.06,2025-06-19,"Music Kit | The Verkkars, EZ4ENCE",,,23245588,True,986b8ded-49c9-4a05-a4f8-be8befb6867c,2025-06-22,,SOLD,2025-07-16,26.0,0.08,3.66,3.34,0.31
G0C55L79CE55,2.15,2025-07-08,P250 | Visions (Field-Tested),19.35,1289d54f-8b57-4f83-800a-621085c43cf9,63623662,False,1289d54f-8b57-4f83-800a-621085c43cf9,2025-07-09,2025-07-16,SOLD,2025-07-16,7.0,0.1,2.53,2.4,0.13
GR9RE4C3F4LT,0.36,2025-07-07,Sticker | Flex,,,55480742,True,c9145b3e-2477-4960-80cf-2e8baf7c65fe,2025-07-08,,SOLD,2025-07-16,8.0,0.1,0.56,0.41,0.14
GL297X492CRT,1.28,2025-07-08,AK-47 | Crossfade (Field-Tested),21.92,6cf43b14-bda0-408f-80d5-b708e4291322,63623653,False,6cf43b14-bda0-408f-80d5-b708e4291322,2025-07-09,2025-07-10,SOLD,2025-07-16,7.0,0.1,1.82,1.43,0.36
GRSK0ASWUNPU,5.5,2025-07-07,AK-47 | The Outsiders (Field-Tested),35.58,88b123fb-6e95-4cff-a0b7-e7435ca69fdf,63617868,False,88b123fb-6e95-4cff-a0b7-e7435ca69fdf,2025-07-08,2025-07-15,SOLD,2025-07-16,8.0,0.1,7.28,6.12,1.05
GWFN7G6SFKFU,4.0,2025-07-06,Glock-18 | Shinobu (Field-Tested),36.09,87f32b7b-32f4-4670-9d9c-0667ffd6b5c7,63609052,False,87f32b7b-32f4-4670-9d9c-0667ffd6b5c7,2025-07-07,2025-07-14,SOLD,2025-07-16,9.0,0.1,4.73,4.46,0.26
G7CFT04UT0KS,2.82,2025-06-20,"Music Kit | The Verkkars, EZ4ENCE",,,23245588,True,3c152fe7-4e44-41ae-88aa-c0c08ce0c10c,2025-06-21,,SOLD,2025-07-16,25.0,0.08,3.66,3.08,0.55
GRSLCAUGF46S,2.26,2025-07-14,StatTrak™ USP-S | Ticket to Hell (Minimal Wear),14.72,7a45f39b-8935-4b6a-b1f5-d6ed1d270c4c,63663512,False,7a45f39b-8935-4b6a-b1f5-d6ed1d270c4c,2025-07-15,2025-07-22,SOLD,2025-07-16,1.0,0.1,2.9,2.52,0.35
GN9ZF67KZNCX,14.52,2025-07-06,AWP | Atheris (Factory New),6.97,8d5979a7-4151-4357-b873-73117767d494,63609049,False,8d5979a7-4151-4357-b873-73117767d494,2025-07-07,2025-07-14,SOLD,2025-07-16,9.0,0.1,17.47,16.14,1.2
G0AWDD5C8Z80,6.64,2025-07-05,M4A4 | Neo-Noir (Field-Tested),36.99,15e76f6d-ceb2-4219-806f-2b09637ed0ae,63587535,False,15e76f6d-ceb2-4219-806f-2b09637ed0ae,2025-07-07,2025-07-13,SOLD,2025-07-16,10.0,0.1,8.76,7.39,1.24
GHNU9K6LDC7U,0.48,2025-07-10,MAC-10 | Candy Apple (Factory New),2.64,b49fddf2-1fc3-411b-8720-92611dad6209,63634703,False,b49fddf2-1fc3-411b-8720-92611dad6209,2025-07-11,2025-07-17,SOLD,2025-07-16,5.0,0.1,0.58,0.54,0.04
GG64ERKZUNTF,1.25,2025-07-05,USP-S | Alpine Camo (Minimal Wear),12.95,272774c0-d8c2-4fc8-92e2-bce36bf3f960,63587539,False,272774c0-d8c2-4fc8-92e2-bce36bf3f960,2025-07-07,2025-07-13,SOLD,2025-07-16,10.0,0.1,1.77,1.4,0.34
GDL8GSN4CSX4,20.77,2025-07-07,AWP | Chrome Cannon (Field-Tested),31.53,19f4d72c-1f88-4c51-a81b-43e55bd78529,63617852,False,19f4d72c-1f88-4c51-a81b-43e55bd78529,2025-07-08,2025-07-12,SOLD,2025-07-16,8.0,0.1,24.32,23.09,1.12
GC75WD0T5R72,1.97,2025-07-14,StatTrak™ AWP | Capillary (Minimal Wear),12.12,aba62e55-23d6-46ff-ab6e-b0b45dba14b6,63663515,False,aba62e55-23d6-46ff-ab6e-b0b45dba14b6,2025-07-15,2025-07-22,SOLD,2025-07-16,1.0,0.1,3.17,2.2,0.88
G4CDFNRR36P3,22.0,2025-07-03,AWP | Chrome Cannon (Field-Tested),31.61,2faeb416-6810-47b2-bbd2-5057101e1b6a,63577563,False,2faeb416-6810-47b2-bbd2-5057101e1b6a,2025-07-05,2025-07-11,SOLD,2025-07-16,12.0,0.1,25.96,24.46,1.36
GA9ZC2D5TDG3,2.0,2025-07-05,Dual Berettas | Melondrama (Minimal Wear),14.95,e59e12c6-6da5-4a07-80fd-599cf7bea419,63587529,False,e59e12c6-6da5-4a07-80fd-599cf7bea419,2025-07-07,,SOLD,2025-07-16,10.0,0.1,2.35,2.23,0.12
GZEST00UG03U,1.43,2025-07-06,StatTrak™ Glock-18 | Umbral Rabbit (Minimal Wear),11.61,1bce39fb-3197-4244-bd72-84dbb7de4298,63609055,False,1bce39fb-3197-4244-bd72-84dbb7de4298,2025-07-07,2025-07-14,SOLD,2025-07-17,10.0,0.1,2.31,1.6,0.65
GRXP3G9ZGWG0,2.53,2025-07-07,P250 | See Ya Later (Field-Tested),27.94,42c365e0-a144-4edb-8e17-523de4a60704,63617850,False,42c365e0-a144-4edb-8e17-523de4a60704,2025-07-08,2025-07-14,SOLD,2025-07-17,9.0,0.1,3.0,2.82,0.17
G74HEH5K3X9H,1.91,2025-03-15,AWP | Acheron (Factory New),6.86,1e0f72c6-7f89-4cca-9d8b-aefd55bd1459,59894121,False,1e0f72c6-7f89-4cca-9d8b-aefd55bd1459,2025-03-17,2025-03-23,SOLD,2025-07-17,123.0,0.08,2.26,2.09,0.17
GN237GZXP70C,4.84,2025-07-05,USP-S | Jawbreaker (Field-Tested),23.4,683b140a-1896-41db-a438-a06e0cb31216,63587521,False,683b140a-1896-41db-a438-a06e0cb31216,2025-07-07,2025-07-13,SOLD,2025-07-17,11.0,0.1,5.8,5.39,0.38
GSU8NAA96ZN4,1.91,2025-03-15,AWP | Acheron (Factory New),6.06,e44445b4-54bc-45bc-afe8-49d293402e36,59894122,False,e44445b4-54bc-45bc-afe8-49d293402e36,2025-03-17,2025-03-23,SOLD,2025-07-17,123.0,0.08,2.26,2.09,0.17
G3H2GHXPT8S0,2.4,2025-07-06,USP-S | Cyrex (Factory New),5.58,96020ae9-456f-4e01-ba32-c1f66aa3588a,63609057,False,96020ae9-456f-4e01-ba32-c1f66aa3588a,2025-07-07,2025-07-14,SOLD,2025-07-17,10.0,0.1,3.57,2.68,0.81
GAG5E9AT0LAL,5.66,2025-07-08,StatTrak™ M4A1-S | Night Terror (Factory New),6.02,b00b1672-e616-42a4-bbc1-87cea0475883,63623668,False,b00b1672-e616-42a4-bbc1-87cea0475883,2025-07-09,2025-07-16,SOLD,2025-07-17,8.0,0.1,7.9,6.3,1.45
GLF0ZFXUC5S7,2.0,2025-07-16,USP-S | Black Lotus (Minimal Wear),11.79,3bc39f0f-798d-4480-8ce0-be8f515b76b2,63676710,False,3bc39f0f-798d-4480-8ce0-be8f515b76b2,2025-07-17,,SOLD,2025-07-17,0.0,0.1,2.61,2.23,0.35
GHRD4FFD29EH,1.67,2025-07-16,SSG 08 | Acid Fade (Factory New),0.38,9ebe2012-ac74-49d2-a170-ee24d3ca5331,63676711,False,9ebe2012-ac74-49d2-a170-ee24d3ca5331,2025-07-17,2025-07-24,SOLD,2025-07-17,0.0,0.1,1.99,1.87,0.12
G5DWND99Z0TK,10.0,2025-07-12,USP-S | The Traitor (Field-Tested),23.96,53756140-32c4-403a-81b6-01c65defb61d,63645725,False,53756140-32c4-403a-81b6-01c65defb61d,2025-07-13,2025-07-17,SOLD,2025-07-17,4.0,0.1,12.14,11.12,0.93
G0TW682NX2EC,19.73,2025-07-12,AWP | Chrome Cannon (Field-Tested),19.39,31977494-d0bb-4fd1-9a3b-eaceea3dbcca,63645724,False,31977494-d0bb-4fd1-9a3b-eaceea3dbcca,2025-07-13,2025-07-20,SOLD,2025-07-17,4.0,0.1,23.25,21.93,1.2
G32L384LCP78,0.8,2025-07-12,Glock-18 | Ocean Topo (Factory New),5.2,aa4322db-f2e2-420b-a6db-19ea5256c1d8,63645721,False,aa4322db-f2e2-420b-a6db-19ea5256c1d8,2025-07-13,,SOLD,2025-07-17,4.0,0.1,1.44,0.9,0.5
G2SET3ASD0LF,2.74,2025-07-16,AK-47 | Phantom Disruptor (Field-Tested),24.09,3701c8ed-0e3c-4224-94b0-4c8299d16815,63676709,False,3701c8ed-0e3c-4224-94b0-4c8299d16815,2025-07-17,2025-07-24,SOLD,2025-07-17,0.0,0.1,3.94,3.06,0.81
G8P97DN43USC,4.01,2025-07-12,Tec-9 | Fuel Injector (Field-Tested),26.11,b5daf036-0ab2-40b2-b5f7-7d3dc773489f,63645720,False,b5daf036-0ab2-40b2-b5f7-7d3dc773489f,2025-07-13,2025-07-19,SOLD,2025-07-17,4.0,0.1,5.78,4.47,1.19
GEL0K0D2SUNF,1.45,2025-07-10,Charm | Glamour Shot,,45524662-2a88-4d19-8f5a-58be49745628,63634710,False,45524662-2a88-4d19-8f5a-58be49745628,2025-07-11,,SOLD,2025-07-17,6.0,0.1,1.72,1.62,0.1
G3K0F7P6HKWP,1.76,2025-06-17,Desert Eagle | Tilted (Factory New),6.14,24f1d346-f469-414d-9fe5-7667df71644e,63368996,False,24f1d346-f469-414d-9fe5-7667df71644e,2025-06-19,2025-06-25,SOLD,2025-07-17,29.0,0.08,2.08,1.92,0.15
GPE9SPKPC5W2,100.95,2025-07-10,AK-47 | Inheritance (Minimal Wear),11.9,2ca08c70-2565-4e8b-aaaa-ef7856bc5a35,63634702,False,2ca08c70-2565-4e8b-aaaa-ef7856bc5a35,2025-07-11,2025-07-17,SOLD,2025-07-17,6.0,0.1,124.31,112.18,10.93
G88S6Z08G8TX,12.15,2025-07-09,AK-47 | Frontside Misty (Field-Tested),26.64,bd717ba3-6249-41ad-af6b-3e26e735c48a,63628276,False,bd717ba3-6249-41ad-af6b-3e26e735c48a,2025-07-10,2025-07-17,SOLD,2025-07-17,7.0,0.1,15.34,13.51,1.66
GSZNDHF2N38T,0.11,2025-06-30,Sticker | Hydro Stream,,,55629346,True,ee902770-3e43-43df-84a4-a70ad19910fc,2025-07-01,,SOLD,2025-07-17,16.0,0.1,0.18,0.13,0.05
GL3XNA6KRFX2,1.79,2025-06-15,Desert Eagle | Tilted (Factory New),6.64,ce8ce585-c043-41c2-9c54-d976c105f2ed,63332147,False,ce8ce585-c043-41c2-9c54-d976c105f2ed,2025-06-18,2025-06-16,SOLD,2025-07-17,31.0,0.08,2.08,1.96,0.12
GSHNS45SSA3K,2.07,2025-06-18,M4A4 | Tooth Fairy (Field-Tested),25.07,b1743fa1-ec8a-411e-82c3-764235b437a7,63397180,False,b1743fa1-ec8a-411e-82c3-764235b437a7,2025-06-20,2025-06-26,SOLD,2025-07-17,28.0,0.08,2.45,2.26,0.18
GU9KSETA0DW2,2.54,2025-07-08,P250 | See Ya Later (Field-Tested),23.77,7433f151-32ef-45ad-ab41-912639fe9876,63623669,False,7433f151-32ef-45ad-ab41-912639fe9876,2025-07-09,2025-07-16,SOLD,2025-07-17,8.0,0.1,3.0,2.83,0.16
GW43HC5559KC,0.14,2025-06-20,Sticker | Hydro Stream,,,55629346,True,163c24e5-2618-4c9d-88e2-8e1162f971eb,2025-06-22,,SOLD,2025-07-17,26.0,0.08,0.18,0.16,0.03
GUA0KATTC046,1.22,2025-06-17,Glock-18 | Umbral Rabbit (Factory New),6.44,cb2fd8a3-0aa6-4954-8008-9257475485dc,63369021,False,cb2fd8a3-0aa6-4954-8008-9257475485dc,2025-06-19,2025-06-25,SOLD,2025-07-17,29.0,0.08,1.57,1.34,0.22
GL8GXRG2DRH4,40.0,2025-07-14,AWP | Printstream (Well-Worn),40.39,d72cb512-8c38-4cdf-a64a-2e9d29fecc42,63663518,False,d72cb512-8c38-4cdf-a64a-2e9d29fecc42,2025-07-15,2025-07-17,SOLD,2025-07-17,2.0,0.1,46.11,44.46,1.5
G9903W283UK0,5.98,2025-07-14,AWP | Atheris (Minimal Wear),14.94,0a616156-63c8-4b48-9955-c177b5ee50ff,63663517,False,0a616156-63c8-4b48-9955-c177b5ee50ff,2025-07-15,2025-07-22,SOLD,2025-07-18,3.0,0.1,7.09,6.66,0.4
GFH35GWHTDPZ,4.85,2025-07-06,USP-S | Jawbreaker (Field-Tested),35.19,512680b1-b94f-4962-9eab-d326f49a9d2b,63609058,False,512680b1-b94f-4962-9eab-d326f49a9d2b,2025-07-07,2025-07-14,SOLD,2025-07-18,11.0,0.1,5.8,5.4,0.37
GEWNT0ZAAEWE,9.35,2025-07-07,AK-47 | Wintergreen (Minimal Wear),8.44,f4b43358-762e-42a9-bf0b-1b10cf767402,63617872,False,f4b43358-762e-42a9-bf0b-1b10cf767402,2025-07-08,2025-07-15,SOLD,2025-07-18,10.0,0.1,11.18,10.4,0.71
GSRZWDXFTCNX,40.0,2025-07-13,Sir Bloody Darryl Royale | The Professionals,,b66e16bb-20f6-4e77-b204-cc493b0dd377,63651737,False,b66e16bb-20f6-4e77-b204-cc493b0dd377,2025-07-14,2025-07-18,SOLD,2025-07-18,4.0,0.1,47.72,44.46,2.95
GPSXG5KA7PW9,2.85,2025-07-08,AK-47 | Crossfade (Factory New),6.54,5e65a747-3155-4922-b42f-56ce355ebb5f,63623659,False,5e65a747-3155-4922-b42f-56ce355ebb5f,2025-07-09,2025-07-15,SOLD,2025-07-18,9.0,0.1,3.37,3.18,0.18
GD2DKP2LTR95,4.88,2025-07-06,USP-S | Jawbreaker (Field-Tested),30.65,c470556d-ca57-4d67-85de-14b3d360eced,63609051,False,c470556d-ca57-4d67-85de-14b3d360eced,2025-07-07,2025-07-14,SOLD,2025-07-18,11.0,0.1,5.8,5.43,0.34
GE6GDT5SU8ZT,1.1,2025-07-08,Glock-18 | Ocean Topo (Factory New),5.0,69068038-499b-47e9-aada-56e068d581bc,63623652,False,69068038-499b-47e9-aada-56e068d581bc,2025-07-09,2025-07-14,SOLD,2025-07-18,9.0,0.1,1.44,1.23,0.2
GG5F7HA8RA9H,8.53,2025-07-10,StatTrak™ USP-S | Black Lotus (Minimal Wear),9.63,168f1b24-0a06-47ac-8104-213d34bfc162,63634712,False,168f1b24-0a06-47ac-8104-213d34bfc162,2025-07-11,2025-07-18,SOLD,2025-07-18,7.0,0.1,11.75,9.49,2.05
GDT79DW6FP4C,7.77,2025-07-10,MAC-10 | Neon Rider (Minimal Wear),14.56,7af9f43d-042b-4cb6-8339-e6ad4ad0ade7,63634708,False,7af9f43d-042b-4cb6-8339-e6ad4ad0ade7,2025-07-11,2025-07-18,SOLD,2025-07-18,7.0,0.1,10.27,8.64,1.47
GG8EX43KWGGF,3.39,2025-07-14,Glock-18 | Shinobu (Well-Worn),40.42,112117cc-3141-4fe6-88d7-8d84209a70ab,63663511,False,112117cc-3141-4fe6-88d7-8d84209a70ab,2025-07-15,2025-07-14,SOLD,2025-07-18,3.0,0.1,4.13,3.78,0.33
G7A34NDW89GS,1.33,2025-07-03,USP-S | Ticket to Hell (Factory New),5.3,57a4856a-ddbc-40f2-a4b5-cc4df1aa43ba,63574928,False,57a4856a-ddbc-40f2-a4b5-cc4df1aa43ba,2025-07-04,2025-07-10,SOLD,2025-07-18,14.0,0.1,1.83,1.49,0.32
GZPHGUELFWU7,0.47,2025-07-03,Sticker | KOI (Glitter) | Copenhagen 2024,,,50925888,True,39578aff-d614-430f-9e46-afb4a2e17b4b,2025-07-05,,SOLD,2025-07-18,14.0,0.1,0.68,0.53,0.14
GES3X8E7DRGU,0.49,2025-07-01,Sticker | KOI (Glitter) | Copenhagen 2024,,,50925888,True,aec09e1f-fba0-4a65-a361-89a01b47219c,2025-07-02,,SOLD,2025-07-18,16.0,0.1,0.68,0.56,0.12
G27T665K9769,1.0,2025-06-29,UMP-45 | Wild Child (Field-Tested),32.39,5d056d11-22bd-4a46-bc07-ef5f36583cc1,63554142,False,5d056d11-22bd-4a46-bc07-ef5f36583cc1,2025-06-30,,SOLD,2025-07-18,18.0,0.1,1.21,1.12,0.09
GHG907CXAZCH,0.96,2025-07-07,M4A1-S | Mud-Spec (Factory New),3.48,1aa5c2c8-94be-4180-81e2-ca126b0cff9a,63617857,False,1aa5c2c8-94be-4180-81e2-ca126b0cff9a,2025-07-08,2025-07-14,SOLD,2025-07-19,11.0,0.1,1.43,1.08,0.33
GSW89WPHG5KE,2.09,2025-07-05,StatTrak™ USP-S | Ticket to Hell (Minimal Wear),10.7,e3406807-9837-40a3-8169-5b8bf6aaaa69,63587527,False,e3406807-9837-40a3-8169-5b8bf6aaaa69,2025-07-07,2025-07-13,SOLD,2025-07-19,13.0,0.1,2.9,2.33,0.52
GL6H5H23G6TK,1.44,2025-07-14,Anubis Collection Package,,,44819636,True,f40cd457-ce9b-42d3-b38a-a9aebd4bd9d9,2025-07-15,,SOLD,2025-07-19,4.0,0.1,1.76,1.61,0.14
G6W6S2HUPL94,4.87,2025-07-07,MAC-10 | Disco Tech (Minimal Wear),13.33,4a0318b3-c8e9-46aa-b026-e234f2aa2664,63617875,False,4a0318b3-c8e9-46aa-b026-e234f2aa2664,2025-07-08,2025-07-15,SOLD,2025-07-19,11.0,0.1,5.73,5.42,0.29
G8GLE9SPK2W2,9.17,2025-07-05,M4A4 | Buzz Kill (Field-Tested),18.97,22f04d80-6fed-4a25-8f7c-35b5000d4c38,63587523,False,22f04d80-6fed-4a25-8f7c-35b5000d4c38,2025-07-07,2025-07-10,SOLD,2025-07-19,13.0,0.1,14.19,10.2,3.6
G3ZK36FD3XS7,8.43,2025-07-13,USP-S | Jawbreaker (Minimal Wear),10.53,30c3dafc-dadc-43c2-9efa-64e40942cc77,63651733,False,30c3dafc-dadc-43c2-9efa-64e40942cc77,2025-07-14,2025-07-21,SOLD,2025-07-19,5.0,0.1,10.04,9.38,0.61
GK277PKFCXTD,1.44,2025-07-14,Anubis Collection Package,,,44819636,True,aafa9476-2a75-452b-ae4d-a927971cf2a7,2025-07-15,,SOLD,2025-07-19,4.0,0.1,1.76,1.61,0.14
GAXHZA03DG7G,6.38,2025-06-16,AK-47 | Nightwish (Field-Tested),18.51,b47f02cc-7f32-4a76-8d22-7e081dd2ccb8,63332171,False,b47f02cc-7f32-4a76-8d22-7e081dd2ccb8,2025-06-18,2025-06-24,SOLD,2025-07-19,32.0,0.08,9.08,6.95,1.97
GX20ZGZWTESU,1.17,2025-07-14,USP-S | Ticket to Hell (Factory New),7.0,cfeff53d-a27e-4a10-9c67-8f6e1d000dfb,63663513,False,cfeff53d-a27e-4a10-9c67-8f6e1d000dfb,2025-07-15,2025-07-22,SOLD,2025-07-19,4.0,0.1,1.83,1.31,0.48
G6USA09C74ZE,1.44,2025-07-14,Anubis Collection Package,,,44819636,True,c65cfb07-34c7-4645-ad68-954c36830f6f,2025-07-15,,SOLD,2025-07-19,4.0,0.1,1.76,1.61,0.14
GSL38NK2ZKS9,17.99,2025-07-07,SSG 08 | Dragonfire (Minimal Wear),14.79,039e91d3-6028-4a3e-8d96-72b5274b9c3c,63617867,False,039e91d3-6028-4a3e-8d96-72b5274b9c3c,2025-07-08,2025-07-15,SOLD,2025-07-19,11.0,0.1,26.72,20.0,6.06
GZ4KACCRD0L0,1.65,2025-06-29,AK-47 | Crossfade (Minimal Wear),8.58,3a5c343a-4353-47d2-9193-ad03a514e96e,63554146,False,3a5c343a-4353-47d2-9193-ad03a514e96e,2025-06-30,2025-07-07,SOLD,2025-07-19,19.0,0.1,2.08,1.84,0.22
GE7XRE9C5GRH,0.47,2025-07-13,Desert Eagle | Tilted (Minimal Wear),12.09,d4e1c4a5-75f9-43fd-b4eb-1ad64dea3639,63651722,False,d4e1c4a5-75f9-43fd-b4eb-1ad64dea3639,2025-07-14,2025-07-20,SOLD,2025-07-19,5.0,0.1,0.9,0.53,0.34
GENADDWWK5CG,0.88,2025-07-09,Sticker | Fluxo (Holo) | Paris 2023,,,45155974,True,0dc42b1b-1f95-4a2a-8717-d842420f4784,2025-07-10,,SOLD,2025-07-19,9.0,0.1,1.84,0.99,0.78
GE03948TR82D,1.52,2025-06-29,Sticker | Natus Vincere (Holo) | Paris 2023,,,44994901,True,4ac162e7-7b58-455b-80f8-0efe9cbf1c8e,2025-07-01,,SOLD,2025-07-19,19.0,0.1,2.78,1.7,0.98
GZRF9H2P4WWN,0.9,2025-07-09,Sticker | Vitality (Holo) | Paris 2023,,,45017001,True,ef428ec7-9538-4f08-a473-d34f792162af,2025-07-10,,SOLD,2025-07-19,9.0,0.1,1.16,1.01,0.14
GNT27PZA3W7X,2.1,2025-07-15,Desert Eagle | Serpent Strike (Factory New),6.39,ed78f48d-40e2-4a06-881c-c5480999c797,63670232,False,ed78f48d-40e2-4a06-881c-c5480999c797,2025-07-16,2025-07-23,SOLD,2025-07-20,4.0,0.1,2.47,2.34,0.12
GCP68NSD3NDA,21.45,2025-07-03,AWP | Chrome Cannon (Field-Tested),37.73,a17c53b2-6e88-47a6-9dd7-d3b50ebc76ed,63574923,False,a17c53b2-6e88-47a6-9dd7-d3b50ebc76ed,2025-07-04,2025-07-09,SOLD,2025-07-20,16.0,0.1,25.96,23.84,1.91
GKDKFRU6CDKF,47.49,2025-06-18,AK-47 | Asiimov (Minimal Wear),14.74,669e8b26-439b-4883-ad39-06ecb115d5a5,63397176,False,669e8b26-439b-4883-ad39-06ecb115d5a5,2025-06-20,2025-06-26,SOLD,2025-07-20,31.0,0.08,57.49,51.63,5.4
GTZPXT8HU7X8,0.78,2025-07-06,StatTrak™ USP-S | Ticket to Hell (Field-Tested),26.11,80da0d16-eb3c-4e20-9d6b-ad186796bb00,63609054,False,80da0d16-eb3c-4e20-9d6b-ad186796bb00,2025-07-07,2025-07-14,SOLD,2025-07-20,13.0,0.1,1.0,0.88,0.12
GSC7ZC8RKP59,9.0,2025-07-14,MAC-10 | Neon Rider (Minimal Wear),10.53,310cba96-637a-4c2e-b066-b65b55d3e2cd,63663510,False,310cba96-637a-4c2e-b066-b65b55d3e2cd,2025-07-15,2025-07-17,SOLD,2025-07-20,5.0,0.1,10.89,10.01,0.8
G66KNXHF8KCW,1.33,2025-07-07,AK-47 | Crossfade (Field-Tested),37.73,6631f752-f687-4291-aef4-8a3207422bd4,63617865,False,6631f752-f687-4291-aef4-8a3207422bd4,2025-07-08,,SOLD,2025-07-20,12.0,0.1,1.82,1.49,0.31
GG66937CNSGH,23.0,2025-07-13,AK-47 | Asiimov (Field-Tested),34.1,f8877b59-570a-4972-b195-eddc2e0d3b1c,63651731,False,f8877b59-570a-4972-b195-eddc2e0d3b1c,2025-07-14,2025-07-21,SOLD,2025-07-20,6.0,0.1,27.12,25.57,1.41
GH8AAPPT5FWN,5.2,2025-07-06,Galil AR | Eco (Field-Tested),35.75,67958c9e-738f-4675-8712-01156753a047,63609045,False,67958c9e-738f-4675-8712-01156753a047,2025-07-07,2025-07-13,SOLD,2025-07-20,13.0,0.1,7.56,5.79,1.6
G24DWX9PESCC,24.42,2025-07-12,Desert Eagle | Printstream (Field-Tested),35.12,5788ea88-ecb2-49ea-8ec9-1b15446d80e3,63645722,False,5788ea88-ecb2-49ea-8ec9-1b15446d80e3,2025-07-13,2025-07-19,SOLD,2025-07-20,7.0,0.1,29.06,27.14,1.73
GD4CGU5U583X,1.3,2025-06-17,USP-S | Ticket to Hell (Factory New),7.0,b068d25f-4074-43f7-8e8e-6895dc95b5c6,63369006,False,b068d25f-4074-43f7-8e8e-6895dc95b5c6,2025-06-19,2025-06-25,SOLD,2025-07-20,32.0,0.08,1.83,1.42,0.38
GWPLD3C6X97H,13.0,2025-07-13,AK-47 | Head Shot (Minimal Wear),14.49,07b8e9d2-86c5-429c-8831-766cd9bff106,63651726,False,07b8e9d2-86c5-429c-8831-766cd9bff106,2025-07-14,2025-07-21,SOLD,2025-07-21,7.0,0.1,15.56,14.46,1.0
GRHRDT9H374S,4.0,2025-07-09,USP-S | Jawbreaker (Well-Worn),41.23,2270a050-54e0-45e1-ab7b-806df44c61a0,63628272,False,2270a050-54e0-45e1-ab7b-806df44c61a0,2025-07-10,2025-07-16,SOLD,2025-07-21,11.0,0.1,4.87,4.46,0.38
G97CL97AFAD0,1.44,2025-07-14,Anubis Collection Package,,,44819636,True,6e0a1e26-86e2-45a1-b777-fb997bb108ad,2025-07-15,,SOLD,2025-07-21,6.0,0.1,1.76,1.61,0.14
G06Z985LGLSD,0.38,2025-07-09,Sticker | Say Cheese (Holo),,,55629744,True,1c97751c-03fe-4bfb-9e34-bb4ce3c0e8dc,2025-07-10,,SOLD,2025-07-21,11.0,0.1,0.84,0.43,0.38
GTETXAAGDGX2,40.0,2025-07-15,AWP | Printstream (Well-Worn),39.92,6bf732e8-6f71-4010-b225-9dc344e77789,63670221,False,6bf732e8-6f71-4010-b225-9dc344e77789,2025-07-16,2025-07-22,SOLD,2025-07-21,5.0,0.1,46.11,44.46,1.5
G32C934AZ96H,2.13,2025-07-16,FAMAS | Bad Trip (Field-Tested),34.53,0fb0d696-9ce3-4415-a751-46e0a6a6332a,63676704,False,0fb0d696-9ce3-4415-a751-46e0a6a6332a,2025-07-17,2025-07-23,SOLD,2025-07-21,4.0,0.1,3.19,2.38,0.74
GU3LKHNSK5Z0,11.47,2025-07-06,M4A1-S | Decimator (Field-Tested),26.39,e7b6144a-6c3b-460d-aec1-a1d4fb114125,63609044,False,e7b6144a-6c3b-460d-aec1-a1d4fb114125,2025-07-07,2025-07-13,SOLD,2025-07-21,14.0,0.1,13.3,12.76,0.5
G4URS7GWH7PC,0.8,2025-07-05,StatTrak™ USP-S | Ticket to Hell (Field-Tested),31.68,37d5d572-ee26-4b30-823c-d1febc9f2e0b,63587531,False,37d5d572-ee26-4b30-823c-d1febc9f2e0b,2025-07-07,2025-07-13,SOLD,2025-07-21,15.0,0.1,1.0,0.9,0.1
G997X05U65ZF,1.44,2025-07-14,Anubis Collection Package,,,44819636,True,cc5bb456-cd44-4b9b-9166-30cfa8a0d920,2025-07-15,,SOLD,2025-07-21,6.0,0.1,1.76,1.61,0.14
G7DDC9ZNE3TE,34.99,2025-07-13,AK-47 | Neon Rider (Field-Tested),25.12,f43b2be6-4fcb-42cd-adb3-270f17b0def3,63651734,False,f43b2be6-4fcb-42cd-adb3-270f17b0def3,2025-07-14,2025-07-19,SOLD,2025-07-21,7.0,0.1,41.25,38.89,2.13
GG5ETC4ZNKS4,2.37,2025-07-16,StatTrak™ M4A1-S | Night Terror (Minimal Wear),13.61,59761f8f-88b7-48d5-9f70-6fcf831a9138,63676712,False,59761f8f-88b7-48d5-9f70-6fcf831a9138,2025-07-17,,SOLD,2025-07-21,4.0,0.1,4.34,2.64,1.54
G75W02H3XUEK,8.97,2025-07-08,MAC-10 | Neon Rider (Minimal Wear),12.3,9b86d62b-b005-4bb0-b85b-35aaaa2935ca,63623663,False,9b86d62b-b005-4bb0-b85b-35aaaa2935ca,2025-07-09,2025-07-16,SOLD,2025-07-21,12.0,0.1,11.56,9.98,1.43
GH02AT6P3XK7,1.36,2025-07-13,Dual Berettas | Hydro Strike (Minimal Wear),7.67,f62562bb-7b9e-4562-956f-9cb59d3e72ff,63651736,False,f62562bb-7b9e-4562-956f-9cb59d3e72ff,2025-07-14,2025-07-21,SOLD,2025-07-21,7.0,0.1,2.18,1.52,0.6
GW9767SHKFAH,50.0,2025-07-14,AK-47 | The Empress (Minimal Wear),14.32,aad05e1d-1136-4815-9d92-e784d71681c1,63663509,False,aad05e1d-1136-4815-9d92-e784d71681c1,2025-07-15,2025-07-21,SOLD,2025-07-21,6.0,0.1,57.65,55.57,1.88
G5G3FT0A9HG3,0.45,2025-05-09,M4A4 | Converter (Minimal Wear),11.02,1a014b8a-02c9-4227-893b-e267fd3226e2,62076458,False,1a014b8a-02c9-4227-893b-e267fd3226e2,2025-05-12,2025-05-17,SOLD,2025-07-21,72.0,0.08,0.58,0.5,0.08
GDKEPP0TUXL0,1.42,2025-07-13,Zeus x27 | Electric Blue (Factory New),6.58,4bfb88db-ba4d-4e10-a9e6-07b929b18315,63651728,False,4bfb88db-ba4d-4e10-a9e6-07b929b18315,2025-07-14,2025-07-21,SOLD,2025-07-22,8.0,0.1,2.2,1.59,0.56
GCUTG26GD9TW,10.52,2025-07-13,StatTrak™ AK-47 | Slate (Field-Tested),35.0,9f7f0ebe-3a2e-4cfa-a30f-91cfa1abe12a,63651721,False,9f7f0ebe-3a2e-4cfa-a30f-91cfa1abe12a,2025-07-14,2025-07-20,SOLD,2025-07-22,8.0,0.1,12.86,11.7,1.05
GEC2G89RPCNL,1.04,2025-07-08,Glock-18 | Block-18 (Minimal Wear),14.98,3e90523e-d156-48e7-8019-e5feb69785ad,63623661,False,3e90523e-d156-48e7-8019-e5feb69785ad,2025-07-09,2025-07-16,SOLD,2025-07-22,13.0,0.1,1.29,1.17,0.12
GWN2K2FPXNEH,60.0,2025-07-13,AWP | Printstream (Field-Tested),32.15,34a8749f-316e-4df5-adaa-f33c60de6a96,63651730,False,34a8749f-316e-4df5-adaa-f33c60de6a96,2025-07-14,2025-07-16,SOLD,2025-07-22,8.0,0.1,74.47,66.68,7.02
G2KU929LG0W4,40.0,2025-07-15,AWP | Printstream (Well-Worn),39.99,38f77c0a-e96a-4ef7-b41e-4f33c9c49ede,63670220,False,38f77c0a-e96a-4ef7-b41e-4f33c9c49ede,2025-07-16,2025-07-21,SOLD,2025-07-22,6.0,0.1,46.11,44.46,1.5
G6EDAANCFD98,0.5,2025-06-27,MP5-SD | Kitbash (Minimal Wear),14.2,cf4dc3cc-4488-4476-9ccc-3d411053ab5b,63506512,False,cf4dc3cc-4488-4476-9ccc-3d411053ab5b,2025-06-28,2025-07-03,SOLD,2025-07-22,24.0,0.1,0.65,0.57,0.09
GC2ZDU9K82Z9,0.64,2025-07-10,Fever Case,,,60568638,True,a053b56d-eee9-4bf8-b7a5-8d61d8362a1a,2025-07-11,,SOLD,2025-07-22,11.0,0.1,0.83,0.72,0.11
GELRARL320ND,8.21,2025-07-13,StatTrak™ AK-47 | Ice Coaled (Field-Tested),28.85,e4d35105-ff0f-4b6f-a49c-7b994537102e,63651740,False,e4d35105-ff0f-4b6f-a49c-7b994537102e,2025-07-14,2025-07-21,SOLD,2025-07-22,8.0,0.1,10.04,9.13,0.83
GPUE47K09WD0,0.63,2025-07-16,Fever Case,,,60568638,True,b94376a5-caee-4aef-a64c-de944a9578a5,2025-07-17,,SOLD,2025-07-22,5.0,0.1,0.83,0.71,0.12
GRE2AES8TNAX,1.28,2025-07-14,M4A1-S | Night Terror (Factory New),3.47,9b0fd7d7-ba16-4483-9c09-d44a6164808d,63663516,False,9b0fd7d7-ba16-4483-9c09-d44a6164808d,2025-07-15,2025-07-22,SOLD,2025-07-22,7.0,0.1,1.94,1.43,0.47
GAH20TNUTHAX,12.15,2025-07-09,AK-47 | Frontside Misty (Field-Tested),36.22,ec0549a8-af6c-4f29-8bf8-edd691116d85,63628273,False,ec0549a8-af6c-4f29-8bf8-edd691116d85,2025-07-10,2025-07-17,SOLD,2025-07-22,12.0,0.1,15.34,13.51,1.66
G6LXN3Z5P3Z7,0.78,2025-06-30,AUG | Surveillance (Factory New),6.07,9068a7b2-31ba-402c-bf0e-9504a5163bfe,63559975,False,9068a7b2-31ba-402c-bf0e-9504a5163bfe,2025-07-01,2025-07-06,SOLD,2025-07-22,21.0,0.1,0.95,0.88,0.07
GETGZWZ8NX5T,0.64,2025-07-10,Fever Case,,,60568638,True,21febd9c-6592-40d1-95d0-10ca5aab739e,2025-07-11,,SOLD,2025-07-22,11.0,0.1,0.83,0.72,0.11
GR56EDRSN5LP,16.67,2025-07-14,SSG 08 | Dragonfire (Minimal Wear),13.39,253ba39d-3dfb-454c-8f8b-3dd96c813f8b,63663514,False,253ba39d-3dfb-454c-8f8b-3dd96c813f8b,2025-07-15,2025-07-22,SOLD,2025-07-22,7.0,0.1,20.33,18.53,1.63
GNW5U0XA4257,0.64,2025-07-10,Fever Case,,,60568638,True,2fd6315a-cbe8-431a-9d64-3aefc574423c,2025-07-11,,SOLD,2025-07-22,11.0,0.1,0.83,0.72,0.11
GDCDDGT97DXE,0.64,2025-07-10,Fever Case,,,60568638,True,ca1e8f01-0a3e-41d7-baab-d740afc0772a,2025-07-11,,SOLD,2025-07-22,11.0,0.1,0.83,0.72,0.11
GEAH98NSLS5R,1.44,2025-07-14,Anubis Collection Package,,,44819636,True,2a8b709d-6124-4f9d-b1c3-b37e910ee82f,2025-07-15,,SOLD,2025-07-22,7.0,0.1,1.76,1.61,0.14
GF96AD9985SU,0.64,2025-07-10,Fever Case,,,60568638,True,a74dac42-5d3b-4b9c-8834-2d9aa9514d5e,2025-07-11,,SOLD,2025-07-22,11.0,0.1,0.83,0.72,0.11
GA4252D6SLD9,0.66,2025-07-15,Sticker | Vitality (Holo) | Paris 2023,,,45017001,True,fe52d7a6-2f7d-4f2e-9c47-fb38080ef62d,2025-07-16,,SOLD,2025-07-23,7.0,0.1,1.19,0.74,0.41
GE4P38UDA6C0,3.9,2025-07-16,Glock-18 | Shinobu (Field-Tested),28.44,3eb17731-4e1a-4153-9af8-4bd079d9665d,63871422,False,3eb17731-4e1a-4153-9af8-4bd079d9665d,2025-07-24,,SOLD,2025-07-23,6.0,0.05,4.79,4.12,0.65
GNF0HX4WC5XG,8.05,2025-07-14,M4A4 | Temukau (Field-Tested),35.74,47a84f77-9102-4ba2-9ffe-4b4271afccc5,63871418,False,47a84f77-9102-4ba2-9ffe-4b4271afccc5,2025-07-24,,SOLD,2025-07-23,8.0,0.05,9.94,8.48,1.39
GRZX89077DC3,4.59,2025-07-13,MAC-10 | Disco Tech (Minimal Wear),13.03,e0d685ea-d1e0-4b9d-a07b-6eb7b9299045,63871335,False,e0d685ea-d1e0-4b9d-a07b-6eb7b9299045,2025-07-24,,SOLD,2025-07-23,9.0,0.05,5.46,4.84,0.6
G8GLZ6264E05,3.0,2025-07-19,AWP | Atheris (Field-Tested),26.4,11621780-7eae-4ed9-a51c-4a91f78deeee,63754097,False,11621780-7eae-4ed9-a51c-4a91f78deeee,2025-07-20,2025-07-23,SOLD,2025-07-23,3.0,0.1,3.83,3.34,0.45
GHZTS3RGP5T4,0.54,2025-07-13,Sticker | Vitality (Holo) | Paris 2023,,,45017001,True,8b1ae1e9-ed2c-40ff-a8c1-60eba3cf0fd3,2025-07-24,,SOLD,2025-07-23,9.0,0.05,1.19,0.58,0.59
G2HA9CW84KRH,0.45,2025-07-14,AK-47 | Olive Polycam (Factory New),5.31,28a8c383-6f8e-46f7-969b-da9139dab104,63871414,False,28a8c383-6f8e-46f7-969b-da9139dab104,2025-07-24,,SOLD,2025-07-23,8.0,0.05,1.11,0.48,0.6
GGCT0HTTXNSZ,0.54,2025-07-13,Sticker | Vitality (Holo) | Paris 2023,,,45017001,True,fbd469b5-ae8b-460a-92f5-7d2bca0b56c1,2025-07-24,,SOLD,2025-07-23,9.0,0.05,1.19,0.58,0.59
GAZRXUZ73ZAK,0.98,2025-06-18,USP-S | PC-GRN (Factory New),3.47,f1552c54-5033-4522-b419-7637bab9ef26,63871284,False,f1552c54-5033-4522-b419-7637bab9ef26,2025-07-24,,SOLD,2025-07-23,34.0,0.05,1.3,1.04,0.25
G9DCED9S4K0T,0.23,2025-07-15,Sticker | Boom Trail (Glitter),,,55436346,True,f55160d3-74f4-43fc-be2f-8b6252d2a957,2025-07-16,,SOLD,2025-07-23,7.0,0.1,0.39,0.27,0.12
G9KF9PGS7ZTD,0.15,2025-06-29,Sticker | Hydro Stream,,,55629346,True,2d2e1ed0-a3b7-4fe1-bc74-638511fc2884,2025-07-24,,SOLD,2025-07-23,23.0,0.05,0.18,0.17,0.02
G96PP67S074X,1.89,2025-06-18,Desert Eagle | Tilted (Factory New),6.55,f5b1c3cb-5bcc-4c65-8b89-5dfda555db30,63397179,False,f5b1c3cb-5bcc-4c65-8b89-5dfda555db30,2025-06-20,2025-06-25,SOLD,2025-07-23,34.0,0.08,2.4,2.07,0.32
GS80AZ85CX4P,0.25,2025-06-29,Sticker | Hydro Wave,,,55393888,True,dbfd3d53-1049-4de5-babd-989aa4d79b6e,2025-07-24,,SOLD,2025-07-23,23.0,0.05,0.29,0.27,0.03
GD0ESX0NKNXK,0.15,2025-06-29,Sticker | Hydro Stream,,,55629346,True,880a2579-84f6-459d-b52d-13472801fb1c,2025-07-24,,SOLD,2025-07-23,23.0,0.05,0.18,0.17,0.02
GCKET3SN65GW,1.48,2025-06-15,USP-S | Ticket to Hell (Factory New),6.87,990c5e25-dffa-4ae0-b5bf-049b3385eea9,63871079,False,990c5e25-dffa-4ae0-b5bf-049b3385eea9,2025-07-24,,SOLD,2025-07-23,37.0,0.05,1.68,1.57,0.12
GUN5L2SN7PC4,2.83,2025-07-02,AK-47 | Phantom Disruptor (Field-Tested),36.54,3d55187a-4f8f-4152-8b37-4d3d8f525a9e,63871299,False,3d55187a-4f8f-4152-8b37-4d3d8f525a9e,2025-07-24,,SOLD,2025-07-23,20.0,0.05,3.69,2.99,0.68
GNTUP0GPG24G,14.15,2025-07-03,AWP | Atheris (Factory New),2.47,359ad817-c541-448f-b36e-e4c094238fc1,63871324,False,359ad817-c541-448f-b36e-e4c094238fc1,2025-07-24,,SOLD,2025-07-23,19.0,0.05,16.19,14.91,1.23
GCPUGPXEHKFA,0.4,2025-07-17,M4A1-S | Night Terror (Minimal Wear),14.23,163940a6-01cf-4cab-b0a9-b9443f60a26a,63683168,False,163940a6-01cf-4cab-b0a9-b9443f60a26a,2025-07-18,,SOLD,2025-07-24,6.0,0.1,0.57,0.46,0.11
G87GF9UZWXWN,2.53,2025-07-01,StatTrak™ M4A1-S | Emphorosaur-S (Minimal Wear),14.97,596c91d2-581b-4112-93f2-f876d01dfeea,63871294,False,596c91d2-581b-4112-93f2-f876d01dfeea,2025-07-24,,SOLD,2025-07-24,22.0,0.05,3.34,2.67,0.64
GRE0Z27WDX3U,42.0,2025-07-19,M4A4 | The Emperor (Minimal Wear),9.41,dc5f0f91-18b4-4f2f-8cf4-0ea9f9972dc4,63754096,False,dc5f0f91-18b4-4f2f-8cf4-0ea9f9972dc4,2025-07-20,2025-07-23,SOLD,2025-07-24,4.0,0.1,48.97,46.68,2.07
G4LP57WAWCF7,0.25,2025-07-09,Shanghai 2024 Legends Autograph Capsule,,,57328788,True,d3e1401c-f4c9-4c13-8884-f1837c907238,2025-07-24,,SOLD,2025-07-24,14.0,0.05,0.3,0.27,0.03
GG87N8UK4AWR,0.63,2025-07-23,P250 | Franklin (Field-Tested),17.25,5c2dc930-c2fe-4900-a5fc-07f2c05f0a7f,63888092,False,5c2dc930-c2fe-4900-a5fc-07f2c05f0a7f,2025-07-24,,SOLD,2025-07-24,0.0,0.05,0.84,0.67,0.17
G84AWE5PLP53,3.06,2025-07-17,AWP | Atheris (Field-Tested),18.95,8d576abb-50f1-4dcb-aedb-ecf3042229cc,63683162,False,8d576abb-50f1-4dcb-aedb-ecf3042229cc,2025-07-18,2025-07-24,SOLD,2025-07-24,6.0,0.1,3.78,3.41,0.34
GHRESL9KGEWX,1.04,2025-07-12,Glock-18 | Block-18 (Minimal Wear),10.9,6ddda1c5-2007-4b4a-8cde-e96c73a647ca,63871342,False,6ddda1c5-2007-4b4a-8cde-e96c73a647ca,2025-07-24,,SOLD,2025-07-24,11.0,0.05,1.2,1.11,0.1
GS0KA7HN5A0T,14.94,2025-07-23,AK-47 | Slate (Factory New),2.63,f7f82444-aebe-483c-ae8d-233fd97dc0fd,63888089,False,f7f82444-aebe-483c-ae8d-233fd97dc0fd,2025-07-24,,SOLD,2025-07-24,0.0,0.05,17.18,15.74,1.38
GWSE6EW56U53,5.8,2025-07-23,Galil AR | Eco (Field-Tested),36.04,4def79b5-63d0-4160-85a4-c975c44589a7,63888090,False,4def79b5-63d0-4160-85a4-c975c44589a7,2025-07-24,,SOLD,2025-07-24,0.0,0.05,6.39,6.12,0.27
GG35KC4DZZ62,38.16,2025-07-17,AWP | Printstream (Well-Worn),44.0,93c5a556-c11a-4e6d-b86b-e695bcead236,63683161,False,93c5a556-c11a-4e6d-b86b-e695bcead236,2025-07-18,2025-07-22,SOLD,2025-07-24,6.0,0.1,44.83,42.41,2.19
GX90Z5LUDTTG,5.84,2025-07-23,Galil AR | Eco (Field-Tested),36.01,a7babfd2-0b8a-45d9-ac5e-96e1c50d4ff5,63888091,False,a7babfd2-0b8a-45d9-ac5e-96e1c50d4ff5,2025-07-24,,SOLD,2025-07-24,0.0,0.05,6.39,6.16,0.23
GA2K7ULHHC7F,3.3,2025-07-17,AK-47 | Searing Rage (Field-Tested),24.0,e8b15f0b-9abb-4d59-928c-3526eaef4e75,63683165,False,e8b15f0b-9abb-4d59-928c-3526eaef4e75,2025-07-18,2025-07-22,SOLD,2025-07-24,6.0,0.1,4.14,3.68,0.43
GC2LRSR4SDHG,5.25,2025-07-13,MP9 | Arctic Tri-Tone (Minimal Wear),10.03,ad9d46ad-4117-48d0-b70a-811a87584450,63871411,False,ad9d46ad-4117-48d0-b70a-811a87584450,2025-07-24,,SOLD,2025-07-24,10.0,0.05,5.96,5.54,0.41
GFX0U2SWL3U4,0.32,2025-06-18,Shanghai 2024 Challengers Sticker Capsule,,,57328787,True,312cce81-9934-48bc-84a7-da93d4ab3df2,2025-06-20,,SOLD,2025-07-24,35.0,0.08,0.42,0.36,0.07
GE0HE0XPHHT7,2.52,2025-07-23,StatTrak™ USP-S | Ticket to Hell (Minimal Wear),9.1,322e8792-d4da-47d9-b57d-5576aebeb37a,63888098,False,322e8792-d4da-47d9-b57d-5576aebeb37a,2025-07-24,,SOLD,2025-07-24,0.0,0.05,2.92,2.66,0.25
GFUPKCHRW4X6,2.17,2025-07-23,Galil AR | Chromatic Aberration (Field-Tested),20.32,db6d13f1-0952-4d2f-8cf9-ee41f622b801,63888097,False,db6d13f1-0952-4d2f-8cf9-ee41f622b801,2025-07-24,,SOLD,2025-07-24,0.0,0.05,2.49,2.29,0.2
GGU6UEDUP2KH,39.19,2025-07-23,Desert Eagle | Printstream (Minimal Wear),11.75,1c213faa-8084-4ff5-b103-db88eeb6b39a,63888095,False,1c213faa-8084-4ff5-b103-db88eeb6b39a,2025-07-24,,SOLD,2025-07-24,0.0,0.05,44.85,41.26,3.42
G9F3A6C9L4HA,5.1,2025-07-15,MP9 | Arctic Tri-Tone (Minimal Wear),9.87,df80fd4a-138c-4276-aa4e-33a288aedb1e,63670229,False,df80fd4a-138c-4276-aa4e-33a288aedb1e,2025-07-16,2025-07-23,SOLD,2025-07-24,8.0,0.1,6.1,5.68,0.39
GFL75Z2A0A43,0.48,2025-07-15,Stockholm 2021 Champions Autograph Capsule,,,36865122,True,7a4344af-2da2-4fa3-9e2d-60388076a621,2025-07-16,,SOLD,2025-07-24,8.0,0.1,0.73,0.54,0.18
G2NN8H42TXL3,9.61,2025-06-29,Sticker Capsule 2,,,234,True,e2003a81-fe4c-4164-a9c2-95068b4875fb,2025-07-26,,SOLD,2025-07-25,25.0,0.05,11.44,10.13,1.26
GX306C65U7R9,1.42,2025-07-05,StatTrak™ Glock-18 | Block-18 (Field-Tested),26.8,6b90e804-5542-478f-a46f-3f9e33320ab1,63871326,False,6b90e804-5542-478f-a46f-3f9e33320ab1,2025-07-24,,SOLD,2025-07-25,19.0,0.05,1.6,1.51,0.1
GFAFX2S8SDU6,113.0,2025-07-10,AWP | Printstream (Minimal Wear),12.38,c4428625-1b9f-4ed7-9ca2-b6d90a96b27b,63871349,False,c4428625-1b9f-4ed7-9ca2-b6d90a96b27b,2025-07-24,,SOLD,2025-07-25,14.0,0.05,124.43,118.96,5.21
G97RSFH0DTXE,4.31,2025-07-14,Sticker | Loving Eyes (Holo),,,49020732,True,bdb1d7e5-03c6-4757-8028-4f6cd7d903e8,2025-07-15,,SOLD,2025-07-25,10.0,0.1,7.35,4.8,2.31
GPS806HDD5N2,47.5,2025-07-01,USP-S | Printstream (Minimal Wear),12.71,d5dec923-56af-4057-8faa-36dfa6f6f912,63871296,False,d5dec923-56af-4057-8faa-36dfa6f6f912,2025-07-24,,SOLD,2025-07-25,23.0,0.05,53.63,50.01,3.45
GTE2US008K3P,2.1,2025-07-15,Desert Eagle | Serpent Strike (Factory New),4.97,c307af06-60d9-4aa5-88c2-67a93f0e5c10,63908979,False,c307af06-60d9-4aa5-88c2-67a93f0e5c10,2025-07-26,,SOLD,2025-07-25,9.0,0.05,2.47,2.22,0.25
GS820P7U679C,38.0,2025-07-02,AWP | Hyper Beast (Minimal Wear),14.81,b64d5dc6-07ee-4bf9-9e3f-67feefcd3f0b,63871295,False,b64d5dc6-07ee-4bf9-9e3f-67feefcd3f0b,2025-07-24,,SOLD,2025-07-25,22.0,0.05,47.12,40.01,6.76
G2UG0GRS6D94,0.74,2025-07-02,Glock-18 | Moonrise (Minimal Wear),13.59,ce6c420e-48ae-454c-9d9e-39788d496cf6,63871288,False,ce6c420e-48ae-454c-9d9e-39788d496cf6,2025-07-24,,SOLD,2025-07-25,22.0,0.05,1.13,0.79,0.33
G5LGUDN2F5E9,9.8,2025-07-06,Sticker Capsule 2,,,234,True,cdbd34c5-f0c7-4cc2-8fe2-d5d2f2874e4d,2025-07-24,,SOLD,2025-07-25,18.0,0.05,11.44,10.33,1.07
G3FHHW8PD5AN,1.62,2025-06-15,AK-47 | Crossfade (Minimal Wear),11.65,f7ae68ca-1512-495f-bbab-4b3210ea75bb,63871078,False,f7ae68ca-1512-495f-bbab-4b3210ea75bb,2025-07-24,,SOLD,2025-07-25,39.0,0.05,2.18,1.72,0.45
GZE0L9PWD0K4,3.73,2025-07-15,Sticker | Loving Eyes (Holo),,,49020732,True,2e41d21f-07f3-4c7b-8fb5-4dde6e0c5d5f,2025-07-16,,SOLD,2025-07-25,9.0,0.1,7.35,4.16,2.89
GUZX6K8KW6X2,2.02,2025-07-17,MP9 | Starlight Protector (Field-Tested),32.21,4646597a-87da-43b7-ae14-c56498ed0d98,63908969,False,4646597a-87da-43b7-ae14-c56498ed0d98,2025-07-26,,SOLD,2025-07-25,7.0,0.05,3.69,2.14,1.49
G4W9E9WNKEZS,0.23,2025-07-15,Sticker | Boom Trail (Glitter),,,55436346,True,fb26b558-fb57-43b0-9b9c-882b3337f464,2025-07-26,,SOLD,2025-07-25,9.0,0.05,0.39,0.25,0.14
G3SAUA5070C4,0.8,2025-07-05,Sticker | 9INE (Holo) | Paris 2023,,,45017006,True,92568d9c-56bc-4b15-88e6-e397fb719a4b,2025-07-24,,SOLD,2025-07-25,19.0,0.05,1.45,0.85,0.58
G4U776GNK7RG,0.4,2025-07-14,Sticker | Say Cheese (Holo),,,55629744,True,03d11f9b-3ba8-47a9-8bda-d7115cf27d61,2025-07-24,,SOLD,2025-07-25,10.0,0.05,0.82,0.43,0.38
G64NPZ2S85HP,2.07,2025-07-13,Glock-18 | Candy Apple (Factory New),4.39,464c7ef3-1e64-4f51-b371-33989993df28,63871348,False,464c7ef3-1e64-4f51-b371-33989993df28,2025-07-24,,SOLD,2025-07-25,11.0,0.05,2.92,2.19,0.7
GZCXCXTCK7WT,1.3,2025-07-08,Name Tag,,,1229920,True,5dee76cc-0514-4444-9ccb-a6c99edd31a0,2025-07-26,,SOLD,2025-07-26,17.0,0.05,1.63,1.38,0.25
GAWK4PWESRWZ,13.2,2025-06-15,AK-47 | Nightwish (Minimal Wear),13.07,3e84f38b-c9cc-4465-88e7-b67c74bd734a,63871081,False,3e84f38b-c9cc-4465-88e7-b67c74bd734a,2025-07-24,,SOLD,2025-07-26,40.0,0.05,15.65,13.91,1.67
GGN26GGHXCL3,2.99,2025-07-21,USP-S | Tropical Breeze (Field-Tested),17.76,73d3b154-b1cc-46de-ac37-29d794f80546,63908978,False,73d3b154-b1cc-46de-ac37-29d794f80546,2025-07-26,,SOLD,2025-07-26,4.0,0.05,3.85,3.16,0.67
GHAX0CCFSF6S,1.5,2025-06-15,Charm | Glamour Shot,,a3ef3815-294d-419d-bb55-5974399b5f64,63871088,False,a3ef3815-294d-419d-bb55-5974399b5f64,2025-07-24,,SOLD,2025-07-26,40.0,0.05,1.76,1.59,0.17
GXR5KTXTN902,1.5,2025-07-14,AWP | Black Nile (Field-Tested),17.69,637bd899-b0ea-4e82-b578-e5e10f237c58,63871407,False,637bd899-b0ea-4e82-b578-e5e10f237c58,2025-07-24,,SOLD,2025-07-26,11.0,0.05,2.38,1.59,0.76
GA9A2GF396KE,0.88,2025-06-22,Glock-18 | Nuclear Garden (Field-Tested),29.33,586bc56b-a958-4f03-bd6b-b6c7b4eb1a04,63871282,False,586bc56b-a958-4f03-bd6b-b6c7b4eb1a04,2025-07-24,,SOLD,2025-07-26,33.0,0.05,1.05,0.94,0.12
GFD5L9W2P60G,3.4,2025-07-20,Glock-18 | Shinobu (Well-Worn),39.69,ddcdff87-5af4-4e94-9053-5f34375f82aa,63908986,False,ddcdff87-5af4-4e94-9053-5f34375f82aa,2025-07-26,,SOLD,2025-07-26,5.0,0.05,3.96,3.59,0.36
GSGR7TW9FN25,3.15,2025-07-26,AK-47 | Wintergreen (Field-Tested),33.54,b09beeaa-bb01-4006-8290-92f5d574cb6b,63919906,False,b09beeaa-bb01-4006-8290-92f5d574cb6b,2025-07-27,,SOLD,2025-07-26,0.0,0.05,3.51,3.33,0.18
G4KUWR0TELNW,2.1,2025-07-15,Desert Eagle | Serpent Strike (Factory New),5.59,4d2938a5-8ff1-4dc4-9a77-706fe96c8720,63908972,False,4d2938a5-8ff1-4dc4-9a77-706fe96c8720,2025-07-26,,SOLD,2025-07-26,10.0,0.05,2.47,2.22,0.25
GLKAR6NUP09C,1.22,2025-07-12,Name Tag,,,1229920,True,63dd9381-e781-4d3c-9577-1d7795f17804,2025-07-13,,SOLD,2025-07-26,13.0,0.1,1.63,1.37,0.25
GX3CUCZRH8TC,1.1,2025-07-17,M4A4 | Evil Daimyo (Field-Tested),16.58,9d4d1a08-3507-48e7-bfe3-64a7612c59da,63908983,False,9d4d1a08-3507-48e7-bfe3-64a7612c59da,2025-07-26,,SOLD,2025-07-26,8.0,0.05,1.74,1.17,0.55
GHA7H8PSNKRP,4.99,2025-07-13,MP9 | Starlight Protector (Minimal Wear),8.89,aa13e564-8f9c-4af1-bd6b-42b8e6c5124f,63871420,False,aa13e564-8f9c-4af1-bd6b-42b8e6c5124f,2025-07-24,,SOLD,2025-07-26,12.0,0.05,5.67,5.26,0.4
GTAG3K8FT43R,47.95,2025-07-26,M4A1-S | Decimator (Factory New),6.89,5820e395-fab8-43fb-98cb-89db63f20528,63955578,False,5820e395-fab8-43fb-98cb-89db63f20528,2025-07-27,,SOLD,2025-07-26,0.0,0.05,54.7,50.48,4.02
G69TT3L30CW5,0.81,2025-07-15,Glock-18 | Ocean Topo (Factory New),6.78,3f50c993-6654-4e43-a0c7-d2bb68d71720,63908975,False,3f50c993-6654-4e43-a0c7-d2bb68d71720,2025-07-26,,SOLD,2025-07-26,10.0,0.05,1.55,0.86,0.66
GZ5WCZZCH0PL,30.78,2025-07-15,Bloody Darryl The Strapped | The Professionals,,b531e9e7-7286-4b3d-ad27-b346d43411cc,63871415,False,b531e9e7-7286-4b3d-ad27-b346d43411cc,2025-07-24,,SOLD,2025-07-26,10.0,0.05,34.33,32.41,1.83
GLWR36SFN42Z,2.82,2025-07-13,FAMAS | Mecha Industries (Field-Tested),24.22,f6d5e807-d24c-4d31-aee7-ca2499502229,63871410,False,f6d5e807-d24c-4d31-aee7-ca2499502229,2025-07-24,,SOLD,2025-07-26,12.0,0.05,4.33,2.98,1.29
GRCAT7PCS8LX,1.65,2025-07-08,AK-47 | Crossfade (Minimal Wear),14.98,abb5eb50-b5a5-4ea0-844c-c0a756d77a8e,63871347,False,abb5eb50-b5a5-4ea0-844c-c0a756d77a8e,2025-07-24,,SOLD,2025-07-26,17.0,0.05,2.18,1.75,0.42
GHLXR6FPRDE2,10.38,2025-07-25,3rd Commando Company | KSK,,27ebe828-f757-46d7-9122-d9d35d24cd15,63919832,False,27ebe828-f757-46d7-9122-d9d35d24cd15,2025-07-26,,SOLD,2025-07-26,0.0,0.05,11.92,10.94,0.94
GS478X4WCE5Z,29.0,2025-07-22,Operation Hydra Case,,,136909,True,0dde639c-89cc-4a24-9392-8f775db2ad72,2025-07-24,,SOLD,2025-07-26,3.0,0.05,39.58,30.54,8.6
GD5U3P8CSCLR,0.85,2025-07-25,Clutch Case,,,767005,True,ce00463d-75f8-484b-86bf-0711f6c77c14,2025-07-26,,SOLD,2025-07-26,0.0,0.05,1.09,0.91,0.19
GESEF57TCNP8,0.85,2025-07-25,Clutch Case,,,767005,True,d8e9696a-693a-4904-8ef6-3586961c70b6,2025-07-26,,SOLD,2025-07-26,0.0,0.05,1.09,0.91,0.19
GS2WDTFU5343,29.0,2025-07-22,Operation Hydra Case,,,136909,True,01e53136-e920-4ea1-973f-7d70979b5d94,2025-07-24,,SOLD,2025-07-26,3.0,0.05,39.58,30.54,8.6
GCSS57Z6ZH7D,29.04,2025-07-25,Operation Hydra Case,,,136909,True,e1ec8a8d-253b-4618-bd1e-626ad4f6c3be,2025-07-26,,SOLD,2025-07-26,0.0,0.05,39.58,30.58,8.56
G05W92LW9DZX,0.85,2025-07-25,Clutch Case,,,767005,True,f0e651cd-da3d-4905-a870-4cf1c7b1a462,2025-07-26,,SOLD,2025-07-26,0.0,0.05,1.09,0.91,0.19
G0RLG4652LEX,13.23,2025-07-22,Special Agent Ava | FBI,,fb2eda71-8fb3-449b-88fe-9bfc10a675b9,63867794,False,fb2eda71-8fb3-449b-88fe-9bfc10a675b9,2025-07-24,,SOLD,2025-07-26,3.0,0.05,20.28,13.94,6.04
GNPE5FU24Z5C,8.3,2025-07-25,The Elite Mr. Muhlik | Elite Crew,,e11bd671-a088-44ad-ad59-4a27ecb28771,63919836,False,e11bd671-a088-44ad-ad59-4a27ecb28771,2025-07-26,,SOLD,2025-07-26,0.0,0.05,9.78,8.75,0.99
GXSSR426LF7R,9.0,2025-07-25,Operator | FBI SWAT,,00792a94-ff99-432f-a8b5-a232ce8d1eb4,63919835,False,00792a94-ff99-432f-a8b5-a232ce8d1eb4,2025-07-26,,SOLD,2025-07-26,0.0,0.05,10.86,9.48,1.32
GW8DH3US6P7E,10.04,2025-07-25,'The Doctor' Romanov | Sabre,,432d2b4c-7099-4a6f-8c2f-13cbd8fa8533,63919848,False,432d2b4c-7099-4a6f-8c2f-13cbd8fa8533,2025-07-26,,SOLD,2025-07-26,0.0,0.05,12.88,10.58,2.2
GG2CSLL2202L,0.85,2025-07-25,Clutch Case,,,767005,True,55d338a7-850d-4501-907d-fe033413711e,2025-07-26,,SOLD,2025-07-26,0.0,0.05,1.09,0.91,0.19
GD8W0ZC2RK4T,29.04,2025-07-25,Operation Hydra Case,,,136909,True,b51f91f1-bbc3-4739-9797-bdad618ea1bf,2025-07-26,,SOLD,2025-07-26,0.0,0.05,39.58,30.58,8.56
G4RK92NH880N,5.4,2025-07-25,Maximus | Sabre,,4319cd64-d687-4445-b895-28eb0a3e2557,63919842,False,4319cd64-d687-4445-b895-28eb0a3e2557,2025-07-26,,SOLD,2025-07-26,0.0,0.05,7.28,5.69,1.52
G8LT4TSC52P6,10.36,2025-07-25,3rd Commando Company | KSK,,e4243602-4f04-4183-8858-84f7b562aa58,63919849,False,e4243602-4f04-4183-8858-84f7b562aa58,2025-07-26,,SOLD,2025-07-26,0.0,0.05,11.92,10.92,0.96
GTTS395CLSW0,61.37,2025-07-25,D Squadron Officer | NZSAS,,2d4f3ec6-d7f0-4f39-85ea-5f71445dabed,63919845,False,2d4f3ec6-d7f0-4f39-85ea-5f71445dabed,2025-07-26,,SOLD,2025-07-26,0.0,0.05,84.05,64.61,18.48
G29N08PWW03P,29.0,2025-07-22,Operation Hydra Case,,,136909,True,3f118e1a-5ef0-4a08-864c-d0c738da28ed,2025-07-24,,SOLD,2025-07-26,3.0,0.05,39.58,30.54,8.6
GSTFSPW2LFC9,29.04,2025-07-25,Operation Hydra Case,,,136909,True,36770fc3-20b5-40d8-8547-e61804a300f0,2025-07-26,,SOLD,2025-07-26,0.0,0.05,39.58,30.58,8.56
GWA2X8NPZR6G,0.85,2025-07-25,Clutch Case,,,767005,True,bc7e9ff1-fc9b-4789-8273-679ee4973737,2025-07-26,,SOLD,2025-07-26,0.0,0.05,1.09,0.91,0.19
GRGP4C8D79EH,0.85,2025-07-25,Clutch Case,,,767005,True,3e851a26-2ad7-474d-b1b4-7d82cb6d7c40,2025-07-26,,SOLD,2025-07-26,0.0,0.05,1.09,0.91,0.19
GGZCEZEA635K,4.44,2025-07-25,Enforcer | Phoenix,,18ac6db3-5813-48ec-851a-5a883f31487b,63919839,False,18ac6db3-5813-48ec-851a-5a883f31487b,2025-07-26,,SOLD,2025-07-26,0.0,0.05,4.89,4.68,0.21
GFUCNPSDZHFP,17.51,2025-07-25,Special Agent Ava | FBI,,f101a2f3-e9a9-4f91-81fd-6a7f215e0167,63919847,False,f101a2f3-e9a9-4f91-81fd-6a7f215e0167,2025-07-26,,SOLD,2025-07-26,0.0,0.05,20.28,18.44,1.76
GDS6DEP09ET3,31.34,2025-07-26,M4A4 | Temukau (Minimal Wear),9.27,b682405e-d1e5-4d79-b4a1-fd8dc9281718,63955567,False,b682405e-d1e5-4d79-b4a1-fd8dc9281718,2025-07-27,,SOLD,2025-07-27,0.0,0.05,37.19,33.0,3.99
GLZTFCHT8S92,3.7,2025-07-06,Sticker | Loving Eyes (Holo),,,49020732,True,bbc31bec-7bd1-41aa-9d4d-18cecf8b4176,2025-07-24,,SOLD,2025-07-27,20.0,0.05,7.35,3.91,3.28
GPAK34TRSE72,22.34,2025-07-26,Desert Eagle | Printstream (Battle-Scarred),52.94,6dde4e3c-26f9-4508-ba38-1a7ae8d1b838,63955586,False,6dde4e3c-26f9-4508-ba38-1a7ae8d1b838,2025-07-27,,SOLD,2025-07-27,0.0,0.05,25.98,23.53,2.34
GASEDCXAAD48,7.5,2025-07-13,StatTrak™ USP-S | Black Lotus (Minimal Wear),12.18,baf5786e-b26c-4fa0-9e2b-f4e47acc105b,63871406,False,baf5786e-b26c-4fa0-9e2b-f4e47acc105b,2025-07-24,,SOLD,2025-07-27,13.0,0.05,9.54,7.91,1.56
G7UW6G2HFUAA,4.1,2025-07-09,USP-S | Jawbreaker (Well-Worn),39.39,da08c1c0-13d1-475b-83d8-6a144c985eea,63871343,False,da08c1c0-13d1-475b-83d8-6a144c985eea,2025-07-24,,SOLD,2025-07-27,17.0,0.05,4.87,4.33,0.53
GETH6U0ZLTDA,5.24,2025-07-26,Galil AR | Eco (Field-Tested),31.83,5af3c234-8741-40c0-8369-9927979451e4,63955565,False,5af3c234-8741-40c0-8369-9927979451e4,2025-07-27,,SOLD,2025-07-27,0.0,0.05,6.6,5.53,1.03
G5TCFAWT49NN,66.16,2025-07-26,AK-47 | Inheritance (Field-Tested),24.52,8f96bd88-38fd-47f8-bfbf-c9fbe23df0ac,63955572,False,8f96bd88-38fd-47f8-bfbf-c9fbe23df0ac,2025-07-27,,SOLD,2025-07-27,0.0,0.05,73.29,69.65,3.47
GS6KKRCD4NUK,5.98,2025-07-21,Blackwolf | Sabre,,61009f9d-29ee-4f97-a201-dd8a79fcf1c6,63908971,False,61009f9d-29ee-4f97-a201-dd8a79fcf1c6,2025-07-26,,SOLD,2025-07-27,5.0,0.05,7.3,6.31,0.95
GEUS6PPUKW4W,5.6,2025-07-23,AK-47 | Head Shot (Field-Tested),30.81,d19ccc04-613e-4924-a316-ee85c513d7e1,63888099,False,d19ccc04-613e-4924-a316-ee85c513d7e1,2025-07-24,,SOLD,2025-07-27,3.0,0.05,8.22,5.91,2.21
G50WDF86LPNG,2.75,2025-07-13,StatTrak™ M4A1-S | Night Terror (Minimal Wear),7.26,143132a8-6a6b-421c-bd69-dd01b7f6cbb4,63871408,False,143132a8-6a6b-421c-bd69-dd01b7f6cbb4,2025-07-24,,SOLD,2025-07-27,13.0,0.05,4.09,2.91,1.14
GWZZ839W4H5C,59.99,2025-07-26,AWP | Printstream (Field-Tested),22.12,44fc14a7-91c4-44c8-9363-5b65c2d9aa4e,63955585,False,44fc14a7-91c4-44c8-9363-5b65c2d9aa4e,2025-07-27,,SOLD,2025-07-27,0.0,0.05,69.7,63.16,6.23
G36AUS5P94FA,0.8,2025-07-15,AK-47 | Olive Polycam (Factory New),6.22,27896cf2-dadb-48fc-8e60-4649d901bce3,63908985,False,27896cf2-dadb-48fc-8e60-4649d901bce3,2025-07-26,,SOLD,2025-07-27,11.0,0.05,1.11,0.85,0.25
G8LRCZWAEA55,6.57,2025-07-21,CS:GO Weapon Case 3,,,5355,True,1a2ebc19-e0de-4035-949b-d4c39d03bec2,2025-07-26,,SOLD,2025-07-27,5.0,0.05,8.56,6.93,1.56
GFZ0DEZXWX0H,10.9,2025-07-26,CS:GO Weapon Case 2,,,927,True,88df1871-ba6a-4043-95c2-f0cd720e861e,2025-07-27,,SOLD,2025-07-27,0.0,0.05,13.92,11.48,2.32
GH8D3U86TGUH,3.63,2025-07-26,Glock-18 | Water Elemental (Field-Tested),29.18,e67a038a-128a-4327-b42b-282143cf40e8,63955568,False,e67a038a-128a-4327-b42b-282143cf40e8,2025-07-27,,SOLD,2025-07-28,1.0,0.05,4.29,3.83,0.45
GZDSLX7ETESG,4.17,2025-07-26,AWP | Duality (Minimal Wear),8.65,79007934-78a2-43f3-b420-c4b5e850fe4e,63955579,False,79007934-78a2-43f3-b420-c4b5e850fe4e,2025-07-27,,SOLD,2025-07-28,1.0,0.05,5.84,4.4,1.38
GLRF38C274HG,1.5,2025-06-15,Charm | Glamour Shot,,e81ff4f2-db7d-4e4b-ac36-b3e783f0c3be,63871064,False,e81ff4f2-db7d-4e4b-ac36-b3e783f0c3be,2025-07-24,,SOLD,2025-07-28,42.0,0.05,1.76,1.59,0.17
GZ6FNC0XCFC9,1.5,2025-06-15,Charm | Glamour Shot,,a05f0902-5a40-44b8-98c1-6505b98a935b,63871073,False,a05f0902-5a40-44b8-98c1-6505b98a935b,2025-07-24,,SOLD,2025-07-28,42.0,0.05,1.76,1.59,0.17
GFH5G7UL4236,1.5,2025-06-15,Charm | Glamour Shot,,b8184c2c-fb5d-438b-a8e5-fce418e064cc,63871075,False,b8184c2c-fb5d-438b-a8e5-fce418e064cc,2025-07-24,,SOLD,2025-07-28,42.0,0.05,1.76,1.59,0.17
GS385D44PRAT,6.0,2025-07-16,Rezan The Ready | Sabre,,ffae187e-c0ba-4b7e-92f8-8166424fac39,63871413,False,ffae187e-c0ba-4b7e-92f8-8166424fac39,2025-07-24,,SOLD,2025-07-28,11.0,0.05,7.22,6.33,0.86
GCA25ZD4TDL2,15.58,2025-07-10,AWP | Atheris (Factory New),6.98,27258ce8-41ae-409b-b543-c5ed0ea3b450,63871350,False,27258ce8-41ae-409b-b543-c5ed0ea3b450,2025-07-24,,SOLD,2025-07-28,17.0,0.05,18.57,16.41,2.06
G48F6DESX5UR,0.08,2025-06-28,Sticker | Cloud9 | Copenhagen 2024,,,50406166,True,8b08d1d3-a559-48e1-a294-eefb3d9819a7,2025-07-24,,SOLD,2025-07-28,29.0,0.05,0.09,0.09,0.01
G9LNX75W27CL,0.94,2025-07-26,M4A1-S | Nitro (Minimal Wear),14.86,09a06925-5583-4402-9ae0-acd0930f0440,63955564,False,09a06925-5583-4402-9ae0-acd0930f0440,2025-07-27,,SOLD,2025-07-28,1.0,0.05,1.19,1.0,0.19
GX8EPUZ76EZL,0.08,2025-06-28,Sticker | Cloud9 | Copenhagen 2024,,,50406166,True,c55dad15-f67e-49f2-a57f-4728028c4f76,2025-07-24,,SOLD,2025-07-28,29.0,0.05,0.09,0.09,0.01
GSAH47XH79Z2,98.52,2025-07-08,Sir Bloody Miami Darryl | The Professionals,,e989c809-fe08-46c4-a770-bd32272008fa,63871329,False,e989c809-fe08-46c4-a770-bd32272008fa,2025-07-24,,SOLD,2025-07-28,19.0,0.05,114.55,103.72,10.3
G04NRKEWX4S7,33.34,2025-07-25,Sir Bloody Skullhead Darryl | The Professionals,,f8d30f70-07c9-4dea-a0c5-05b0e116f443,63919846,False,f8d30f70-07c9-4dea-a0c5-05b0e116f443,2025-07-26,,SOLD,2025-07-28,2.0,0.05,40.13,35.11,4.78
G7HNZE3LTKZZ,3.13,2025-07-27,AK-47 | Ice Coaled (Field-Tested),25.58,4e958542-1464-46c3-84d7-a4e9e1230f6f,63972327,False,4e958542-1464-46c3-84d7-a4e9e1230f6f,2025-07-28,,SOLD,2025-07-28,0.0,0.05,4.73,3.31,1.36
G8638XU2NT6G,0.61,2025-07-28,Stockholm 2021 Legends Sticker Capsule,,,36642166,True,f86246e2-9295-45b4-b9c0-5c52736fa90d,2025-07-30,,SOLD,2025-07-29,0.0,0.05,0.86,0.65,0.21
G7KSUP5NA4S9,19.06,2025-07-07,USP-S | Neo-Noir (Minimal Wear),10.29,a4d0765e-282e-42a9-80f2-8d804516af27,63871318,False,a4d0765e-282e-42a9-80f2-8d804516af27,2025-07-24,,SOLD,2025-07-29,21.0,0.05,22.8,20.07,2.6
G2EUTTD7KZ56,4.21,2025-07-27,Maximus | Sabre,,00cc8ccc-ad28-4014-8ae2-aa52d0e21ec2,63972324,False,00cc8ccc-ad28-4014-8ae2-aa52d0e21ec2,2025-07-28,,SOLD,2025-07-29,1.0,0.05,8.0,4.44,3.39
GRXLUUUA24HN,55.42,2025-03-10,Cmdr. Davida 'Goggles' Fernandez | SEAL Frogman,,33fcfb1d-db83-43de-be72-469afc9e5c73,63871060,False,33fcfb1d-db83-43de-be72-469afc9e5c73,2025-07-24,,SOLD,2025-07-29,140.0,0.05,59.68,58.35,1.28
GZH5SACZWRDU,1.16,2025-07-08,M4A1-S | Mud-Spec (Factory New),4.0,aa86d6ce-0bbf-4f45-a15e-7642af8be6c1,63871351,False,aa86d6ce-0bbf-4f45-a15e-7642af8be6c1,2025-07-24,,SOLD,2025-07-29,20.0,0.05,1.35,1.23,0.12
GHRFTDLDAF90,0.61,2025-07-28,Stockholm 2021 Legends Sticker Capsule,,,36642166,True,37c3a06e-a6cb-4547-b209-8adede1d2dff,2025-07-30,,SOLD,2025-07-29,0.0,0.05,0.86,0.65,0.21
G97G3AZWD605,0.61,2025-07-28,Stockholm 2021 Legends Sticker Capsule,,,36642166,True,120bc35d-61c7-44cd-9cf5-2d3a2da68080,2025-07-30,,SOLD,2025-07-29,0.0,0.05,0.86,0.65,0.21
G8HEP0S972Z5,4.3,2025-07-10,FAMAS | Mecha Industries (Minimal Wear),13.47,3d98475f-4a76-4f0a-8faa-8377cacda12f,63871327,False,3d98475f-4a76-4f0a-8faa-8377cacda12f,2025-07-24,,SOLD,2025-07-29,18.0,0.05,7.42,4.54,2.75
GCH8ZE5KAN4H,2.38,2025-07-02,Desert Eagle | Heat Treated (Minimal Wear),10.44,9282d995-b67d-4a39-86b3-d5c27359d430,63871283,False,9282d995-b67d-4a39-86b3-d5c27359d430,2025-07-24,,SOLD,2025-07-29,27.0,0.05,3.55,2.52,0.99
GDU7238XF44C,0.95,2025-07-06,StatTrak™ Glock-18 | Moonrise (Field-Tested),28.37,513b90b5-4082-4ad0-82fd-530248708646,63871304,False,513b90b5-4082-4ad0-82fd-530248708646,2025-07-24,,SOLD,2025-07-29,22.0,0.05,1.29,1.01,0.28
G4E6DW533DDS,4.61,2025-07-08,FAMAS | Mecha Industries (Minimal Wear),12.58,b6e2a78f-825a-4236-a36d-ffd235cb7af7,63871333,False,b6e2a78f-825a-4236-a36d-ffd235cb7af7,2025-07-24,,SOLD,2025-07-29,20.0,0.05,7.42,4.86,2.44
GWU7W2DDG9UX,9.22,2025-07-25,Operator | FBI SWAT,,4cd42150-148c-48dc-b90d-8c584ca05a55,63919834,False,4cd42150-148c-48dc-b90d-8c584ca05a55,2025-07-26,,SOLD,2025-07-29,3.0,0.05,10.78,9.72,1.02
G7RWRZ7S9FSU,0.61,2025-07-28,Stockholm 2021 Legends Sticker Capsule,,,36642166,True,58114ec8-3a78-4abb-a820-40bd74d63cad,2025-07-30,,SOLD,2025-07-29,0.0,0.05,0.86,0.65,0.21
GGEDZXLSL65T,0.61,2025-07-28,Stockholm 2021 Legends Sticker Capsule,,,36642166,True,99268929-3af3-43bf-a1bd-ef341fb5c28a,2025-07-30,,SOLD,2025-07-29,0.0,0.05,0.86,0.65,0.21
G273SZF9LUZ5,0.9,2025-07-28,MAC-10 | Pipsqueak (Minimal Wear),13.43,817045a0-08f7-4cd0-add5-3b8a63258f34,64145963,False,817045a0-08f7-4cd0-add5-3b8a63258f34,2025-07-30,,SOLD,2025-07-29,0.0,0.05,1.41,0.96,0.44
GGCF6A5CWF8L,2.77,2025-07-28,Spectrum 2 Case,,,274032,True,320efeaa-b552-4b99-9762-a157d3074c2c,2025-07-30,,SOLD,2025-07-29,0.0,0.05,3.21,2.93,0.28
GADCRL5EEUZT,0.61,2025-07-28,Stockholm 2021 Legends Sticker Capsule,,,36642166,True,a3a2c467-a9c5-4e38-98fb-cfa01c237ae1,2025-07-30,,SOLD,2025-07-29,0.0,0.05,0.86,0.65,0.21
GND8KTUTTSTD,6.35,2025-07-25,Markus Delrow | FBI HRT,,99d9b511-c552-49e1-8ea5-60e412b7029b,63919843,False,99d9b511-c552-49e1-8ea5-60e412b7029b,2025-07-26,,SOLD,2025-07-29,3.0,0.05,7.4,6.69,0.68
GKP7W0P83KCK,6.01,2025-07-25,'Two Times' McCoy | USAF TACP,,084fdd44-b929-42e3-bba3-9250e7cf20cc,63919844,False,084fdd44-b929-42e3-bba3-9250e7cf20cc,2025-07-26,,SOLD,2025-07-29,3.0,0.05,7.34,6.34,0.96
GFK3R26UZ25U,1.2,2025-07-28,Name Tag,,,1229920,True,1920cf78-435c-4722-b2b8-8ad6981019cc,2025-07-30,,SOLD,2025-07-29,0.0,0.05,1.63,1.27,0.35
GLSESUZZKSZ3,2.77,2025-07-28,Spectrum 2 Case,,,274032,True,c96a479b-9d53-44c3-95cb-010f906ffc7a,2025-07-30,,SOLD,2025-07-29,0.0,0.05,3.21,2.93,0.28
GH2DC8E4UP7H,41.45,2025-07-04,M4A1-S | Player Two (Minimal Wear),12.18,be287398-9d5d-4453-9c21-18d81cb8e7f2,63871316,False,be287398-9d5d-4453-9c21-18d81cb8e7f2,2025-07-24,,SOLD,2025-07-29,24.0,0.05,46.31,43.64,2.54
GX8F5RFA0RF2,4.16,2025-07-28,Maximus | Sabre,,6f7c4fc5-1fdc-4723-a3ad-a8c696965d01,64145953,False,6f7c4fc5-1fdc-4723-a3ad-a8c696965d01,2025-07-30,,SOLD,2025-07-29,0.0,0.05,8.0,4.39,3.44
GCLT63TN5CRG,2.19,2025-07-28,USP-S | Black Lotus (Minimal Wear),7.34,ce96dbbf-5644-41e7-a2f6-f80f3ee9949c,64145947,False,ce96dbbf-5644-41e7-a2f6-f80f3ee9949c,2025-07-30,,SOLD,2025-07-29,0.0,0.05,2.76,2.32,0.43
G4DG3FHK3CXF,2.77,2025-07-28,P250 | Asiimov (Field-Tested),35.94,34ad7fdf-393c-4b8d-8732-357c53e6340c,64145956,False,34ad7fdf-393c-4b8d-8732-357c53e6340c,2025-07-30,,SOLD,2025-07-29,0.0,0.05,4.34,2.93,1.35
GHK7REFU4WLR,2.77,2025-07-28,Spectrum 2 Case,,,274032,True,76833669-99db-49ef-8564-dfaa2b6480f6,2025-07-30,,SOLD,2025-07-29,0.0,0.05,3.21,2.93,0.28
G3NS2CG49PZE,49.02,2025-07-28,AK-47 | The Empress (Minimal Wear),11.11,5c67bb1f-1dcf-45e2-bf0a-64fc5c030150,64145964,False,5c67bb1f-1dcf-45e2-bf0a-64fc5c030150,2025-07-30,,SOLD,2025-07-29,0.0,0.05,57.67,51.61,5.77
GU5GXXE3DECC,13.48,2025-07-26,Michael Syfers  | FBI Sniper,,18222e7e-de5e-4d48-9486-ad225db2cd1a,63919904,False,18222e7e-de5e-4d48-9486-ad225db2cd1a,2025-07-27,,SOLD,2025-07-30,3.0,0.05,15.99,14.2,1.71
G823Z3WAWUX0,0.1,2025-06-27,Sticker | Cloud9 | Copenhagen 2024,,,50406166,True,96aa590e-8d93-4ce9-954c-24f684fef280,2025-07-24,,SOLD,2025-07-30,32.0,0.05,0.09,0.12,-0.01
GZT7P40NELF2,1.77,2025-07-28,AK-47 | Elite Build (Minimal Wear),10.08,25d5fe4d-8940-4801-899a-8af55f8df163,64145948,False,25d5fe4d-8940-4801-899a-8af55f8df163,2025-07-30,,SOLD,2025-07-30,1.0,0.05,2.09,1.87,0.22
GLZHWHE4GSAP,0.56,2025-07-29,Desert Eagle | Tilted (Minimal Wear),7.48,ad727951-9b06-45ec-b6c2-569ac2918215,64171751,False,ad727951-9b06-45ec-b6c2-569ac2918215,2025-07-30,,SOLD,2025-07-30,0.0,0.05,1.05,0.6,0.44
GWL726G7A7RA,5.32,2025-07-25,Shattered Web Case,,,7191070,True,3fac9eaa-c627-45e1-9368-b371da042f2a,2025-07-26,,SOLD,2025-07-30,4.0,0.05,6.08,5.61,0.46
GS6CLADHSXGF,13.97,2025-07-27,AWP | Atheris (Factory New),4.72,11da9a25-38db-464f-bb67-0457a980efc1,63972320,False,11da9a25-38db-464f-bb67-0457a980efc1,2025-07-28,,SOLD,2025-07-30,2.0,0.05,16.31,14.72,1.52
G7EWUKR5D4WG,1.12,2025-06-15,MP7 | Bloodsport (Field-Tested),28.92,74dd036f-c4f1-4925-bdc2-224f067f68d4,63871080,False,74dd036f-c4f1-4925-bdc2-224f067f68d4,2025-07-24,,SOLD,2025-07-30,44.0,0.05,1.74,1.19,0.53
GTC8LE30D300,17.5,2025-07-05,M4A1-S | Player Two (Field-Tested),33.05,ed787cc1-d73f-4f9c-be60-4c264d80844b,63871309,False,ed787cc1-d73f-4f9c-be60-4c264d80844b,2025-07-24,,SOLD,2025-07-30,24.0,0.05,19.97,18.43,1.47
GLFPGHA2PE0D,0.77,2025-07-29,AWP | Pit Viper (Minimal Wear),11.91,f067f779-9800-4256-bfee-45faa67a4aaf,64171756,False,f067f779-9800-4256-bfee-45faa67a4aaf,2025-07-30,,SOLD,2025-07-30,0.0,0.05,1.37,0.82,0.53
G0X4TRU6ACT4,0.1,2025-06-27,Sticker | Cloud9 | Copenhagen 2024,,,50406166,True,d15212e1-2d7e-47ed-b118-27823ef7adfb,2025-07-24,,SOLD,2025-07-30,32.0,0.05,0.09,0.12,-0.01
GLXEWZ0AAWG7,13.48,2025-07-26,Michael Syfers  | FBI Sniper,,e2c789b2-2c42-42f9-a68b-24d7af73626f,63919905,False,e2c789b2-2c42-42f9-a68b-24d7af73626f,2025-07-27,,SOLD,2025-07-30,3.0,0.05,15.99,14.2,1.71
GCP9A0WEH5LF,7.75,2025-07-26,AK-47 | Legion of Anubis (Minimal Wear),11.85,963fd232-601b-410d-9fcf-4f1d469256d0,63955574,False,963fd232-601b-410d-9fcf-4f1d469256d0,2025-07-27,,SOLD,2025-07-30,3.0,0.05,8.98,8.17,0.78
GW2WU55WWGKA,1.67,2025-07-28,Galil AR | Chromatic Aberration (Field-Tested),30.36,2ad7c101-9138-413f-bb63-985c4b345239,64145949,False,2ad7c101-9138-413f-bb63-985c4b345239,2025-07-30,,SOLD,2025-07-30,1.0,0.05,2.31,1.77,0.52
G3R6RTTA47LN,0.95,2025-07-05,StatTrak™ Glock-18 | Moonrise (Field-Tested),21.4,5c0e0880-dacd-436b-b89a-2e2c728f1ddd,63871325,False,5c0e0880-dacd-436b-b89a-2e2c728f1ddd,2025-07-24,,SOLD,2025-07-30,24.0,0.05,1.29,1.01,0.28
G8K9ZK6UN9W4,2.72,2025-03-15,AWP | Duality (Field-Tested),33.08,ba4738ac-63e6-495a-952a-108f36e23b78,63871086,False,ba4738ac-63e6-495a-952a-108f36e23b78,2025-07-24,,SOLD,2025-07-30,136.0,0.05,2.87,2.87,0.01
G99D0G3KWGPR,3.98,2025-06-23,M4A4 | Tooth Fairy (Minimal Wear),13.29,112b802c-a2b9-4fe3-909d-fc63b5b7ad0c,63871297,False,112b802c-a2b9-4fe3-909d-fc63b5b7ad0c,2025-07-24,,SOLD,2025-07-30,36.0,0.05,4.52,4.2,0.31
G9U3EK432A0R,1.11,2025-07-28,USP-S | Black Lotus (Field-Tested),25.06,8802fd35-5c71-4a2d-b515-38620f7f6da6,64145951,False,8802fd35-5c71-4a2d-b515-38620f7f6da6,2025-07-30,,SOLD,2025-07-30,1.0,0.05,1.44,1.18,0.26
GFC26HXW0NW4,2.94,2025-07-28,AWP | Atheris (Field-Tested),36.0,91c5b42e-21e0-4e70-8e17-c3f3be81b925,64145946,False,91c5b42e-21e0-4e70-8e17-c3f3be81b925,2025-07-30,,SOLD,2025-07-31,2.0,0.05,4.12,3.11,0.97
GZG23CZN94CT,0.53,2025-07-27,Sticker | Fnatic (Holo) | Paris 2023,,,45094590,True,cb6de3c8-50c0-4892-8b52-2647795ae33b,2025-07-30,,SOLD,2025-07-31,3.0,0.05,0.93,0.57,0.35
G0UFEDHHWHC7,0.25,2025-07-30,Shanghai 2024 Legends Sticker Capsule,,,57328786,True,3d3a5d6d-f6dc-41dc-b606-059c9dc4324f,2025-07-31,,SOLD,2025-07-31,0.0,0.05,0.5,0.27,0.22
G6RNA9GCPS0E,0.18,2025-07-16,Sticker | MOUZ (Glitter) | Copenhagen 2024,,,50512682,True,d0fea1b5-584a-441a-912d-0144dab724db,2025-07-24,,SOLD,2025-07-31,14.0,0.05,0.23,0.2,0.04
GD5TG3GN37N8,3.62,2025-07-28,AK-47 | Searing Rage (Field-Tested),22.62,e17b5242-bed3-4070-a7b8-8184c3e2a468,64145940,False,e17b5242-bed3-4070-a7b8-8184c3e2a468,2025-07-30,,SOLD,2025-07-31,2.0,0.05,4.64,3.82,0.79
GE0H9C0X6FKR,0.18,2025-07-16,Sticker | MOUZ (Glitter) | Copenhagen 2024,,,50512682,True,893ccd40-0228-4e19-970e-90325f860c76,2025-07-26,,SOLD,2025-07-31,14.0,0.05,0.23,0.2,0.04
G7LR7H723G2H,1.35,2025-07-28,AK-47 | Crossfade (Field-Tested),36.98,f1cc52a5-107e-4da3-8f92-0db8f8dfd4ec,64145941,False,f1cc52a5-107e-4da3-8f92-0db8f8dfd4ec,2025-07-30,,SOLD,2025-07-31,2.0,0.05,1.64,1.43,0.21
GKXCLF8AAS7S,8.85,2025-07-25,Operator | FBI SWAT,,44a6d9a3-4057-4745-897d-86fcedd7db5d,63919833,False,44a6d9a3-4057-4745-897d-86fcedd7db5d,2025-07-26,,SOLD,2025-07-31,5.0,0.05,10.78,9.33,1.39
GLGR2KCRN7GS,0.18,2025-07-16,Sticker | MOUZ (Glitter) | Copenhagen 2024,,,50512682,True,962925c1-3fd4-43a7-8163-32ecbf7c045f,2025-07-24,,SOLD,2025-07-31,14.0,0.05,0.23,0.2,0.04
GDNCPHFXLZF2,0.9,2025-07-28,Clutch Case,,,767005,True,97502ee2-7a99-4e72-b85e-ebde0c337b68,2025-07-30,,SOLD,2025-07-31,2.0,0.05,1.11,0.96,0.15
GRN3922L72HL,0.18,2025-07-16,Sticker | MOUZ (Glitter) | Copenhagen 2024,,,50512682,True,81a19f0b-11b2-4e99-b621-b90cf59a759a,2025-07-24,,SOLD,2025-07-31,14.0,0.05,0.23,0.2,0.04
G3W27X4XN6F8,13.48,2025-07-26,Michael Syfers  | FBI Sniper,,9923bdbc-ee56-4ab2-ad98-85925bbd2d71,63919903,False,9923bdbc-ee56-4ab2-ad98-85925bbd2d71,2025-07-27,,SOLD,2025-07-31,4.0,0.05,15.99,14.2,1.71
GR8R74DT64FH,13.48,2025-07-26,Michael Syfers  | FBI Sniper,,f137ca35-13c7-4768-a540-5a27312f0c57,63919902,False,f137ca35-13c7-4768-a540-5a27312f0c57,2025-07-27,,SOLD,2025-07-31,4.0,0.05,15.99,14.2,1.71
G42KDKWRA9TU,13.48,2025-07-26,Michael Syfers  | FBI Sniper,,411d74d6-b013-47e9-9d75-88befebe081f,63919901,False,411d74d6-b013-47e9-9d75-88befebe081f,2025-07-27,,SOLD,2025-07-31,4.0,0.05,15.99,14.2,1.71
GCEPLCDE5FCU,0.25,2025-07-30,Shanghai 2024 Legends Sticker Capsule,,,57328786,True,effb6c7c-8b5f-415f-b099-513421c54e42,2025-07-31,,SOLD,2025-07-31,0.0,0.05,0.5,0.27,0.22
G2U32WW3W83T,13.48,2025-07-26,Michael Syfers  | FBI Sniper,,63a644d0-6508-4fc7-bb11-9b4df3cb8f00,63919900,False,63a644d0-6508-4fc7-bb11-9b4df3cb8f00,2025-07-27,,SOLD,2025-07-31,4.0,0.05,15.99,14.2,1.71
G0HFSTN0UU37,0.25,2025-07-30,Shanghai 2024 Legends Sticker Capsule,,,57328786,True,657acefe-f95d-4659-a5fe-b12a2ba2f586,2025-07-31,,SOLD,2025-07-31,0.0,0.05,0.5,0.27,0.22
GLFN0PC4ZSSZ,0.25,2025-07-30,Shanghai 2024 Contenders Sticker Capsule,,,57328785,True,da67b7e2-601b-4752-a993-b28453eef926,2025-07-31,,SOLD,2025-07-31,0.0,0.05,0.52,0.27,0.24
GNGXW9CK0DNG,0.25,2025-07-30,Shanghai 2024 Contenders Sticker Capsule,,,57328785,True,13e59937-f51b-4f8e-863f-7250f099b7ea,2025-07-31,,SOLD,2025-07-31,0.0,0.05,0.52,0.27,0.24
GFHX0R2UE6W8,0.25,2025-07-30,Shanghai 2024 Contenders Sticker Capsule,,,57328785,True,95c1140a-ad79-4471-a725-aaf5271e7b91,2025-07-31,,SOLD,2025-07-31,0.0,0.05,0.52,0.27,0.24
G4EFHS53DZ85,0.25,2025-07-30,Shanghai 2024 Legends Sticker Capsule,,,57328786,True,52f486b9-3cf2-4b87-8a27-631a4a5e760e,2025-07-31,,SOLD,2025-07-31,0.0,0.05,0.5,0.27,0.22
G4T36SZ392TK,0.25,2025-07-30,Shanghai 2024 Legends Sticker Capsule,,,57328786,True,86c215e6-f8c0-4caa-b592-3330157edd2b,2025-07-31,,SOLD,2025-07-31,0.0,0.05,0.5,0.27,0.22
GXREPL4X25WU,2.21,2025-07-17,P250 | See Ya Later (Field-Tested),23.77,f233fb67-7ebe-487a-b484-c046bb97ff39,63908967,False,f233fb67-7ebe-487a-b484-c046bb97ff39,2025-07-26,,SOLD,2025-07-31,13.0,0.05,2.78,2.34,0.43
GSF905D9TK7N,0.25,2025-07-30,Shanghai 2024 Contenders Sticker Capsule,,,57328785,True,69a62932-e6e4-46d0-ac66-9ac1292083b6,2025-07-31,,SOLD,2025-07-31,0.0,0.05,0.52,0.27,0.24
GCN2S5DWAAWX,0.25,2025-07-30,Shanghai 2024 Legends Sticker Capsule,,,57328786,True,13cb5261-393a-43c6-8a6d-193a839d07e6,2025-07-31,,SOLD,2025-07-31,0.0,0.05,0.5,0.27,0.22
G0N9NKLKTWHU,0.25,2025-07-30,Shanghai 2024 Legends Sticker Capsule,,,57328786,True,169f97d1-37f2-4cc1-aeca-9d953963daf0,2025-07-31,,SOLD,2025-07-31,0.0,0.05,0.5,0.27,0.22
GKL2AA5FKCXF,0.25,2025-07-30,Shanghai 2024 Contenders Sticker Capsule,,,57328785,True,7257e8e6-6538-43bd-a2f3-753c1784fb81,2025-07-31,,SOLD,2025-07-31,0.0,0.05,0.52,0.27,0.24
GED37TW80C89,0.25,2025-07-30,Shanghai 2024 Contenders Sticker Capsule,,,57328785,True,866a94f8-a573-42ac-86e5-333cf790ccaf,2025-07-31,,SOLD,2025-07-31,0.0,0.05,0.52,0.27,0.24
G03K5PLC9GP6,0.25,2025-07-30,Shanghai 2024 Legends Sticker Capsule,,,57328786,True,3a50bf1c-ea30-47be-a9fa-cd1dfaa36806,2025-07-31,,SOLD,2025-07-31,0.0,0.05,0.5,0.27,0.22
G6ATUSXGXUWP,1.32,2025-07-26,AK-47 | Crossfade (Field-Tested),21.64,563f7b8b-49c7-47c2-bd11-28a8075a6dbd,63955571,False,563f7b8b-49c7-47c2-bd11-28a8075a6dbd,2025-07-27,,SOLD,2025-07-31,4.0,0.05,1.64,1.4,0.24
GGT5ZKL88LEW,0.9,2025-07-28,Clutch Case,,,767005,True,abe72062-7547-4c07-bde4-287a13283fca,2025-07-30,,SOLD,2025-07-31,2.0,0.05,1.11,0.96,0.15
GLG5XR4F57XA,0.9,2025-07-28,Clutch Case,,,767005,True,093cee0c-d05c-45b7-b92e-6e43e1df3a1f,2025-07-30,,SOLD,2025-07-31,2.0,0.05,1.11,0.96,0.15
GAZDFHWRA9A5,0.9,2025-07-28,Clutch Case,,,767005,True,3dcae964-5329-40f5-9a6d-7e706f45bdde,2025-07-30,,SOLD,2025-07-31,2.0,0.05,1.11,0.96,0.15
G8GUF9LTRX6E,0.9,2025-07-28,Clutch Case,,,767005,True,dc6655c5-726d-4118-9ee6-fdb6a2b5980b,2025-07-30,,SOLD,2025-07-31,2.0,0.05,1.11,0.96,0.15
GX0EZ2943G34,0.18,2025-07-16,Sticker | MOUZ (Glitter) | Copenhagen 2024,,,50512682,True,378215db-bd76-438d-9081-7fae00f7b8ae,2025-07-24,,SOLD,2025-07-31,14.0,0.05,0.23,0.2,0.04
GTLKLT4AKZN7,0.9,2025-07-28,Clutch Case,,,767005,True,be2b3a08-053e-44fb-bffa-db05b5c283d2,2025-07-30,,SOLD,2025-07-31,2.0,0.05,1.11,0.96,0.15
GR8DTKXDFGS3,0.25,2025-07-30,Shanghai 2024 Legends Sticker Capsule,,,57328786,True,523ab668-caea-4d06-9983-831d95f84ee5,2025-07-31,,SOLD,2025-07-31,0.0,0.05,0.5,0.27,0.22
GX5HNTHRWAUD,2.1,2025-07-29,AK-47 | Wintergreen (Field-Tested),31.09,80a4d6cc-aa22-42d4-becd-ed0f9251fa1d,64171755,False,80a4d6cc-aa22-42d4-becd-ed0f9251fa1d,2025-07-30,,SOLD,2025-07-31,1.0,0.05,3.18,2.22,0.92
GEGR9LR4STCS,0.25,2025-07-30,Shanghai 2024 Contenders Sticker Capsule,,,57328785,True,9b4e8b02-889d-49b6-b428-bf7ffe0435ab,2025-07-31,,SOLD,2025-07-31,0.0,0.05,0.52,0.27,0.24
GWWXS3NU0STT,0.25,2025-07-30,Shanghai 2024 Contenders Sticker Capsule,,,57328785,True,8dd43187-a954-45fc-97a0-58eb71c7a87c,2025-07-31,,SOLD,2025-07-31,0.0,0.05,0.52,0.27,0.24
GFEDS6PRK2R6,0.25,2025-07-30,Shanghai 2024 Contenders Sticker Capsule,,,57328785,True,cc5c408e-9a66-4272-9dd5-f8444f68731c,2025-07-31,,SOLD,2025-07-31,0.0,0.05,0.52,0.27,0.24
GXGGH5TX409R,0.25,2025-07-30,Shanghai 2024 Contenders Sticker Capsule,,,57328785,True,c2ef5061-4c79-46d5-b812-738effbc66a1,2025-07-31,,SOLD,2025-07-31,0.0,0.05,0.52,0.27,0.24
GHLZ9CWRF2CC,0.25,2025-07-30,Shanghai 2024 Legends Sticker Capsule,,,57328786,True,b3ed9170-ab12-4fd8-8f94-6a5c1631cb67,2025-07-31,,SOLD,2025-07-31,0.0,0.05,0.5,0.27,0.22
G28A0ZZF7KXE,0.25,2025-07-30,Shanghai 2024 Legends Sticker Capsule,,,57328786,True,4141bcad-e9a6-499f-9862-99ce5b485107,2025-07-31,,SOLD,2025-07-31,0.0,0.05,0.5,0.27,0.22
GZ074T8597NH,5.32,2025-07-25,Shattered Web Case,,,7191070,True,c3a1c88f-ae5a-455f-b00b-aee983ea4f2a,2025-07-26,,SOLD,2025-07-31,5.0,0.05,6.08,5.61,0.46
G2L2CFLF326N,0.32,2025-06-15,Shanghai 2024 Challengers Sticker Capsule,,,57328787,True,3ea8e539-b239-4b40-ac2d-0896260df12c,2025-07-24,,SOLD,2025-07-31,45.0,0.05,0.42,0.35,0.08
GLA33RNZ3T26,0.5,2025-07-02,Sticker | Fnatic (Holo) | Paris 2023,,,45094590,True,c9d3f8e5-4df1-4792-8e0a-0c9ad97089c1,2025-07-26,,SOLD,2025-07-31,28.0,0.05,0.93,0.54,0.38
GP93PS6FAN5P,98.0,2025-07-04,Sir Bloody Miami Darryl | The Professionals,,fac17741-a687-4fac-a387-61013f7585f3,63871302,False,fac17741-a687-4fac-a387-61013f7585f3,2025-07-24,,SOLD,2025-07-31,26.0,0.05,114.34,103.17,10.62
GWKFHATLUDU3,0.25,2025-07-09,Shanghai 2024 Legends Autograph Capsule,,,57328788,True,a7f9df98-c9d5-4898-a913-b9f3a1c1e61d,2025-07-24,,SOLD,2025-07-31,21.0,0.05,0.28,0.27,0.02
GL7LH0CLW2NH,0.5,2025-07-06,Sticker | Fnatic (Holo) | Paris 2023,,,45094590,True,fb1bc49a-30a1-40b9-80c0-253b5786add1,2025-07-24,,SOLD,2025-07-31,24.0,0.05,0.93,0.54,0.38
G6WK5DTHRAF2,0.25,2025-07-09,Shanghai 2024 Legends Autograph Capsule,,,57328788,True,4fac0809-1323-4dc1-9ce9-d991e57f2272,2025-07-24,,SOLD,2025-07-31,21.0,0.05,0.28,0.27,0.02
GHUNHTNU04SG,0.25,2025-07-09,Shanghai 2024 Legends Autograph Capsule,,,57328788,True,5f87ec50-065b-4a63-b721-9768370ffc67,2025-07-24,,SOLD,2025-07-31,21.0,0.05,0.28,0.27,0.02
GCF3CDKLR376,0.32,2025-06-15,Shanghai 2024 Challengers Sticker Capsule,,,57328787,True,31112c7c-17ae-4da0-b79c-5cafdcd435a3,2025-07-24,,SOLD,2025-07-31,45.0,0.05,0.42,0.35,0.08
GP07S85GTRPF,0.25,2025-07-09,Shanghai 2024 Legends Autograph Capsule,,,57328788,True,d55fcadd-2f4f-4737-a4ca-1f25b21c236a,2025-07-24,,SOLD,2025-07-31,21.0,0.05,0.28,0.27,0.02
GKLZXSKHSGXE,4.4,2025-05-09,Sticker | Bolt Charge (Foil),,,55478593,True,4d9b84f4-da8f-495e-8154-56ed72068ca2,2025-07-24,,SOLD,2025-07-31,82.0,0.05,4.63,4.64,-0.0
GXK3R633K7W7,0.2,2025-06-23,Sticker | Boom Detonation (Glitter),,,55450510,True,8e42561b-ddd0-4033-a875-d300d19b05fe,2025-07-24,,SOLD,2025-07-31,37.0,0.05,0.29,0.22,0.08
GFHXCPURT5NH,110.0,2025-07-07,AWP | Asiimov (Field-Tested),31.16,7b29e2ba-229b-4b43-8693-230bd2ba587a,63871330,False,7b29e2ba-229b-4b43-8693-230bd2ba587a,2025-07-24,,SOLD,2025-07-31,23.0,0.05,123.2,115.8,7.04
GG6XSAGU74WA,3.9,2025-05-08,Sticker | Bolt Charge (Foil),,,55478593,True,93b7483c-a4e3-439b-9d58-3f40eb9d8bc6,2025-07-26,,SOLD,2025-07-31,83.0,0.05,4.63,4.12,0.5
GS2CL0DU88A7,0.32,2025-06-15,Shanghai 2024 Challengers Sticker Capsule,,,57328787,True,9bbe2a15-a8d3-4db3-8506-aa46ddf38289,2025-07-24,,SOLD,2025-07-31,45.0,0.05,0.42,0.35,0.08
G2WWWF9RT6N5,3.9,2025-05-08,Sticker | Bolt Charge (Foil),,,55478593,True,3e3a0b0b-9837-4319-afb9-58dbc5af9bec,2025-07-26,,SOLD,2025-07-31,83.0,0.05,4.63,4.12,0.5
G7K3WS70UX3D,0.5,2025-07-06,Sticker | Fnatic (Holo) | Paris 2023,,,45094590,True,06daa7f5-2321-4828-817d-162fe303080e,2025-07-07,,SOLD,2025-07-31,24.0,0.1,0.93,0.57,0.34
GEZGLU87L697,4.4,2025-05-09,Sticker | Bolt Charge (Foil),,,55478593,True,00ba5308-2c45-4aee-a5b3-ddbd79731afb,2025-07-24,,SOLD,2025-07-31,82.0,0.05,4.63,4.64,-0.0
GZ3S4X2DNFSW,0.25,2025-07-09,Shanghai 2024 Legends Autograph Capsule,,,57328788,True,82963c9f-7d44-4f7d-8026-9875793a63f9,2025-07-24,,SOLD,2025-07-31,21.0,0.05,0.28,0.27,0.02
GF0KDT632APA,0.32,2025-06-15,Shanghai 2024 Challengers Sticker Capsule,,,57328787,True,28c6113f-cdca-45ea-8b79-96527960040a,2025-07-24,,SOLD,2025-07-31,45.0,0.05,0.42,0.35,0.08
GZ6NTNS6CL73,0.2,2025-06-23,Sticker | Boom Detonation (Glitter),,,55450510,True,940513e3-8467-4663-b3bb-8aeb0051f266,2025-06-24,,SOLD,2025-07-31,37.0,0.08,0.29,0.23,0.07
G426CSS292HC,13.95,2025-07-24,Lt. Commander Ricksaw | NSWC SEAL,,b9916430-e656-4bba-aa0a-c482a09e3330,63908329,False,b9916430-e656-4bba-aa0a-c482a09e3330,2025-07-25,2025-08-01,SOLD,2025-08-01,7.0,0.05,16.62,14.69,1.84
G3XRS8HHN2NF,0.51,2025-07-28,Charm | Lil' SAS,,b7dd687a-eb5d-4693-be33-00dc7fb54d87,64145943,False,b7dd687a-eb5d-4693-be33-00dc7fb54d87,2025-07-30,,SOLD,2025-08-01,3.0,0.05,0.7,0.55,0.15
G5E4PNSA977S,47.58,2025-07-26,Number K | The Professionals,,23ca7991-e0d3-41f7-a6a8-58c613ce7da7,63955581,False,23ca7991-e0d3-41f7-a6a8-58c613ce7da7,2025-07-27,,SOLD,2025-08-01,5.0,0.05,58.12,50.09,7.63
GC7EC7Z62LGA,7.88,2025-07-25,Ground Rebel  | Elite Crew,,90d46989-2abd-4252-9cc7-be4358c1c913,63908824,False,90d46989-2abd-4252-9cc7-be4358c1c913,2025-07-26,2025-08-01,SOLD,2025-08-01,6.0,0.05,8.95,8.31,0.62
G2K03PZ53UKA,3.41,2025-06-16,StatTrak™ M4A1-S | Emphorosaur-S (Minimal Wear),10.44,34df5c60-777b-43a6-8ac8-e8bf27c38601,63871275,False,34df5c60-777b-43a6-8ac8-e8bf27c38601,2025-07-24,,SOLD,2025-08-01,45.0,0.05,3.94,3.6,0.33
G3X7GAEWA3S8,0.56,2025-07-31,Desert Eagle | Tilted (Minimal Wear),8.2,f72185ea-8961-4201-81e7-e5e2d74d8505,64215602,False,f72185ea-8961-4201-81e7-e5e2d74d8505,2025-08-01,,SOLD,2025-08-01,0.0,0.05,1.2,0.6,0.58
G64A02WDU35G,0.54,2025-07-13,Sticker | Vitality (Holo) | Paris 2023,,,45017001,True,bfb9d23b-ef5d-4734-af21-ab471a6e5bda,2025-07-24,,SOLD,2025-08-01,18.0,0.05,1.15,0.58,0.55
G8P525AF026T,1.11,2025-07-28,USP-S | Black Lotus (Field-Tested),35.6,6b7fcb5c-aede-4358-8420-5844ac039add,64145950,False,6b7fcb5c-aede-4358-8420-5844ac039add,2025-07-30,,SOLD,2025-08-01,3.0,0.05,1.44,1.18,0.26
G62700RGS368,0.54,2025-07-13,Sticker | Vitality (Holo) | Paris 2023,,,45017001,True,0caf1e3a-b489-44b0-939e-203acbc6f772,2025-07-24,,SOLD,2025-08-01,18.0,0.05,1.15,0.58,0.55
GNLF9SS02D4R,5.32,2025-07-25,Shattered Web Case,,,7191070,True,066ff58d-883b-4a50-9e10-3cc50603c9df,2025-07-26,,SOLD,2025-08-01,6.0,0.05,6.08,5.61,0.46
G2R8GC4ZZAN8,0.54,2025-07-13,Sticker | Vitality (Holo) | Paris 2023,,,45017001,True,d7a2c289-dea9-403d-b948-9287a563ba1f,2025-07-24,,SOLD,2025-08-01,18.0,0.05,1.15,0.58,0.55
GAXG7H62ALG7,5.32,2025-07-25,Shattered Web Case,,,7191070,True,e5d5f734-c0df-43b8-9c96-f61ef2ffe7ec,2025-07-26,,SOLD,2025-08-01,6.0,0.05,6.08,5.61,0.46
G37K03PCD3D4,5.32,2025-07-25,Shattered Web Case,,,7191070,True,0e5050ae-96f5-453c-b8c9-f73710180e5b,2025-07-26,,SOLD,2025-08-01,6.0,0.05,6.08,5.61,0.46
GGN9SD66AE53,7.0,2025-07-28,AK-47 | Wintergreen (Minimal Wear),13.89,47ff1294-0c24-46da-bad5-08d35989201a,64145960,False,47ff1294-0c24-46da-bad5-08d35989201a,2025-07-30,,SOLD,2025-08-01,3.0,0.05,10.92,7.38,3.37
G3CG3AG86830,5.32,2025-07-25,Shattered Web Case,,,7191070,True,2559063f-f816-4b30-9eaa-6191a9249665,2025-07-26,,SOLD,2025-08-01,6.0,0.05,6.08,5.61,0.46
GN07929FZ5WT,5.09,2025-07-25,AK-47 | Slate (Minimal Wear),9.43,f44f6427-8214-41a7-be96-6c3b3b4770b4,63919853,False,f44f6427-8214-41a7-be96-6c3b3b4770b4,2025-07-26,,SOLD,2025-08-02,7.0,0.05,5.59,5.37,0.22
G9GKASGD8HUP,9.77,2025-07-05,AK-47 | Wintergreen (Minimal Wear),8.94,fcb123e3-e05c-4e09-b0fc-9b2fcde771fe,63871310,False,fcb123e3-e05c-4e09-b0fc-9b2fcde771fe,2025-07-24,,SOLD,2025-08-02,27.0,0.05,10.92,10.29,0.6
G2LG3RRPAK5S,7.34,2025-07-25,M4A4 | Neo-Noir (Field-Tested),30.47,8759cf2f-2dc9-4c8c-a63d-540615beb35a,63919852,False,8759cf2f-2dc9-4c8c-a63d-540615beb35a,2025-07-26,,SOLD,2025-08-02,7.0,0.05,8.29,7.74,0.54
GDCS28NLZLKU,12.37,2025-07-25,AK-47 | Frontside Misty (Field-Tested),18.66,04504aad-7e5f-44ab-966e-7a092705287f,63919858,False,04504aad-7e5f-44ab-966e-7a092705287f,2025-07-26,,SOLD,2025-08-02,7.0,0.05,15.08,13.03,1.96
G78R0HFCRA6G,18.91,2025-07-25,M4A1-S | Nightmare (Minimal Wear),8.41,7a711cf7-6bf5-4a2e-bc7b-683405b89640,63919860,False,7a711cf7-6bf5-4a2e-bc7b-683405b89640,2025-07-26,,SOLD,2025-08-02,7.0,0.05,22.29,19.92,2.27
GXRCFS6ZEH9L,4.38,2025-07-28,Five-SeveN | Heat Treated (Field-Tested),27.88,bfdcb09d-1536-459b-a8a2-261b4e32b350,64145939,False,bfdcb09d-1536-459b-a8a2-261b4e32b350,2025-07-30,,SOLD,2025-08-02,4.0,0.05,5.05,4.62,0.42
GUP38U4NE3DP,39.0,2025-07-25,Sir Bloody Darryl Royale | The Professionals,,a4d133f0-ef5d-4072-9886-c98def7adaec,63919863,False,a4d133f0-ef5d-4072-9886-c98def7adaec,2025-07-26,,SOLD,2025-08-02,7.0,0.05,45.41,41.06,4.14
GS5DTA302U8N,4.68,2025-07-25,Ground Rebel  | Elite Crew,,5db260f2-d2bf-4554-999e-50ee4abe3a56,63919837,False,5db260f2-d2bf-4554-999e-50ee4abe3a56,2025-07-26,,SOLD,2025-08-02,7.0,0.05,8.99,4.94,3.86
GTXEETKN664U,12.49,2025-07-29,AK-47 | Ice Coaled (Factory New),5.07,2672eed2-b8c9-4aed-a2bc-21c8245455f0,64171758,False,2672eed2-b8c9-4aed-a2bc-21c8245455f0,2025-07-30,,SOLD,2025-08-02,3.0,0.05,15.29,13.16,2.04
GX65L4TSSPT0,9.62,2025-07-25,Street Soldier | Phoenix,,cc69311f-540f-4300-95c3-6eb079a99918,63919864,False,cc69311f-540f-4300-95c3-6eb079a99918,2025-07-26,2025-08-02,SOLD,2025-08-02,7.0,0.05,11.36,10.14,1.17
GDD97S9ATZDP,10.56,2025-07-25,USP-S | The Traitor (Field-Tested),32.4,9b3b6777-659d-46ef-b84d-95d24dbe2ff6,63919851,False,9b3b6777-659d-46ef-b84d-95d24dbe2ff6,2025-07-26,,SOLD,2025-08-02,7.0,0.05,11.72,11.13,0.57
G3HP99RE7H3X,4.2,2025-07-25,Five-SeveN | Heat Treated (Field-Tested),22.74,136f47e2-3d1b-4df6-8035-e49fba437486,63919856,False,136f47e2-3d1b-4df6-8035-e49fba437486,2025-07-26,,SOLD,2025-08-02,7.0,0.05,4.94,4.43,0.49
GWFPRPNT0PWW,15.56,2025-07-25,AK-47 | Legion of Anubis (Factory New),5.96,b35a6d21-10e5-44ef-b896-b9990f89cd9c,63919850,False,b35a6d21-10e5-44ef-b896-b9990f89cd9c,2025-07-26,,SOLD,2025-08-02,7.0,0.05,18.37,16.39,1.89
GLKF6ZT707FA,60.23,2025-07-27,AWP | Printstream (Field-Tested),36.19,c8500cb6-570e-4035-b30c-529a469a1a78,63972329,False,c8500cb6-570e-4035-b30c-529a469a1a78,2025-07-28,,SOLD,2025-08-02,5.0,0.05,68.03,63.41,4.4
G2G9W87FKFND,5.0,2025-07-26,Galil AR | Chromatic Aberration (Minimal Wear),8.34,d57b87c9-5ebe-442e-9612-f0a5b073b3dd,63955575,False,d57b87c9-5ebe-442e-9612-f0a5b073b3dd,2025-07-27,,SOLD,2025-08-02,6.0,0.05,5.77,5.27,0.48
GZTAC79EX9SF,24.0,2025-08-01,AK-47 | Asiimov (Field-Tested),20.46,06c10673-c904-454c-ba9e-de4475636387,64236110,False,06c10673-c904-454c-ba9e-de4475636387,2025-08-02,,SOLD,2025-08-02,0.0,0.05,29.41,25.27,3.94
G86L6PXR7KDR,2.92,2025-07-15,Sticker | Gold Web (Foil),,,7177483,True,8475fe14-27de-4e9e-8324-fac72e9f4e4e,2025-07-24,,SOLD,2025-08-02,17.0,0.05,3.48,3.08,0.39
GSDF5G7CF47E,2.92,2025-07-15,Sticker | Gold Web (Foil),,,7177483,True,280cb021-91a3-48a6-9bac-8865049877a8,2025-07-24,,SOLD,2025-08-02,17.0,0.05,3.48,3.08,0.39
GN8403P3WAL3,2.92,2025-07-14,Sticker | Gold Web (Foil),,,7177483,True,589da6c0-726c-4e9e-8f1e-7b5ccdf901e6,2025-07-24,,SOLD,2025-08-02,18.0,0.05,3.48,3.08,0.39
G9AG3HNSRW5H,2.92,2025-07-14,Sticker | Gold Web (Foil),,,7177483,True,bfce8eac-3239-4e72-ab9f-687e7bd09ff8,2025-07-24,,SOLD,2025-08-02,18.0,0.05,3.48,3.08,0.39
GK3F7DN076LE,2.92,2025-07-14,Sticker | Gold Web (Foil),,,7177483,True,59990c1f-04a7-4385-94bb-4403baa7bf6e,2025-07-26,,SOLD,2025-08-02,18.0,0.05,3.48,3.08,0.39
GTHDSR6GKP7Z,2.92,2025-07-14,Sticker | Gold Web (Foil),,,7177483,True,19dafd52-dd11-4fef-8cd9-a11b6587ab79,2025-07-26,,SOLD,2025-08-02,18.0,0.05,3.48,3.08,0.39
GESH6U8LEX8W,10.23,2025-08-01,3rd Commando Company | KSK,,512b324c-d5d5-47a0-bb4a-6c3dc06132cc,64236093,False,512b324c-d5d5-47a0-bb4a-6c3dc06132cc,2025-08-02,,SOLD,2025-08-02,0.0,0.05,12.24,10.78,1.4
GR2KRARC0RGZ,0.17,2025-07-12,Sticker | The MongolZ (Holo) | Paris 2023,,,45260557,True,8000bdce-0c73-4282-86f2-5196fcbffc3d,2025-07-13,,SOLD,2025-08-02,20.0,0.1,0.41,0.2,0.2
GFG8CG24FXLG,5.21,2025-08-01,USP-S | Jawbreaker (Field-Tested),19.87,03cd8849-2625-4dbd-ac03-5a289ba94141,64236109,False,03cd8849-2625-4dbd-ac03-5a289ba94141,2025-08-02,,SOLD,2025-08-02,0.0,0.05,5.94,5.49,0.43
GGCW9C2HXT0P,8.16,2025-08-01,USP-S | Jawbreaker (Minimal Wear),10.79,c625b350-0efe-4cfc-99e8-118ee6121376,64236108,False,c625b350-0efe-4cfc-99e8-118ee6121376,2025-08-02,,SOLD,2025-08-02,0.0,0.05,10.0,8.6,1.34
GNW4CKCLZWPX,13.0,2025-08-01,AK-47 | Nightwish (Minimal Wear),9.82,e9325dd5-9dbb-4ada-abc4-7f0ce5797a35,64236107,False,e9325dd5-9dbb-4ada-abc4-7f0ce5797a35,2025-08-02,,SOLD,2025-08-02,0.0,0.05,15.82,13.69,2.03
GDA39S0GXWSP,0.26,2025-07-08,Sticker | The MongolZ (Holo) | Paris 2023,,,45260557,True,96275111-118a-42db-89a9-011b66d5c316,2025-07-30,,SOLD,2025-08-02,24.0,0.05,0.41,0.28,0.13
G2XW3FSSCSZ3,2.95,2025-08-01,Gamma Case,,,230,True,b5a0ec5d-ec38-41c1-8579-5ff22186c8a0,2025-08-02,,SOLD,2025-08-02,0.0,0.05,3.58,3.12,0.45
GRKN9HGZEEDU,1.52,2025-08-01,USP-S | Ticket to Hell (Factory New),6.59,47bd7059-ca61-4ed4-b7d6-662c4d940216,64236105,False,47bd7059-ca61-4ed4-b7d6-662c4d940216,2025-08-02,,SOLD,2025-08-02,0.0,0.05,1.74,1.61,0.13
G3HN7AH4PZKD,6.31,2025-08-01,Blackwolf | Sabre,,e1033281-15d0-4913-b11e-0726ee16c7d5,64236095,False,e1033281-15d0-4913-b11e-0726ee16c7d5,2025-08-02,,SOLD,2025-08-02,0.0,0.05,7.23,6.65,0.56
GN687F7PSH32,1.86,2025-08-01,USP-S | Tropical Breeze (Field-Tested),23.02,52d71b50-5763-4df0-917b-9f40e51a7884,64236104,False,52d71b50-5763-4df0-917b-9f40e51a7884,2025-08-02,,SOLD,2025-08-02,0.0,0.05,2.7,1.97,0.7
GLLLZG4F7RT6,3.98,2025-08-01,AK-47 | Searing Rage (Field-Tested),33.09,eaa35260-cb9c-467c-87d7-78592b5c8c7e,64236103,False,eaa35260-cb9c-467c-87d7-78592b5c8c7e,2025-08-02,,SOLD,2025-08-02,0.0,0.05,4.65,4.2,0.44
G267089Z5DDR,0.52,2025-08-01,USP-S | Ticket to Hell (Minimal Wear),13.49,ea7ed935-02a5-42c6-ba03-13c863711b82,64236100,False,ea7ed935-02a5-42c6-ba03-13c863711b82,2025-08-02,,SOLD,2025-08-02,0.0,0.05,0.72,0.56,0.16
GF54ADTR5NAC,1.28,2025-08-01,Prisma 2 Case,,,15870576,True,6819680c-6086-4bfa-a619-3d249a015955,2025-08-02,,SOLD,2025-08-02,0.0,0.05,1.46,1.36,0.11
GP2HLE2UW9EF,1.28,2025-08-01,Prisma 2 Case,,,15870576,True,fc7c453f-78aa-4f66-8164-fae69f3121f3,2025-08-02,,SOLD,2025-08-02,0.0,0.05,1.46,1.36,0.11
GK0CKNS2KLZS,0.32,2025-07-08,Antwerp 2022 Contenders Sticker Capsule,,,40130042,True,c394537a-3ff7-4427-bdfa-0dfcd32b1bc3,2025-07-24,,SOLD,2025-08-03,25.0,0.05,0.42,0.35,0.08
GUL4E9GGF7K0,1.47,2025-07-26,StatTrak™ Glock-18 | Umbral Rabbit (Minimal Wear),9.16,ab11d904-7d67-475d-a29b-7e549f8366e8,63955569,False,ab11d904-7d67-475d-a29b-7e549f8366e8,2025-07-27,,SOLD,2025-08-03,7.0,0.05,2.13,1.56,0.55
G984F9EGESL9,0.15,2025-04-15,Sticker | Bad News Eagles (Holo) | Paris 2023,,,45156216,True,2f24fa70-b108-4763-8936-2b8a110069a5,2025-07-24,,SOLD,2025-08-03,109.0,0.05,0.52,0.17,0.34
G0L9E3DS80W7,1.5,2025-06-15,StatTrak™ M4A1-S | Emphorosaur-S (Field-Tested),34.12,33b87c98-248c-411d-823c-c12a093bc7d3,63871065,False,33b87c98-248c-411d-823c-c12a093bc7d3,2025-07-24,,SOLD,2025-08-03,48.0,0.05,1.89,1.59,0.3
GK7EZCWAZTLF,4.0,2025-08-01,Zeus x27 | Olympus (Field-Tested),17.52,33625be4-8b80-4b21-9aaa-3d8dab27c4ff,64236096,False,33625be4-8b80-4b21-9aaa-3d8dab27c4ff,2025-08-02,,SOLD,2025-08-03,1.0,0.05,5.05,4.22,0.8
GPP7AK6NXL3H,0.32,2025-07-05,Antwerp 2022 Contenders Sticker Capsule,,,40130042,True,e3ec561f-111c-4621-852b-c22cb797b12c,2025-07-30,,SOLD,2025-08-03,28.0,0.05,0.42,0.35,0.08
GAP63U4L8UU5,0.32,2025-07-05,Antwerp 2022 Contenders Sticker Capsule,,,40130042,True,8277befe-8419-4344-bcda-c390fed10589,2025-07-26,,SOLD,2025-08-03,28.0,0.05,0.42,0.35,0.08
G99CKS4LA7FT,0.32,2025-07-05,Antwerp 2022 Contenders Sticker Capsule,,,40130042,True,d97d7512-3649-4616-a4c9-3f21c0ada2c3,2025-07-24,,SOLD,2025-08-03,28.0,0.05,0.42,0.35,0.08
G8U82W95WW6N,0.32,2025-07-05,Antwerp 2022 Contenders Sticker Capsule,,,40130042,True,cbb4ce94-bb78-44d9-be9f-6be6ea4c6310,2025-07-24,,SOLD,2025-08-03,28.0,0.05,0.42,0.35,0.08
GZN5U5ZPF3G6,0.32,2025-07-05,Antwerp 2022 Contenders Sticker Capsule,,,40130042,True,0bd8aef1-4cbc-4812-b689-f33ecda31ffe,2025-07-07,,SOLD,2025-08-03,28.0,0.1,0.42,0.37,0.06
GXSR8WL89GE3,4.9,2025-08-02,USP-S | Jawbreaker (Field-Tested),18.17,e8b00033-bbaf-446d-a53c-d53adc3c8a94,64269653,False,e8b00033-bbaf-446d-a53c-d53adc3c8a94,2025-08-03,,SOLD,2025-08-03,0.0,0.05,5.88,5.17,0.69
G7AZ32RXH8U3,31.0,2025-07-14,Bloody Darryl The Strapped | The Professionals,,95c00304-d1cd-4053-9424-856630936257,63908987,False,95c00304-d1cd-4053-9424-856630936257,2025-07-26,,SOLD,2025-08-03,19.0,0.05,36.41,32.64,3.59
GFHR7NFAFKX2,0.65,2025-07-31,AWP | Pit Viper (Minimal Wear),10.83,56223232-e5a3-4428-b52d-8cba43c52967,64215601,False,56223232-e5a3-4428-b52d-8cba43c52967,2025-08-01,,SOLD,2025-08-03,2.0,0.05,1.41,0.69,0.69
GKL37AWP00WH,0.63,2025-08-02,USP-S | PC-GRN (Factory New),5.73,a2b961a5-a07f-417d-8e81-724d7e320e90,64269654,False,a2b961a5-a07f-417d-8e81-724d7e320e90,2025-08-03,,SOLD,2025-08-03,0.0,0.05,0.93,0.67,0.25
G32LLEWDLH9U,3.28,2025-07-31,USP-S | Cyrex (Factory New),6.21,f5337138-a6d4-439e-ba18-6212de386573,64215604,False,f5337138-a6d4-439e-ba18-6212de386573,2025-08-01,,SOLD,2025-08-03,2.0,0.05,3.74,3.46,0.27
G3S795X9Z0SW,3.21,2025-07-31,USP-S | Cyrex (Factory New),6.87,d10d8483-83b4-49ba-8f26-6ce0f0c170eb,64215603,False,d10d8483-83b4-49ba-8f26-6ce0f0c170eb,2025-08-01,,SOLD,2025-08-03,2.0,0.05,3.74,3.39,0.34
GL03Z5TG5WFT,0.23,2025-07-15,Sticker | Boom Trail (Glitter),,,55436346,True,4f0df8e0-e5b3-4ac3-bf3d-9cb6bca7ead9,2025-07-26,,SOLD,2025-08-03,18.0,0.05,0.39,0.25,0.14
G82PXHT552W2,12.03,2025-08-02,AK-47 | Head Shot (Minimal Wear),10.55,b8c62c06-5a11-4886-95d1-c5fb1aebbdac,64269652,False,b8c62c06-5a11-4886-95d1-c5fb1aebbdac,2025-08-03,,SOLD,2025-08-03,0.0,0.05,15.05,12.67,2.27
GU8833PZ0HNZ,6.13,2025-08-01,Blackwolf | Sabre,,fff19e8e-5c39-4977-ae62-59dae15a33a5,64236094,False,fff19e8e-5c39-4977-ae62-59dae15a33a5,2025-08-02,,SOLD,2025-08-03,1.0,0.05,7.23,6.46,0.74
GXDW5HSFG278,1.4,2025-07-28,AWP | Black Nile (Field-Tested),20.53,e2da2d88-4760-42f6-9434-224d868c2e1d,64145957,False,e2da2d88-4760-42f6-9434-224d868c2e1d,2025-07-30,,SOLD,2025-08-04,6.0,0.05,1.97,1.48,0.47
GLP47770A37T,46.0,2025-07-26,Number K | The Professionals,,68497926-ff15-4da0-bf8d-98dfac8b28dc,63955580,False,68497926-ff15-4da0-bf8d-98dfac8b28dc,2025-07-27,,SOLD,2025-08-04,8.0,0.05,57.17,48.43,8.31
GRGKA3GFZESE,3.81,2025-07-25,AK-47 | Ice Coaled (Field-Tested),26.23,55b059ff-129b-4cd1-b298-375aa471728a,63919855,False,55b059ff-129b-4cd1-b298-375aa471728a,2025-07-26,,SOLD,2025-08-04,9.0,0.05,4.59,4.02,0.55
GETGCU5GLD0D,6.9,2025-01-24,Desert Eagle | Heat Treated (Minimal Wear),14.32,d38ebedf-56b1-4116-9145-63f07c2aa16f,63871053,False,d38ebedf-56b1-4116-9145-63f07c2aa16f,2025-07-24,,SOLD,2025-08-04,191.0,0.05,3.61,7.27,-3.47
GP7GZLUFNWUU,0.86,2025-07-29,Sticker | High Heat,,,55414367,True,ddaec616-dd7a-469a-840d-ae0c2042c619,2025-07-30,,SOLD,2025-08-04,5.0,0.05,0.97,0.92,0.06
GAAD9GFP35FU,1.94,2025-07-26,MP9 | Food Chain (Field-Tested),34.05,a0ca6d3c-e020-4c06-857d-1ba4447a30c1,63955582,False,a0ca6d3c-e020-4c06-857d-1ba4447a30c1,2025-07-27,,SOLD,2025-08-04,8.0,0.05,2.22,2.05,0.17
GLPGNTK85ULW,3.07,2025-07-28,Chroma 3 Case,,,209,True,7d61874a-5e83-42d3-aeb9-e25ce156a81e,2025-07-30,,SOLD,2025-08-04,6.0,0.05,3.45,3.24,0.21
G8GTPD0L7X8R,0.5,2025-04-15,Sticker | Bad News Eagles (Holo) | Paris 2023,,,45156216,True,45b510ce-b76d-461f-a882-d73baa34f3ea,2025-07-24,,SOLD,2025-08-04,110.0,0.05,0.55,0.54,0.02
GKZ2Z35WDFKD,1.92,2025-07-15,Guardian 3 Pin,,,870797,True,bcdc1feb-cd38-4001-a14b-32e893aa94bb,2025-07-26,,SOLD,2025-08-04,19.0,0.05,2.66,2.03,0.61
GHF7L80FNUGN,3.56,2025-01-30,Desert Eagle | Tilted (Factory New),6.57,d042af95-2058-4151-93c8-e332e63cecd2,63871052,False,d042af95-2058-4151-93c8-e332e63cecd2,2025-07-24,,SOLD,2025-08-04,185.0,0.05,2.25,3.76,-1.42
GSHCF730XX94,3.05,2025-08-02,Welcome to the Clutch Pin,,,870735,True,cb3275cb-f54e-46ee-9208-811a5bf754c2,2025-08-03,,SOLD,2025-08-04,1.0,0.05,3.86,3.22,0.62
GWFX7SP69U98,3.07,2025-07-28,Chroma 3 Case,,,209,True,a3ceda98-c746-48d6-8881-747b2170d9dc,2025-07-30,,SOLD,2025-08-04,6.0,0.05,3.45,3.24,0.21
GDTXZ6HX7HFC,4.98,2025-08-03,Galil AR | Eco (Field-Tested),26.05,66b04560-ed27-4d33-bf0f-6846433ef5ed,64285240,False,66b04560-ed27-4d33-bf0f-6846433ef5ed,2025-08-04,,SOLD,2025-08-04,0.0,0.05,6.0,5.25,0.72
G32X59N8WKPD,1.7,2025-07-10,StatTrak™ Glock-18 | Umbral Rabbit (Minimal Wear),13.94,dfbe819a-0826-413c-9dfd-236f775d0451,63871345,False,dfbe819a-0826-413c-9dfd-236f775d0451,2025-07-24,,SOLD,2025-08-04,24.0,0.05,2.1,1.8,0.29
G06DR5T504CN,3.07,2025-07-28,Chroma 3 Case,,,209,True,49e037e7-bc4b-400f-83fa-41d6db88072d,2025-07-30,,SOLD,2025-08-04,6.0,0.05,3.45,3.24,0.21
GPZ6TD5TG8SW,3.07,2025-07-28,Chroma 3 Case,,,209,True,a2ba5aa2-e0f6-43c3-aa08-b134386506fc,2025-07-30,,SOLD,2025-08-04,6.0,0.05,3.45,3.24,0.21
G8X495KR6L3D,1.37,2025-08-01,USP-S | Ticket to Hell (Factory New),6.16,de7694a9-71de-4065-8138-3e09a68e408c,64236099,False,de7694a9-71de-4065-8138-3e09a68e408c,2025-08-02,,SOLD,2025-08-04,2.0,0.05,1.74,1.45,0.28
G6UP5HLAWNGG,2.0,2025-07-07,Desert Eagle | Serpent Strike (Factory New),6.28,8c8c0523-8d85-49e3-ab30-2b8894b30111,63871308,False,8c8c0523-8d85-49e3-ab30-2b8894b30111,2025-07-24,,SOLD,2025-08-04,27.0,0.05,2.25,2.12,0.14
G9R8488SPUS0,3.07,2025-07-28,Chroma 3 Case,,,209,True,c77f9d6b-a960-4938-b23c-7ccc662bea3d,2025-07-30,,SOLD,2025-08-04,6.0,0.05,3.45,3.24,0.21
GPRUHXFKG3W3,5.2,2025-08-03,Ground Rebel  | Elite Crew,,2d732282-fbd9-494c-994a-09d53e7a159d,64285249,False,2d732282-fbd9-494c-994a-09d53e7a159d,2025-08-04,,SOLD,2025-08-04,0.0,0.05,8.89,5.48,3.25
GG66ER9P2F7N,3.06,2025-08-03,"Music Kit | The Verkkars, EZ4ENCE",,a91c6974-5163-4779-8047-6d85f5bfb8ba,64285250,False,a91c6974-5163-4779-8047-6d85f5bfb8ba,2025-08-04,,SOLD,2025-08-04,0.0,0.05,3.85,3.23,0.6
GLCSKKWR2524,11.23,2025-08-03,M4A1-S | Black Lotus (Minimal Wear),10.98,be9c085f-a492-4893-8ecd-7d8a8c245c1c,64285252,False,be9c085f-a492-4893-8ecd-7d8a8c245c1c,2025-08-04,,SOLD,2025-08-04,0.0,0.05,13.11,11.83,1.22
G3FT2GZHSFA3,7.81,2025-08-03,AK-47 | Wintergreen (Minimal Wear),8.44,2cff71f2-94f8-4ebd-8b6c-627f76fc7a15,64285253,False,2cff71f2-94f8-4ebd-8b6c-627f76fc7a15,2025-08-04,,SOLD,2025-08-04,0.0,0.05,11.03,8.23,2.67
GWF8HE4S7E2T,5.35,2025-08-03,Ground Rebel  | Elite Crew,,2ca53d9b-f444-44a2-a1c6-8c29672722b8,64285254,False,2ca53d9b-f444-44a2-a1c6-8c29672722b8,2025-08-04,,SOLD,2025-08-04,0.0,0.05,8.89,5.64,3.1
G43RL5NWWGGK,4.1,2025-08-03,Glock-18 | Shinobu (Field-Tested),30.19,e6bdf4a1-9424-4e49-b2eb-af0edce60b3a,64285265,False,e6bdf4a1-9424-4e49-b2eb-af0edce60b3a,2025-08-04,,SOLD,2025-08-04,0.0,0.05,4.67,4.33,0.34
GU77S0T6ZFTW,2.76,2025-07-28,P250 | Asiimov (Field-Tested),30.3,bddcc7e8-b0b3-4cab-a89d-2e2ddb8eecb7,64145955,False,bddcc7e8-b0b3-4cab-a89d-2e2ddb8eecb7,2025-07-30,,SOLD,2025-08-04,6.0,0.05,3.58,2.92,0.64
G9NPUWH60A3H,3.71,2025-07-27,Galil AR | Chromatic Aberration (Minimal Wear),13.51,9d1a8a7f-9495-423e-b249-c1c661840c39,63972328,False,9d1a8a7f-9495-423e-b249-c1c661840c39,2025-07-28,,SOLD,2025-08-04,7.0,0.05,5.17,3.92,1.2
GCC2SU7U0UP7,3.08,2025-01-28,Desert Eagle | Heat Treated (Field-Tested),23.18,f431b2f2-8f6c-4d3c-82c2-a050e6f0f98d,63871055,False,f431b2f2-8f6c-4d3c-82c2-a050e6f0f98d,2025-07-24,,SOLD,2025-08-04,187.0,0.05,1.24,3.25,-1.9
G69HRGGP8ERA,1.89,2025-01-27,Desert Eagle | Heat Treated (Field-Tested),18.04,7a6c7761-1909-45b3-bb80-57834c84d27b,63871054,False,7a6c7761-1909-45b3-bb80-57834c84d27b,2025-07-24,,SOLD,2025-08-04,188.0,0.05,1.24,2.0,-0.71
GAW249N7N3E8,2.7,2025-07-27,"Music Kit | bbno$, u mad!",,753a84d1-f302-487d-82ab-85bcc11bc92b,63972325,False,753a84d1-f302-487d-82ab-85bcc11bc92b,2025-07-28,,SOLD,2025-08-04,7.0,0.05,3.66,2.85,0.78
GC2RNX6CXT66,3.07,2025-07-28,Chroma 3 Case,,,209,True,49df8904-638a-47b5-b775-c7526e2f5e57,2025-07-30,,SOLD,2025-08-04,6.0,0.05,3.45,3.24,0.21
GRSWZU50FR8D,7.06,2025-07-27,M4A4 | Neo-Noir (Field-Tested),30.69,f023ac6d-f918-4d27-8fc0-6c8f4e028ff6,63972323,False,f023ac6d-f918-4d27-8fc0-6c8f4e028ff6,2025-07-28,,SOLD,2025-08-04,7.0,0.05,8.6,7.44,1.11
G5R9HF9E7HLE,4.1,2025-08-04,Glock-18 | Shinobu (Field-Tested),22.94,2330d2f7-c411-498c-9b6e-99d5e56ece47,64314914,False,2330d2f7-c411-498c-9b6e-99d5e56ece47,2025-08-05,,SOLD,2025-08-04,0.0,0.05,4.67,4.33,0.34
GS730K8HX929,0.5,2025-04-15,Sticker | Bad News Eagles (Holo) | Paris 2023,,,45156216,True,b9d4e9b2-7532-4525-9137-dd0cc2ac0060,2025-07-24,,SOLD,2025-08-04,110.0,0.05,0.55,0.54,0.02
GZUZKCKXDHP2,18.0,2025-08-03,AWP | Neo-Noir (Field-Tested),19.93,e81ce3bf-9731-4c46-926f-690f90de9bae,64285268,False,e81ce3bf-9731-4c46-926f-690f90de9bae,2025-08-04,,SOLD,2025-08-04,0.0,0.05,21.02,18.96,1.97
GEFTC0THW603,2.2,2025-06-17,M4A1-S | Emphorosaur-S (Factory New),6.99,9fb9e193-0d41-40c7-9a61-60cb35db08c2,63871267,False,9fb9e193-0d41-40c7-9a61-60cb35db08c2,2025-07-24,,SOLD,2025-08-05,48.0,0.05,2.51,2.33,0.18
G59KCPTSUC58,5.58,2025-07-27,StatTrak™ USP-S | Ticket to Hell (Factory New),3.52,e4a06fc7-aa09-4749-abb9-30a91612c614,63972321,False,e4a06fc7-aa09-4749-abb9-30a91612c614,2025-07-28,,SOLD,2025-08-05,8.0,0.05,7.42,5.88,1.47
GPXC5ZUFD27E,5.03,2025-07-27,Galil AR | Eco (Field-Tested),32.36,52efa930-8e9c-46f0-a7d6-c8ebf05e80a4,63972322,False,52efa930-8e9c-46f0-a7d6-c8ebf05e80a4,2025-07-28,,SOLD,2025-08-05,8.0,0.05,6.0,5.31,0.67
GXAGPF5W75GZ,3.59,2025-08-04,AK-47 | Searing Rage (Field-Tested),30.05,ab47b2f1-a2d3-4dc2-8d5b-541a33ca6304,64314910,False,ab47b2f1-a2d3-4dc2-8d5b-541a33ca6304,2025-08-05,,SOLD,2025-08-05,0.0,0.05,4.63,3.79,0.81
G647ZC6GFCH3,1.08,2025-08-03,AK-47 | Uncharted (Factory New),1.6,0b9a4d3a-a2a8-48dd-b50a-0bc0d68fabfc,64285241,False,0b9a4d3a-a2a8-48dd-b50a-0bc0d68fabfc,2025-08-04,,SOLD,2025-08-05,1.0,0.05,1.24,1.15,0.1
GL64L34SX3ZL,0.23,2025-08-01,Nova | Candy Apple (Factory New),5.45,818dfa1e-0b51-46a6-b3f2-b3732c4da11d,64236106,False,818dfa1e-0b51-46a6-b3f2-b3732c4da11d,2025-08-02,,SOLD,2025-08-05,3.0,0.05,0.35,0.25,0.1
GNPP0PER24CK,0.38,2025-08-03,Charm | Baby's AK,,8df5a6a2-fe03-4075-b9da-a09c1e80c8cd,64285248,False,8df5a6a2-fe03-4075-b9da-a09c1e80c8cd,2025-08-04,,SOLD,2025-08-05,1.0,0.05,0.69,0.41,0.28
GLU6F9XRWX7R,0.61,2025-08-03,AWP | Pit Viper (Minimal Wear),13.26,b51eca1a-f418-4b47-8ad6-1ff4aad9c41b,64285262,False,b51eca1a-f418-4b47-8ad6-1ff4aad9c41b,2025-08-04,,SOLD,2025-08-05,1.0,0.05,1.27,0.65,0.6
GP2PXF3H4X9H,1.53,2025-07-31,StatTrak™ M4A1-S | Night Terror (Field-Tested),18.76,33829868-abc2-4158-ac56-e422bafab41d,64215600,False,33829868-abc2-4158-ac56-e422bafab41d,2025-08-01,,SOLD,2025-08-05,4.0,0.05,2.37,1.62,0.72
G6HDCU27DRKX,3.7,2025-07-06,Sticker | Loving Eyes (Holo),,,49020732,True,7a95f962-f6cb-42c1-98b8-7d6249b4a5dc,2025-07-26,,SOLD,2025-08-05,29.0,0.05,7.27,3.91,3.21
GRZH8GWAU35L,3.18,2025-08-04,"Music Kit | The Verkkars, EZ4ENCE",,81c1e345-96c3-4a16-b3af-0e6d1d7ae8e0,64314903,False,81c1e345-96c3-4a16-b3af-0e6d1d7ae8e0,2025-08-05,,SOLD,2025-08-05,0.0,0.05,3.87,3.36,0.5
G4PDZAS36EP4,1.31,2025-08-04,Sticker | MOUZ (Holo) | Paris 2023,,,45008727,True,e8937675-4746-4cfe-ad24-b7db17c56982,2025-08-05,,SOLD,2025-08-05,0.0,0.05,2.34,1.39,0.91
GS4PGLZNTGZG,3.59,2025-08-04,AK-47 | Searing Rage (Field-Tested),21.58,80c5df8f-5ed7-4c40-b17d-2fbf9326fb71,64314911,False,80c5df8f-5ed7-4c40-b17d-2fbf9326fb71,2025-08-05,,SOLD,2025-08-05,0.0,0.05,4.63,3.79,0.81
G6CH98AL60AW,43.0,2025-08-04,M4A4 | The Emperor (Minimal Wear),13.53,4713a07f-59a7-4932-a820-aa8a95a682c6,64314905,False,4713a07f-59a7-4932-a820-aa8a95a682c6,2025-08-05,,SOLD,2025-08-05,0.0,0.05,48.51,45.27,3.08
GLGLEE47D7ZG,4.9,2025-08-04,USP-S | Jawbreaker (Field-Tested),17.95,38dfc20a-f131-4048-b033-bf2c7c45024c,64314909,False,38dfc20a-f131-4048-b033-bf2c7c45024c,2025-08-05,,SOLD,2025-08-05,0.0,0.05,5.75,5.17,0.56
GS3RLP5P344D,9.3,2025-07-03,MAC-10 | Neon Rider (Minimal Wear),12.44,7afbc9f2-47f7-4c1b-903a-f2d4bb92544d,63871289,False,7afbc9f2-47f7-4c1b-903a-f2d4bb92544d,2025-07-24,,SOLD,2025-08-05,32.0,0.05,10.82,9.8,0.98
GZDK8N9G64WR,1.82,2025-07-01,Desert Eagle | Meteorite (Factory New),2.47,2b8d9047-83ad-4114-ae7e-d22bdd1bbd8c,63871291,False,2b8d9047-83ad-4114-ae7e-d22bdd1bbd8c,2025-07-24,,SOLD,2025-08-05,34.0,0.05,2.1,1.93,0.17
GKH59SPLTH5H,4.63,2025-07-25,USP-S | Cortex (Minimal Wear),14.63,7a43b57e-43df-4677-b6f7-2fbfe93f2242,63919861,False,7a43b57e-43df-4677-b6f7-2fbfe93f2242,2025-07-26,,SOLD,2025-08-05,10.0,0.05,5.46,4.88,0.56
G8HZGHDF2S4G,4.64,2025-07-25,USP-S | Cortex (Minimal Wear),11.9,54d7fd0b-4258-4941-ab44-53dc21b7ed5b,63919862,False,54d7fd0b-4258-4941-ab44-53dc21b7ed5b,2025-07-26,,SOLD,2025-08-05,10.0,0.05,5.46,4.89,0.55
G2LG3GC08UHC,6.15,2025-07-29,M4A4 | Desolate Space (Field-Tested),30.68,0c8daa50-e6a6-4473-8737-ba3edfc75c8d,64171753,False,0c8daa50-e6a6-4473-8737-ba3edfc75c8d,2025-07-30,,SOLD,2025-08-05,6.0,0.05,8.04,6.48,1.49
GD56CCZFKP0G,2.08,2025-08-04,AK-47 | Wintergreen (Field-Tested),21.61,a541f9d7-ac25-45ea-b85f-70114c604c16,64314915,False,a541f9d7-ac25-45ea-b85f-70114c604c16,2025-08-05,,SOLD,2025-08-06,1.0,0.05,3.13,2.2,0.89
G7DZ2S4GFWTS,5.93,2025-08-02,StatTrak™ M4A1-S | Night Terror (Factory New),5.88,5e0fae18-e785-4924-a0ef-9b35ba4e78f5,64269651,False,5e0fae18-e785-4924-a0ef-9b35ba4e78f5,2025-08-03,,SOLD,2025-08-06,3.0,0.05,7.23,6.25,0.94
GDF5KW004C3D,4.06,2025-08-05,Sticker | Bolt Charge (Foil),,,55478593,True,9c1c9d9c-961c-4772-a0c1-d3b93ce80db8,2025-08-06,,SOLD,2025-08-06,0.0,0.05,4.96,4.28,0.65
GAR70KL978LW,0.38,2025-08-03,Charm | Baby's AK,,02b298eb-b510-45aa-b167-431c25e7dd08,64285247,False,02b298eb-b510-45aa-b167-431c25e7dd08,2025-08-04,,SOLD,2025-08-06,2.0,0.05,0.69,0.41,0.28
G4A4K6HFZEDL,5.82,2025-07-29,M4A4 | Desolate Space (Field-Tested),27.39,abf8f9f1-72ed-4c34-a328-3519a964e504,64171752,False,abf8f9f1-72ed-4c34-a328-3519a964e504,2025-07-30,,SOLD,2025-08-06,7.0,0.05,8.04,6.14,1.82
G84PHE5U7Z6L,1.02,2025-08-03,M4A1-S | Mud-Spec (Factory New),5.33,c59d78f7-fff9-4682-ad77-bb907a330b0a,64285260,False,c59d78f7-fff9-4682-ad77-bb907a330b0a,2025-08-04,,SOLD,2025-08-06,2.0,0.05,1.33,1.08,0.24
G48XE2EGLSEL,7.3,2025-08-05,Operation Broken Fang Case,,,28950707,True,ce8b679d-6487-4712-9bc0-9c1050e477c7,2025-08-06,,SOLD,2025-08-06,0.0,0.05,8.19,7.69,0.48
GFW7UW9S8E7Z,7.3,2025-08-05,Operation Broken Fang Case,,,28950707,True,1b1744b2-84c1-4788-adbe-480f5a5df117,2025-08-06,,SOLD,2025-08-06,0.0,0.05,8.19,7.69,0.48
GL7Z9TP5RLF4,0.47,2025-08-05,Sticker | Web Stuck,,,7243184,True,551f1c80-bfeb-4245-9ea4-469710d38981,2025-08-06,,SOLD,2025-08-06,0.0,0.05,0.66,0.51,0.16
GACGSHWAL3KX,0.51,2025-07-29,AK-47 | Olive Polycam (Factory New),6.99,66bdc91b-935f-4a93-8d78-107bb6311f33,64171757,False,66bdc91b-935f-4a93-8d78-107bb6311f33,2025-07-30,,SOLD,2025-08-06,7.0,0.05,0.65,0.55,0.11
G05SZZK482SF,7.3,2025-08-05,Operation Broken Fang Case,,,28950707,True,df28bbdf-70b5-4105-9a5c-fd85897030ba,2025-08-06,,SOLD,2025-08-06,0.0,0.05,8.19,7.69,0.48
GWPRN0HNW5SN,7.3,2025-08-05,Operation Broken Fang Case,,,28950707,True,abd226fc-7643-4f0d-8946-26c4b3c6c6e5,2025-08-06,,SOLD,2025-08-06,0.0,0.05,8.19,7.69,0.48
G4K8TW5LEFL2,4.06,2025-08-05,Sticker | Bolt Charge (Foil),,,55478593,True,316b57c3-b493-4520-b714-a29934f1f7fe,2025-08-06,,SOLD,2025-08-06,0.0,0.05,4.96,4.28,0.65
GSFEC00U8XAC,105.0,2025-08-04,AK-47 | Inheritance (Minimal Wear),13.58,1c65c3a0-16c8-43c9-84a0-cff0b893ec3a,64314916,False,1c65c3a0-16c8-43c9-84a0-cff0b893ec3a,2025-08-05,,SOLD,2025-08-06,1.0,0.05,116.27,110.54,5.46
G544AW5RFDHN,0.47,2025-08-05,Sticker | Web Stuck,,,7243184,True,acf63311-2861-47fe-97c5-54cde7328ea7,2025-08-06,,SOLD,2025-08-06,0.0,0.05,0.66,0.51,0.16
G3X6EXZ3DF9U,2.94,2025-07-29,AWP | Black Nile (Minimal Wear),9.08,f5c5dae5-a504-4784-9ff8-b2296a8c38f5,64171754,False,f5c5dae5-a504-4784-9ff8-b2296a8c38f5,2025-07-30,,SOLD,2025-08-06,7.0,0.05,4.42,3.11,1.26
GN95F0UHD0AC,0.47,2025-08-05,Sticker | Web Stuck,,,7243184,True,6a2d9340-b0cd-4f32-b30c-4b82c3b46988,2025-08-06,,SOLD,2025-08-06,0.0,0.05,0.66,0.51,0.16
G32KA7Z4KW73,0.49,2025-08-02,Sticker | Bolt Charge,,,55478590,True,f515fbd8-6fdd-4425-810f-e8f1bfb972a2,2025-08-03,,SOLD,2025-08-06,3.0,0.05,0.68,0.53,0.16
G442PAZL8G4H,4.71,2025-07-25,USP-S | Cortex (Minimal Wear),12.09,fd8c25f3-6c9b-4056-b6ce-0a6bd48c88b2,63919854,False,fd8c25f3-6c9b-4056-b6ce-0a6bd48c88b2,2025-07-26,,SOLD,2025-08-06,11.0,0.05,5.46,4.97,0.48
G2D27H70ZC3E,3.2,2025-07-18,Glock-18 | Shinobu (Well-Worn),41.66,09e637f1-20c0-40cb-b39c-dc85e2dbb9ad,63867795,False,09e637f1-20c0-40cb-b39c-dc85e2dbb9ad,2025-07-24,,SOLD,2025-08-06,18.0,0.05,3.86,3.38,0.47
G79G2434CPEZ,2.0,2025-06-17,StatTrak™ M4A1-S | Night Terror (Field-Tested),28.2,227beb16-2616-4752-a884-6df275fa24d1,63871276,False,227beb16-2616-4752-a884-6df275fa24d1,2025-07-24,,SOLD,2025-08-06,49.0,0.05,2.37,2.12,0.25
GZERW8H2GURP,9.06,2025-07-13,StatTrak™ USP-S | Black Lotus (Minimal Wear),14.84,2e6495d6-512b-4cea-9eac-6542aeebc050,63871341,False,2e6495d6-512b-4cea-9eac-6542aeebc050,2025-07-24,,SOLD,2025-08-06,23.0,0.05,10.08,9.55,0.52
G77X9ERX8TF7,1.35,2025-07-20,StatTrak™ M4A1-S | Night Terror (Field-Tested),28.58,3430d1e0-947a-4770-9017-a9f3e3a24f80,63908980,False,3430d1e0-947a-4770-9017-a9f3e3a24f80,2025-07-26,,SOLD,2025-08-06,16.0,0.05,2.37,1.43,0.9
GXEXUSKK4SH4,2.6,2025-07-24,AK-47 | Slate (Well-Worn),44.49,51671103-bd2c-44d6-af9e-4bfd769b8a7e,63908331,False,51671103-bd2c-44d6-af9e-4bfd769b8a7e,2025-07-25,,SOLD,2025-08-06,12.0,0.05,2.99,2.75,0.24
GG9T5R9L47E4,5.49,2025-08-05,MP7 | Fade (Factory New),5.76,d0eacf30-f092-408c-bd68-c422d78d84c2,64360104,False,d0eacf30-f092-408c-bd68-c422d78d84c2,2025-08-06,,SOLD,2025-08-06,0.0,0.05,6.11,5.79,0.31
G0W9NU9SET0X,0.49,2025-08-02,Sticker | Bolt Charge,,,55478590,True,52a0c45a-928b-4cb3-8302-0946c9f849e1,2025-08-03,,SOLD,2025-08-06,3.0,0.05,0.68,0.53,0.16
GKAA9W9W4ZW6,2.5,2025-07-24,AK-47 | Slate (Well-Worn),41.77,66516c9d-6a75-4173-9eaa-47c83729b757,63908330,False,66516c9d-6a75-4173-9eaa-47c83729b757,2025-07-25,,SOLD,2025-08-06,12.0,0.05,2.82,2.64,0.18
GS4PDFRCWEPU,4.85,2025-07-25,USP-S | Cortex (Minimal Wear),12.34,ae2949d8-28f7-4ee7-9cc9-a48806bb3771,63908828,False,ae2949d8-28f7-4ee7-9cc9-a48806bb3771,2025-07-26,,SOLD,2025-08-06,11.0,0.05,5.46,5.12,0.34
GW4FK8P4A5EC,4.85,2025-07-25,USP-S | Cortex (Minimal Wear),11.25,88476483-f374-4792-a48b-cf418b62f40c,63908827,False,88476483-f374-4792-a48b-cf418b62f40c,2025-07-26,,SOLD,2025-08-06,11.0,0.05,5.46,5.12,0.34
GS608KUA0C4P,6.5,2025-08-05,AK-47 | Searing Rage (Minimal Wear),8.4,1769196a-e74e-42dc-9d51-0a1990f10eef,64360098,False,1769196a-e74e-42dc-9d51-0a1990f10eef,2025-08-06,,SOLD,2025-08-06,0.0,0.05,9.81,6.85,2.82
G8908CZZDPA0,0.9,2025-08-06,Desert Eagle | Tilted (Minimal Wear),8.39,97cd0b18-53fb-4490-af5f-48c168f7966e,64402727,False,97cd0b18-53fb-4490-af5f-48c168f7966e,2025-08-08,,SOLD,2025-08-07,0.0,0.05,1.36,0.96,0.39
GZPP2T0LZA8P,2.75,2025-07-13,Five-SeveN | Monkey Business (Field-Tested),35.24,6f179d82-9f32-472d-b594-c488a5dd2cc8,63871423,False,6f179d82-9f32-472d-b594-c488a5dd2cc8,2025-07-24,,SOLD,2025-08-07,24.0,0.05,3.11,2.91,0.2
GNP2H84P94KN,3.0,2025-08-04,Glock-18 | Shinobu (Well-Worn),44.96,7f0e1ba1-9786-4397-a34d-8665dcb0715e,64314913,False,7f0e1ba1-9786-4397-a34d-8665dcb0715e,2025-08-05,,SOLD,2025-08-07,2.0,0.05,3.45,3.17,0.28
G93H4CXXF200,0.03,2025-07-05,Sticker | donk | Shanghai 2024,,,57707282,True,fefdc8dd-3fa7-404b-823e-1143b4dbc6d4,2025-07-30,,SOLD,2025-08-07,32.0,0.05,0.04,0.04,0.01
G0N56RKE4W4S,1.9,2025-07-05,Zeus x27 | Electric Blue (Factory New),6.99,8833de23-c58e-4370-ba8a-0548a0c90062,63871306,False,8833de23-c58e-4370-ba8a-0548a0c90062,2025-07-24,,SOLD,2025-08-07,32.0,0.05,2.13,2.01,0.12
G6HA87UDWSKG,14.99,2025-08-06,USP-S | Neo-Noir (Field-Tested),18.84,97c5d69a-06ab-4ce1-bedd-3791159c4bb2,64402728,False,97c5d69a-06ab-4ce1-bedd-3791159c4bb2,2025-08-08,,SOLD,2025-08-07,0.0,0.05,16.19,15.79,0.39
G9C544G50GPT,0.03,2025-07-07,Sticker | donk | Shanghai 2024,,,57707282,True,cca8e870-d6f8-465c-b90b-d786c16f38ee,2025-07-26,,SOLD,2025-08-07,30.0,0.05,0.04,0.04,0.01
GZF672DPZ930,0.03,2025-07-07,Sticker | donk | Shanghai 2024,,,57707282,True,545f66fa-315c-44f0-8858-7364f14a5e44,2025-07-30,,SOLD,2025-08-07,30.0,0.05,0.04,0.04,0.01
GC74ZA9U2L7A,2.17,2025-08-03,MAC-10 | Disco Tech (Field-Tested),32.2,4cd57e05-6a7a-478d-a1a3-5f07e88e055c,64285257,False,4cd57e05-6a7a-478d-a1a3-5f07e88e055c,2025-08-04,,SOLD,2025-08-07,3.0,0.05,2.78,2.29,0.47
GH63R62LHL4K,1.3,2025-08-05,StatTrak™ M4A1-S | Emphorosaur-S (Field-Tested),15.65,416a728d-88f0-46ad-bfb1-76ccef884541,64360094,False,416a728d-88f0-46ad-bfb1-76ccef884541,2025-08-06,,SOLD,2025-08-07,1.0,0.05,1.8,1.38,0.41
G2N5LH00XXHT,0.03,2025-07-08,Sticker | donk | Shanghai 2024,,,57707282,True,969bc4b3-7188-464a-a123-42b9889d8a65,2025-07-09,,SOLD,2025-08-07,29.0,0.1,0.04,0.04,0.01
GH9L95R9X2A2,9.78,2025-08-06,3rd Commando Company | KSK,,56f1ed42-df0c-490c-a31e-72d204f90970,64402723,False,56f1ed42-df0c-490c-a31e-72d204f90970,2025-08-08,,SOLD,2025-08-07,0.0,0.05,12.36,10.31,1.96
GAL0T9X6XE00,2.99,2025-08-04,Desert Eagle | Heat Treated (Minimal Wear),13.71,5479aa1e-6130-4d90-b0e6-b27ead87cf81,64314902,False,5479aa1e-6130-4d90-b0e6-b27ead87cf81,2025-08-05,,SOLD,2025-08-07,2.0,0.05,3.63,3.16,0.46
GF4090HDC2NL,2.69,2025-07-21,Five-SeveN | Monkey Business (Field-Tested),28.48,9f8a9cdb-f713-4d12-83bd-da706775e1e9,63908982,False,9f8a9cdb-f713-4d12-83bd-da706775e1e9,2025-07-26,,SOLD,2025-08-07,16.0,0.05,3.11,2.84,0.26
GCGHF98NDPUU,0.49,2025-08-06,Desert Eagle | Tilted (Minimal Wear),8.69,24c5ba69-ecfc-4ce0-9b4a-a4e0ac32afaf,64402725,False,24c5ba69-ecfc-4ce0-9b4a-a4e0ac32afaf,2025-08-08,,SOLD,2025-08-07,0.0,0.05,1.36,0.53,0.8
GESX2NUPLRLH,0.37,2025-08-07,Sticker | Flex,,,55480742,True,fe7eadd0-8268-4d65-b509-93689332ad57,2025-08-08,,SOLD,2025-08-08,0.0,0.05,0.63,0.4,0.23
GDDDCKEDHWW4,0.4,2025-08-03,Charm | Pinch O' Salt,,10dc1577-c425-4c13-9f0a-5140749eecd7,64285243,False,10dc1577-c425-4c13-9f0a-5140749eecd7,2025-08-04,,SOLD,2025-08-08,4.0,0.05,0.52,0.43,0.09
G3P88DGDE426,12.59,2025-08-04,AK-47 | Ice Coaled (Factory New),6.93,01f13f0c-39b7-4f19-ae64-6b47dde54385,64314917,False,01f13f0c-39b7-4f19-ae64-6b47dde54385,2025-08-05,,SOLD,2025-08-08,3.0,0.05,14.3,13.26,1.0
G8XF7D3F3ZZS,3.75,2025-07-28,AWP | Duality (Minimal Wear),11.33,bcd68c14-c0f5-47de-ba12-60fe3f810213,64145965,False,bcd68c14-c0f5-47de-ba12-60fe3f810213,2025-07-30,,SOLD,2025-08-08,10.0,0.05,4.35,3.96,0.38
G5L94L2F8ZHT,2.86,2025-08-01,Gamma 2 Case,,,726,True,f830da47-4345-47b4-89e5-b139186aec46,2025-08-02,,SOLD,2025-08-08,6.0,0.05,3.42,3.02,0.39
G3W63C7U5E7G,2.86,2025-08-01,Gamma 2 Case,,,726,True,8b6a929c-d127-417e-94d1-57b37ab1b734,2025-08-02,,SOLD,2025-08-08,6.0,0.05,3.42,3.02,0.39
GWAEKTUX5C3D,1.9,2025-07-05,Zeus x27 | Electric Blue (Factory New),6.61,6de5c75a-6e62-44cc-a73e-7d8e14a46f85,63871305,False,6de5c75a-6e62-44cc-a73e-7d8e14a46f85,2025-07-24,,SOLD,2025-08-08,33.0,0.05,2.13,2.01,0.12
GWS48XH9WTTK,0.47,2025-07-16,AK-47 | Olive Polycam (Factory New),6.19,cace7d2e-24cc-42e6-9354-e8d7b4e8464e,63908973,False,cace7d2e-24cc-42e6-9354-e8d7b4e8464e,2025-07-26,,SOLD,2025-08-08,22.0,0.05,0.65,0.51,0.15
G9Z738CNG37T,2.69,2025-07-25,"Music Kit | bbno$, u mad!",,9aee8c2a-868d-433e-8645-c99f154bea0f,63919840,False,9aee8c2a-868d-433e-8645-c99f154bea0f,2025-07-26,,SOLD,2025-08-08,13.0,0.05,3.44,2.84,0.58
GPRRK27AW2RD,0.37,2025-08-07,Sticker | Flex,,,55480742,True,ce7c61d2-6dce-448f-8d5b-6e1798d5ae1e,2025-08-08,,SOLD,2025-08-08,0.0,0.05,0.63,0.4,0.23
GHGZ48FU223L,1.16,2025-07-28,USP-S | Ticket to Hell (Factory New),6.73,b68877db-22cc-4e2e-84c8-d8dab0b7f8ab,64145952,False,b68877db-22cc-4e2e-84c8-d8dab0b7f8ab,2025-07-30,,SOLD,2025-08-08,10.0,0.05,1.57,1.23,0.33
GPSGA3W26XK6,0.89,2025-07-08,USP-S | Black Lotus (Field-Tested),37.15,f880ad85-d1bf-4737-8b5b-a1ed4fae0862,63871332,False,f880ad85-d1bf-4737-8b5b-a1ed4fae0862,2025-07-24,,SOLD,2025-08-08,30.0,0.05,1.29,0.95,0.34
GL3R6F4L74LG,7.0,2025-08-06,Sticker | Battle Scarred (Holo),,,29020673,True,e805c8b3-9010-45d6-badb-ba748daf289b,2025-08-08,,SOLD,2025-08-08,1.0,0.05,8.34,7.38,0.92
GPZUUWESWNPX,3.0,2025-08-04,Gamma 2 Case,,,726,True,7fca6997-c7e0-4431-9f11-f48e8d542962,2025-08-05,,SOLD,2025-08-08,3.0,0.05,3.42,3.17,0.25
G9P5EZHFUKDR,6.75,2025-08-05,USP-S | Tropical Breeze (Factory New),6.62,21bdb3ff-50f2-4566-8a79-d09a7a61218c,64360099,False,21bdb3ff-50f2-4566-8a79-d09a7a61218c,2025-08-06,,SOLD,2025-08-08,2.0,0.05,8.55,7.12,1.37
GG2CZ2DFAX5L,1.79,2025-08-05,Sticker | Fluxo (Holo) | Paris 2023,,,45155974,True,2b05f877-e7c6-4689-9364-09568578efeb,2025-08-06,,SOLD,2025-08-08,2.0,0.05,2.17,1.89,0.27
GLEF38AU0D3N,1.7,2025-08-05,AWP | Black Nile (Field-Tested),29.6,3c13875e-63f6-4325-8030-f8a507c91e15,64360096,False,3c13875e-63f6-4325-8030-f8a507c91e15,2025-08-06,,SOLD,2025-08-08,2.0,0.05,1.97,1.8,0.17
GUS9XCA8PG7E,2.81,2025-08-04,StatTrak™ M4A1-S | Emphorosaur-S (Minimal Wear),8.81,8a52f97a-815e-4efb-8463-101dfe7193db,64314904,False,8a52f97a-815e-4efb-8463-101dfe7193db,2025-08-05,,SOLD,2025-08-08,3.0,0.05,3.46,2.97,0.48
G3WDECGRH3Z5,5.99,2025-08-05,Desert Eagle | Conspiracy (Minimal Wear),10.34,3a60cded-0fe8-4a4e-b873-01b28fb8dec1,64360091,False,3a60cded-0fe8-4a4e-b873-01b28fb8dec1,2025-08-06,,SOLD,2025-08-08,2.0,0.05,6.75,6.32,0.42
G9S4ED6ZKS00,2.93,2025-07-29,AWP | Black Nile (Minimal Wear),8.61,c93762f1-ec27-4dc4-b892-72a57ceab6aa,64171750,False,c93762f1-ec27-4dc4-b892-72a57ceab6aa,2025-07-30,,SOLD,2025-08-09,10.0,0.05,4.38,3.09,1.23
GFRU75AC83RW,0.63,2025-07-31,M4A1-S | Emphorosaur-S (Minimal Wear),10.48,6be1eeff-f114-40a9-832d-58739dd2fa48,64215599,False,6be1eeff-f114-40a9-832d-58739dd2fa48,2025-08-01,,SOLD,2025-08-09,8.0,0.05,1.08,0.67,0.4
GZEPG0NRFT3N,1.86,2025-08-04,AK-47 | Elite Build (Minimal Wear),11.51,c5ef3ebe-b8d9-4f14-872b-7cae852e505a,64314907,False,c5ef3ebe-b8d9-4f14-872b-7cae852e505a,2025-08-05,,SOLD,2025-08-09,4.0,0.05,2.15,1.97,0.18
G2W3XNNT79RK,8.05,2025-07-31,Zeus x27 | Olympus (Minimal Wear),14.92,23f7d989-778e-41cd-8bae-1455c99f6faa,64215598,False,23f7d989-778e-41cd-8bae-1455c99f6faa,2025-08-01,,SOLD,2025-08-09,8.0,0.05,8.96,8.48,0.46
GGD98ZUTAZSS,0.55,2025-04-15,Sticker | Bad News Eagles (Holo) | Paris 2023,,,45156216,True,06b6722a-8adf-4946-a0b4-dccf954a5109,2025-07-24,,SOLD,2025-08-09,115.0,0.05,0.6,0.59,0.02
GGGL2KA7W9R3,0.49,2025-08-02,Shanghai 2024 Contenders Sticker Capsule,,,57328785,True,75a14c23-5c6f-40da-b936-98664d7ecc1c,2025-08-03,,SOLD,2025-08-09,6.0,0.05,0.58,0.53,0.06
G2UNL82PAKS9,2.74,2025-08-06,Welcome to the Clutch Pin,,,870735,True,404d0c0b-acc8-40d7-91ce-5fa01c5e2e15,2025-08-08,,SOLD,2025-08-09,2.0,0.05,3.66,2.89,0.74
GTNL5R09TC57,0.49,2025-08-02,Shanghai 2024 Contenders Sticker Capsule,,,57328785,True,910a2cfb-e1bc-4bc7-b123-e134ea771582,2025-08-03,,SOLD,2025-08-09,6.0,0.05,0.58,0.53,0.06
G299S2D64PF3,0.49,2025-08-02,Shanghai 2024 Contenders Sticker Capsule,,,57328785,True,57072be2-2402-4045-b7fc-d0b69e02d94d,2025-08-03,,SOLD,2025-08-09,6.0,0.05,0.58,0.53,0.06
GGZFNR45FG9P,1.9,2025-07-04,Desert Eagle | Meteorite (Factory New),2.72,b0e4d4b1-aa46-4b60-8a63-130a73c35cc4,63871317,False,b0e4d4b1-aa46-4b60-8a63-130a73c35cc4,2025-07-24,,SOLD,2025-08-09,35.0,0.05,2.12,2.01,0.11
G72G0A2258GH,1.7,2025-08-05,AWP | Black Nile (Field-Tested),32.68,466aa0c2-700e-4c02-908b-103aa4046902,64360095,False,466aa0c2-700e-4c02-908b-103aa4046902,2025-08-06,,SOLD,2025-08-09,3.0,0.05,1.92,1.8,0.12
GDDZW2L9FLKC,0.49,2025-08-02,Shanghai 2024 Contenders Sticker Capsule,,,57328785,True,a30f5e7d-0fa0-4716-a17e-c24adb89824d,2025-08-03,,SOLD,2025-08-09,6.0,0.05,0.58,0.53,0.06
G4WNXSEN7FSL,0.49,2025-08-02,Shanghai 2024 Contenders Sticker Capsule,,,57328785,True,ca6bbaab-4d5f-437d-acca-77306155040d,2025-08-03,,SOLD,2025-08-09,6.0,0.05,0.58,0.53,0.06
G88SLRDZLXPL,0.16,2025-05-09,Sticker | OG (Foil) | 2020 RMR,,,30588656,True,76416a44-ec58-4d26-8ead-b28b67fea1c8,2025-07-24,,SOLD,2025-08-09,91.0,0.05,0.18,0.18,0.01
GKLUXUWUEE66,0.49,2025-08-02,Shanghai 2024 Contenders Sticker Capsule,,,57328785,True,6769df6a-96cd-483d-9d56-ada7ba0e1b67,2025-08-03,,SOLD,2025-08-09,6.0,0.05,0.58,0.53,0.06
GGUUX2FWT07H,80.65,2025-08-05,CS:GO Weapon Case,,,923,True,9885e2ba-9262-4cb9-a97c-b3d1ea00edbd,2025-08-06,,SOLD,2025-08-09,3.0,0.05,93.19,84.91,7.88
GC0C4HSUTC6U,80.65,2025-08-05,CS:GO Weapon Case,,,923,True,714dc4a3-95b0-4359-91f2-00c3cefefe4e,2025-08-06,,SOLD,2025-08-09,3.0,0.05,93.19,84.91,7.88
GNX8LXEWPE0E,0.4,2025-05-09,Zeus x27 | Tosai (Field-Tested),20.17,629b29e4-717e-432d-bfa0-48f6931f8a39,63871066,False,629b29e4-717e-432d-bfa0-48f6931f8a39,2025-07-24,,SOLD,2025-08-09,91.0,0.05,0.43,0.43,0.01
GDTKK3G6F0A9,2.39,2025-08-05,AK-47 | Slate (Well-Worn),44.48,918e5f35-39a6-402b-addd-900367b558a9,64360093,False,918e5f35-39a6-402b-addd-900367b558a9,2025-08-06,,SOLD,2025-08-09,3.0,0.05,2.73,2.53,0.2
G5SL36T4AA9Z,7.99,2025-08-01,Zeus x27 | Olympus (Minimal Wear),12.62,60dab0b8-0f19-42ab-8214-23ae78fd1657,64236101,False,60dab0b8-0f19-42ab-8214-23ae78fd1657,2025-08-02,,SOLD,2025-08-09,7.0,0.05,8.96,8.42,0.52
GPE89666UFKT,17.7,2025-08-05,SSG 08 | Dragonfire (Minimal Wear),14.05,a372667e-c810-4820-90f0-0737d122e95e,64360102,False,a372667e-c810-4820-90f0-0737d122e95e,2025-08-06,,SOLD,2025-08-09,3.0,0.05,20.4,18.64,1.68
G0XS08E5TFD4,2.65,2025-06-20,StatTrak™ M4A1-S | Emphorosaur-S (Minimal Wear),11.67,d9c6ee2d-fa14-4382-ba8b-59ab2d36ffcc,63871293,False,d9c6ee2d-fa14-4382-ba8b-59ab2d36ffcc,2025-07-24,,SOLD,2025-08-09,49.0,0.05,3.46,2.8,0.64
GS6A69978WSK,3.58,2025-02-05,Desert Eagle | Tilted (Factory New),6.81,43a26153-9761-406b-8009-de412333a518,63871058,False,43a26153-9761-406b-8009-de412333a518,2025-07-24,,SOLD,2025-08-10,185.0,0.05,2.32,3.78,-1.38
GRAG5WWKXTG8,1.9,2025-07-07,Desert Eagle | Meteorite (Factory New),6.33,82f4fe1b-a2ed-4e65-b5b9-1c19cb5aa381,63871315,False,82f4fe1b-a2ed-4e65-b5b9-1c19cb5aa381,2025-07-24,,SOLD,2025-08-10,33.0,0.05,2.12,2.01,0.11
GCN6PC99GD87,59.98,2025-08-09,AK-47 | Inheritance (Field-Tested),27.13,2b9166d2-3d83-4d8d-b996-4e923a59021d,64521918,False,2b9166d2-3d83-4d8d-b996-4e923a59021d,2025-08-10,,SOLD,2025-08-10,0.0,0.05,65.93,63.15,2.65
G0W3CR26A9DT,10.69,2025-08-01,CS:GO Weapon Case 2,,,927,True,684bd1bc-1e02-4d19-b791-30b6ce223cad,2025-08-02,,SOLD,2025-08-10,8.0,0.05,11.88,11.26,0.6
G47D04FTL293,3.12,2025-07-28,Glock-18 | Shinobu (Well-Worn),41.81,837373f7-fe23-4e1e-a05d-72277b34e17e,64145944,False,837373f7-fe23-4e1e-a05d-72277b34e17e,2025-07-30,,SOLD,2025-08-10,12.0,0.05,3.53,3.29,0.23
GC653Z6UCFW3,31.85,2025-08-09,Bloody Darryl The Strapped | The Professionals,,a53d7212-bfe1-4214-97db-06e1a97c78b1,64521906,False,a53d7212-bfe1-4214-97db-06e1a97c78b1,2025-08-10,,SOLD,2025-08-10,0.0,0.05,36.18,33.54,2.52
GXS75H5DHKPE,5.51,2025-08-09,MP9 | Starlight Protector (Minimal Wear),8.04,d7f5c282-db56-4f92-a2e8-5c705e042bd5,64521898,False,d7f5c282-db56-4f92-a2e8-5c705e042bd5,2025-08-10,,SOLD,2025-08-10,0.0,0.05,6.31,5.81,0.48
G3S2N8RP660A,0.62,2025-08-09,Five-SeveN | Sky Blue (Factory New),5.13,60d1ba61-c833-4f9a-b8d8-6a0b89660c18,64521907,False,60d1ba61-c833-4f9a-b8d8-6a0b89660c18,2025-08-10,,SOLD,2025-08-10,0.0,0.05,0.89,0.66,0.23
G4TFP76CGNN4,5.0,2025-08-09,USP-S | Jawbreaker (Field-Tested),31.75,9b3e7af7-c2af-4fe1-8302-84e97ad56430,64521899,False,9b3e7af7-c2af-4fe1-8302-84e97ad56430,2025-08-10,,SOLD,2025-08-10,0.0,0.05,5.81,5.27,0.52
GRATC4LRENLE,1.85,2025-08-08,Desert Eagle | Meteorite (Factory New),1.58,04d57e21-255f-4b57-bf3b-f4f3e6a6658b,64453582,False,04d57e21-255f-4b57-bf3b-f4f3e6a6658b,2025-08-09,,SOLD,2025-08-10,1.0,0.05,2.12,1.96,0.16
GS53ALSS7GUP,0.37,2025-08-07,Sticker | Flex,,,55480742,True,74a32941-6881-45cd-a77f-6323ead79030,2025-08-08,,SOLD,2025-08-10,2.0,0.05,0.63,0.4,0.23
GZ5RFTZAGKDD,1.56,2025-07-02,Desert Eagle | Meteorite (Factory New),4.44,6ee6e178-b9d4-450d-8273-9ef6c12c579d,63871286,False,6ee6e178-b9d4-450d-8273-9ef6c12c579d,2025-07-24,,SOLD,2025-08-10,38.0,0.05,2.12,1.65,0.45
G03CTL4LFXTF,0.1,2025-06-27,Sticker | Cloud9 | Copenhagen 2024,,,50406166,True,bba7af4c-1bcc-4e11-866e-89f8e27fff27,2025-07-24,,SOLD,2025-08-10,43.0,0.05,0.37,0.12,0.25
G9G2SE45ZTGW,0.74,2025-08-09,AWP | Acheron (Minimal Wear),13.91,7e436636-52c6-4f31-a1d9-b5a359a4400f,64521908,False,7e436636-52c6-4f31-a1d9-b5a359a4400f,2025-08-10,,SOLD,2025-08-10,0.0,0.05,0.89,0.79,0.11
GK7LXED8WWWK,0.1,2025-06-27,Sticker | Cloud9 | Copenhagen 2024,,,50406166,True,ac4782f0-5f81-4c1d-b2f9-bffbdadd1fee,2025-07-24,,SOLD,2025-08-10,43.0,0.05,0.37,0.12,0.25
GDRESG9G7SA3,0.5,2025-08-05,Charm | Lil' SAS,,1ded82ed-8fce-4a55-87de-10723529b3a6,64360092,False,1ded82ed-8fce-4a55-87de-10723529b3a6,2025-08-06,,SOLD,2025-08-10,4.0,0.05,0.71,0.54,0.17
GPC5CGUK42FC,71.28,2025-08-06,★ Moto Gloves | 3rd Commando Company (Field-Tested),35.15,f6437043-3f60-485c-96c9-a10fc7524fea,64402720,False,f6437043-3f60-485c-96c9-a10fc7524fea,2025-08-08,,SOLD,2025-08-10,3.0,0.05,83.1,75.04,7.66
G3GDLPSWEEKE,2.49,2025-06-17,StatTrak™ M4A1-S | Night Terror (Field-Tested),16.51,ca72b457-f021-4109-8880-c24964ce74c2,63871269,False,ca72b457-f021-4109-8880-c24964ce74c2,2025-07-24,,SOLD,2025-08-10,53.0,0.05,3.36,2.63,0.7
GFZ2C9L6CXKG,0.1,2025-06-27,Sticker | Cloud9 | Copenhagen 2024,,,50406166,True,adb4df07-a72c-4ca8-bf7b-2e82874a08e9,2025-07-24,,SOLD,2025-08-10,43.0,0.05,0.37,0.12,0.25
GSU8XEHX3RCU,80.65,2025-08-05,CS:GO Weapon Case,,,923,True,cc105040-29e3-4f61-be3b-2210125fb242,2025-08-06,,SOLD,2025-08-11,5.0,0.05,93.19,84.91,7.88
GNFC24X7P08P,80.65,2025-08-05,CS:GO Weapon Case,,,923,True,be074054-7c8f-4e1c-b043-668d3ddc6d06,2025-08-06,,SOLD,2025-08-11,5.0,0.05,93.19,84.91,7.88
GX6KCDLZ28RK,0.71,2025-08-06,AWP | Acheron (Minimal Wear),12.19,53197a13-5d29-4b54-ab79-72ab649fc688,64402724,False,53197a13-5d29-4b54-ab79-72ab649fc688,2025-08-08,,SOLD,2025-08-11,4.0,0.05,0.89,0.76,0.14
GU86395EPPSP,45.0,2025-08-08,M4A4 | The Emperor (Minimal Wear),13.35,f8b494ca-53cb-47ec-8f88-352c66028f08,64453583,False,f8b494ca-53cb-47ec-8f88-352c66028f08,2025-08-09,,SOLD,2025-08-11,2.0,0.05,49.14,47.38,1.68
GU4LP5TD3ZRE,0.68,2025-08-09,USP-S | PC-GRN (Factory New),5.23,f2eaf911-ff03-4282-822c-8d79a8319dd3,64521900,False,f2eaf911-ff03-4282-822c-8d79a8319dd3,2025-08-10,,SOLD,2025-08-11,1.0,0.05,0.82,0.73,0.1
G449NKPLSCAE,0.42,2025-08-10,Sticker | Bolt Charge,,,55478590,True,2d555c9d-20bb-46a3-8521-1e153a80f51c,2025-08-11,,SOLD,2025-08-11,0.0,0.05,0.68,0.45,0.23
GLWZFTSWHG98,5.47,2025-07-07,MP9 | Starlight Protector (Minimal Wear),10.82,0481386e-dbf2-4782-a6b1-fde8575aa470,63871319,False,0481386e-dbf2-4782-a6b1-fde8575aa470,2025-07-24,,SOLD,2025-08-11,34.0,0.05,6.31,5.77,0.52
G87CCG045E5K,0.1,2025-08-04,Sticker | Boom Trail,,,55347854,True,1ef0819b-044a-46c7-969d-efde83921a0c,2025-08-05,,SOLD,2025-08-11,6.0,0.05,0.41,0.12,0.29
GH5K44AZRHLU,0.42,2025-08-10,Sticker | Bolt Charge,,,55478590,True,2fdc642f-0a75-4770-b694-5d4a53720532,2025-08-11,,SOLD,2025-08-11,0.0,0.05,0.68,0.45,0.23
GGHPX3525E54,0.42,2025-08-10,Sticker | Bolt Charge,,,55478590,True,87237e9c-6ede-40c8-8b5a-405394689f20,2025-08-11,,SOLD,2025-08-11,0.0,0.05,0.68,0.45,0.23
GU3ZTSRK8585,0.42,2025-08-10,Sticker | Bolt Charge,,,55478590,True,36d06007-21e9-4818-9faa-8c12f0acec14,2025-08-11,,SOLD,2025-08-11,0.0,0.05,0.68,0.45,0.23
GR6XWS982D55,0.08,2025-08-10,Sticker | Boom Trail,,,55347854,True,5794b6fe-debf-42d2-8195-6e2f2554468c,2025-08-11,,SOLD,2025-08-11,0.0,0.05,0.4,0.09,0.3
G890KWUWCDN2,0.08,2025-08-10,Sticker | Boom Trail,,,55347854,True,ced0080c-7f30-4a6a-9c1c-e8390f60ca59,2025-08-11,,SOLD,2025-08-11,0.0,0.05,0.4,0.09,0.3
GG57KCR5F3DC,0.21,2025-08-10,Sticker | Bolt Strike,,,55436342,True,8dbe87ff-51b4-4e74-851c-bc8782bc6089,2025-08-11,,SOLD,2025-08-11,0.0,0.05,0.37,0.23,0.14
G7K0A4G35CKN,0.1,2025-08-04,Sticker | Boom Trail,,,55347854,True,43155b93-388f-4ca6-ba06-d8b30e20319c,2025-08-05,,SOLD,2025-08-11,6.0,0.05,0.41,0.12,0.29
GCUP6SZ4707F,1.0,2025-08-09,MAC-10 | Pipsqueak (Minimal Wear),7.6,9089cbe0-b9e9-475c-a343-9c318d920f6f,64521914,False,9089cbe0-b9e9-475c-a343-9c318d920f6f,2025-08-10,,SOLD,2025-08-12,2.0,0.05,1.72,1.06,0.63
GWKG2GXL7UUS,4.15,2025-08-09,Zeus x27 | Olympus (Field-Tested),17.84,3758def4-7814-485f-9180-2959b94b086d,64521912,False,3758def4-7814-485f-9180-2959b94b086d,2025-08-10,,SOLD,2025-08-12,2.0,0.05,4.64,4.38,0.26
G0R0H9AS87LZ,4.9,2025-08-11,Glock-18 | Nuclear Garden (Factory New),4.42,db0ee2b9-4894-4a2f-a857-473be5bdb811,64623081,False,db0ee2b9-4894-4a2f-a857-473be5bdb811,2025-08-12,,SOLD,2025-08-12,0.0,0.05,5.51,5.17,0.33
GRPW446A0GXD,4.89,2025-08-11,Glock-18 | Nuclear Garden (Factory New),4.4,f34c4e21-7d6c-4c15-ba68-6358ce752f41,64623077,False,f34c4e21-7d6c-4c15-ba68-6358ce752f41,2025-08-12,,SOLD,2025-08-12,0.0,0.05,5.51,5.16,0.34
GUF862G63T3A,2.54,2025-08-11,AWP | Atheris (Well-Worn),44.15,375ba27a-c335-4a85-8e06-98d3af69dcbb,64623076,False,375ba27a-c335-4a85-8e06-98d3af69dcbb,2025-08-12,,SOLD,2025-08-12,0.0,0.05,2.86,2.68,0.18
GZ44X72L3K3N,0.81,2025-08-11,USP-S | Check Engine (Factory New),6.92,56c626b4-328b-426a-bfbe-108e91d9657d,64623070,False,56c626b4-328b-426a-bfbe-108e91d9657d,2025-08-12,,SOLD,2025-08-12,0.0,0.05,1.04,0.86,0.18
GET5TDNRKSFU,0.23,2025-08-11,Copenhagen 2024 Contenders Sticker Capsule,,,50260583,True,76bbb455-0b20-4245-9c87-d801e488e72a,2025-08-12,,SOLD,2025-08-12,0.0,0.05,0.48,0.25,0.23
GXKXPLN7KK3X,0.23,2025-08-11,Copenhagen 2024 Contenders Sticker Capsule,,,50260583,True,1fe9668b-3a24-44f8-9969-aeb106adbdb8,2025-08-12,,SOLD,2025-08-12,0.0,0.05,0.48,0.25,0.23
GUK8C4R4AT5T,0.58,2025-08-09,Stockholm 2021 Champions Autograph Capsule,,,36865122,True,af569864-2538-46f9-b113-b3acc9bc6fba,2025-08-10,,SOLD,2025-08-12,2.0,0.05,0.74,0.62,0.12
GELWG75370XS,0.23,2025-08-11,Copenhagen 2024 Contenders Sticker Capsule,,,50260583,True,eb1cebeb-4df9-40f1-84ed-cab99d1fd0b5,2025-08-12,,SOLD,2025-08-12,0.0,0.05,0.48,0.25,0.23
GXL7EH65N495,2.63,2025-08-08,Sticker | Gold Web (Foil),,,7177483,True,72863d18-a3b0-47e1-9406-e03708c79100,2025-08-09,,SOLD,2025-08-12,3.0,0.05,4.06,2.78,1.23
GCSDG73NK2WR,9.14,2025-08-11,AK-47 | Wintergreen (Minimal Wear),8.07,e53d5aa5-5fc9-41ca-b42f-0fd4666ec631,64623068,False,e53d5aa5-5fc9-41ca-b42f-0fd4666ec631,2025-08-12,,SOLD,2025-08-12,0.0,0.05,10.72,9.63,1.04
G3Z65EW97U6X,1.44,2025-08-08,Sticker | s1mple (Holo) | Stockholm 2021,,,36899081,True,db62e465-d11e-4db8-a45f-3e8cc8e31d11,2025-08-09,,SOLD,2025-08-12,3.0,0.05,1.73,1.53,0.2
G0P0L0G0GFWL,0.23,2025-08-11,Copenhagen 2024 Contenders Sticker Capsule,,,50260583,True,9645f082-d05c-46e6-8dfd-c2c4fa090563,2025-08-12,,SOLD,2025-08-12,0.0,0.05,0.48,0.25,0.23
G6HXEGUU0DEH,0.23,2025-08-11,Copenhagen 2024 Contenders Sticker Capsule,,,50260583,True,e52dee08-0041-4c98-8148-a09ad15cbf33,2025-08-12,,SOLD,2025-08-12,0.0,0.05,0.48,0.25,0.23
GSC2D6CZEK55,5.99,2025-08-09,StatTrak™ USP-S | Ticket to Hell (Factory New),6.8,9f2f4055-1b34-452d-96f6-65ecab33dcf0,64521917,False,9f2f4055-1b34-452d-96f6-65ecab33dcf0,2025-08-10,,SOLD,2025-08-12,2.0,0.05,7.02,6.32,0.68
G90CT635CT74,0.4,2025-08-03,Charm | Pinch O' Salt,,146f3306-8e86-4ac3-95c4-0c37b38b7d6b,64285242,False,146f3306-8e86-4ac3-95c4-0c37b38b7d6b,2025-08-04,,SOLD,2025-08-12,8.0,0.05,0.53,0.43,0.1
GXX8KW62HU7R,0.23,2025-08-11,Copenhagen 2024 Contenders Sticker Capsule,,,50260583,True,409010d2-5fe6-4620-9284-93f88314c13c,2025-08-12,,SOLD,2025-08-12,0.0,0.05,0.48,0.25,0.23
G2EDT6PD8URG,0.23,2025-08-11,Copenhagen 2024 Contenders Sticker Capsule,,,50260583,True,667be06c-6a75-4116-ae8a-c16a359e0f5f,2025-08-12,,SOLD,2025-08-12,0.0,0.05,0.48,0.25,0.23
GU20L4D0GL9Z,0.23,2025-08-11,Copenhagen 2024 Contenders Sticker Capsule,,,50260583,True,a268597c-dd82-417f-9d06-5c0a64298c9d,2025-08-12,,SOLD,2025-08-12,0.0,0.05,0.48,0.25,0.23
G04C5A02HGU2,0.23,2025-08-11,Copenhagen 2024 Contenders Sticker Capsule,,,50260583,True,411d1540-44c5-4198-b149-4ffa2f8bcd2b,2025-08-12,,SOLD,2025-08-12,0.0,0.05,0.48,0.25,0.23
G6N80GTK2ELG,0.58,2025-08-09,Stockholm 2021 Champions Autograph Capsule,,,36865122,True,eaf725f6-7d7d-4791-837a-96d12fcad1f0,2025-08-10,,SOLD,2025-08-12,2.0,0.05,0.74,0.62,0.12
GHX7DXWKAR36,0.23,2025-08-11,Copenhagen 2024 Contenders Sticker Capsule,,,50260583,True,c5ebaaf5-4232-411f-8e52-9417d3959667,2025-08-12,,SOLD,2025-08-12,0.0,0.05,0.48,0.25,0.23
G33EPTPD8E5P,5.99,2025-08-09,StatTrak™ USP-S | Ticket to Hell (Factory New),7.0,cc148c51-d8c6-445e-b168-8f1b19f24655,64521916,False,cc148c51-d8c6-445e-b168-8f1b19f24655,2025-08-10,,SOLD,2025-08-12,2.0,0.05,7.02,6.32,0.68
G0CGTPPUA7R4,3.07,2025-07-25,"Music Kit | Denzel Curry, ULTIMATE",,00b0bab4-f366-43c3-8143-7f208641ec7c,63919838,False,00b0bab4-f366-43c3-8143-7f208641ec7c,2025-07-26,,SOLD,2025-08-12,17.0,0.05,3.96,3.24,0.69
GWR936U67PWR,5.32,2025-08-01,AK-47 | The Outsiders (Field-Tested),21.61,77fa75ba-1c61-4b6b-b614-188632088052,64236102,False,77fa75ba-1c61-4b6b-b614-188632088052,2025-08-02,,SOLD,2025-08-12,10.0,0.05,5.97,5.61,0.35
GWXE630RH974,1.15,2025-07-07,Desert Eagle | Heat Treated (Field-Tested),30.39,a34dc86b-dc13-418b-84db-d3c70e522559,63871336,False,a34dc86b-dc13-418b-84db-d3c70e522559,2025-07-24,,SOLD,2025-08-12,35.0,0.05,1.28,1.22,0.07
G8N8TL8CP5UA,0.45,2025-07-14,AK-47 | Olive Polycam (Factory New),6.52,41e4006e-c840-4b92-9771-b31194ac11e6,63871421,False,41e4006e-c840-4b92-9771-b31194ac11e6,2025-07-24,,SOLD,2025-08-12,28.0,0.05,0.53,0.48,0.05
GFSZXKWTU099,1.15,2025-07-05,Desert Eagle | Heat Treated (Field-Tested),37.58,9e59b4cc-d3a3-4d99-b02d-786b4fbd7e8f,63871312,False,9e59b4cc-d3a3-4d99-b02d-786b4fbd7e8f,2025-07-24,,SOLD,2025-08-12,37.0,0.05,1.28,1.22,0.07
G6N8UDDLCC09,35.0,2025-07-16,AK-47 | Neon Rider (Field-Tested),35.14,7e0853cf-7fe2-44c7-9bd0-087ab1f887a1,63871412,False,7e0853cf-7fe2-44c7-9bd0-087ab1f887a1,2025-07-24,,SOLD,2025-08-13,27.0,0.05,38.83,36.85,1.89
G0NSP2N09UL8,5.99,2025-08-12,StatTrak™ USP-S | Ticket to Hell (Factory New),6.93,8ff74b16-2f4b-405c-a85e-8692146955b8,64697436,False,8ff74b16-2f4b-405c-a85e-8692146955b8,2025-08-13,,SOLD,2025-08-13,0.0,0.05,7.02,6.32,0.68
G506Z6DDAC54,4.28,2025-08-12,AK-47 | Legion of Anubis (Field-Tested),17.29,fff9f766-2664-44f4-894f-d11eac1c11f8,64697457,False,fff9f766-2664-44f4-894f-d11eac1c11f8,2025-08-13,,SOLD,2025-08-13,0.0,0.05,4.86,4.52,0.34
GSSK2H276Z99,1.5,2025-08-11,SSG 08 | Acid Fade (Factory New),0.65,fa2c4487-ad5b-4c0f-b805-efe8ecd959e6,64623079,False,fa2c4487-ad5b-4c0f-b805-efe8ecd959e6,2025-08-12,,SOLD,2025-08-13,1.0,0.05,1.83,1.59,0.24
GL4A8KWCHHDD,0.3,2025-08-12,Shanghai 2024 Legends Sticker Capsule,,,57328786,True,ee1d0621-b501-4641-8d20-2f9ddce3946b,2025-08-13,,SOLD,2025-08-13,0.0,0.05,0.49,0.33,0.17
G9CZ2KCCFTW7,0.73,2025-08-03,Glock-18 | Moonrise (Minimal Wear),8.98,23a97b37-1e64-469d-b741-6a47897273a4,64285258,False,23a97b37-1e64-469d-b741-6a47897273a4,2025-08-04,,SOLD,2025-08-13,9.0,0.05,0.93,0.78,0.15
GD8XPLUWGFG8,16.12,2025-07-09,AWP | Atheris (Factory New),4.57,6b3e60f4-98ac-4479-8cfe-7990e8114c11,63871331,False,6b3e60f4-98ac-4479-8cfe-7990e8114c11,2025-07-24,,SOLD,2025-08-13,34.0,0.05,18.36,16.98,1.32
G48Z70HUR8LA,0.81,2025-08-12,Sticker | Vitality (Holo) | Paris 2023,,,45017001,True,d40d68bb-76c9-4dc4-b194-347444bb45c3,2025-08-13,,SOLD,2025-08-13,0.0,0.05,1.64,0.86,0.75
GR7RUL4S87TF,9.79,2025-07-03,StatTrak™ M4A1-S | Emphorosaur-S (Factory New),6.97,6ce69f58-5c27-4dac-a3f1-b39c9518b31e,63871281,False,6ce69f58-5c27-4dac-a3f1-b39c9518b31e,2025-07-24,,SOLD,2025-08-13,40.0,0.05,11.32,10.32,0.96
GPEX2ZURNS8K,0.3,2025-08-12,Shanghai 2024 Legends Sticker Capsule,,,57328786,True,27f40fe2-21a7-4b62-908a-f8cae55e6192,2025-08-13,,SOLD,2025-08-13,0.0,0.05,0.49,0.33,0.17
G8RSP505RH46,0.43,2025-08-10,Sticker | Bolt Charge,,,55478590,True,0781c697-eb05-4b0d-b54b-554adea4dd50,2025-08-11,,SOLD,2025-08-13,2.0,0.05,0.68,0.46,0.22
GZC046FRRGSN,0.1,2025-07-24,UMP-45 | Carbon Fiber (Factory New),5.21,a64df944-b1fc-409f-8229-64200499bd7d,63908332,False,a64df944-b1fc-409f-8229-64200499bd7d,2025-07-25,,SOLD,2025-08-13,19.0,0.05,0.23,0.12,0.12
GK5LTT7CNU03,2.87,2025-07-22,"Music Kit | bbno$, u mad!",,4e136328-c654-4f83-a4a0-c8e3661ca594,63871323,False,4e136328-c654-4f83-a4a0-c8e3661ca594,2025-07-24,,SOLD,2025-08-13,21.0,0.05,3.43,3.03,0.39
G9W5Z200TNSK,2.41,2025-08-08,StatTrak™ M4A1-S | Night Terror (Minimal Wear),11.65,7244d1f0-ea26-4c40-b6ef-a8d64ff26fd8,64453581,False,7244d1f0-ea26-4c40-b6ef-a8d64ff26fd8,2025-08-09,,SOLD,2025-08-13,4.0,0.05,3.38,2.55,0.8
G7P8ZPTC2A97,0.04,2025-07-08,Sticker | donk | Shanghai 2024,,,57707282,True,93e3bcbd-2d36-4cf4-a025-617dceb0d18a,2025-07-26,,SOLD,2025-08-13,35.0,0.05,0.06,0.05,0.02
GK54LNE9U7FT,0.42,2025-08-10,Sticker | Bolt Charge,,,55478590,True,0d35f464-694f-481c-9292-ecbf90146c1b,2025-08-11,,SOLD,2025-08-13,2.0,0.05,0.68,0.45,0.23
GZDA0ACUT9NF,0.13,2025-05-11,Sticker | Renegades (Holo) | 2020 RMR,,,30582902,True,b3fd3ea0-8b94-4602-9adc-b299b9c953d5,2025-07-24,,SOLD,2025-08-14,94.0,0.05,0.15,0.15,0.01
GPCTS3CH3607,5.99,2025-08-12,StatTrak™ USP-S | Ticket to Hell (Factory New),3.53,6673e37b-1b42-4284-9bfb-48624049c7e1,64697434,False,6673e37b-1b42-4284-9bfb-48624049c7e1,2025-08-13,,SOLD,2025-08-14,1.0,0.05,7.02,6.32,0.68
GES9PCK4LG08,44.07,2025-08-13,AK-47 | Asiimov (Minimal Wear),13.51,26d51218-2235-4dfd-91d9-812a9a66ba5e,64795467,False,26d51218-2235-4dfd-91d9-812a9a66ba5e,2025-08-14,,SOLD,2025-08-14,0.0,0.05,50.9,46.4,4.28
G9TA29SA7XK5,1.03,2025-08-11,M4A1-S | Mud-Spec (Factory New),6.66,0bcba4b6-1efa-4cda-8fb3-6efdd08b229d,64623080,False,0bcba4b6-1efa-4cda-8fb3-6efdd08b229d,2025-08-12,,SOLD,2025-08-14,2.0,0.05,1.22,1.09,0.13
G3S08S23RGFS,0.66,2025-08-12,Sticker | Into The Breach (Holo) | Paris 2023,,,44988570,True,29f5bc1a-4c4f-4e2c-93af-6c9c94cb4fdd,2025-08-13,,SOLD,2025-08-14,1.0,0.05,0.94,0.71,0.23
GDCAR2AGLZNW,0.43,2025-08-10,Sticker | Bolt Charge,,,55478590,True,75742c2f-7fcf-456b-8796-e14038cfe51c,2025-08-11,,SOLD,2025-08-14,3.0,0.05,0.68,0.46,0.22
G2AP7NN5XWAS,0.13,2025-05-11,Sticker | Renegades (Holo) | 2020 RMR,,,30582902,True,53ffbc86-05e1-46fc-afcb-3c43ee8cd104,2025-07-24,,SOLD,2025-08-14,94.0,0.05,0.15,0.15,0.01
GCA50799TF08,2.9,2025-08-12,Desert Eagle | Heat Treated (Minimal Wear),14.79,1fb33792-87e1-4baa-a5ab-a3b017ae4840,64697440,False,1fb33792-87e1-4baa-a5ab-a3b017ae4840,2025-08-13,,SOLD,2025-08-14,1.0,0.05,3.3,3.06,0.23
GTA6EPLKKGT0,0.65,2025-08-13,Desert Eagle | Tilted (Minimal Wear),8.26,e6190da9-0aca-4bba-912e-3aa8c4b36b41,64795465,False,e6190da9-0aca-4bba-912e-3aa8c4b36b41,2025-08-14,,SOLD,2025-08-14,0.0,0.05,1.27,0.69,0.56
GE6TE4HTRA8S,0.43,2025-08-11,Sticker | Bolt Charge,,,55478590,True,6fea0f75-81d3-4790-a549-b91776bf282f,2025-08-12,,SOLD,2025-08-14,2.0,0.05,0.68,0.46,0.22
GX8S4NHULLKK,4.56,2025-08-09,M4A4 | In Living Color (Field-Tested),32.18,a3162a84-197c-4c7f-b3eb-226d5c3b2382,64521915,False,a3162a84-197c-4c7f-b3eb-226d5c3b2382,2025-08-10,,SOLD,2025-08-14,4.0,0.05,5.95,4.81,1.09
GE2ED94LCZ98,0.79,2025-07-02,Glock-18 | Moonrise (Minimal Wear),14.49,492678b2-4344-4ea5-940f-1b143a33d3cd,63871277,False,492678b2-4344-4ea5-940f-1b143a33d3cd,2025-07-24,,SOLD,2025-08-14,42.0,0.05,0.93,0.84,0.09
GNEX0G2402RW,3.2,2025-08-09,M4A4 | Tooth Fairy (Minimal Wear),9.73,830fb8c5-9fb6-4c3d-a617-05fa4c5163d7,64521920,False,830fb8c5-9fb6-4c3d-a617-05fa4c5163d7,2025-08-10,,SOLD,2025-08-14,4.0,0.05,3.8,3.38,0.41
GE9CS4TZTNCP,255.95,2025-08-06,★ Driver Gloves | Black Tie (Field-Tested),36.02,33192fa2-da34-41db-ade4-85a286270c03,64402132,False,33192fa2-da34-41db-ade4-85a286270c03,2025-08-08,,SOLD,2025-08-14,7.0,0.05,284.24,269.43,14.08
G5496XFLZC5G,3.79,2025-07-31,M4A4 | Tooth Fairy (Minimal Wear),10.56,d721cf38-916c-48bb-bdd6-a6f38bf18dfc,64215597,False,d721cf38-916c-48bb-bdd6-a6f38bf18dfc,2025-08-01,,SOLD,2025-08-15,14.0,0.05,4.22,4.0,0.22
G08TULKGS4KT,0.93,2025-06-17,M4A1-S | Emphorosaur-S (Minimal Wear),8.77,e1214e50-99c9-40ff-bba0-eefbcff35be3,63871273,False,e1214e50-99c9-40ff-bba0-eefbcff35be3,2025-07-24,,SOLD,2025-08-15,58.0,0.05,1.05,0.99,0.07
GSG9223PG9RD,5.99,2025-08-12,StatTrak™ USP-S | Ticket to Hell (Factory New),6.85,0c915e62-5a16-430c-8076-66aa0c38022d,64697432,False,0c915e62-5a16-430c-8076-66aa0c38022d,2025-08-13,,SOLD,2025-08-15,2.0,0.05,7.02,6.32,0.68
G9EDHALG9R4E,0.7,2025-08-05,M4A1-S | Emphorosaur-S (Minimal Wear),8.06,7e31bb06-ca64-4042-bc97-3e8e1ea1e5a3,64360101,False,7e31bb06-ca64-4042-bc97-3e8e1ea1e5a3,2025-08-06,,SOLD,2025-08-15,9.0,0.05,1.05,0.75,0.3
GLUZSGAG4ENX,1.3,2025-08-13,MP7 | Bloodsport (Field-Tested),21.88,4f9ca7d5-d51e-43d8-967b-ae52b27083bd,64795458,False,4f9ca7d5-d51e-43d8-967b-ae52b27083bd,2025-08-14,,SOLD,2025-08-15,1.0,0.05,1.55,1.38,0.17
GCUTGC35T3ZC,0.35,2025-08-13,Charm | Hot Sauce,,f0430c53-9502-4f3a-ac22-c83155d86571,64795454,False,f0430c53-9502-4f3a-ac22-c83155d86571,2025-08-14,,SOLD,2025-08-15,1.0,0.05,0.48,0.38,0.11
G4TN5ADGUW2N,0.05,2025-08-11,Sticker | Glare,,,55448540,True,2c0d4748-1ed2-4fb1-a318-371749ed7777,2025-08-12,,SOLD,2025-08-15,3.0,0.05,0.42,0.06,0.35
GKZ2SR0FU4NK,2.6,2025-07-26,Desert Eagle | Heat Treated (Minimal Wear),13.28,42a0c51a-d5ed-444f-8754-907676667d8c,63955583,False,42a0c51a-d5ed-444f-8754-907676667d8c,2025-07-27,,SOLD,2025-08-15,19.0,0.05,3.3,2.75,0.53
GT0L4SHNXRX4,0.35,2025-08-13,Charm | Hot Sauce,,24049653-aded-4437-881a-1c6155f0b160,64795453,False,24049653-aded-4437-881a-1c6155f0b160,2025-08-14,,SOLD,2025-08-15,1.0,0.05,0.48,0.38,0.11
GTTEF5LW0099,2.47,2025-07-26,USP-S | Tropical Breeze (Field-Tested),24.45,efc1e40e-1e9a-499e-bbda-30cd684f197b,63955570,False,efc1e40e-1e9a-499e-bbda-30cd684f197b,2025-07-27,,SOLD,2025-08-15,19.0,0.05,3.26,2.61,0.63
GF9E3CW36232,1.8,2025-07-14,Community Sticker Capsule 1,,,4048,True,37fe6c2c-bb52-424a-a7f2-e5cac6eafed0,2025-07-24,,SOLD,2025-08-15,31.0,0.05,2.15,1.91,0.24
GH9ZKW2RK925,0.55,2025-08-07,CS20 Sticker Capsule,,,6101948,True,13b7c7ec-82db-4f50-af15-76dbeb622168,2025-08-08,,SOLD,2025-08-15,7.0,0.05,0.95,0.59,0.35
GG8NPHSCCA5X,1.96,2025-07-26,AK-47 | Elite Build (Minimal Wear),13.21,3f89592c-f479-4f3a-859c-addb01522e46,63955577,False,3f89592c-f479-4f3a-859c-addb01522e46,2025-07-27,,SOLD,2025-08-15,19.0,0.05,2.2,2.07,0.13
GKFAC6872H72,7.5,2025-08-13,AK-47 | Legion of Anubis (Minimal Wear),14.82,d8e47a5b-43fa-4b3c-9324-9be9351ff869,64795471,False,d8e47a5b-43fa-4b3c-9324-9be9351ff869,2025-08-14,,SOLD,2025-08-15,1.0,0.05,8.97,7.91,1.02
GGKL5WN5DZR4,0.43,2025-08-12,M4A4 | Choppa (Factory New),1.33,ed7657b2-261b-4ab0-8c99-c1016a0f011a,64697454,False,ed7657b2-261b-4ab0-8c99-c1016a0f011a,2025-08-13,,SOLD,2025-08-15,2.0,0.05,1.54,0.46,1.03
GP4G63ATW86X,1.41,2025-08-04,Community Sticker Capsule 1,,,4048,True,596c813a-ad48-4a51-8d8b-d4f858b4d40e,2025-08-05,,SOLD,2025-08-15,10.0,0.05,1.77,1.49,0.27
GR8CH7EC9XF5,0.55,2025-08-07,CS20 Sticker Capsule,,,6101948,True,2d8e366a-3b09-4c0d-a12c-f185f25706c7,2025-08-08,,SOLD,2025-08-15,7.0,0.05,0.95,0.59,0.35
GC89ER56C28C,5.84,2025-08-12,StatTrak™ USP-S | Ticket to Hell (Factory New),6.86,6352ac81-510e-45ef-8fd2-2561c836ff44,64697430,False,6352ac81-510e-45ef-8fd2-2561c836ff44,2025-08-13,,SOLD,2025-08-15,2.0,0.05,7.02,6.16,0.83
GDRZKKF2N0XH,0.82,2025-08-13,Glock-18 | Nuclear Garden (Field-Tested),29.4,e5505d2e-1bda-41d5-8785-0c23bedfa2ad,64795470,False,e5505d2e-1bda-41d5-8785-0c23bedfa2ad,2025-08-14,,SOLD,2025-08-16,2.0,0.05,1.03,0.87,0.16
G8XHAXLDZCTA,0.05,2025-08-12,Sticker | Evil Geniuses (Holo) | 2020 RMR,,,30582872,True,f0a00ff0-cc19-41b9-b736-543170736c75,2025-08-13,,SOLD,2025-08-16,3.0,0.05,0.16,0.06,0.1
GDPAWTTDDDXW,0.04,2025-08-13,Sticker | Evil Geniuses (Holo) | 2020 RMR,,,30582872,True,65e167e6-efa2-46db-975f-89727664270e,2025-08-14,,SOLD,2025-08-16,2.0,0.05,0.16,0.05,0.11
GZ3D2PZKPKR3,0.47,2025-07-27,Revolution Case,,,43352341,True,98926397-1664-41b1-9ad6-e70d6a7a826f,2025-07-28,,SOLD,2025-08-16,19.0,0.05,0.54,0.51,0.04
G075FW858NS7,0.05,2025-08-12,Sticker | Evil Geniuses (Holo) | 2020 RMR,,,30582872,True,cb61aa23-6249-43cf-a2f9-8afd623d5fbe,2025-08-13,,SOLD,2025-08-16,3.0,0.05,0.16,0.06,0.1
GSDLU7X03RRR,0.04,2025-08-13,Sticker | Evil Geniuses (Holo) | 2020 RMR,,,30582872,True,0f53f1ce-655e-4ae6-87a5-b331c6fd90c4,2025-08-14,,SOLD,2025-08-16,2.0,0.05,0.16,0.05,0.11
GFR6RED35FND,0.04,2025-08-13,Sticker | Evil Geniuses (Holo) | 2020 RMR,,,30582872,True,315246d8-7cf5-4ba1-ae58-a0df0190d30d,2025-08-14,,SOLD,2025-08-16,2.0,0.05,0.16,0.05,0.11
G52A40S9DH4L,0.69,2025-08-12,AWP | Acheron (Minimal Wear),9.78,b9310b6b-634b-49da-ab8a-401d26cbc220,64697456,False,b9310b6b-634b-49da-ab8a-401d26cbc220,2025-08-13,,SOLD,2025-08-16,3.0,0.05,0.86,0.74,0.13
GWK4NGW0WRTS,1.27,2025-08-14,USP-S | Ticket to Hell (Factory New),6.64,22930938-f2de-43ed-98e2-486cf1d5a52f,64817175,False,22930938-f2de-43ed-98e2-486cf1d5a52f,2025-08-15,,SOLD,2025-08-16,1.0,0.05,1.54,1.35,0.19
GW0WAXFAX3LR,4.82,2025-08-13,USP-S | Jawbreaker (Field-Tested),30.18,a201b3a4-acbc-4a30-a96c-c7d54ace1b01,64795462,False,a201b3a4-acbc-4a30-a96c-c7d54ace1b01,2025-08-14,,SOLD,2025-08-16,2.0,0.05,5.68,5.08,0.58
G8KXP0KZWNGN,1.32,2025-08-14,USP-S | Ticket to Hell (Factory New),4.16,099fb3d8-e97b-4501-964d-380f740aa608,64817176,False,099fb3d8-e97b-4501-964d-380f740aa608,2025-08-15,,SOLD,2025-08-16,1.0,0.05,1.54,1.4,0.14
G0ZK7D5RETXD,2.17,2025-06-18,StatTrak™ M4A1-S | Night Terror (Field-Tested),30.52,9a38a38a-ab6d-4a2d-8e43-571e570a5acd,63871274,False,9a38a38a-ab6d-4a2d-8e43-571e570a5acd,2025-07-24,,SOLD,2025-08-16,58.0,0.05,2.56,2.29,0.26
G3U0TTPND7CK,0.41,2025-08-09,Charm | Big Kev,,739be3e3-56c5-4b86-8010-d437022241be,64521905,False,739be3e3-56c5-4b86-8010-d437022241be,2025-08-10,,SOLD,2025-08-16,6.0,0.05,0.54,0.44,0.1
G9DTSEZG5R3F,69.5,2025-08-10,AWP | Wildfire (Minimal Wear),13.08,b520ad7e-e92a-4398-864e-aa6b8f0384f3,64548942,False,b520ad7e-e92a-4398-864e-aa6b8f0384f3,2025-08-11,,SOLD,2025-08-16,5.0,0.05,77.76,73.17,4.37
GCK3LD9CZ579,0.5,2025-08-15,Glock-18 | Umbral Rabbit (Minimal Wear),8.91,d9109049-3c0d-46e7-839f-818145f3abb2,64830684,False,d9109049-3c0d-46e7-839f-818145f3abb2,2025-08-16,,SOLD,2025-08-16,0.0,0.05,0.69,0.54,0.16
GDNDFDDG4ZPW,0.82,2025-08-15,Glock-18 | Nuclear Garden (Field-Tested),30.79,74f6897c-4740-448b-9b79-a5dee7cbdc68,64830685,False,74f6897c-4740-448b-9b79-a5dee7cbdc68,2025-08-16,,SOLD,2025-08-16,0.0,0.05,1.03,0.87,0.16
GCG8F73WDDRZ,2.16,2025-08-15,M4A1-S | Emphorosaur-S (Factory New),6.7,77712e41-0d7d-474e-ab94-d9820615d1ba,64830701,False,77712e41-0d7d-474e-ab94-d9820615d1ba,2025-08-16,,SOLD,2025-08-16,0.0,0.05,2.47,2.28,0.19
GX9NL9LTLAAG,0.35,2025-08-11,Sticker | Flex,,,55480742,True,d247ad12-dc59-41a5-9a1e-2519d1f4f484,2025-08-12,,SOLD,2025-08-16,4.0,0.05,0.64,0.38,0.26
G76X75NSAKKL,8.0,2025-08-14,AK-47 | Legion of Anubis (Minimal Wear),12.88,d939b7f6-93b7-428c-8a2f-d7321756e8b8,64817181,False,d939b7f6-93b7-428c-8a2f-d7321756e8b8,2025-08-15,,SOLD,2025-08-16,1.0,0.05,9.06,8.43,0.61
GG0PA2HX9C9S,5.0,2025-08-11,Desert Eagle | Mecha Industries (Minimal Wear),13.72,d2d8a340-a5f5-4380-b008-1a0fb1fd5a6e,64623078,False,d2d8a340-a5f5-4380-b008-1a0fb1fd5a6e,2025-08-12,,SOLD,2025-08-16,4.0,0.05,5.64,5.27,0.36
G7U88N96UPDU,0.72,2025-08-15,USP-S | Alpine Camo (Field-Tested),27.37,0c3637de-8878-4d08-b46e-9d59d714c1a7,64830697,False,0c3637de-8878-4d08-b46e-9d59d714c1a7,2025-08-16,,SOLD,2025-08-17,1.0,0.05,0.96,0.77,0.19
G8NWESPP7R5N,30.73,2025-08-15,M4A4 | Temukau (Minimal Wear),15.0,99e666e7-f199-48b6-869d-3f4b57e4bb57,64830698,False,99e666e7-f199-48b6-869d-3f4b57e4bb57,2025-08-16,,SOLD,2025-08-17,1.0,0.05,35.54,32.36,3.03
GECH8GFDNG5N,0.57,2025-08-15,Desert Eagle | Tilted (Minimal Wear),14.26,1c82d134-59df-44fc-84dc-abdbef7ac408,64830702,False,1c82d134-59df-44fc-84dc-abdbef7ac408,2025-08-16,,SOLD,2025-08-17,1.0,0.05,1.23,0.61,0.6
G8UL80A7CL38,8.84,2025-08-15,AK-47 | Wintergreen (Minimal Wear),14.47,46ffb36f-532b-4030-b4f1-88a508400d90,64830704,False,46ffb36f-532b-4030-b4f1-88a508400d90,2025-08-16,,SOLD,2025-08-17,1.0,0.05,10.02,9.32,0.68
GS50FDSD0KCN,0.89,2025-08-03,USP-S | Check Engine (Factory New),6.14,f0b88482-2a68-4abb-94c6-4fab4459cb3c,64285261,False,f0b88482-2a68-4abb-94c6-4fab4459cb3c,2025-08-04,,SOLD,2025-08-17,13.0,0.05,1.04,0.95,0.1
GZ6RF5TL9EG9,0.4,2025-08-16,AWP | Capillary (Minimal Wear),11.78,d6069a43-851b-42a7-90a4-0467ac90e514,64838510,False,d6069a43-851b-42a7-90a4-0467ac90e514,2025-08-17,,SOLD,2025-08-17,0.0,0.05,0.55,0.43,0.12
GT9H8Z0NGWEZ,0.22,2025-08-10,Charm | Whittle Knife,,23d8bb1d-99a9-4bac-b5d3-8c8bf857e418,64548938,False,23d8bb1d-99a9-4bac-b5d3-8c8bf857e418,2025-08-11,,SOLD,2025-08-17,6.0,0.05,0.41,0.24,0.17
GHRNXX0P7HLC,1.1,2025-07-07,Glock-18 | Ocean Topo (Factory New),5.41,4a7e5aee-8037-4182-be4e-bf0c2d538db1,63871339,False,4a7e5aee-8037-4182-be4e-bf0c2d538db1,2025-07-24,,SOLD,2025-08-17,40.0,0.05,1.37,1.17,0.2
GGC567N4KSNC,0.2,2025-08-12,Austin 2025 Legends Autograph Capsule,,,62839829,True,644bcd9e-1959-4f65-94b9-6abaebd7826b,2025-08-13,,SOLD,2025-08-17,4.0,0.05,0.35,0.22,0.13
GZ3F5U37629P,0.78,2025-08-03,M4A1-S | Emphorosaur-S (Minimal Wear),9.3,4d05d05e-ba18-401e-80f5-24bd8b0cd9ec,64285263,False,4d05d05e-ba18-401e-80f5-24bd8b0cd9ec,2025-08-04,,SOLD,2025-08-17,13.0,0.05,1.03,0.83,0.2
GPRG9R6LHDZR,0.69,2025-08-15,Desert Eagle | Tilted (Minimal Wear),14.41,c53cdf52-0433-453d-9357-a0cdcd74fd7e,64830694,False,c53cdf52-0433-453d-9357-a0cdcd74fd7e,2025-08-16,,SOLD,2025-08-17,1.0,0.05,1.23,0.74,0.48
GRZ9ZL3XG2RN,0.17,2025-08-12,Sticker | GODSENT (Holo) | 2020 RMR,,,30591407,True,350080f1-85f8-4035-838a-6a3ab046ff47,2025-08-13,,SOLD,2025-08-17,4.0,0.05,0.28,0.19,0.1
GL4HP4UEFCG8,2.0,2025-08-10,P250 | See Ya Later (Field-Tested),29.12,5d2e377d-68db-4059-a17f-cf2a73825fa1,64548941,False,5d2e377d-68db-4059-a17f-cf2a73825fa1,2025-08-11,,SOLD,2025-08-17,6.0,0.05,2.52,2.12,0.39
GR7PNZ9GH7RZ,1.75,2025-08-15,Sticker | Natus Vincere (Holo) | Paris 2023,,,44994901,True,c974e838-38e4-4fe0-a7b6-b36b03a699fb,2025-08-16,,SOLD,2025-08-17,1.0,0.05,2.26,1.85,0.4
G2N7S6U40HXS,1.75,2025-08-15,Sticker | Natus Vincere (Holo) | Paris 2023,,,44994901,True,6502984b-98c1-4bad-90d1-42d3a867fe97,2025-08-16,,SOLD,2025-08-17,1.0,0.05,2.26,1.85,0.4
GS4T6K9C5D9S,13.63,2025-08-13,M4A4 | 龍王 (Dragon King) (Minimal Wear),9.08,45d3dc4b-cb76-4680-a326-f8e5691035cb,64795461,False,45d3dc4b-cb76-4680-a326-f8e5691035cb,2025-08-14,,SOLD,2025-08-17,3.0,0.05,15.59,14.36,1.18
GNCP6WX54RGZ,1.75,2025-08-15,Sticker | Natus Vincere (Holo) | Paris 2023,,,44994901,True,5e8dde36-fc60-435c-b68b-c5bc7b629e7e,2025-08-16,,SOLD,2025-08-17,1.0,0.05,2.26,1.85,0.4
GN6SS5NAGZF3,1.75,2025-08-15,Sticker | Natus Vincere (Holo) | Paris 2023,,,44994901,True,2505eb0f-7041-4b7c-b411-130cdaeae9e0,2025-08-16,,SOLD,2025-08-17,1.0,0.05,2.26,1.85,0.4
G225PFG37EPP,1.75,2025-08-15,Sticker | Natus Vincere (Holo) | Paris 2023,,,44994901,True,6f14c8b6-3168-4781-b147-b74a91f240ff,2025-08-16,,SOLD,2025-08-17,1.0,0.05,2.26,1.85,0.4
GK7LN8XTPKF2,1.75,2025-08-15,Sticker | Natus Vincere (Holo) | Paris 2023,,,44994901,True,ddc2afd1-2d28-425b-b8bc-81640632d20f,2025-08-16,,SOLD,2025-08-17,1.0,0.05,2.26,1.85,0.4
GNKTSEATGWEW,0.17,2025-08-12,Sticker | GODSENT (Holo) | 2020 RMR,,,30591407,True,97cad5db-2c0d-4822-9f28-2d53d4875b0b,2025-08-13,,SOLD,2025-08-17,4.0,0.05,0.28,0.19,0.1
GZ9UESPZ3U8L,1.75,2025-08-15,Sticker | Natus Vincere (Holo) | Paris 2023,,,44994901,True,5b994508-020f-4380-8b36-e60193cdc351,2025-08-16,,SOLD,2025-08-17,1.0,0.05,2.26,1.85,0.4
GD05395K8XKH,1.75,2025-08-15,Sticker | Natus Vincere (Holo) | Paris 2023,,,44994901,True,65c3cae1-8288-490a-99ff-6265b6a585f2,2025-08-16,,SOLD,2025-08-17,1.0,0.05,2.26,1.85,0.4
GWNWA2HURS6R,1.94,2025-08-13,Zeus x27 | Tosai (Factory New),4.35,d7a7dd2d-7bfc-4640-b730-e9809e95b580,64795469,False,d7a7dd2d-7bfc-4640-b730-e9809e95b580,2025-08-14,,SOLD,2025-08-17,3.0,0.05,2.3,2.05,0.24
GS06CHLD5XKK,1.12,2025-08-15,USP-S | Black Lotus (Field-Tested),27.8,50ab3989-5a55-4d62-b332-64a27c14c8cc,64830682,False,50ab3989-5a55-4d62-b332-64a27c14c8cc,2025-08-16,,SOLD,2025-08-17,1.0,0.05,1.26,1.19,0.08
GN0SZ8GUXK53,1.75,2025-08-15,Sticker | Natus Vincere (Holo) | Paris 2023,,,44994901,True,30659f69-1224-422f-90a7-6eadb2a4e883,2025-08-16,,SOLD,2025-08-17,1.0,0.05,2.26,1.85,0.4
G7NKEEK3890S,0.73,2025-08-09,M4A4 | Choppa (Factory New),3.3,d6978d8e-c7de-4b12-8ddd-c72c04b85ad3,64521909,False,d6978d8e-c7de-4b12-8ddd-c72c04b85ad3,2025-08-10,,SOLD,2025-08-18,8.0,0.05,1.54,0.78,0.73
GHZSDEK6RUP3,3.49,2025-08-17,Desert Eagle | Mecha Industries (Field-Tested),24.83,128fe078-10fc-41c9-9123-d94dbe72f5de,64842830,False,128fe078-10fc-41c9-9123-d94dbe72f5de,2025-08-18,,SOLD,2025-08-18,0.0,0.05,4.03,3.68,0.34
GH444ZFU85XP,0.77,2025-08-16,USP-S | Check Engine (Factory New),5.04,00adf413-e290-4c56-9a99-e6c137b95213,64838515,False,00adf413-e290-4c56-9a99-e6c137b95213,2025-08-17,,SOLD,2025-08-18,1.0,0.05,1.0,0.82,0.18
G4HRN9XKD9ZA,1.04,2025-07-31,AK-47 | Uncharted (Factory New),6.85,2edd7921-c831-4590-8e05-04626a03e523,64215607,False,2edd7921-c831-4590-8e05-04626a03e523,2025-08-01,,SOLD,2025-08-18,17.0,0.05,1.19,1.11,0.09
GTHUPEDTLNW5,0.69,2025-08-15,Desert Eagle | Tilted (Minimal Wear),12.67,2aa1fba1-eaa4-4c16-a42d-f20da7af3a3b,64830688,False,2aa1fba1-eaa4-4c16-a42d-f20da7af3a3b,2025-08-16,,SOLD,2025-08-18,2.0,0.05,1.23,0.74,0.48
G756CK6SNKUR,0.93,2025-06-17,M4A1-S | Emphorosaur-S (Minimal Wear),9.16,e55b045c-0e94-4288-bf47-926b0e3edb2f,63871268,False,e55b045c-0e94-4288-bf47-926b0e3edb2f,2025-07-24,,SOLD,2025-08-18,61.0,0.05,1.05,0.99,0.07
GRS3PN3ZKNED,0.65,2025-08-13,Desert Eagle | Tilted (Minimal Wear),10.58,d53900ec-fd37-4224-badc-44917675aae1,64795464,False,d53900ec-fd37-4224-badc-44917675aae1,2025-08-14,,SOLD,2025-08-18,4.0,0.05,1.23,0.69,0.52
GSDXTX4FXDPS,8.77,2025-08-15,AK-47 | Wintergreen (Minimal Wear),14.59,915e7dfd-7900-4e03-aae6-09fbbd022680,64830703,False,915e7dfd-7900-4e03-aae6-09fbbd022680,2025-08-16,,SOLD,2025-08-18,2.0,0.05,10.02,9.24,0.75
GXRRP69CR7FR,2.88,2025-08-15,AK-47 | Crossfade (Factory New),4.41,a185df07-4100-403b-9971-5f6c1f91f0eb,64830699,False,a185df07-4100-403b-9971-5f6c1f91f0eb,2025-08-16,,SOLD,2025-08-18,2.0,0.05,3.36,3.04,0.31
GNXK9LEK6A2T,0.72,2025-08-15,USP-S | Alpine Camo (Field-Tested),32.29,fd136d28-d720-496a-ab16-ee90fbd9d5f7,64830696,False,fd136d28-d720-496a-ab16-ee90fbd9d5f7,2025-08-16,,SOLD,2025-08-18,2.0,0.05,0.96,0.77,0.19
GKK7G7TU5EEE,0.69,2025-08-15,Desert Eagle | Tilted (Minimal Wear),7.24,3b84f569-e76f-4c8a-b183-a1b23eee0f1f,64830689,False,3b84f569-e76f-4c8a-b183-a1b23eee0f1f,2025-08-16,,SOLD,2025-08-18,2.0,0.05,1.23,0.74,0.48
GDXPT4X3WSPR,0.93,2025-06-17,M4A1-S | Emphorosaur-S (Minimal Wear),9.63,ebe941a1-dde4-4b51-9a75-6ed53cf4f644,63871259,False,ebe941a1-dde4-4b51-9a75-6ed53cf4f644,2025-07-24,,SOLD,2025-08-18,61.0,0.05,1.05,0.99,0.07
GK5ENAXCDE7D,0.72,2025-08-15,USP-S | Alpine Camo (Field-Tested),21.76,2ab7b7ef-33c0-45f2-9ef5-fea959c3f1b8,64830695,False,2ab7b7ef-33c0-45f2-9ef5-fea959c3f1b8,2025-08-16,,SOLD,2025-08-18,2.0,0.05,0.96,0.77,0.19
GTK3724G4APG,3.0,2025-07-05,"Music Kit | bbno$, u mad!",,f9292642-6959-4f0b-aeab-8e2a5e62b61b,63867793,False,f9292642-6959-4f0b-aeab-8e2a5e62b61b,2025-07-24,,SOLD,2025-08-19,44.0,0.05,3.36,3.17,0.19
GPT760NWTXSA,3.1,2025-07-06,"Music Kit | bbno$, u mad!",,f7a43816-6243-4e60-9775-463325847877,63871314,False,f7a43816-6243-4e60-9775-463325847877,2025-07-24,,SOLD,2025-08-19,43.0,0.05,3.36,3.27,0.09
GRTGP42C0XN9,0.21,2025-08-11,P90 | Wave Breaker (Field-Tested),17.44,9b9535a4-934c-4f88-b056-cef816a56c56,64623082,False,9b9535a4-934c-4f88-b056-cef816a56c56,2025-08-12,,SOLD,2025-08-19,7.0,0.05,0.34,0.23,0.11
G08LAK8C8G2P,0.2,2025-08-12,Austin 2025 Legends Autograph Capsule,,,62839829,True,92166070-f78a-4d8c-bd7a-93a183388aa0,2025-08-13,,SOLD,2025-08-19,6.0,0.05,0.35,0.22,0.13
G8WA7HPTT2UR,45.0,2025-08-18,AK-47 | Asiimov (Minimal Wear),10.33,a1b1c20a-c9d3-4078-aef9-93fcceb99fdc,64846543,False,a1b1c20a-c9d3-4078-aef9-93fcceb99fdc,2025-08-19,,SOLD,2025-08-19,0.0,0.05,50.37,47.38,2.85
GRR7NS9ZZ45L,0.57,2025-08-18,Desert Eagle | Tilted (Minimal Wear),10.72,2b034fc3-d1eb-4dec-9e97-2babce5ce741,64846542,False,2b034fc3-d1eb-4dec-9e97-2babce5ce741,2025-08-19,,SOLD,2025-08-19,0.0,0.05,1.09,0.61,0.47
G9S62ZT26NZW,3.42,2025-08-18,"Music Kit | The Verkkars, EZ4ENCE",,87525801-10c1-48dc-a34b-02165d9523a8,64846540,False,87525801-10c1-48dc-a34b-02165d9523a8,2025-08-19,,SOLD,2025-08-19,0.0,0.05,3.92,3.61,0.3
GLZN7HE6K7ZC,1.28,2025-08-18,USP-S | Alpine Camo (Minimal Wear),10.04,fafe8aa2-ca97-46df-b7e6-54bce3df29a5,64846539,False,fafe8aa2-ca97-46df-b7e6-54bce3df29a5,2025-08-19,,SOLD,2025-08-19,0.0,0.05,1.51,1.36,0.15
GW4Z7SKZW48H,1.78,2025-08-18,Desert Eagle | Meteorite (Factory New),4.02,b3cc7a2c-4be1-4ccb-b170-03dc5573b400,64846546,False,b3cc7a2c-4be1-4ccb-b170-03dc5573b400,2025-08-19,,SOLD,2025-08-19,0.0,0.05,2.01,1.88,0.13
GEN9KWTF95FU,4.77,2025-08-18,USP-S | Cortex (Minimal Wear),9.41,a7e570e3-84de-4caa-8fa0-b62a5912c8c1,64846544,False,a7e570e3-84de-4caa-8fa0-b62a5912c8c1,2025-08-19,,SOLD,2025-08-19,0.0,0.05,5.38,5.03,0.34
GTAEACWRSNHW,0.22,2025-08-16,MP9 | Buff Blue (Factory New),6.36,10b2c1e3-dd11-4558-9ec0-c6274f5bc993,64838511,False,10b2c1e3-dd11-4558-9ec0-c6274f5bc993,2025-08-17,,SOLD,2025-08-19,2.0,0.05,1.32,0.24,1.03
GDDDWS6ZZH4L,3.7,2025-07-31,Operation Vanguard Weapon Case,,,373,True,7b4594c1-5f66-4be9-bd5c-bb5fd28b2649,2025-08-01,,SOLD,2025-08-19,18.0,0.05,4.21,3.91,0.3
GFP6PKZT08E9,3.7,2025-07-31,Operation Vanguard Weapon Case,,,373,True,4837ee43-e025-4be1-913f-a04180a67842,2025-08-01,,SOLD,2025-08-19,18.0,0.05,4.21,3.91,0.3
GF68D96X35SF,3.54,2025-07-31,Operation Vanguard Weapon Case,,,373,True,c8f94259-4b1f-4d62-9e50-7283c7789ed6,2025-08-01,,SOLD,2025-08-19,18.0,0.05,4.21,3.74,0.46
G48X7836DCL3,3.54,2025-07-31,Operation Vanguard Weapon Case,,,373,True,2bf364b1-8ad8-45e9-9559-e649f220577c,2025-08-01,,SOLD,2025-08-19,18.0,0.05,4.21,3.74,0.46
GA7RZZ8PGEPX,0.2,2025-08-12,Austin 2025 Legends Autograph Capsule,,,62839829,True,c2311967-4d53-488a-801d-7b14e8f986c0,2025-08-13,,SOLD,2025-08-19,6.0,0.05,0.35,0.22,0.13
GGU50TLD3TLR,3.54,2025-07-31,Operation Vanguard Weapon Case,,,373,True,f9d2ac80-8a49-4e03-986b-7ff816db8a80,2025-08-01,,SOLD,2025-08-19,18.0,0.05,4.21,3.74,0.46
GZD2G2G3LP4D,0.49,2025-08-03,M4A4 | Choppa (Factory New),0.78,0e6e656b-caf8-4110-8d5a-5872150a3544,64285266,False,0e6e656b-caf8-4110-8d5a-5872150a3544,2025-08-04,,SOLD,2025-08-19,15.0,0.05,0.72,0.53,0.19
G3FXD49LS8AP,2.33,2025-08-15,AK-47 | Slate (Well-Worn),42.09,7e00dbe9-fa91-4c7e-9dde-4970ff1cc5ee,64830705,False,7e00dbe9-fa91-4c7e-9dde-4970ff1cc5ee,2025-08-16,,SOLD,2025-08-19,3.0,0.05,2.72,2.46,0.25
G7N94Z4HL52P,3.54,2025-07-31,Operation Vanguard Weapon Case,,,373,True,7099cfec-711d-4552-8798-776f8e5cee10,2025-08-01,,SOLD,2025-08-19,18.0,0.05,4.21,3.74,0.46
G4ATALWUU5L4,2.83,2025-08-15,USP-S | Alpine Camo (Factory New),6.82,fb1d6bbe-bc6b-47ca-9f6f-0005da4ff353,64830693,False,fb1d6bbe-bc6b-47ca-9f6f-0005da4ff353,2025-08-16,,SOLD,2025-08-19,3.0,0.05,3.99,2.99,0.96
G3P685UP08S2,0.2,2025-08-12,Austin 2025 Legends Autograph Capsule,,,62839829,True,561845ad-3b2b-4795-920c-a1c3cf618c07,2025-08-13,,SOLD,2025-08-19,6.0,0.05,0.35,0.22,0.13
GU6U3ZA9ZHDS,0.2,2025-08-12,Austin 2025 Legends Autograph Capsule,,,62839829,True,53066f2e-e162-41f3-859e-60c474e6ba4e,2025-08-13,,SOLD,2025-08-19,6.0,0.05,0.35,0.22,0.13
G03G6EU04NWG,0.2,2025-08-12,Austin 2025 Legends Autograph Capsule,,,62839829,True,6ab8cac1-ea8e-4332-9e68-8582b95a3dd9,2025-08-13,,SOLD,2025-08-19,6.0,0.05,0.35,0.22,0.13
GDXX0ZD70FHA,2.05,2025-08-06,Desert Eagle | Serpent Strike (Factory New),4.97,68146f35-c81d-445f-a344-98ec4db86620,64402730,False,68146f35-c81d-445f-a344-98ec4db86620,2025-08-08,,SOLD,2025-08-19,12.0,0.05,2.34,2.17,0.17
GAGCNT80H96S,0.41,2025-08-06,Glock-18 | Moonrise (Field-Tested),26.1,8293504a-34a1-4f33-9859-662748bf35d8,64402729,False,8293504a-34a1-4f33-9859-662748bf35d8,2025-08-08,,SOLD,2025-08-19,12.0,0.05,0.64,0.44,0.2
G32U6RK4CHTC,2.85,2025-08-15,MAC-10 | Pipsqueak (Factory New),6.01,04a43ad4-69c7-4624-8f3e-9232c36ec856,64830700,False,04a43ad4-69c7-4624-8f3e-9232c36ec856,2025-08-16,,SOLD,2025-08-19,3.0,0.05,4.33,3.01,1.26
GXXGR6FWATWS,0.14,2025-08-05,Sticker | Boom Trail,,,55347854,True,aa282b54-342f-4383-866b-8925962910c7,2025-08-06,,SOLD,2025-08-19,13.0,0.05,0.4,0.16,0.24
GHTG05UP6PSL,1.1,2025-07-07,Glock-18 | Ocean Topo (Factory New),6.43,504e5ac6-b563-46e6-9c29-5959f52eff76,63871328,False,504e5ac6-b563-46e6-9c29-5959f52eff76,2025-07-24,,SOLD,2025-08-19,42.0,0.05,1.37,1.17,0.2
GS5GE2TED2ST,1.12,2025-08-15,USP-S | Black Lotus (Field-Tested),19.99,c08d049e-892e-46d9-ad2d-ecbf523f763f,64830683,False,c08d049e-892e-46d9-ad2d-ecbf523f763f,2025-08-16,,SOLD,2025-08-19,3.0,0.05,1.26,1.19,0.08
G6ALFS0TAZK5,1.76,2025-08-15,Five-SeveN | Urban Hazard (Factory New),4.85,6268e399-f400-457a-a69a-3a8efc5d8d66,64830674,False,6268e399-f400-457a-a69a-3a8efc5d8d66,2025-08-16,,SOLD,2025-08-19,3.0,0.05,1.97,1.86,0.11
G0LWSXC6RR60,0.48,2025-08-13,M4A4 | Choppa (Factory New),5.41,5f304b99-f949-4775-a8e3-6b95754856b0,64795460,False,5f304b99-f949-4775-a8e3-6b95754856b0,2025-08-14,,SOLD,2025-08-20,6.0,0.05,0.74,0.52,0.22
G8DDEF6N5547,0.99,2025-08-15,M4A1-S | Nitro (Minimal Wear),13.67,77f06d10-8f9b-42b6-86de-f09df76867fb,64830675,False,77f06d10-8f9b-42b6-86de-f09df76867fb,2025-08-16,,SOLD,2025-08-20,4.0,0.05,1.25,1.05,0.2
G8CKRAHCNU28,5.04,2025-08-16,M4A4 | In Living Color (Field-Tested),21.6,cf15cf17-2c14-45c0-bd30-3c1f29ee8e8f,64838508,False,cf15cf17-2c14-45c0-bd30-3c1f29ee8e8f,2025-08-17,,SOLD,2025-08-20,3.0,0.05,5.9,5.32,0.57
G77RSUEDSH82,2.89,2025-08-15,Five-SeveN | Boost Protocol (Minimal Wear),14.82,72a97251-f443-475f-8acd-5baaa4f07981,64830680,False,72a97251-f443-475f-8acd-5baaa4f07981,2025-08-16,,SOLD,2025-08-20,4.0,0.05,3.7,3.05,0.62
G7ETS7FKXU99,2.8,2025-08-15,AK-47 | Crossfade (Factory New),6.07,e56231ac-55bf-44c5-b242-eac068e9ccc0,64830687,False,e56231ac-55bf-44c5-b242-eac068e9ccc0,2025-08-16,,SOLD,2025-08-20,4.0,0.05,3.32,2.96,0.35
GH662W5WNKRX,1.23,2025-08-19,USP-S | Ticket to Hell (Factory New),3.41,319a63e4-05ef-4fe5-a8aa-17a7730d94a2,64850425,False,319a63e4-05ef-4fe5-a8aa-17a7730d94a2,2025-08-20,,SOLD,2025-08-20,0.0,0.05,1.45,1.31,0.15
GXXKPUU3ADAC,36.41,2025-08-19,Sir Bloody Silent Darryl | The Professionals,,ebcfd946-91ba-46d7-b181-055e953b672f,64850429,False,ebcfd946-91ba-46d7-b181-055e953b672f,2025-08-20,,SOLD,2025-08-20,0.0,0.05,40.47,38.34,2.04
GS5EAK2P8RCE,11.5,2025-08-11,AK-47 | Midnight Laminate (Field-Tested),30.26,7b0b0446-f6c0-47bc-99ad-888c5a7107f8,64623066,False,7b0b0446-f6c0-47bc-99ad-888c5a7107f8,2025-08-12,,SOLD,2025-08-20,8.0,0.05,12.85,12.12,0.71
GF8DK3SAUKZL,24.0,2025-08-19,AK-47 | Asiimov (Field-Tested),26.87,ce0bf318-de64-4e4e-a9c7-3fd649a26c59,64850435,False,ce0bf318-de64-4e4e-a9c7-3fd649a26c59,2025-08-20,,SOLD,2025-08-20,0.0,0.05,27.57,25.27,2.19
GKU2AP260GZH,1.2,2025-07-10,Desert Eagle | Heat Treated (Field-Tested),24.38,199bebe0-c7d3-48fc-80c2-926839f8aac2,63871346,False,199bebe0-c7d3-48fc-80c2-926839f8aac2,2025-07-24,,SOLD,2025-08-20,40.0,0.05,1.46,1.27,0.19
GWE7G855FCUR,1.12,2025-08-13,USP-S | Black Lotus (Field-Tested),26.2,2b4a4511-deb5-45b1-ba0f-89da38960ec1,64795459,False,2b4a4511-deb5-45b1-ba0f-89da38960ec1,2025-08-14,,SOLD,2025-08-20,6.0,0.05,1.26,1.19,0.08
GDS9K6AL4XGN,1.33,2025-08-15,AK-47 | Crossfade (Field-Tested),17.53,f10e41e7-3178-4617-b59c-6fa7b313c82e,64830691,False,f10e41e7-3178-4617-b59c-6fa7b313c82e,2025-08-16,,SOLD,2025-08-20,4.0,0.05,1.51,1.41,0.1
GH5Z4Z83K6S6,4.48,2025-07-28,MP9 | Mount Fuji (Field-Tested),19.91,8262974f-6ca8-41af-84a9-3ec2262dcbf7,64145954,False,8262974f-6ca8-41af-84a9-3ec2262dcbf7,2025-07-30,,SOLD,2025-08-20,22.0,0.05,5.93,4.73,1.15
G088N9SFKNN9,2.95,2025-07-05,"Music Kit | bbno$, u mad!",,b98936a0-7dbd-4264-8494-ce0c5a23e3ca,63871313,False,b98936a0-7dbd-4264-8494-ce0c5a23e3ca,2025-07-24,,SOLD,2025-08-20,45.0,0.05,3.34,3.12,0.22
G55UL582E3NH,2.17,2025-06-18,StatTrak™ M4A1-S | Night Terror (Field-Tested),29.2,ff0e1b90-23c1-41c8-8992-0ac16c0d68df,63871260,False,ff0e1b90-23c1-41c8-8992-0ac16c0d68df,2025-07-24,,SOLD,2025-08-20,62.0,0.05,2.56,2.29,0.26
G7HF2RZ40PS8,0.22,2025-08-10,Charm | Whittle Knife,,19b8911e-4f7a-4ec6-95a3-1f2cd9063cd1,64548937,False,19b8911e-4f7a-4ec6-95a3-1f2cd9063cd1,2025-08-11,,SOLD,2025-08-20,9.0,0.05,0.4,0.24,0.16
G9KZCW36ZRTU,0.22,2025-08-10,Charm | Whittle Knife,,cc8ec2dc-d4d2-4f7f-9591-a603f573cb4d,64548936,False,cc8ec2dc-d4d2-4f7f-9591-a603f573cb4d,2025-08-11,,SOLD,2025-08-20,9.0,0.05,0.4,0.24,0.16
GX0CPD4HTDPZ,4.0,2025-08-20,Zeus x27 | Olympus (Field-Tested),20.35,4508872e-5dc9-412c-8e24-daa1556c5085,64853928,False,4508872e-5dc9-412c-8e24-daa1556c5085,2025-08-21,,SOLD,2025-08-21,0.0,0.05,4.51,4.22,0.28
GE33ETXD4XSH,1.36,2025-08-18,Sticker | Evil Geniuses (Foil) | Stockholm 2021,,,36681754,True,91e5faf3-cd01-4f0c-ba60-0384956ffd85,2025-08-19,,SOLD,2025-08-21,2.0,0.05,1.66,1.44,0.22
G932EA5L0TD2,1.24,2025-08-20,USP-S | Ticket to Hell (Factory New),6.6,9b0a6385-f392-4080-80f5-186789702fb0,64853923,False,9b0a6385-f392-4080-80f5-186789702fb0,2025-08-21,,SOLD,2025-08-21,0.0,0.05,1.45,1.32,0.14
GG748TFLL3WW,22.0,2025-08-18,Safecracker Voltzmann | The Professionals,,2ba37df1-4970-4314-a9da-6af3b11656cb,64846541,False,2ba37df1-4970-4314-a9da-6af3b11656cb,2025-08-19,,SOLD,2025-08-21,2.0,0.05,26.66,23.17,3.33
G5F4Z3R5KDL2,1.13,2025-08-20,Desert Eagle | Trigger Discipline (Minimal Wear),9.41,e7f07a21-fed5-47ff-a941-5b044968d1a5,64853925,False,e7f07a21-fed5-47ff-a941-5b044968d1a5,2025-08-21,,SOLD,2025-08-21,0.0,0.05,1.5,1.2,0.29
GNTTG8PG4HZ0,1.13,2025-08-20,Desert Eagle | Trigger Discipline (Minimal Wear),11.02,6855a44e-3b9e-4004-82fd-41d2857c35a6,64853924,False,6855a44e-3b9e-4004-82fd-41d2857c35a6,2025-08-21,,SOLD,2025-08-21,0.0,0.05,1.5,1.2,0.29
G0RTF5EECW2T,1.3,2025-07-07,Desert Eagle | Heat Treated (Field-Tested),30.48,6416710b-c69f-4fb6-b095-c4c809cdbf91,63871338,False,6416710b-c69f-4fb6-b095-c4c809cdbf91,2025-07-24,,SOLD,2025-08-21,44.0,0.05,1.46,1.38,0.09
G4XNK52TRDXX,5.13,2025-08-17,MP7 | Fade (Factory New),5.93,1088afd2-1956-4b44-a7fc-94d2d9090066,64842828,False,1088afd2-1956-4b44-a7fc-94d2d9090066,2025-08-18,,SOLD,2025-08-21,3.0,0.05,6.35,5.41,0.9
GDEKCUZS6X2G,5.56,2025-08-18,MP9 | Starlight Protector (Minimal Wear),11.13,2590c774-ac33-4b25-b4e3-739e55b80555,64846537,False,2590c774-ac33-4b25-b4e3-739e55b80555,2025-08-19,,SOLD,2025-08-21,2.0,0.05,6.36,5.86,0.48
G96LWE6Z7G0Z,1.36,2025-08-18,Sticker | Evil Geniuses (Foil) | Stockholm 2021,,,36681754,True,8dbee628-f04a-46b5-af7e-b6c34226ea25,2025-08-19,,SOLD,2025-08-21,2.0,0.05,1.66,1.44,0.22
G3WTELGFKGW2,0.73,2025-08-09,M4A4 | Choppa (Factory New),1.19,c21b1005-dac9-4fab-b188-6d9dc437c8a5,64521910,False,c21b1005-dac9-4fab-b188-6d9dc437c8a5,2025-08-10,,SOLD,2025-08-21,11.0,0.05,1.54,0.78,0.73
GC6RD6Z7C745,1.37,2025-08-21,StatTrak™ M4A1-S | Emphorosaur-S (Field-Tested),32.47,d5279722-4fa3-49ff-aed3-683dd3162cf5,64857817,False,d5279722-4fa3-49ff-aed3-683dd3162cf5,2025-08-22,,SOLD,2025-08-22,0.0,0.05,1.55,1.45,0.1
GT696H857H33,0.65,2025-08-20,Sticker | TYLOO (Holo) | 2020 RMR,,,30582903,True,de74f044-70aa-42e3-8804-643dcc5475d0,2025-08-21,,SOLD,2025-08-22,1.0,0.05,0.85,0.69,0.16
GF8GG06KTZ6F,0.65,2025-08-20,Sticker | TYLOO (Holo) | 2020 RMR,,,30582903,True,ceeeba38-cc3d-41f6-8a50-77d768f84979,2025-08-21,,SOLD,2025-08-22,1.0,0.05,0.85,0.69,0.16
GN9DNUG8XHR6,3.06,2025-08-21,Desert Eagle | Trigger Discipline (Factory New),3.18,264b818d-5555-4d7b-8a1c-aa01d6d6d515,64857819,False,264b818d-5555-4d7b-8a1c-aa01d6d6d515,2025-08-22,,SOLD,2025-08-22,0.0,0.05,3.51,3.23,0.27
G20EDXFGZ4UP,18.0,2025-08-21,Special Agent Ava | FBI,,4a232cdb-f4bb-40de-bca4-9cda5c79d35b,64857823,False,4a232cdb-f4bb-40de-bca4-9cda5c79d35b,2025-08-22,,SOLD,2025-08-22,0.0,0.05,20.37,18.96,1.35
GEC530X2WTDE,0.26,2025-08-19,MP9 | Buff Blue (Factory New),4.66,e598c98c-bd5e-410c-9e04-3b58cd60d24a,64850426,False,e598c98c-bd5e-410c-9e04-3b58cd60d24a,2025-08-20,,SOLD,2025-08-22,2.0,0.05,1.26,0.28,0.94
GZL8RCAC48RZ,1.6,2025-08-21,Zeus x27 | Electric Blue (Factory New),0.94,04e35ed8-1f4e-48a3-8b6e-a3ad9576a4ea,64857826,False,04e35ed8-1f4e-48a3-8b6e-a3ad9576a4ea,2025-08-22,,SOLD,2025-08-22,0.0,0.05,2.18,1.69,0.47
GX32U0758060,1.23,2025-08-19,USP-S | Ticket to Hell (Factory New),6.87,f5f5d8c0-c769-4c38-b814-99b255e6b192,64850424,False,f5f5d8c0-c769-4c38-b814-99b255e6b192,2025-08-20,,SOLD,2025-08-22,2.0,0.05,1.45,1.31,0.15
GWZN346PE6XD,50.0,2025-08-14,M4A1-S | Golden Coil (Field-Tested),27.16,48446536-fb50-4f85-acab-354860f64f1c,64817179,False,48446536-fb50-4f85-acab-354860f64f1c,2025-08-15,,SOLD,2025-08-22,7.0,0.05,56.61,52.64,3.78
GNCK4E3KPTCS,6.59,2025-08-15,AK-47 | Nightwish (Field-Tested),22.34,d0e70545-3268-442d-a17c-3cb6725ee787,64830677,False,d0e70545-3268-442d-a17c-3cb6725ee787,2025-08-16,,SOLD,2025-08-22,6.0,0.05,7.71,6.95,0.73
GHK095A6PK7T,16.98,2025-08-17,AWP | Atheris (Factory New),6.99,39570bd3-9775-475c-820c-84e2df6d00d1,64842831,False,39570bd3-9775-475c-820c-84e2df6d00d1,2025-08-18,,SOLD,2025-08-22,4.0,0.05,18.93,17.88,1.0
GLCA8S7X4A25,4.32,2025-08-21,Sticker | Gambit Gaming (Holo) | Stockholm 2021,,,36659665,True,3d6afaa0-2252-4bc4-a32f-6e8bd5c2edbb,2025-08-22,,SOLD,2025-08-22,0.0,0.05,5.15,4.56,0.57
G0FWFD0EW4F0,11.88,2025-08-13,AK-47 | Head Shot (Minimal Wear),13.33,3f58b5f8-d4a0-4385-a0e4-9ba38796022a,64795468,False,3f58b5f8-d4a0-4385-a0e4-9ba38796022a,2025-08-14,,SOLD,2025-08-23,9.0,0.05,13.39,12.52,0.84
GX7E4DGGR66K,1.16,2025-08-08,Glock-18 | Candy Apple (Minimal Wear),12.84,35ef7541-1e61-4982-a1f4-aeb2ab6e4146,64453580,False,35ef7541-1e61-4982-a1f4-aeb2ab6e4146,2025-08-09,,SOLD,2025-08-23,14.0,0.05,1.32,1.23,0.09
G4TPWPRE8X7X,3.75,2025-08-21,Operation Phoenix Weapon Case,,,221,True,bf04f685-b61b-416d-98d4-e663498b56ba,2025-08-22,,SOLD,2025-08-23,1.0,0.05,4.27,3.96,0.31
GGLD98RAXTCS,3.75,2025-08-21,Operation Phoenix Weapon Case,,,221,True,d65e9663-9a83-45f9-8b06-351fd2133de7,2025-08-22,,SOLD,2025-08-23,1.0,0.05,4.27,3.96,0.31
GF0HN90DWSC7,3.75,2025-08-21,Operation Phoenix Weapon Case,,,221,True,8569ae6c-26f9-4739-a00f-e582cbd29b1f,2025-08-22,,SOLD,2025-08-23,1.0,0.05,4.27,3.96,0.31
GD0RGG44PLEH,1.48,2025-08-04,R8 Revolver | Blaze (Factory New),6.55,24fac5c2-1d61-4fa6-aad1-42071e0e2259,64314908,False,24fac5c2-1d61-4fa6-aad1-42071e0e2259,2025-08-05,,SOLD,2025-08-23,18.0,0.05,2.1,1.57,0.51
G4DA5EESHX9X,1.45,2025-08-15,StatTrak™ M4A1-S | Emphorosaur-S (Field-Tested),25.14,ab4beaba-8c86-4f90-a830-4ed0491873f2,64830692,False,ab4beaba-8c86-4f90-a830-4ed0491873f2,2025-08-16,,SOLD,2025-08-23,7.0,0.05,1.92,1.54,0.37
GKZ3F2AA9399,3.75,2025-08-21,Operation Phoenix Weapon Case,,,221,True,3eb49bf7-ac9a-4816-b787-e17b8890fc77,2025-08-22,,SOLD,2025-08-23,1.0,0.05,4.27,3.96,0.31
GT5DGTAD5SEC,1.78,2025-08-22,Desert Eagle | Serpent Strike (Factory New),6.44,4a05bf86-f3e3-453d-80ed-df80d8788164,64866902,False,4a05bf86-f3e3-453d-80ed-df80d8788164,2025-08-23,,SOLD,2025-08-23,0.0,0.05,2.1,1.88,0.21
GNR9WS2CCUL0,5.1,2025-08-21,MP9 | Starlight Protector (Minimal Wear),7.07,d96139f8-9f27-4135-8167-39ec23fbd9b5,64857824,False,d96139f8-9f27-4135-8167-39ec23fbd9b5,2025-08-22,,SOLD,2025-08-23,1.0,0.05,6.06,5.38,0.66
GSLDXWG6CCUP,4.13,2025-08-03,AWP | Duality (Minimal Wear),10.34,6a419544-4ceb-40ef-87da-118698aac22d,64285267,False,6a419544-4ceb-40ef-87da-118698aac22d,2025-08-04,,SOLD,2025-08-23,19.0,0.05,4.67,4.36,0.31
GR7F6F3XK0R5,0.21,2025-08-10,Sticker | Bolt Strike,,,55436342,True,df46bb4f-e0cc-47ce-94f0-6f11e2b9d419,2025-08-11,,SOLD,2025-08-23,12.0,0.05,0.36,0.23,0.13
GD82HA94FZ5F,3.75,2025-08-21,Operation Phoenix Weapon Case,,,221,True,cb211679-5ed9-41da-80ad-4c9e6249d3a1,2025-08-22,,SOLD,2025-08-23,1.0,0.05,4.27,3.96,0.31
GUNE0F2SRA4W,1.1,2025-07-07,Glock-18 | Ocean Topo (Factory New),6.51,6a126b25-5087-4312-828b-7f11a2366475,63871322,False,6a126b25-5087-4312-828b-7f11a2366475,2025-07-24,,SOLD,2025-08-23,46.0,0.05,1.37,1.17,0.2
GZACEFC38K38,3.75,2025-08-21,Operation Phoenix Weapon Case,,,221,True,b7341b8a-fe04-46ae-84ef-f3680247980d,2025-08-22,,SOLD,2025-08-23,1.0,0.05,4.27,3.96,0.31
GNWKZWPZFGAL,0.89,2025-08-21,Glock-18 | Ocean Topo (Factory New),6.75,bad54b67-ab97-40ed-b386-03e8721672f4,64857821,False,bad54b67-ab97-40ed-b386-03e8721672f4,2025-08-22,,SOLD,2025-08-23,1.0,0.05,1.15,0.95,0.2
GG93F84A9WS6,0.26,2025-08-20,Sticker | Evil Geniuses (Holo) | 2020 RMR,,,30582872,True,598846ee-f19d-4087-bc70-b544c662d96f,2025-08-21,,SOLD,2025-08-24,3.0,0.05,0.44,0.28,0.16
GX45XSGXXE0R,0.26,2025-08-20,Sticker | Evil Geniuses (Holo) | 2020 RMR,,,30582872,True,8343fa9a-8366-46d2-b7bf-6df5dfcf488d,2025-08-21,,SOLD,2025-08-24,3.0,0.05,0.44,0.28,0.16
GWZT2GNEZTCE,0.26,2025-08-20,Sticker | Evil Geniuses (Holo) | 2020 RMR,,,30582872,True,a9a7bd45-2a7b-461f-bd58-d4bc7fbb6331,2025-08-21,,SOLD,2025-08-24,3.0,0.05,0.44,0.28,0.16
GPK8XC9KS4DW,1.14,2025-06-22,Dual Berettas | Melondrama (Field-Tested),20.5,6af47af6-f091-4390-b689-5fb2ac592f8c,63871300,False,6af47af6-f091-4390-b689-5fb2ac592f8c,2025-07-24,,SOLD,2025-08-24,62.0,0.05,1.3,1.21,0.09
G78GZX8ZXWST,0.26,2025-08-20,Sticker | Evil Geniuses (Holo) | 2020 RMR,,,30582872,True,ea872991-d19f-42d9-b95c-45b2648fa595,2025-08-21,,SOLD,2025-08-24,3.0,0.05,0.44,0.28,0.16
GXK33A7NF686,0.26,2025-08-20,Sticker | Evil Geniuses (Holo) | 2020 RMR,,,30582872,True,6fee4229-48cd-4098-be83-0be8f8d8093a,2025-08-21,,SOLD,2025-08-24,3.0,0.05,0.44,0.28,0.16
G56P90F4ASS2,0.13,2025-08-23,Sticker | Evil Geniuses (Holo) | 2020 RMR,,,30582872,True,38a1a0e8-aae7-4151-8671-7d2fb22f90cf,2025-08-24,,SOLD,2025-08-24,0.0,0.05,0.44,0.15,0.29
GUNGWW0HXD2S,0.13,2025-08-23,Sticker | Evil Geniuses (Holo) | 2020 RMR,,,30582872,True,b9957d9d-f5fd-4c51-8ce0-f71b5c91c908,2025-08-24,,SOLD,2025-08-24,0.0,0.05,0.44,0.15,0.29
G7HC7C27DST5,2.49,2025-08-19,AK-47 | Searing Rage (Well-Worn),39.35,fbc8c971-4568-4711-9c2a-d389080e608d,64850427,False,fbc8c971-4568-4711-9c2a-d389080e608d,2025-08-20,,SOLD,2025-08-24,4.0,0.05,2.94,2.63,0.3
G2989P9LW7UK,0.26,2025-08-20,Sticker | Evil Geniuses (Holo) | 2020 RMR,,,30582872,True,26a7b6cf-5881-4c35-b565-a7bf19195fbe,2025-08-21,,SOLD,2025-08-24,3.0,0.05,0.44,0.28,0.16
GCGS5UHX32DE,0.13,2025-08-23,Sticker | Evil Geniuses (Holo) | 2020 RMR,,,30582872,True,a87f914a-3c38-4053-b7e3-ea1eaac13cd5,2025-08-24,,SOLD,2025-08-24,0.0,0.05,0.44,0.15,0.29
GLNWSZRGEHLF,4.5,2025-08-17,AK-47 | The Outsiders (Field-Tested),24.17,51880653-a790-403c-a77a-94c31461e42f,64842832,False,51880653-a790-403c-a77a-94c31461e42f,2025-08-18,,SOLD,2025-08-24,6.0,0.05,5.09,4.75,0.34
GZZLE72823ZX,0.13,2025-08-23,Sticker | Evil Geniuses (Holo) | 2020 RMR,,,30582872,True,e2d4feb0-1b6b-4c3f-80ab-245f1c91471c,2025-08-24,,SOLD,2025-08-24,0.0,0.05,0.44,0.15,0.29
GN5A086AACUL,1.73,2025-08-23,Zeus x27 | Tosai (Factory New),6.06,bd899249-ad00-48f0-9b31-2684469ba526,64870382,False,bd899249-ad00-48f0-9b31-2684469ba526,2025-08-24,,SOLD,2025-08-24,0.0,0.05,2.25,1.83,0.41
GCRUA9XE55GL,5.66,2025-08-23,StatTrak™ M4A1-S | Night Terror (Factory New),6.38,869f078c-14d9-42d6-8f1a-4ad5858159d6,64870384,False,869f078c-14d9-42d6-8f1a-4ad5858159d6,2025-08-24,,SOLD,2025-08-24,0.0,0.05,6.79,5.97,0.79
G26KH6Z9U9S4,8.5,2025-08-10,AK-47 | Wintergreen (Minimal Wear),14.34,450d0853-aa37-443b-bdea-6ce131272535,64548939,False,450d0853-aa37-443b-bdea-6ce131272535,2025-08-11,,SOLD,2025-08-24,13.0,0.05,9.47,8.96,0.5
GGHNAR6UX08N,2.3,2025-08-01,M4A1-S | Emphorosaur-S (Factory New),6.64,d7256c98-f93b-4596-8db4-831d8aab498b,64236097,False,d7256c98-f93b-4596-8db4-831d8aab498b,2025-08-02,,SOLD,2025-08-24,22.0,0.05,2.57,2.43,0.14
GFGTT7386FEN,1.1,2025-05-12,Glock-18 | Umbral Rabbit (Minimal Wear),14.68,ccaec59f-47f0-459b-9376-a9a2589c3ae5,63871071,False,ccaec59f-47f0-459b-9376-a9a2589c3ae5,2025-07-24,,SOLD,2025-08-24,103.0,0.05,1.17,1.17,0.01
G9CACS80WRKD,0.26,2025-08-03,Charm | Pocket AWP,,62d7ddfa-c4ac-4126-93c9-df4809965615,64285245,False,62d7ddfa-c4ac-4126-93c9-df4809965615,2025-08-04,,SOLD,2025-08-24,20.0,0.05,0.31,0.28,0.03
GHPWKWC4NRLH,10.27,2025-08-23,AK-47 | Midnight Laminate (Field-Tested),30.28,7c2579db-ecf7-4398-965a-5c4a9c5f8067,64870381,False,7c2579db-ecf7-4398-965a-5c4a9c5f8067,2025-08-24,,SOLD,2025-08-24,0.0,0.05,12.09,10.82,1.22
G99D4DED9TNH,1.49,2025-08-23,Sticker | s1mple (Holo) | Stockholm 2021,,,36899081,True,48a6bc17-a8d2-47bb-ad36-d9cb03f5477b,2025-08-24,,SOLD,2025-08-24,0.0,0.05,2.83,1.58,1.2
GAZE9XWK0E3W,2.38,2025-08-23,StatTrak™ USP-S | Ticket to Hell (Minimal Wear),10.34,b3178311-73e5-4b84-826c-e42fc69ca209,64870376,False,b3178311-73e5-4b84-826c-e42fc69ca209,2025-08-24,,SOLD,2025-08-24,0.0,0.05,2.74,2.52,0.22
GF43AT7H52LW,2.15,2025-08-23,Sticker | MOUZ (Holo) | Paris 2023,,,45008727,True,99595672-b3e3-4629-a095-bdee89598f2d,2025-08-24,,SOLD,2025-08-24,0.0,0.05,3.56,2.27,1.23
G67E747N3P4C,1.06,2025-07-06,Glock-18 | Ocean Topo (Factory New),4.97,b0651c59-1252-468a-aeca-d33289bc4457,63871320,False,b0651c59-1252-468a-aeca-d33289bc4457,2025-07-24,,SOLD,2025-08-24,48.0,0.05,1.21,1.13,0.09
G9DS0ZL20Z9C,0.29,2025-08-12,Desert Eagle | Serpent Strike (Field-Tested),19.48,39a6d3fa-d6de-4663-a57c-5ec63b187eaa,64697462,False,39a6d3fa-d6de-4663-a57c-5ec63b187eaa,2025-08-13,,SOLD,2025-08-24,11.0,0.05,0.45,0.32,0.14
G73DCPLA7W8K,3.0,2025-08-22,Glock-18 | Shinobu (Field-Tested),30.3,e232a7a3-121a-43ff-8023-6da1bae9e263,64866906,False,e232a7a3-121a-43ff-8023-6da1bae9e263,2025-08-23,,SOLD,2025-08-24,1.0,0.05,3.4,3.17,0.23
GWUXZ5236G59,1.14,2025-08-08,Glock-18 | Candy Apple (Minimal Wear),13.27,ca6d7de4-cea1-46cb-8466-7813e2c18076,64453579,False,ca6d7de4-cea1-46cb-8466-7813e2c18076,2025-08-09,,SOLD,2025-08-24,15.0,0.05,1.32,1.21,0.11
GC3PWT4AHE5Z,1.56,2025-08-20,Glock-18 | Moonrise (Factory New),6.71,f44eb122-964e-498e-a005-0ab45f3625c9,64853921,False,f44eb122-964e-498e-a005-0ab45f3625c9,2025-08-21,,SOLD,2025-08-24,3.0,0.05,1.77,1.65,0.12
G59237L8RAKH,5.89,2025-08-17,Enforcer | Phoenix,,cb58f585-7daf-42d9-979b-bf1d442119e9,64842825,False,cb58f585-7daf-42d9-979b-bf1d442119e9,2025-08-18,,SOLD,2025-08-25,7.0,0.05,7.33,6.21,1.07
GRS53E5A7H2Z,1.99,2025-08-14,Sticker | Fluxo (Holo) | Paris 2023,,,45155974,True,08f26f69-e3ff-4926-b519-eb7d63bd46be,2025-08-15,,SOLD,2025-08-25,10.0,0.05,2.84,2.11,0.71
GGN29W4G4SLA,1.85,2025-08-21,Sticker | Natus Vincere (Holo) | Paris 2023,,,44994901,True,61d9eac7-b327-4a0f-a865-e4d502688c1f,2025-08-22,,SOLD,2025-08-25,3.0,0.05,2.15,1.96,0.19
GHPFWD08U4SZ,0.26,2025-08-03,Charm | Pocket AWP,,af199338-a742-48f9-8584-18b79cda1288,64285244,False,af199338-a742-48f9-8584-18b79cda1288,2025-08-04,,SOLD,2025-08-25,21.0,0.05,0.31,0.28,0.03
G6433TW88XNA,2.41,2025-08-24,Desert Eagle | Tilted (Factory New),4.01,5fb071a5-0a17-468f-a162-424def82dc97,64875654,False,5fb071a5-0a17-468f-a162-424def82dc97,2025-08-25,,SOLD,2025-08-25,0.0,0.05,3.43,2.55,0.85
G6KWFGZ72PS5,0.75,2025-08-22,Five-SeveN | Sky Blue (Factory New),5.85,edbf66da-b45e-4748-9ff6-896c93514d98,64866901,False,edbf66da-b45e-4748-9ff6-896c93514d98,2025-08-23,,SOLD,2025-08-25,2.0,0.05,1.25,0.8,0.44
G7KL0UPGG2TR,1.73,2025-08-24,MP9 | Food Chain (Field-Tested),35.97,014571ee-6de8-4d1d-a15e-ea6f767eee33,64875660,False,014571ee-6de8-4d1d-a15e-ea6f767eee33,2025-08-25,,SOLD,2025-08-25,0.0,0.05,2.02,1.83,0.19
GCUFWD8RF6ST,0.54,2025-08-16,Glock-18 | Umbral Rabbit (Minimal Wear),9.77,9cc7397c-3510-4532-a14d-30100d7bd0e9,64838509,False,9cc7397c-3510-4532-a14d-30100d7bd0e9,2025-08-17,,SOLD,2025-08-25,8.0,0.05,0.74,0.58,0.16
GD2ZHFGK3K33,2.89,2025-08-21,Glock-18 | Shinobu (Field-Tested),33.87,7ae2e831-c16f-45d8-8be4-37a055b65919,64857822,False,7ae2e831-c16f-45d8-8be4-37a055b65919,2025-08-22,,SOLD,2025-08-25,3.0,0.05,3.4,3.05,0.34
GPEKASPRC5P6,2.5,2025-08-24,Spectrum 2 Case,,,274032,True,68202e9d-0c12-4bc9-8b91-f3bd5bbb10ff,2025-08-25,,SOLD,2025-08-25,0.0,0.05,2.83,2.64,0.19
GPA96HZAE5HU,11.19,2025-08-23,M4A1-S | Decimator (Field-Tested),22.52,0ff98499-6bae-417e-8ed9-8d8a93d481be,64870380,False,0ff98499-6bae-417e-8ed9-8d8a93d481be,2025-08-24,,SOLD,2025-08-25,1.0,0.05,12.59,11.79,0.77
GTRN8HWAW2L4,0.91,2025-08-06,AWP | Pit Viper (Minimal Wear),10.28,4e2d5f4d-36c0-42d0-8d45-de0844f08ac4,64402726,False,4e2d5f4d-36c0-42d0-8d45-de0844f08ac4,2025-08-08,,SOLD,2025-08-25,18.0,0.05,1.03,0.97,0.07
G7X8RWFF4C7L,0.83,2025-08-23,Glock-18 | Nuclear Garden (Field-Tested),28.98,df7c7f4e-5fee-48d7-bfea-68c132e60d5d,64870377,False,df7c7f4e-5fee-48d7-bfea-68c132e60d5d,2025-08-24,,SOLD,2025-08-25,1.0,0.05,1.06,0.88,0.18
G5R890FE67T8,2.5,2025-08-24,Spectrum 2 Case,,,274032,True,860a0d0a-c1e4-4956-b989-b8fb36084d81,2025-08-25,,SOLD,2025-08-25,0.0,0.05,2.83,2.64,0.19
GKX5298GEPDC,1.11,2025-07-31,FAMAS | Rapid Eye Movement (Field-Tested),18.7,c80676d8-ca6b-407d-94b1-fdc0c5be7b91,64215605,False,c80676d8-ca6b-407d-94b1-fdc0c5be7b91,2025-08-01,,SOLD,2025-08-25,24.0,0.05,1.53,1.18,0.34
GFSGXE4WE9HZ,0.29,2025-08-12,Desert Eagle | Serpent Strike (Field-Tested),15.85,1849f2ae-830c-492c-81a7-df4af9075111,64697460,False,1849f2ae-830c-492c-81a7-df4af9075111,2025-08-13,,SOLD,2025-08-25,12.0,0.05,0.45,0.32,0.14
GDLZUN365RDS,2.66,2025-03-15,USP-S | Cortex (Field-Tested),30.23,79de74d6-3f57-41ae-99ce-5460e008e8b2,63871072,False,79de74d6-3f57-41ae-99ce-5460e008e8b2,2025-07-24,,SOLD,2025-08-25,162.0,0.05,2.81,2.81,0.01
GFUW2ZWE67DR,1.5,2025-08-15,AK-47 | Crossfade (Field-Tested),15.11,04e1b094-3c68-4997-bb9c-2fb1c10f5e90,64830707,False,04e1b094-3c68-4997-bb9c-2fb1c10f5e90,2025-08-16,,SOLD,2025-08-26,10.0,0.05,1.7,1.59,0.11
G3AL53ZFPH7F,1.78,2025-08-18,Desert Eagle | Meteorite (Factory New),6.27,6927f669-4559-4786-be25-652e70195cda,64846545,False,6927f669-4559-4786-be25-652e70195cda,2025-08-19,,SOLD,2025-08-26,7.0,0.05,2.01,1.88,0.13
G6RE5NHLAPWK,0.25,2025-08-21,Charm | Whittle Knife,,d23f2977-a2a5-46a3-907f-82fe36d41d96,64857820,False,d23f2977-a2a5-46a3-907f-82fe36d41d96,2025-08-22,,SOLD,2025-08-26,4.0,0.05,0.37,0.27,0.1
GSCZ6RP7W9LA,0.39,2025-08-20,Charm | Pinch O' Salt,,58da0d09-2a41-4067-9452-8ad32402849c,64853920,False,58da0d09-2a41-4067-9452-8ad32402849c,2025-08-21,,SOLD,2025-08-26,5.0,0.05,0.53,0.42,0.11
GAH3D3SXDFAA,3.27,2025-08-17,Sticker | Gold Web (Foil),,,7177483,True,fdb1f33a-2439-4f55-b323-b9a70337a7e6,2025-08-18,,SOLD,2025-08-26,8.0,0.05,4.05,3.45,0.58
GUTP0KTZE26G,0.5,2025-08-12,Glock-18 | Umbral Rabbit (Minimal Wear),9.48,11835b0b-3ac3-4f2f-ac91-0a6baaadee26,64697444,False,11835b0b-3ac3-4f2f-ac91-0a6baaadee26,2025-08-13,,SOLD,2025-08-26,13.0,0.05,0.74,0.54,0.2
GAZ4A6F2T2NS,3.27,2025-08-17,Sticker | Gold Web (Foil),,,7177483,True,36fea704-3e65-4a13-8646-facced0fef00,2025-08-18,,SOLD,2025-08-26,8.0,0.05,4.05,3.45,0.58
GNTGZC0EAP06,2.41,2025-08-24,Desert Eagle | Tilted (Factory New),6.12,e1868a5a-06cc-4783-a219-f247fff85712,64875653,False,e1868a5a-06cc-4783-a219-f247fff85712,2025-08-25,,SOLD,2025-08-26,1.0,0.05,3.43,2.55,0.85
G4CSR7WH4W34,1.5,2025-08-15,AK-47 | Crossfade (Field-Tested),16.56,751469b7-7498-4306-b4cb-3238be2c173f,64830708,False,751469b7-7498-4306-b4cb-3238be2c173f,2025-08-16,,SOLD,2025-08-26,10.0,0.05,1.7,1.59,0.11
GE7AP8UNCT63,1.7,2025-08-24,Sticker | Spirit (Foil) | 2020 RMR,,,30597942,True,e2e2f3a3-6622-45ed-8c13-b417e8b5b98b,2025-08-25,,SOLD,2025-08-26,1.0,0.05,1.98,1.8,0.18
GK28E0NNW0AL,1.5,2025-08-14,AK-47 | Crossfade (Field-Tested),31.85,2bb772f1-8c16-4a4e-9b9f-8fd7b9881242,64817178,False,2bb772f1-8c16-4a4e-9b9f-8fd7b9881242,2025-08-15,,SOLD,2025-08-26,11.0,0.05,1.7,1.59,0.11
GX342NLUCDZT,1.5,2025-08-14,AK-47 | Crossfade (Field-Tested),20.36,9fca9e8e-d612-4d84-b97e-99da7e3da558,64817177,False,9fca9e8e-d612-4d84-b97e-99da7e3da558,2025-08-15,,SOLD,2025-08-26,11.0,0.05,1.7,1.59,0.11
GR60URSWX0DS,0.32,2025-08-24,Charm | Pinch O' Salt,,3e8bff3a-2cc3-48b6-9820-27e31d42294d,64875659,False,3e8bff3a-2cc3-48b6-9820-27e31d42294d,2025-08-25,,SOLD,2025-08-26,1.0,0.05,0.53,0.35,0.18
GT5WSUW503KP,3.06,2025-08-10,Sticker | Bolt Charge (Foil),,,55478593,True,7e7a7de4-694a-4531-b91e-75d449335c2d,2025-08-11,,SOLD,2025-08-26,15.0,0.05,3.88,3.23,0.63
G8GZGZ7NC84W,2.07,2025-07-28,AWP | Acheron (Factory New),4.98,0341b71a-951a-4d3c-b177-4e1c5da96c31,64145942,False,0341b71a-951a-4d3c-b177-4e1c5da96c31,2025-07-30,,SOLD,2025-08-26,28.0,0.05,2.35,2.19,0.16
GU034E9G650H,3.06,2025-08-10,Sticker | Bolt Charge (Foil),,,55478593,True,d75717ef-b6c3-4566-ae29-ed37e0aff741,2025-08-11,,SOLD,2025-08-26,15.0,0.05,3.88,3.23,0.63
G8SZ72ZLK2A8,1.5,2025-08-15,AK-47 | Crossfade (Field-Tested),27.08,a9739af5-8d79-44d7-9a65-f9c198298a07,64830706,False,a9739af5-8d79-44d7-9a65-f9c198298a07,2025-08-16,,SOLD,2025-08-26,10.0,0.05,1.7,1.59,0.11
GKRL2HURTTAE,2.5,2025-08-24,Spectrum 2 Case,,,274032,True,10818f01-7fd3-4739-b5c9-75c4473a83fb,2025-08-25,,SOLD,2025-08-26,1.0,0.05,2.83,2.64,0.19
GX0WNA5P2NFE,2.79,2025-08-17,Welcome to the Clutch Pin,,,870735,True,47360e7f-fa80-4232-a7d0-76eb4830d4c5,2025-08-18,,SOLD,2025-08-26,8.0,0.05,3.63,2.95,0.66
GAKCEWP3RRN9,1.71,2025-08-12,"Sticker | ZywOo (Holo, Champion) | Paris 2023",,,45372733,True,194e5170-e846-4f04-947f-049bd2510992,2025-08-13,,SOLD,2025-08-26,13.0,0.05,2.24,1.81,0.42
GZ8GT5F3PZUT,1.24,2025-08-24,USP-S | Alpine Camo (Minimal Wear),10.17,ef4ad454-beb8-4ccf-b746-83ab7479edd1,64875651,False,ef4ad454-beb8-4ccf-b746-83ab7479edd1,2025-08-25,,SOLD,2025-08-26,1.0,0.05,1.48,1.32,0.17
G9ZPF39Z4Z74,0.43,2025-08-15,M4A4 | Choppa (Factory New),6.09,03d29a65-109c-40b9-8f84-13c8d85ef036,64830690,False,03d29a65-109c-40b9-8f84-13c8d85ef036,2025-08-16,,SOLD,2025-08-27,11.0,0.05,0.72,0.46,0.25
G82L28Z8244G,2.5,2025-08-26,Canals Pin,,,864505,True,fb96b14a-7e04-4a84-94a0-cf0862274e13,2025-08-27,,SOLD,2025-08-27,0.0,0.05,3.34,2.64,0.67
GKNL8SHRP54E,2.9,2025-08-22,Gamma 2 Case,,,726,True,b8f64b05-4c54-48ac-ad4e-a47263035f34,2025-08-23,,SOLD,2025-08-27,4.0,0.05,3.25,3.06,0.19
G3G5TL5PAKRZ,0.49,2025-08-21,Sticker | Web Stuck,,,7243184,True,917f4a47-f4b8-4b92-b130-d2670787d8c1,2025-08-22,,SOLD,2025-08-27,5.0,0.05,0.67,0.53,0.15
GXG8DLFCP6TK,0.13,2025-08-23,Sticker | Evil Geniuses (Holo) | 2020 RMR,,,30582872,True,2ae6ed3a-0df7-4581-8166-2eebdc064596,2025-08-24,,SOLD,2025-08-27,3.0,0.05,0.44,0.15,0.29
GSP529DRGUTR,0.11,2025-08-24,Sticker | Evil Geniuses (Holo) | 2020 RMR,,,30582872,True,ca326019-5f13-49d8-8214-8b2cf5fdde4c,2025-08-25,,SOLD,2025-08-27,2.0,0.05,0.44,0.13,0.31
G45AXWRX0AP0,1.31,2025-08-09,Glock-18 | Umbral Rabbit (Factory New),6.5,15369ac3-23b1-4791-b81a-0ed2e110b0cb,64521901,False,15369ac3-23b1-4791-b81a-0ed2e110b0cb,2025-08-10,,SOLD,2025-08-27,17.0,0.05,1.82,1.39,0.42
GC2SSLZ8A9UX,2.9,2025-08-22,Gamma 2 Case,,,726,True,082da8d7-1e45-4afa-97ee-42a36826b51f,2025-08-23,,SOLD,2025-08-27,4.0,0.05,3.25,3.06,0.19
GDESEEC08PGZ,2.9,2025-08-22,Gamma 2 Case,,,726,True,4665ad95-c2f7-4581-9c51-c1cf1fd0834e,2025-08-23,,SOLD,2025-08-27,4.0,0.05,3.25,3.06,0.19
GKCENKHR0004,2.9,2025-08-22,Gamma 2 Case,,,726,True,54fbdb82-3a3f-420d-893c-a87cf5e4290e,2025-08-23,,SOLD,2025-08-27,4.0,0.05,3.25,3.06,0.19
GR8SWZD00GDP,2.9,2025-08-22,Gamma 2 Case,,,726,True,febc579e-430c-41f4-adbc-fe23f738bb97,2025-08-23,,SOLD,2025-08-27,4.0,0.05,3.25,3.06,0.19
G4RZA5R2EKRZ,0.05,2025-08-09,Sticker | MOUZ (Glitter) | Paris 2023,,,45005053,True,2ba646b3-a5f0-481c-838e-1630aaa0e634,2025-08-10,,SOLD,2025-08-28,18.0,0.05,0.16,0.06,0.1
GNN9S64N8CU2,0.65,2025-08-11,P250 | Nevermore (Minimal Wear),11.85,bed0a3a2-991c-4965-85ab-718ec5eddded,64623083,False,bed0a3a2-991c-4965-85ab-718ec5eddded,2025-08-12,,SOLD,2025-08-28,16.0,0.05,0.81,0.69,0.12
GRKRPFRG94UU,3.56,2025-08-09,Sticker | Bolt Charge (Foil),,,55478593,True,1190203f-ad30-47c5-a164-ac719fefa8c7,2025-08-10,,SOLD,2025-08-28,18.0,0.05,4.45,3.76,0.67
GALUL7A4SUAZ,0.91,2025-08-09,AWP | Pit Viper (Minimal Wear),11.46,ee3728ae-df39-4b90-960e-9be49080c4a2,64521902,False,ee3728ae-df39-4b90-960e-9be49080c4a2,2025-08-10,,SOLD,2025-08-28,18.0,0.05,1.03,0.97,0.07
GWGC4FNN9F0S,3.59,2025-08-12,AWP | Black Nile (Minimal Wear),13.87,1593a0c4-ef81-4bd8-bfc0-4ed13f976d98,64697437,False,1593a0c4-ef81-4bd8-bfc0-4ed13f976d98,2025-08-13,,SOLD,2025-08-28,15.0,0.05,4.0,3.79,0.21
G35KSZ4RGHUN,0.89,2025-08-17,Charm | POP Art,,96ed15ee-d5c4-4505-9855-3fdc150f03f5,64842826,False,96ed15ee-d5c4-4505-9855-3fdc150f03f5,2025-08-18,,SOLD,2025-08-28,10.0,0.05,1.27,0.95,0.32
G63PHEG77HPP,4.06,2025-08-05,Sticker | Bolt Charge (Foil),,,55478593,True,2387134b-8481-41da-8be6-d457be6e652c,2025-08-06,,SOLD,2025-08-28,22.0,0.05,4.64,4.28,0.35
GAH66DNAF4G4,0.2,2025-08-26,MP9 | Buff Blue (Factory New),6.21,6ec99807-01b5-45cb-90aa-ee4ed8ef06cf,64889312,False,6ec99807-01b5-45cb-90aa-ee4ed8ef06cf,2025-08-27,,SOLD,2025-08-28,1.0,0.05,1.2,0.22,0.94
GRZ86FGP4UAH,0.41,2025-07-31,Glock-18 | Moonrise (Field-Tested),22.55,c00f779b-28b2-4b27-9fb2-ba682e9e777c,64215606,False,c00f779b-28b2-4b27-9fb2-ba682e9e777c,2025-08-01,,SOLD,2025-08-28,27.0,0.05,0.61,0.44,0.17
GG27FZPX33K3,1.15,2025-07-28,M249 | Downtown (Factory New),5.65,232ecc2e-296b-435a-8b48-5770a04537e9,64402732,False,232ecc2e-296b-435a-8b48-5770a04537e9,2025-08-08,2025-08-01,SOLD,2025-08-28,30.0,0.05,1.28,1.22,0.07
G43DR9F02662,0.5,2025-07-30,P250 | Franklin (Field-Tested),16.38,564ef6ea-37cf-43af-bf94-0bd7b8c2b8a8,64189801,False,564ef6ea-37cf-43af-bf94-0bd7b8c2b8a8,2025-07-31,,SOLD,2025-08-28,28.0,0.05,0.57,0.54,0.04
GF08X023EGG6,1.34,2025-08-27,Charm | Glamour Shot,,44a80037-09be-481e-af3f-071c732a9fa6,64893751,False,44a80037-09be-481e-af3f-071c732a9fa6,2025-08-28,,SOLD,2025-08-28,0.0,0.15,1.8,1.59,0.19
GZ4FUSTH04P6,1.34,2025-08-27,Charm | Glamour Shot,,96bf3ec8-a9fc-4755-936d-3a7dfb046c53,64893752,False,96bf3ec8-a9fc-4755-936d-3a7dfb046c53,2025-08-28,,SOLD,2025-08-28,0.0,0.15,1.8,1.59,0.19
GT86K3P9D5HZ,1.34,2025-08-27,Charm | Glamour Shot,,71627469-673d-481e-bb86-d8ceca20ef54,64893753,False,71627469-673d-481e-bb86-d8ceca20ef54,2025-08-28,,SOLD,2025-08-28,0.0,0.15,1.8,1.59,0.19
GNDP3CDU86R9,11.42,2025-08-16,M4A1-S | Decimator (Field-Tested),35.0,af534207-baa4-429d-8e8b-18e0a09c1618,64838512,False,af534207-baa4-429d-8e8b-18e0a09c1618,2025-08-17,,SOLD,2025-08-28,11.0,0.05,12.74,12.03,0.68
G6HXZHESGF70,3.39,2025-08-24,Sticker | Bolt Charge (Foil),,,55478593,True,6e72d274-4dfa-416c-86c1-165cf4bc5ddf,2025-08-25,,SOLD,2025-08-28,3.0,0.05,3.88,3.58,0.3
G9ZAFWRP0DRE,0.07,2025-08-19,Sticker | MOUZ (Glitter) | Paris 2023,,,45005053,True,b600e623-4f91-4ff6-bab6-106be5e6dc4e,2025-08-20,,SOLD,2025-08-28,8.0,0.05,0.16,0.08,0.08
GHLASRKTC6C8,51.11,2025-08-19,Number K | The Professionals,,fd5f9d91-c709-4b08-8c4d-4e8d307a4ac2,64850428,False,fd5f9d91-c709-4b08-8c4d-4e8d307a4ac2,2025-08-20,,SOLD,2025-08-29,9.0,0.05,58.06,53.81,4.05
GL8WWNUD5CW6,0.77,2025-08-17,Zeus x27 | Tosai (Minimal Wear),13.06,427166c8-3b9c-4bb9-9b33-46e5b982cf9a,64842829,False,427166c8-3b9c-4bb9-9b33-46e5b982cf9a,2025-08-18,,SOLD,2025-08-29,11.0,0.05,0.96,0.82,0.14
GW5ED5TP8L2Z,0.65,2025-08-20,Sticker | TYLOO (Holo) | 2020 RMR,,,30582903,True,926f55d8-e364-4132-bb62-eb4e91f5678b,2025-08-21,,SOLD,2025-08-29,8.0,0.05,0.86,0.69,0.17
GZWFF435D22X,0.65,2025-08-20,Sticker | TYLOO (Holo) | 2020 RMR,,,30582903,True,76c72f33-f625-461f-877f-a049fa75c8a7,2025-08-21,,SOLD,2025-08-29,8.0,0.05,0.86,0.69,0.17
GE5W37AWXK7P,0.65,2025-08-20,Sticker | TYLOO (Holo) | 2020 RMR,,,30582903,True,a25d4cad-eaec-45e4-bb1a-71d32973f7f7,2025-08-21,,SOLD,2025-08-29,8.0,0.05,0.86,0.69,0.17
GAN2N7ZF7G36,0.65,2025-08-20,Sticker | TYLOO (Holo) | 2020 RMR,,,30582903,True,48629cc6-ba0f-4470-90d5-be1ad40ba803,2025-08-21,,SOLD,2025-08-29,8.0,0.05,0.86,0.69,0.17
G5WG5SPUAHNK,0.81,2025-08-16,Zeus x27 | Tosai (Minimal Wear),13.5,64bdfc17-8ece-435a-afbb-8a8f345b1823,64838516,False,64bdfc17-8ece-435a-afbb-8a8f345b1823,2025-08-17,,SOLD,2025-08-29,12.0,0.05,0.96,0.86,0.1
GPXSZFENKPST,0.52,2025-08-01,P250 | Franklin (Field-Tested),16.53,5a23c2bd-5506-4e8c-b478-90cc12740777,64236098,False,5a23c2bd-5506-4e8c-b478-90cc12740777,2025-08-02,,SOLD,2025-08-29,27.0,0.05,0.61,0.56,0.06
GUS5GF9FN9W0,0.21,2025-08-10,Sticker | Bolt Strike,,,55436342,True,73f348f5-d72b-43ca-b791-1bbadff8a653,2025-08-11,,SOLD,2025-08-29,18.0,0.05,0.26,0.23,0.04
GGZ3HU2GHC94,0.64,2025-08-22,Desert Eagle | Tilted (Minimal Wear),9.13,27061e16-99db-41eb-a1c9-2fbd3e5f526e,64866903,False,27061e16-99db-41eb-a1c9-2fbd3e5f526e,2025-08-23,,SOLD,2025-08-29,6.0,0.05,0.99,0.68,0.3
GG8ZRKF7TUH6,0.68,2025-08-23,Desert Eagle | Tilted (Minimal Wear),9.17,f4d6ea80-e440-431c-bd89-9aba563ba498,64870379,False,f4d6ea80-e440-431c-bd89-9aba563ba498,2025-08-24,,SOLD,2025-08-29,5.0,0.05,0.99,0.73,0.26
GT0WN6X3A6DU,3.03,2025-08-05,Chroma 2 Case,,,214,True,a81dd55d-2ade-453d-a856-3fe5714b99bd,2025-08-06,,SOLD,2025-08-29,23.0,0.05,3.37,3.2,0.17
GC5N693384TK,0.37,2025-08-26,Sticker | Bolt Charge,,,55478590,True,d698581c-f365-4a60-a71c-960a9ff828a7,2025-08-27,,SOLD,2025-08-29,2.0,0.05,0.68,0.4,0.28
GGZTW020NK82,3.23,2025-08-24,"Music Kit | The Verkkars, EZ4ENCE",,c685c218-d331-4d73-91af-072c887b3875,64875657,False,c685c218-d331-4d73-91af-072c887b3875,2025-08-25,,SOLD,2025-08-29,4.0,0.05,3.62,3.41,0.21
G53FNNEK7PD9,0.22,2025-08-26,Charm | Whittle Knife,,adcc8eb5-76aa-44ed-9acf-a63ff1e41177,64889314,False,adcc8eb5-76aa-44ed-9acf-a63ff1e41177,2025-08-27,,SOLD,2025-08-29,2.0,0.05,0.37,0.24,0.13
G5ET2GCG0LU0,0.7,2025-08-24,Desert Eagle | Tilted (Minimal Wear),14.92,c3f09350-52ad-4d15-bfe0-786d34c150d3,64875658,False,c3f09350-52ad-4d15-bfe0-786d34c150d3,2025-08-25,,SOLD,2025-08-29,4.0,0.05,0.99,0.75,0.24
G738XX9U7HGT,2.77,2025-08-26,Death Sentence Pin,,,867244,True,4817361c-3e92-47df-be30-d641369ddd92,2025-08-27,,SOLD,2025-08-29,2.0,0.05,3.44,2.93,0.5
GNWZFT7E5C9U,0.36,2025-08-27,Sticker | Bolt Charge,,,55478590,True,5af298a3-de8f-43e7-8b28-eaae30bc8b06,2025-08-28,,SOLD,2025-08-29,1.0,0.15,0.68,0.44,0.22
GP99R6G5A3RT,3.03,2025-08-05,Chroma 2 Case,,,214,True,0a658c27-0524-44ed-9a6f-cf66e0c32114,2025-08-06,,SOLD,2025-08-29,23.0,0.05,3.37,3.2,0.17
GLGS5DW9DNEX,3.03,2025-08-05,Chroma 2 Case,,,214,True,6f77fe4f-1f43-4a98-89d1-ccdf7bbd1fab,2025-08-06,,SOLD,2025-08-29,23.0,0.05,3.37,3.2,0.17
GGXDULZ28F7R,50.0,2025-08-15,M4A1-S | Golden Coil (Field-Tested),28.0,0579fa7c-5c5f-48cc-8956-ef37abef9699,64830673,False,0579fa7c-5c5f-48cc-8956-ef37abef9699,2025-08-16,,SOLD,2025-08-29,13.0,0.05,56.61,52.64,3.78
GX8C932XTK8A,3.03,2025-08-05,Chroma 2 Case,,,214,True,678eaec5-2d84-4f3b-ac15-c539b1ee69ca,2025-08-06,,SOLD,2025-08-29,23.0,0.05,3.37,3.2,0.17
G79CEXSC7HHR,3.03,2025-08-05,Chroma 2 Case,,,214,True,f6a9c6ad-88f0-4ba0-a62a-33b75af3311a,2025-08-06,,SOLD,2025-08-29,23.0,0.05,3.37,3.2,0.17
GC8K6FN5GUNZ,3.03,2025-08-05,Chroma 2 Case,,,214,True,29411355-ee62-4790-a851-39fce82e714e,2025-08-06,,SOLD,2025-08-29,23.0,0.05,3.37,3.2,0.17
G42FL5LFULX9,0.83,2025-08-15,Zeus x27 | Tosai (Minimal Wear),14.41,e4313479-ef63-4662-9661-88b70ab5c0cf,64830681,False,e4313479-ef63-4662-9661-88b70ab5c0cf,2025-08-16,,SOLD,2025-08-29,13.0,0.05,0.96,0.88,0.08
GZ9KNZFTUHK0,1.25,2025-08-26,Name Tag,,,1229920,True,9157d6a4-a3b7-4276-b29b-06b07db84359,2025-08-27,,SOLD,2025-08-30,3.0,0.05,1.51,1.33,0.18
G29HGNPRSN99,7.0,2025-08-19,Zeus x27 | Olympus (Minimal Wear),12.37,d6ddbbf9-fb0e-4aed-a1cb-075ac0f88038,64850434,False,d6ddbbf9-fb0e-4aed-a1cb-075ac0f88038,2025-08-20,,SOLD,2025-08-30,10.0,0.05,7.91,7.38,0.51
G0AG482Z0DGZ,0.84,2025-08-08,USP-S | Check Engine (Factory New),6.96,8cf0073c-ede9-4b6c-aa79-461aad0a71a6,64453578,False,8cf0073c-ede9-4b6c-aa79-461aad0a71a6,2025-08-09,,SOLD,2025-08-30,21.0,0.05,1.03,0.89,0.14
GP7L4WUZP9HF,1.98,2025-07-07,StatTrak™ Glock-18 | Moonrise (Minimal Wear),13.45,6b696bc1-b5fc-45f1-8074-93e8cf97e49c,63871344,False,6b696bc1-b5fc-45f1-8074-93e8cf97e49c,2025-07-24,,SOLD,2025-08-30,53.0,0.05,2.2,2.09,0.11
GX3GNKT7F6E4,1.28,2025-08-10,Name Tag,,,1229920,True,4cdacffc-ad41-43b2-befe-9d6e02ebc5e2,2025-08-11,,SOLD,2025-08-30,19.0,0.05,1.51,1.36,0.15
GWZRCXX68SUK,3.18,2025-08-19,Glock-18 | Shinobu (Field-Tested),20.46,a9db3646-fbb9-4635-ae5b-38ade4be0530,64850433,False,a9db3646-fbb9-4635-ae5b-38ade4be0530,2025-08-20,,SOLD,2025-08-30,10.0,0.05,4.34,3.36,0.94
G3D54SZRL74R,50.0,2025-08-14,M4A1-S | Golden Coil (Field-Tested),32.03,02dd48a9-1e20-4349-830f-e5228d94ff6b,64817180,False,02dd48a9-1e20-4349-830f-e5228d94ff6b,2025-08-15,,SOLD,2025-08-30,15.0,0.05,56.61,52.64,3.78
GZTN4T7G8ZCH,1.35,2025-08-21,Name Tag,,,1229920,True,b7ae59a9-c845-4fa7-8d36-121684d5143d,2025-08-22,,SOLD,2025-08-30,8.0,0.05,1.51,1.43,0.08
GSLPW80UG70Z,1.27,2025-08-17,Name Tag,,,1229920,True,6ff0cfec-f138-4ddd-8b77-b8861de04828,2025-08-18,,SOLD,2025-08-30,12.0,0.05,1.51,1.35,0.16
GAE7PR8KFZL7,51.36,2025-08-17,Number K | The Professionals,,d18e7158-6308-4216-817d-d1e08d8613bb,64842952,False,d18e7158-6308-4216-817d-d1e08d8613bb,2025-08-19,2025-08-25,SOLD,2025-08-30,12.0,0.05,58.4,54.07,4.12
GLECLF927UFE,0.71,2025-08-29,Sticker | High Heat,,,55414367,True,7daea79a-89ee-4422-b4b3-aa1bde8f007e,2025-08-30,,SOLD,2025-08-30,0.0,0.06,0.87,0.77,0.11
GRDX3TZ3A8XP,28.49,2025-08-26,USP-S | Printstream (Field-Tested),34.59,374f6902-ad96-4c0c-aab5-c8e4265f25f8,64889313,False,374f6902-ad96-4c0c-aab5-c8e4265f25f8,2025-08-27,,SOLD,2025-08-31,4.0,0.05,32.06,30.0,1.97
G8L4RDP2KECE,0.38,2025-08-03,Charm | Baby's AK,,383e6c89-5f48-4b2b-ab7e-4d14921a777f,64285246,False,383e6c89-5f48-4b2b-ab7e-4d14921a777f,2025-08-04,,SOLD,2025-08-31,27.0,0.05,0.54,0.41,0.13
G2HF7W9ZPUAC,5.72,2025-08-30,StatTrak™ M4A1-S | Night Terror (Factory New),6.44,1486e3ab-b20b-4033-9d9d-637eac159d3f,64908343,False,1486e3ab-b20b-4033-9d9d-637eac159d3f,2025-08-31,,SOLD,2025-08-31,0.0,0.06,6.96,6.1,0.82
G3RR45FHSZHS,0.56,2025-08-26,Antwerp 2022 Contenders Autograph Capsule,,,40431648,True,7368c03c-ddce-45dc-8379-3c6472e9a625,2025-08-27,,SOLD,2025-08-31,4.0,0.05,0.74,0.6,0.14
GUA622LZGSDC,3.81,2025-08-30,Zeus x27 | Olympus (Field-Tested),20.27,6a778274-3f82-4384-bc16-7279d91fa545,64908344,False,6a778274-3f82-4384-bc16-7279d91fa545,2025-08-31,,SOLD,2025-08-31,0.0,0.06,4.33,4.06,0.26
GF27S8N8C7CS,10.64,2025-08-20,eSports 2014 Summer Case,,,4300,True,45f90309-3624-4942-883f-6ff4ff71bf75,2025-08-21,,SOLD,2025-08-31,10.0,0.05,12.31,11.21,1.05
G7F5RZ9AKSRX,10.64,2025-08-20,eSports 2014 Summer Case,,,4300,True,499a4f05-02c3-4756-97a0-0d708be6028d,2025-08-21,,SOLD,2025-08-31,10.0,0.05,12.31,11.21,1.05
GZ5KETA7HA4F,10.64,2025-08-20,eSports 2014 Summer Case,,,4300,True,f272caeb-fc0c-4068-9c66-9ff2672451e7,2025-08-21,,SOLD,2025-08-31,10.0,0.05,12.31,11.21,1.05
GTKL77E32S52,10.64,2025-08-20,eSports 2014 Summer Case,,,4300,True,6452e182-da34-47d6-9b41-7a79815fd6f1,2025-08-21,,SOLD,2025-08-31,10.0,0.05,12.31,11.21,1.05
GZ8Z908U9ZLH,10.64,2025-08-20,eSports 2014 Summer Case,,,4300,True,7f3549f7-8ca6-40b6-97ea-c775c9eb4cdc,2025-08-21,,SOLD,2025-08-31,10.0,0.05,12.31,11.21,1.05
GLGAPK2NUHNN,1.48,2025-08-30,Sticker | Evil Geniuses (Gold) | 2020 RMR,,,30633777,True,3341f8f6-90a2-489f-9c74-704429ccb8e2,2025-08-31,,SOLD,2025-08-31,0.0,0.06,1.93,1.59,0.33
GDTE2ZF88C7G,0.73,2025-08-24,Glock-18 | Ocean Topo (Factory New),5.31,25435f6b-1435-4e5e-93f6-3838d9012511,64875655,False,25435f6b-1435-4e5e-93f6-3838d9012511,2025-08-25,,SOLD,2025-08-31,6.0,0.05,1.2,0.78,0.41
G8A6FCSFRD78,2.11,2025-08-24,Galil AR | Tuxedo (Factory New),6.59,d43112e8-f1a9-4755-9c9d-c786b13a137c,64875648,False,d43112e8-f1a9-4755-9c9d-c786b13a137c,2025-08-25,,SOLD,2025-08-31,6.0,0.05,2.71,2.23,0.46
GUW3T86K08ZF,1.48,2025-08-30,Sticker | Evil Geniuses (Gold) | 2020 RMR,,,30633777,True,24d7c6a1-0a85-4ff9-b2de-2579900c7f9b,2025-08-31,,SOLD,2025-08-31,0.0,0.06,1.93,1.59,0.33
G7TR02GZ657W,1.25,2025-08-30,Name Tag,,,1229920,True,19395b9e-0b34-4c96-abf0-c5d917182991,2025-08-31,,SOLD,2025-08-31,0.0,0.06,1.49,1.34,0.15
GKNRUEKKEA82,4.0,2025-08-21,Zeus x27 | Olympus (Field-Tested),16.68,432850c2-66df-470b-8355-0574b1a0896c,64857818,False,432850c2-66df-470b-8355-0574b1a0896c,2025-08-22,,SOLD,2025-08-31,9.0,0.05,4.51,4.22,0.28
G546ZG7XAUTG,0.35,2025-08-30,Sticker | Flex,,,55480742,True,ef9f63e2-03e8-4692-b02f-fea089809264,2025-08-31,,SOLD,2025-08-31,0.0,0.06,0.65,0.38,0.26
GK3D72AGWLSA,0.21,2025-08-10,Sticker | Bolt Strike,,,55436342,True,c225093a-cdf2-4721-b869-5a67a4edf6ab,2025-08-11,,SOLD,2025-08-31,20.0,0.05,0.26,0.23,0.04
GG5NU7E50KNE,0.6,2025-08-26,Antwerp 2022 Contenders Autograph Capsule,,,40431648,True,a544a4fd-61b2-4278-aa34-78d7b3fd944a,2025-08-27,,SOLD,2025-08-31,4.0,0.05,0.74,0.64,0.1
G6E2K06HZ36H,0.6,2025-08-26,Antwerp 2022 Contenders Autograph Capsule,,,40431648,True,5007df51-ce81-4ded-ab1d-403499c52394,2025-08-27,,SOLD,2025-08-31,4.0,0.05,0.74,0.64,0.1
G73TKDU7EXUZ,0.6,2025-08-26,Antwerp 2022 Contenders Autograph Capsule,,,40431648,True,5df7291d-d64c-465f-a9ad-18e4d5ef90d0,2025-08-27,,SOLD,2025-08-31,4.0,0.05,0.74,0.64,0.1
GG7KD88NCCAZ,0.17,2025-08-31,Sticker | Renegades (Holo) | 2020 RMR,,,30582902,True,cba2d682-cd72-453b-928b-ca66efbc3c20,2025-09-01,,SOLD,2025-08-31,0.0,0.06,0.53,0.19,0.33
GWLRR83F39XW,10.0,2025-08-21,eSports 2014 Summer Case,,,4300,True,cf2f009a-a879-4a3e-8e63-6aecdd943f40,2025-08-22,,SOLD,2025-08-31,9.0,0.05,12.31,10.54,1.69
G4RA03TWEALE,1.81,2025-08-29,StatTrak™ Glock-18 | Umbral Rabbit (Minimal Wear),10.33,74f5258d-5bee-49cd-b2cc-6948a487a431,64904614,False,74f5258d-5bee-49cd-b2cc-6948a487a431,2025-08-30,,SOLD,2025-08-31,1.0,0.06,2.26,1.94,0.31
G2CSZR7FX958,0.7,2025-08-30,Five-SeveN | Sky Blue (Factory New),1.5,c28a72ab-935c-4535-b26a-c75a064098d1,64908336,False,c28a72ab-935c-4535-b26a-c75a064098d1,2025-08-31,,SOLD,2025-08-31,0.0,0.06,1.27,0.76,0.49
GD7CN5DZZ2C4,0.05,2025-08-14,Sticker | Glare,,,55448540,True,a57ed6be-b9dc-480d-8e67-b8eafa88ff47,2025-08-15,,SOLD,2025-08-31,16.0,0.05,0.44,0.06,0.37
GW520NDDK7LF,0.17,2025-08-31,Sticker | Renegades (Holo) | 2020 RMR,,,30582902,True,e1781f87-aaf0-4c7a-9598-741af20f6741,2025-09-01,,SOLD,2025-08-31,0.0,0.06,0.53,0.19,0.33
GSLW23E27LS6,1.25,2025-08-26,Name Tag,,,1229920,True,5c3b6644-860b-4ee6-81d2-27f458a17e0a,2025-08-27,,SOLD,2025-08-31,4.0,0.05,1.51,1.33,0.18
G0HKG7XWA3XD,0.6,2025-08-26,Antwerp 2022 Contenders Autograph Capsule,,,40431648,True,ffc1723a-e577-4d22-8f2e-53692c2fe71d,2025-08-27,,SOLD,2025-08-31,4.0,0.05,0.74,0.64,0.1
GPSKKXH54474,2.14,2025-06-15,StatTrak™ M4A1-S | Night Terror (Field-Tested),28.44,2e635356-9e2f-4d2d-bb9b-47a01e33258e,63871085,False,2e635356-9e2f-4d2d-bb9b-47a01e33258e,2025-07-24,,SOLD,2025-08-31,76.0,0.05,2.56,2.26,0.29
G7XS43N4A0P4,0.04,2025-08-19,Sticker | Glare,,,55448540,True,3c282775-84ef-4f5a-aad9-96c1284ad44b,2025-08-20,,SOLD,2025-08-31,11.0,0.05,0.44,0.05,0.38
GC9F2RHDC6PA,6.27,2025-08-30,StatTrak™ USP-S | Ticket to Hell (Factory New),4.58,7594aec0-68e7-4605-aee8-bb344ac16d64,64908342,False,7594aec0-68e7-4605-aee8-bb344ac16d64,2025-08-31,,SOLD,2025-08-31,0.0,0.06,7.15,6.68,0.45
G723R8WRHD2S,0.6,2025-08-26,Antwerp 2022 Contenders Autograph Capsule,,,40431648,True,a9fcad9a-dbcf-4e59-a934-4d2a16fa01bc,2025-08-27,,SOLD,2025-08-31,4.0,0.05,0.74,0.64,0.1
GW0333ARFNHG,2.28,2025-06-16,StatTrak™ M4A1-S | Night Terror (Field-Tested),18.35,119cb2b0-bf73-4a56-8959-7095b1b1a812,63871257,False,119cb2b0-bf73-4a56-8959-7095b1b1a812,2025-07-24,,SOLD,2025-08-31,75.0,0.05,2.56,2.41,0.15
GA795FU8R5W9,0.17,2025-08-31,Sticker | Renegades (Holo) | 2020 RMR,,,30582902,True,067f595e-f662-4dfb-9dbb-86d49b33eb99,2025-09-01,,SOLD,2025-08-31,0.0,0.06,0.53,0.19,0.33
GDN5Z8T7GGRX,0.11,2025-08-24,Sticker | Evil Geniuses (Holo) | 2020 RMR,,,30582872,True,5927bcd6-5c41-4294-8663-648df509f452,2025-08-25,,SOLD,2025-09-01,7.0,0.05,0.26,0.13,0.14
GCRC6HAGU580,0.29,2025-08-31,Charm | Hot Sauce,,2354d155-c7e9-4f81-ac30-c857c8843c9b,64912608,False,2354d155-c7e9-4f81-ac30-c857c8843c9b,2025-09-01,,SOLD,2025-09-01,0.0,0.06,0.48,0.32,0.16
GEP4RGNP7F28,0.17,2025-08-28,Sticker | Evil Geniuses (Holo) | 2020 RMR,,,30582872,True,65fcea61-8c16-4b61-a961-b754dd726b12,2025-08-29,,SOLD,2025-09-01,3.0,0.06,0.26,0.19,0.07
G93WF05PF3H7,0.11,2025-08-24,Sticker | Evil Geniuses (Holo) | 2020 RMR,,,30582872,True,498f8c90-2fbf-435d-b300-c26393b7c483,2025-08-25,,SOLD,2025-09-01,7.0,0.05,0.26,0.13,0.14
G3SEGD277WZS,0.7,2025-08-30,Five-SeveN | Sky Blue (Factory New),4.81,ec91f41e-5fd3-4221-a23d-cfc37a6c7b76,64908341,False,ec91f41e-5fd3-4221-a23d-cfc37a6c7b76,2025-08-31,,SOLD,2025-09-01,1.0,0.06,1.27,0.76,0.49
G6CZ0FRE8D25,0.11,2025-08-24,Sticker | Evil Geniuses (Holo) | 2020 RMR,,,30582872,True,d8286978-2817-4ed8-bdc8-3b91af3df2e0,2025-08-25,,SOLD,2025-09-01,7.0,0.05,0.26,0.13,0.14
G560NTTE787X,2.68,2025-08-30,"Music Kit | bbno$, u mad!",,9933ef6e-b892-4039-953a-af44e9ae3d0b,64908345,False,9933ef6e-b892-4039-953a-af44e9ae3d0b,2025-08-31,,SOLD,2025-09-01,1.0,0.06,3.4,2.86,0.52
G0WU346R8A3D,2.0,2025-08-30,StatTrak™ USP-S | Ticket to Hell (Minimal Wear),13.61,2152baaf-603f-4e55-ba4f-cac82ad041bc,64908346,False,2152baaf-603f-4e55-ba4f-cac82ad041bc,2025-08-31,,SOLD,2025-09-01,1.0,0.06,2.75,2.14,0.58
GNGK2G2D5XCS,0.11,2025-08-24,Sticker | Evil Geniuses (Holo) | 2020 RMR,,,30582872,True,e970923b-c4c3-46ef-987e-787b2481cd93,2025-08-25,,SOLD,2025-09-01,7.0,0.05,0.26,0.13,0.14
GELWZ7R3L094,0.11,2025-08-24,Sticker | Evil Geniuses (Holo) | 2020 RMR,,,30582872,True,d0e97b64-a773-4399-9a41-7c1353d88274,2025-08-25,,SOLD,2025-09-01,7.0,0.05,0.26,0.13,0.14
G7AU5NFZ6TGT,0.11,2025-08-24,Sticker | Evil Geniuses (Holo) | 2020 RMR,,,30582872,True,a54cbd5f-9d84-46c8-b8c0-8d5144d08d75,2025-08-25,,SOLD,2025-09-01,7.0,0.05,0.26,0.13,0.14
GTK20N94L863,0.25,2025-08-26,MAC-10 | Sakkaku (Field-Tested),29.81,729fc8e1-a703-46eb-b219-da7bcf613c82,64889311,False,729fc8e1-a703-46eb-b219-da7bcf613c82,2025-08-27,,SOLD,2025-09-01,5.0,0.05,0.42,0.27,0.15
GAUULC9RRKTH,0.22,2025-08-30,Sticker | Evil Geniuses (Holo) | 2020 RMR,,,30582872,True,7d36964e-2e9d-4287-af55-9ac8f3108e48,2025-08-31,,SOLD,2025-09-01,1.0,0.06,0.26,0.24,0.02
GNTP6LA62L0A,1.02,2025-08-02,Sticker | Rainbow Route (Holo),,,55373804,True,2ecf90d5-552d-45f6-8ed8-4c9e67dd6fdf,2025-08-03,,SOLD,2025-09-01,29.0,0.05,1.17,1.08,0.09
GD966RD32SWP,1.38,2025-07-07,Desert Eagle | Heat Treated (Field-Tested),34.62,d639f27c-05a3-4256-9e79-b02afff0b227,63871337,False,d639f27c-05a3-4256-9e79-b02afff0b227,2025-07-24,,SOLD,2025-09-01,55.0,0.05,1.55,1.46,0.09
GHPZXFK089GK,1.02,2025-08-02,Sticker | Rainbow Route (Holo),,,55373804,True,21e8e474-c756-4c20-98d6-6f9665714e4f,2025-08-03,,SOLD,2025-09-01,29.0,0.05,1.17,1.08,0.09
G24W7UGAAWPR,0.21,2025-08-10,Sticker | Bolt Strike,,,55436342,True,ec786507-2e20-4be3-b4d5-66b29a601218,2025-08-11,,SOLD,2025-09-01,21.0,0.05,0.25,0.23,0.03
GU7HWAZULWGK,0.21,2025-08-10,Sticker | Bolt Strike,,,55436342,True,e4272f58-792d-4450-9b97-eeca6d1b1fc9,2025-08-11,,SOLD,2025-09-01,21.0,0.05,0.25,0.23,0.03
GZG49X2CT3K8,0.82,2025-08-18,USP-S | Check Engine (Factory New),6.13,a54d809c-6247-4a96-a1be-b666e90bf0fd,64846538,False,a54d809c-6247-4a96-a1be-b666e90bf0fd,2025-08-19,,SOLD,2025-09-01,13.0,0.05,1.05,0.87,0.18
GZL5XR79PFCU,12.0,2025-08-09,AK-47 | Midnight Laminate (Field-Tested),30.09,25584197-0d29-497d-8750-bd9f2805dc3d,64521903,False,25584197-0d29-497d-8750-bd9f2805dc3d,2025-08-10,,SOLD,2025-09-01,22.0,0.05,13.68,12.64,1.0
G7992R64DA7L,1.02,2025-08-02,Sticker | Rainbow Route (Holo),,,55373804,True,37a83a6c-1fae-42b7-9196-62d3334d56ac,2025-08-03,,SOLD,2025-09-01,29.0,0.05,1.17,1.08,0.09
GESAWG3GFAXZ,0.08,2025-08-24,Sticker | Ninjas in Pyjamas (Holo) | 2020 RMR,,,30582861,True,6ffe9572-fb29-424f-a925-7a44824ca91d,2025-08-25,,SOLD,2025-09-02,8.0,0.05,0.19,0.09,0.1
G8STT0R8GCRW,0.4,2025-08-31,Shanghai 2024 Legends Sticker Capsule,,,57328786,True,33a83763-824a-49ee-aab1-4e62c2d8fe48,2025-09-01,,SOLD,2025-09-02,1.0,0.06,0.52,0.44,0.09
GX0ZSAFFHH7G,0.4,2025-08-31,Shanghai 2024 Legends Sticker Capsule,,,57328786,True,c8169a9e-0972-4f5f-b5a5-085ee7967e63,2025-09-01,,SOLD,2025-09-02,1.0,0.06,0.52,0.44,0.09
GHWLRUHNUAXK,2.14,2025-08-23,Desert Eagle | Tilted (Factory New),6.62,ba92753c-c226-4951-909e-a57f7863ffe1,64870383,False,ba92753c-c226-4951-909e-a57f7863ffe1,2025-08-24,,SOLD,2025-09-02,9.0,0.05,3.23,2.26,0.93
G6GTTK6F6FXF,0.4,2025-08-31,Shanghai 2024 Legends Sticker Capsule,,,57328786,True,c89fa871-7263-4f3a-9856-f426ed5d3b14,2025-09-01,,SOLD,2025-09-02,1.0,0.06,0.52,0.44,0.09
G9H40G99T996,0.4,2025-08-31,Shanghai 2024 Legends Sticker Capsule,,,57328786,True,11915d17-febb-4021-a2f6-862846b8439b,2025-09-01,,SOLD,2025-09-02,1.0,0.06,0.52,0.44,0.09
G23XGS0FF9SH,2.41,2025-08-24,Desert Eagle | Tilted (Factory New),6.11,4d6748ce-9d4d-4b88-91fa-a6871c58541c,64875652,False,4d6748ce-9d4d-4b88-91fa-a6871c58541c,2025-08-25,,SOLD,2025-09-02,8.0,0.05,3.23,2.55,0.66
GNWGFD4FTKWF,0.4,2025-08-31,Shanghai 2024 Legends Sticker Capsule,,,57328786,True,1634bceb-f229-49c6-8862-34a2ed5e74b8,2025-09-01,,SOLD,2025-09-02,1.0,0.06,0.52,0.44,0.09
GP9NRHT9F4L7,0.4,2025-08-31,Shanghai 2024 Legends Sticker Capsule,,,57328786,True,2129f143-9652-4ac5-b66b-cfb408d294a3,2025-09-01,,SOLD,2025-09-02,1.0,0.06,0.52,0.44,0.09
GGHUF6DREKXN,0.4,2025-08-31,Shanghai 2024 Legends Sticker Capsule,,,57328786,True,568ed44d-b39c-4ab0-bcbb-0d68f928ddbd,2025-09-01,,SOLD,2025-09-02,1.0,0.06,0.52,0.44,0.09
GWXG0HG05U2K,0.4,2025-08-31,Shanghai 2024 Legends Sticker Capsule,,,57328786,True,0123f249-b074-4822-9e1f-a838e4145eea,2025-09-01,,SOLD,2025-09-02,1.0,0.06,0.52,0.44,0.09
GCFTH78782XT,9.3,2025-07-03,MAC-10 | Neon Rider (Minimal Wear),13.17,bcd950ee-f64a-4c5e-aa17-c98783cb762b,63871279,False,bcd950ee-f64a-4c5e-aa17-c98783cb762b,2025-07-24,,SOLD,2025-09-02,60.0,0.05,10.82,9.8,0.98
GENR5EG53THZ,0.08,2025-08-24,Sticker | Ninjas in Pyjamas (Holo) | 2020 RMR,,,30582861,True,e3ea4fa9-e6c3-46ae-8582-08ae569376c0,2025-08-25,,SOLD,2025-09-02,8.0,0.05,0.19,0.09,0.1
GWH7KXL46C04,0.08,2025-08-24,Sticker | Ninjas in Pyjamas (Holo) | 2020 RMR,,,30582861,True,5779ddcc-7898-41c2-b3a2-bfafd4460244,2025-08-25,,SOLD,2025-09-02,8.0,0.05,0.19,0.09,0.1
G43R3PAE7TL4,0.08,2025-08-24,Sticker | Ninjas in Pyjamas (Holo) | 2020 RMR,,,30582861,True,5b2ee5be-9a49-45a4-961f-063b5582d5e4,2025-08-25,,SOLD,2025-09-02,8.0,0.05,0.19,0.09,0.1
GZ5R5LD0H2T0,0.08,2025-08-24,Sticker | Ninjas in Pyjamas (Holo) | 2020 RMR,,,30582861,True,980a6497-c591-4d86-9c33-d98660872148,2025-08-25,,SOLD,2025-09-02,8.0,0.05,0.19,0.09,0.1
G3TK6P6CKHZS,0.4,2025-08-31,Shanghai 2024 Legends Sticker Capsule,,,57328786,True,f5d21de5-e1a0-4509-992e-d679453df470,2025-09-01,,SOLD,2025-09-02,1.0,0.06,0.52,0.44,0.09
G2T33G6GKXWW,0.45,2025-09-01,Charm | Lil' SAS,,57deae96-8af8-463c-b366-669edcdcbe00,64917087,False,57deae96-8af8-463c-b366-669edcdcbe00,2025-09-02,,SOLD,2025-09-02,0.0,0.06,0.65,0.49,0.16
GE2HLADU02W8,0.08,2025-08-24,Sticker | Ninjas in Pyjamas (Holo) | 2020 RMR,,,30582861,True,310bb581-fd0c-4cd5-bab3-2cef756f3624,2025-08-25,,SOLD,2025-09-02,8.0,0.05,0.19,0.09,0.1
GPDUWK2X4E4R,0.26,2025-09-01,Charm | Lil' Crass,,ded75183-55a6-4bac-9bd1-8f79f532807b,64917082,False,ded75183-55a6-4bac-9bd1-8f79f532807b,2025-09-02,,SOLD,2025-09-02,0.0,0.06,0.41,0.29,0.13
G7UX33CR8RLS,0.4,2025-08-31,Shanghai 2024 Legends Sticker Capsule,,,57328786,True,0bd4a4e2-cd96-4587-8318-0e1d65c65ac9,2025-09-01,,SOLD,2025-09-02,1.0,0.06,0.52,0.44,0.09
G4C0H78XWUFN,0.4,2025-08-31,Shanghai 2024 Legends Sticker Capsule,,,57328786,True,763e2fc7-b0f5-4ca5-9617-bef5a59ea166,2025-09-01,,SOLD,2025-09-02,1.0,0.06,0.52,0.44,0.09
GDEGEGWDSU73,3.99,2025-09-01,AWP | Duality (Minimal Wear),10.54,6ee091d7-01d5-4dba-820c-72499c938880,64917077,False,6ee091d7-01d5-4dba-820c-72499c938880,2025-09-02,,SOLD,2025-09-02,0.0,0.06,4.53,4.26,0.27
GN5TGASEE8U2,0.7,2025-08-30,Five-SeveN | Sky Blue (Factory New),4.9,ac8c732e-4349-4884-96a7-ed7fcdc85a27,64908338,False,ac8c732e-4349-4884-96a7-ed7fcdc85a27,2025-08-31,,SOLD,2025-09-02,2.0,0.06,1.2,0.76,0.43
G9ZDG7ATS84L,0.23,2025-09-01,Charm | Lil' Ava,,3ac82239-2fbc-458f-93c0-448916b3bb84,64917086,False,3ac82239-2fbc-458f-93c0-448916b3bb84,2025-09-02,,SOLD,2025-09-02,0.0,0.06,0.35,0.26,0.1
GLP9KWP7LRX4,0.27,2025-08-31,Charm | Big Kev,,e65afa48-fe39-458d-a7e4-f0c8fbd1ab36,64912612,False,e65afa48-fe39-458d-a7e4-f0c8fbd1ab36,2025-09-01,,SOLD,2025-09-02,1.0,0.06,0.51,0.3,0.21
GDH3U7SDZAK6,4.9,2025-08-14,AK-47 | The Outsiders (Field-Tested),23.68,123a04fc-5758-4354-b9b1-9f5b5330702a,64817174,False,123a04fc-5758-4354-b9b1-9f5b5330702a,2025-08-15,,SOLD,2025-09-02,18.0,0.05,5.49,5.17,0.32
GPHZA2GKXKDU,0.7,2025-08-30,Five-SeveN | Sky Blue (Factory New),6.82,7cf3d558-5919-4661-885c-9fdce7a7673f,64908340,False,7cf3d558-5919-4661-885c-9fdce7a7673f,2025-08-31,,SOLD,2025-09-02,2.0,0.06,1.2,0.76,0.43
G0ZEGP3CU6LL,0.12,2025-08-20,Sticker | Virtus.pro (Holo) | 2020 RMR,,,30582906,True,7e5edbf2-1f23-4346-aeb7-1deb766158ff,2025-08-21,,SOLD,2025-09-02,12.0,0.05,0.27,0.14,0.14
GRT2EX8GNS4D,0.32,2025-08-31,Charm | Pinch O' Salt,,700dfdaa-8e82-4dfd-a0c8-2ad7d379fe84,64912609,False,700dfdaa-8e82-4dfd-a0c8-2ad7d379fe84,2025-09-01,,SOLD,2025-09-02,1.0,0.06,0.51,0.35,0.16
GLP9RNNA9NE0,0.2,2025-09-01,MP9 | Buff Blue (Factory New),6.56,b95c711c-160a-4a7a-aa31-00f071503d10,64917076,False,b95c711c-160a-4a7a-aa31-00f071503d10,2025-09-02,,SOLD,2025-09-02,0.0,0.06,1.25,0.22,0.97
GR9HHE43NWU6,0.24,2025-09-01,Charm | Whittle Knife,,913f9f3f-2bd6-45b6-baf1-9778c4403cd5,64917081,False,913f9f3f-2bd6-45b6-baf1-9778c4403cd5,2025-09-02,,SOLD,2025-09-03,1.0,0.06,0.36,0.27,0.1
GEUPRLD4F7PW,0.7,2025-08-30,Five-SeveN | Sky Blue (Factory New),5.11,e3b0c06b-686d-4da9-8803-20ac8991bcea,64908339,False,e3b0c06b-686d-4da9-8803-20ac8991bcea,2025-08-31,,SOLD,2025-09-03,3.0,0.06,1.2,0.76,0.43
G5496Z93HF22,0.2,2025-09-01,Sticker | Copenhagen Flames (Glitter) | Antwerp 2022,,,39961850,True,786e7c43-9574-438b-ae86-88d063f7dd84,2025-09-02,,SOLD,2025-09-03,1.0,0.06,0.36,0.22,0.14
G8465R3P2PWA,0.2,2025-09-01,Sticker | Copenhagen Flames (Glitter) | Antwerp 2022,,,39961850,True,c77fbd66-4972-4897-be45-05f53227e105,2025-09-02,,SOLD,2025-09-03,1.0,0.06,0.36,0.22,0.14
GZSNPD7SHWP6,94.0,2025-07-22,CS:GO Weapon Case,,,923,True,5dca5661-e28b-450c-9969-50aa0f909988,2025-07-24,,SOLD,2025-09-03,42.0,0.05,111.08,98.96,11.53
GU5Z2D0CAT4H,85.4,2025-08-05,CS:GO Weapon Case,,,923,True,a9a62844-259c-43f4-af6e-6aedb6c9258a,2025-08-06,,SOLD,2025-09-03,28.0,0.05,111.08,89.91,20.13
GEGZCG5FF40T,0.43,2025-08-11,M4A4 | Choppa (Factory New),5.85,42992ea1-e8f9-439a-bf2f-1e0d0152a69e,64623074,False,42992ea1-e8f9-439a-bf2f-1e0d0152a69e,2025-08-12,,SOLD,2025-09-03,22.0,0.05,0.71,0.46,0.24
G46P2836U3CZ,0.85,2025-08-23,Glock-18 | Ocean Topo (Factory New),6.8,185e444c-f87f-4bfe-be02-a72edfb4a781,64870378,False,185e444c-f87f-4bfe-be02-a72edfb4a781,2025-08-24,,SOLD,2025-09-03,10.0,0.05,1.07,0.91,0.17
GSNDDPHR49NS,0.24,2025-09-01,Charm | Whittle Knife,,8113db66-6ac7-4743-87f8-44aa838bfdb8,64917080,False,8113db66-6ac7-4743-87f8-44aa838bfdb8,2025-09-02,,SOLD,2025-09-03,1.0,0.06,0.36,0.27,0.1
GR2WD035AST7,0.7,2025-09-02,Sticker | High Heat,,,55414367,True,48c8ec64-6f71-4fc7-849c-e9db52a6197f,2025-09-03,,SOLD,2025-09-04,1.0,0.06,0.87,0.76,0.12
GDSF3KHD892A,2.93,2025-09-02,"Music Kit | bbno$, u mad!",,5b3975f0-30a4-4494-b6ed-7935e65bf368,64921102,False,5b3975f0-30a4-4494-b6ed-7935e65bf368,2025-09-03,,SOLD,2025-09-04,1.0,0.06,3.4,3.13,0.27
G78AF8CPG4E3,2.99,2025-07-21,USP-S | Tropical Breeze (Field-Tested),19.53,fb07c0c8-b1b2-4c82-ab12-0141bd1019ef,63908968,False,fb07c0c8-b1b2-4c82-ab12-0141bd1019ef,2025-07-26,,SOLD,2025-09-04,44.0,0.05,3.42,3.16,0.26
G06DF4T8SR4G,0.29,2025-09-03,Charm | Hot Sauce,,5b1fdd4d-7fa0-46ee-a908-728a3b7ee358,64925022,False,5b1fdd4d-7fa0-46ee-a908-728a3b7ee358,2025-09-04,,SOLD,2025-09-04,0.0,0.06,0.45,0.32,0.13
G8S0CA6XTTRE,2.51,2025-08-22,Glock-18 | Shinobu (Well-Worn),39.17,3f8c844f-51d6-4d01-8a14-94bd45d91821,64866904,False,3f8c844f-51d6-4d01-8a14-94bd45d91821,2025-08-23,,SOLD,2025-09-04,12.0,0.05,2.85,2.65,0.2
GH65ZH69UZ4X,0.53,2025-08-03,M4A4 | Choppa (Factory New),5.73,a172d90c-d583-4e98-8be4-4b773d6c4055,64285256,False,a172d90c-d583-4e98-8be4-4b773d6c4055,2025-08-04,,SOLD,2025-09-04,31.0,0.05,0.71,0.57,0.14
GCE47FG8305D,3.0,2025-08-26,Sticker | Gold Web (Foil),,,7177483,True,65cfaf05-3e56-4ca3-bc6d-34b10947a5a7,2025-08-27,,SOLD,2025-09-05,9.0,0.05,3.5,3.17,0.32
GL5C9EPUUHDX,0.25,2025-08-31,Shanghai 2024 Legends Autograph Capsule,,,57328788,True,d73b3028-0ff7-460c-9890-6a0760bd783d,2025-09-01,,SOLD,2025-09-05,4.0,0.06,0.36,0.28,0.09
G30TURDRE8P0,0.32,2025-09-01,Charm | Hot Sauce,,717d8853-81f6-42a6-9bc6-21fa40dc6f09,64917078,False,717d8853-81f6-42a6-9bc6-21fa40dc6f09,2025-09-02,,SOLD,2025-09-05,3.0,0.06,0.45,0.35,0.1
GKXFSL7DG884,1.13,2025-08-03,Sticker | Rainbow Route (Holo),,,55373804,True,82b0f1c2-222a-4d27-8e37-a1924a46e967,2025-08-04,,SOLD,2025-09-05,32.0,0.05,1.34,1.2,0.14
G2TN4DPG2DL9,1.15,2025-08-01,Sticker | Rainbow Route (Holo),,,55373804,True,cc68b6df-d6e1-47dd-825a-b5329fe91d9a,2025-08-02,,SOLD,2025-09-05,34.0,0.05,1.34,1.22,0.12
G93RP8KGS9FL,0.2,2025-09-03,MP9 | Buff Blue (Factory New),5.73,2f76fb2a-6047-4c27-a3e7-43b81e5f47dd,64925016,False,2f76fb2a-6047-4c27-a3e7-43b81e5f47dd,2025-09-04,,SOLD,2025-09-05,1.0,0.06,1.31,0.22,1.03
GNGKAP3UCG6H,0.25,2025-08-31,Shanghai 2024 Legends Autograph Capsule,,,57328788,True,42f465c4-98b3-40f1-97a6-c44fd45a9239,2025-09-01,,SOLD,2025-09-05,4.0,0.06,0.36,0.28,0.09
GPEFC42RR3TW,1.06,2025-07-05,Glock-18 | Ocean Topo (Factory New),6.5,a72ec82b-e163-46aa-bc00-094d985bc422,63871321,False,a72ec82b-e163-46aa-bc00-094d985bc422,2025-07-24,,SOLD,2025-09-05,61.0,0.05,1.2,1.13,0.08
GCWD7GFRTFNP,5.0,2025-09-03,MP9 | Starlight Protector (Minimal Wear),10.12,b85e9d71-6964-4f25-9965-b8bb3ac6bb40,64925018,False,b85e9d71-6964-4f25-9965-b8bb3ac6bb40,2025-09-04,,SOLD,2025-09-05,1.0,0.06,5.64,5.33,0.3
GSKNF93L6TF3,1.33,2025-09-03,Sticker | Vitality (Holo) | Paris 2023,,,45017001,True,005638c6-64cd-4d9e-b706-24c16f9a5734,2025-09-04,,SOLD,2025-09-05,1.0,0.06,1.97,1.43,0.52
G2ZZGXADDXNH,0.38,2025-09-04,Sticker | North (Holo) | 2020 RMR,,,30582909,True,ad34f9fa-5026-4255-a521-795598d9a26a,2025-09-05,,SOLD,2025-09-05,0.0,0.06,0.52,0.41,0.11
GNX903D83KRN,0.74,2025-09-04,Sticker | KOI (Glitter) | Copenhagen 2024,,,50925888,True,fd009f8b-1ced-471f-8db9-074461214151,2025-09-05,,SOLD,2025-09-05,0.0,0.06,0.99,0.8,0.19
G6FN07AHPG0N,0.74,2025-09-04,Sticker | KOI (Glitter) | Copenhagen 2024,,,50925888,True,c4c24574-5931-4049-afa1-27b2010f23d2,2025-09-05,,SOLD,2025-09-05,0.0,0.06,0.99,0.8,0.19
G6RHHA8FA0X0,0.31,2025-09-04,Sticker | Boom (Holo) | 2020 RMR,,,30582912,True,8fe5b43b-fba3-42d4-ad87-bcf5a2a40f2e,2025-09-05,,SOLD,2025-09-05,0.0,0.06,0.61,0.34,0.26
GTN89LDC4XUR,9.64,2025-08-15,CS:GO Weapon Case 2,,,927,True,f7b75c8f-9608-4f49-816b-50b036f263e8,2025-08-16,,SOLD,2025-09-05,20.0,0.05,10.76,10.16,0.58
GS64HNC2DPGH,0.25,2025-08-31,Shanghai 2024 Legends Autograph Capsule,,,57328788,True,2d208f5e-e7b1-4fbf-bce9-1df4c7201c11,2025-09-01,,SOLD,2025-09-05,4.0,0.06,0.36,0.28,0.09
G8ALL94XD8D5,0.25,2025-08-31,Shanghai 2024 Legends Autograph Capsule,,,57328788,True,67d3c5df-c9df-4a83-b12b-25c90cd459b5,2025-09-01,,SOLD,2025-09-05,4.0,0.06,0.36,0.28,0.09
G3AA2G8C2A5P,1.13,2025-08-04,Sticker | Rainbow Route (Holo),,,55373804,True,4d28c2c8-98fe-4edf-b571-0af3bc88dc0b,2025-08-05,,SOLD,2025-09-05,31.0,0.05,1.34,1.2,0.14
GS6UHT26C3H3,0.95,2025-09-04,M4A1-S | Nitro (Minimal Wear),13.22,baae89ce-76c1-4eef-ba23-1922af8641fb,64928536,False,baae89ce-76c1-4eef-ba23-1922af8641fb,2025-09-05,,SOLD,2025-09-06,1.0,0.06,2.02,1.02,0.95
GCGP9390USL2,0.24,2025-09-01,Charm | Whittle Knife,,371dda6b-84bd-4ad9-a415-73d013e00222,64917079,False,371dda6b-84bd-4ad9-a415-73d013e00222,2025-09-02,,SOLD,2025-09-06,4.0,0.06,0.37,0.27,0.11
G93XDTZL4C33,0.26,2025-09-03,Charm | Big Kev,,15a6df9b-3788-494b-a41e-402375b2471b,64925023,False,15a6df9b-3788-494b-a41e-402375b2471b,2025-09-04,,SOLD,2025-09-06,2.0,0.06,0.49,0.29,0.2
GD45ZXT8HW83,1.08,2025-09-04,M4A1-S | Nitro (Minimal Wear),12.72,614930fb-1af5-4fcf-a359-a3bfc79e9116,64928532,False,614930fb-1af5-4fcf-a359-a3bfc79e9116,2025-09-05,,SOLD,2025-09-06,1.0,0.06,2.02,1.16,0.82
GW4F30HE9SC7,1.1,2025-09-04,M4A1-S | Nitro (Minimal Wear),8.09,9d01e7ce-c26f-47e4-aa3c-b910c422744d,64928533,False,9d01e7ce-c26f-47e4-aa3c-b910c422744d,2025-09-05,,SOLD,2025-09-06,1.0,0.06,2.02,1.18,0.8
GP5P5R083LL6,0.97,2025-09-02,Sticker | Rainbow Route (Holo),,,55373804,True,b01a7db8-5902-4701-a1da-75510f85c6e7,2025-09-03,,SOLD,2025-09-06,3.0,0.06,1.34,1.04,0.29
GE35FSPWK5GW,0.97,2025-09-02,Sticker | Rainbow Route (Holo),,,55373804,True,7c1fcbe4-835c-4464-b6d4-325991776287,2025-09-03,,SOLD,2025-09-06,3.0,0.06,1.34,1.04,0.29
GHE8NUWCPLHS,3.23,2025-08-21,USP-S | Alpine Camo (Factory New),6.87,f5d2b6d5-e5c9-48a8-bb56-bbdab3414dc3,64857830,False,f5d2b6d5-e5c9-48a8-bb56-bbdab3414dc3,2025-08-22,,SOLD,2025-09-06,15.0,0.05,3.67,3.41,0.26
GTKL77NCAEP0,0.35,2025-08-31,Charm | Big Kev,,9eb4a037-62dd-4609-bb0e-ac0190c8a8ee,64912615,False,9eb4a037-62dd-4609-bb0e-ac0190c8a8ee,2025-09-01,,SOLD,2025-09-06,5.0,0.06,0.49,0.38,0.11
G9H27GRT06ZN,1.43,2025-09-03,StatTrak™ M4A1-S | Emphorosaur-S (Field-Tested),18.24,2cb1e409-cb83-4598-9568-9b89a8b8b3f5,64925021,False,2cb1e409-cb83-4598-9568-9b89a8b8b3f5,2025-09-04,,SOLD,2025-09-06,2.0,0.06,1.62,1.53,0.09
GZA300PZS3E3,0.7,2025-09-04,Glock-18 | Nuclear Garden (Field-Tested),31.46,dda989ce-7f6a-405d-bc82-730032dc67ca,64928535,False,dda989ce-7f6a-405d-bc82-730032dc67ca,2025-09-05,,SOLD,2025-09-06,1.0,0.06,1.13,0.76,0.36
GL9WHRGA2NW9,0.41,2025-08-17,Charm | Pinch O' Salt,,f495cca3-09a7-4dd0-a911-8932d31adf04,64842827,False,f495cca3-09a7-4dd0-a911-8932d31adf04,2025-08-18,,SOLD,2025-09-06,19.0,0.05,0.51,0.44,0.07
G792EGZN8GSU,2.39,2025-08-15,Glock-18 | Candy Apple (Factory New),3.08,90b8994a-3b13-4395-8d33-2e2df057c832,64830711,False,90b8994a-3b13-4395-8d33-2e2df057c832,2025-08-16,,SOLD,2025-09-06,21.0,0.05,2.75,2.53,0.22
G8DCXTGL29C7,2.28,2025-09-06,Stockholm 2021 Contenders Sticker Capsule,,,36642167,True,c2efab8d-0aeb-4cb8-9b37-2bc33ef2e03a,2025-09-07,,SOLD,2025-09-07,0.0,0.06,2.87,2.44,0.42
GCL2UL6CG6P5,0.83,2025-09-06,Sticker | KOI (Glitter) | Copenhagen 2024,,,50925888,True,90ce1fdd-f8ac-48fc-a20e-ccd00c5a5350,2025-09-07,,SOLD,2025-09-07,0.0,0.06,0.99,0.89,0.1
GKA9F59P3CGN,2.28,2025-09-06,Stockholm 2021 Contenders Sticker Capsule,,,36642167,True,dad63650-e431-4fbc-9ace-60bd1a0fd16d,2025-09-07,,SOLD,2025-09-07,0.0,0.06,2.87,2.44,0.42
GH8PC4XUP6ZL,2.28,2025-09-06,Stockholm 2021 Contenders Sticker Capsule,,,36642167,True,48fcc1dc-20a6-4869-a887-5e92abad0b94,2025-09-07,,SOLD,2025-09-07,0.0,0.06,2.87,2.44,0.42
GXGGGFTZ34A7,2.95,2025-09-06,"Music Kit | bbno$, u mad!",,a64b39d5-fb14-434f-ad13-5d2921ef8e51,64936469,False,a64b39d5-fb14-434f-ad13-5d2921ef8e51,2025-09-07,,SOLD,2025-09-07,0.0,0.06,3.48,3.15,0.32
G54FE28934UC,9.5,2025-08-13,Glove Case,,,29334,True,549eac19-5aab-47ea-a670-afcf72818cb8,2025-08-14,,SOLD,2025-09-07,24.0,0.05,10.72,10.01,0.68
G6R2X8RGE0N2,9.5,2025-08-13,Glove Case,,,29334,True,8ee47157-852c-4f0a-aba0-c9389d850dc3,2025-08-14,,SOLD,2025-09-07,24.0,0.05,10.72,10.01,0.68
GTU94F3SL390,0.51,2025-07-28,AK-47 | Olive Polycam (Factory New),5.99,0b096808-7226-41a2-a3f5-1b60a334fa47,64145959,False,0b096808-7226-41a2-a3f5-1b60a334fa47,2025-07-30,,SOLD,2025-09-07,40.0,0.05,0.64,0.55,0.1
GKP3DWLLD03A,9.5,2025-08-13,Glove Case,,,29334,True,21fe067f-49d5-42eb-84d4-ec5ce5da1528,2025-08-14,,SOLD,2025-09-07,24.0,0.05,10.72,10.01,0.68
GL2URLL459NU,9.5,2025-08-13,Glove Case,,,29334,True,1792c32a-f78d-461c-9488-36ce38c4983d,2025-08-14,,SOLD,2025-09-07,24.0,0.05,10.72,10.01,0.68
GURSKU437UX5,4.98,2025-09-03,MP9 | Starlight Protector (Minimal Wear),11.71,68138df5-6f04-4e64-b451-fb7d51441ba4,64925017,False,68138df5-6f04-4e64-b451-fb7d51441ba4,2025-09-04,,SOLD,2025-09-07,3.0,0.06,5.64,5.31,0.32
GFXSTP7NDA4D,9.5,2025-08-13,Glove Case,,,29334,True,d23f411a-070e-4a06-afec-97f1383bdd4c,2025-08-14,,SOLD,2025-09-07,24.0,0.05,10.72,10.01,0.68
GADNWWE3PR4X,2.28,2025-09-06,Stockholm 2021 Contenders Sticker Capsule,,,36642167,True,0ddad3e8-ec2a-4ee3-adbf-1471b33c1562,2025-09-07,,SOLD,2025-09-07,0.0,0.06,2.87,2.44,0.42
GS0XURF2REA3,1.4,2025-09-03,Sticker | Zeusception (Holo),,,41629502,True,88f62a02-37ad-448a-aad2-c5d3eb6b2295,2025-09-04,,SOLD,2025-09-07,3.0,0.06,2.03,1.5,0.51
G7C8R0UPZAF2,0.68,2025-09-06,Zeus x27 | Tosai (Minimal Wear),9.05,33f2bcb5-8c06-4ac3-8762-83a092f69689,64936472,False,33f2bcb5-8c06-4ac3-8762-83a092f69689,2025-09-07,,SOLD,2025-09-07,0.0,0.06,0.86,0.73,0.13
GHDZ89DXCEAD,1.2,2025-08-06,M4A1-S | Mud-Spec (Factory New),6.37,da4a5bc7-dd52-4f7a-bcf7-2b02ba99eba0,64402722,False,da4a5bc7-dd52-4f7a-bcf7-2b02ba99eba0,2025-08-08,,SOLD,2025-09-07,31.0,0.05,1.37,1.27,0.1
GH95XG7UKA4W,3.55,2025-07-25,"Music Kit | bbno$, u mad!",,fb735dc2-7af5-46d5-83fa-3193e5df9014,63919841,False,fb735dc2-7af5-46d5-83fa-3193e5df9014,2025-07-26,,SOLD,2025-09-07,43.0,0.05,3.96,3.75,0.21
G8SDHUHZW6Z4,0.68,2025-09-06,Zeus x27 | Tosai (Minimal Wear),7.05,0758721a-5652-4d5b-bf0c-3cea6942361d,64936471,False,0758721a-5652-4d5b-bf0c-3cea6942361d,2025-09-07,,SOLD,2025-09-07,0.0,0.06,0.86,0.73,0.13
G6W74ADG8DE7,5.03,2025-09-03,MP9 | Starlight Protector (Minimal Wear),14.47,1604c037-1d95-44e1-8535-230d3ca31b90,64925019,False,1604c037-1d95-44e1-8535-230d3ca31b90,2025-09-04,,SOLD,2025-09-07,3.0,0.06,5.7,5.36,0.33
G90038RSZ790,2.28,2025-09-06,Stockholm 2021 Contenders Sticker Capsule,,,36642167,True,59d52899-ec27-4c1a-b1f0-e542b26db81d,2025-09-07,,SOLD,2025-09-07,0.0,0.06,2.87,2.44,0.42
GADD27WKU0FW,0.22,2025-08-31,Charm | Whittle Knife,,6bbf2c7c-38e9-4ef2-8155-0f406b3b7798,64912611,False,6bbf2c7c-38e9-4ef2-8155-0f406b3b7798,2025-09-01,,SOLD,2025-09-07,6.0,0.06,0.37,0.24,0.13
GCECP7452729,3.99,2025-09-06,AWP | Duality (Minimal Wear),10.85,1b0f009b-2cd8-4d47-9c8d-aa9e0e9fe085,64936468,False,1b0f009b-2cd8-4d47-9c8d-aa9e0e9fe085,2025-09-07,,SOLD,2025-09-08,1.0,0.06,4.51,4.26,0.25
GR62XGK9WGRE,0.2,2025-06-23,Sticker | Boom Detonation (Glitter),,,55450510,True,a0a45a34-5552-44cf-b82f-0d7a81763e9b,2025-07-24,,SOLD,2025-09-08,76.0,0.05,0.23,0.22,0.02
G3XEGPN2K9D2,2.5,2025-09-07,MP7 | Bloodsport (Minimal Wear),9.26,74608d53-0e4c-4393-b1e9-b38ab6b9e327,64943849,False,74608d53-0e4c-4393-b1e9-b38ab6b9e327,2025-09-08,,SOLD,2025-09-08,0.0,0.06,2.89,2.67,0.22
GUUCDKEGFA2K,0.55,2025-09-06,Sticker | Web Stuck,,,7243184,True,c9dc9e16-35c7-4b31-8a65-007a5afd097f,2025-09-07,,SOLD,2025-09-08,1.0,0.06,0.69,0.6,0.1
GFKK28L3XX2Z,0.55,2025-09-06,Sticker | Web Stuck,,,7243184,True,eb25700f-1721-4369-a477-00bfba964f95,2025-09-07,,SOLD,2025-09-08,1.0,0.06,0.69,0.6,0.1
GF3S7ZK5PXUW,1.3,2025-08-11,M4A1-S | Night Terror (Factory New),6.93,2c423e3e-2c2f-455e-a48a-803c65a8d6a1,64623072,False,2c423e3e-2c2f-455e-a48a-803c65a8d6a1,2025-08-12,,SOLD,2025-09-08,27.0,0.05,1.79,1.38,0.4
GTLG0KXAAW64,1.3,2025-08-11,M4A1-S | Night Terror (Factory New),6.1,e7b043a3-59a6-4ca4-a465-eb51f8551704,64623071,False,e7b043a3-59a6-4ca4-a465-eb51f8551704,2025-08-12,,SOLD,2025-09-08,27.0,0.05,1.79,1.38,0.4
GTN2R6GCKX4G,2.54,2025-09-05,MP7 | Bloodsport (Minimal Wear),10.83,2b17916c-133c-4ab3-ad38-0bc7404ac488,64932192,False,2b17916c-133c-4ab3-ad38-0bc7404ac488,2025-09-06,,SOLD,2025-09-08,2.0,0.06,2.95,2.71,0.23
G9XDXAUSLXLC,0.2,2025-06-23,Sticker | Boom Detonation (Glitter),,,55450510,True,2cfea958-9ae3-471c-8de4-5aca4b0202de,2025-07-24,,SOLD,2025-09-08,76.0,0.05,0.23,0.22,0.02
GKRW9L08S90N,0.2,2025-06-23,Sticker | Boom Detonation (Glitter),,,55450510,True,9721b712-9303-49d8-b05e-f3e8e731b661,2025-07-24,,SOLD,2025-09-08,76.0,0.05,0.23,0.22,0.02
GN7PA844U4N7,0.72,2025-09-07,Glock-18 | Nuclear Garden (Field-Tested),33.57,1ca24eff-86a6-45d5-92f5-6cb28aea44a8,64943848,False,1ca24eff-86a6-45d5-92f5-6cb28aea44a8,2025-09-08,,SOLD,2025-09-08,0.0,0.06,1.13,0.78,0.34
GWX7HGLR5XNZ,0.2,2025-06-23,Sticker | Boom Detonation (Glitter),,,55450510,True,0575b609-3060-4d36-9d9e-5b51749f8349,2025-07-24,,SOLD,2025-09-08,76.0,0.05,0.23,0.22,0.02
GRHS8KG5SCG4,0.2,2025-06-23,Sticker | Boom Detonation (Glitter),,,55450510,True,1a4d8c2d-7a10-4bb7-8d2c-0a40eefd52c0,2025-07-24,,SOLD,2025-09-08,76.0,0.05,0.23,0.22,0.02
GDL49LS53FNR,0.99,2025-09-05,Sticker | Evil Geniuses (Holo) | 2020 RMR,,,30582872,True,983d03bd-7dd0-4c57-9131-5fad1b7167bf,2025-09-06,,SOLD,2025-09-08,2.0,0.06,1.25,1.06,0.18
G730NA4CDAX8,0.99,2025-09-05,Sticker | Evil Geniuses (Holo) | 2020 RMR,,,30582872,True,351c6e1e-3095-4f71-aa8b-08821c34bf3f,2025-09-06,,SOLD,2025-09-08,2.0,0.06,1.25,1.06,0.18
GRDR2G2797R7,0.99,2025-09-05,Sticker | Evil Geniuses (Holo) | 2020 RMR,,,30582872,True,8b7e191a-df7e-4300-a9c2-f512d1a01ca2,2025-09-06,,SOLD,2025-09-08,2.0,0.06,1.25,1.06,0.18
G4704RSWHTFK,2.13,2025-03-15,M4A1-S | Night Terror (Factory New),6.93,636696d9-6d44-439b-a333-df38757c4844,63871042,False,636696d9-6d44-439b-a333-df38757c4844,2025-07-24,,SOLD,2025-09-08,176.0,0.05,2.25,2.25,0.01
GDLKEESPDRZC,0.22,2025-09-01,Sticker | Boom Trail (Glitter),,,55436346,True,baff6763-db48-4de9-9a9f-8f0811f1f79b,2025-09-02,,SOLD,2025-09-08,6.0,0.06,0.37,0.24,0.13
G37XGG4503LG,0.99,2025-09-05,Sticker | Evil Geniuses (Holo) | 2020 RMR,,,30582872,True,7e367609-0767-429a-8d37-c5ff6c345449,2025-09-06,,SOLD,2025-09-08,2.0,0.06,1.25,1.06,0.18
G2L4ER2CFEFG,5.33,2025-09-07,MP7 | Fade (Factory New),6.63,5e27b6ba-e8e0-4897-8292-707d911653c5,64943851,False,5e27b6ba-e8e0-4897-8292-707d911653c5,2025-09-08,,SOLD,2025-09-08,0.0,0.06,6.39,5.68,0.68
GSRE30GE5RZ7,0.2,2025-06-23,Sticker | Boom Detonation (Glitter),,,55450510,True,658f1958-e54a-49a1-b797-1eb93ab7bf90,2025-07-24,,SOLD,2025-09-08,76.0,0.05,0.23,0.22,0.02
GPPP5XHDPFE2,0.6,2025-09-03,Sticker | Liquid (Holo) | 2020 RMR,,,30582890,True,60566d1e-5ac4-49b5-8926-71f023ac6193,2025-09-04,,SOLD,2025-09-09,5.0,0.06,0.75,0.65,0.1
G52UNRP5THEK,0.6,2025-09-03,Sticker | Liquid (Holo) | 2020 RMR,,,30582890,True,87cd7de8-cc47-4c81-9ce9-6e8194d2b21e,2025-09-04,,SOLD,2025-09-09,5.0,0.06,0.75,0.65,0.1
G67DH3HTFAFF,0.6,2025-09-03,Sticker | Liquid (Holo) | 2020 RMR,,,30582890,True,e05801f5-feff-4371-a6c2-ef7d1939de0b,2025-09-04,,SOLD,2025-09-09,5.0,0.06,0.75,0.65,0.1
GS8GGKSESGEF,0.22,2025-08-31,Charm | Whittle Knife,,b50a8c6a-7d0c-4502-ae49-4269764e3e65,64912610,False,b50a8c6a-7d0c-4502-ae49-4269764e3e65,2025-09-01,,SOLD,2025-09-09,8.0,0.06,0.36,0.24,0.12
GNTLE28N2N2L,10.0,2025-09-06,Sticker | Battle Scarred (Holo),,,29020673,True,3dbff8ce-ebde-4ce0-8c37-fc9a68d32ef7,2025-09-07,,SOLD,2025-09-09,2.0,0.06,11.32,10.65,0.64
GNLTW0Z4DZ3L,0.99,2025-09-05,Sticker | Evil Geniuses (Holo) | 2020 RMR,,,30582872,True,c4ac1b59-ce1f-4b04-87be-c0b04c54b07b,2025-09-06,,SOLD,2025-09-09,3.0,0.06,1.25,1.06,0.18
GA5PLZGW4394,2.0,2025-08-03,XM1014 | Entombed (Minimal Wear),14.63,8dcad97a-99c1-4d6c-be54-3e9f2689c733,64285251,False,8dcad97a-99c1-4d6c-be54-3e9f2689c733,2025-08-04,,SOLD,2025-09-09,36.0,0.05,2.76,2.12,0.62
G3TGCFSL8ELK,10.0,2025-09-06,Sticker | Battle Scarred (Holo),,,29020673,True,d009deaa-72cc-4760-9b48-3a4b0ca17e53,2025-09-07,,SOLD,2025-09-09,2.0,0.06,11.32,10.65,0.64
GCLSAZ3AE489,0.22,2025-09-06,Sticker | Evil Geniuses (Holo) | 2020 RMR,,,30582872,True,45e4abb1-c62a-4f2d-b4f1-78c1e0e53855,2025-09-07,,SOLD,2025-09-09,2.0,0.06,1.34,0.24,1.04
G35ZDANAL7K4,1.5,2025-09-08,Charm | Glamour Shot,,622454d5-d2c5-453e-a64f-55336412db0f,64949438,False,622454d5-d2c5-453e-a64f-55336412db0f,2025-09-09,,SOLD,2025-09-09,0.0,0.06,1.86,1.61,0.25
GPWZS73PLKGF,0.32,2025-09-08,Sticker | North (Holo) | 2020 RMR,,,30582909,True,43adc3df-cba5-4e0b-9b1e-4c290735c0ba,2025-09-09,,SOLD,2025-09-09,0.0,0.06,0.47,0.35,0.12
G480ASWUGD4W,1.0,2025-08-09,MAC-10 | Pipsqueak (Minimal Wear),8.17,17092620-db14-470e-8057-446d2c8d9489,64521913,False,17092620-db14-470e-8057-446d2c8d9489,2025-08-10,,SOLD,2025-09-09,30.0,0.05,1.72,1.06,0.63
G0FSL6XPLEAH,8.83,2025-08-26,Sticker | Battle Scarred (Holo),,,29020673,True,2cbe9e10-e098-4361-b71a-a507100a893d,2025-08-27,,SOLD,2025-09-09,13.0,0.05,11.32,9.31,1.92
G9NH46XND0NR,0.32,2025-09-08,Sticker | North (Holo) | 2020 RMR,,,30582909,True,3fae418c-2ab4-4814-88a8-2801f000ff8e,2025-09-09,,SOLD,2025-09-09,0.0,0.06,0.47,0.35,0.12
GNDNFF9370A4,0.32,2025-09-08,Sticker | North (Holo) | 2020 RMR,,,30582909,True,25cd7053-d86e-4ee8-b840-5f2a047e3162,2025-09-09,,SOLD,2025-09-09,0.0,0.06,0.47,0.35,0.12
G6H9ECTHARXA,3.41,2025-06-18,StatTrak™ M4A1-S | Emphorosaur-S (Minimal Wear),10.93,4d3591b6-51ca-4351-9331-2642f0b0b0c8,63871263,False,4d3591b6-51ca-4351-9331-2642f0b0b0c8,2025-07-24,,SOLD,2025-09-09,82.0,0.05,3.86,3.6,0.26
G3DX9G8906TZ,3.41,2025-06-17,StatTrak™ M4A1-S | Emphorosaur-S (Minimal Wear),9.16,07ec0661-608c-4bc0-9db6-2f61b59cdc3f,63871266,False,07ec0661-608c-4bc0-9db6-2f61b59cdc3f,2025-07-24,,SOLD,2025-09-09,83.0,0.05,3.86,3.6,0.26
G87K5436CPAE,0.32,2025-09-08,Sticker | North (Holo) | 2020 RMR,,,30582909,True,80e423a2-8022-4e84-9ff1-d6c97cc19a4c,2025-09-09,,SOLD,2025-09-09,0.0,0.06,0.47,0.35,0.12
G4LLH440N5Z5,0.32,2025-09-08,Sticker | North (Holo) | 2020 RMR,,,30582909,True,fc4288e6-526f-43d9-8d31-71878fa667f5,2025-09-09,,SOLD,2025-09-09,0.0,0.06,0.47,0.35,0.12
GS5WZRA9GN22,0.45,2025-09-08,Sticker | Liquid (Holo) | 2020 RMR,,,30582890,True,ce62950a-4af6-41e7-b422-b8c1fb231c37,2025-09-09,,SOLD,2025-09-09,0.0,0.06,0.68,0.49,0.19
G4FHU2U9UKNF,1.69,2025-08-06,M4A1-S | Night Terror (Factory New),5.83,8d79b5f2-03e9-4b57-91c7-fc4659a2cc4e,64402719,False,8d79b5f2-03e9-4b57-91c7-fc4659a2cc4e,2025-08-08,,SOLD,2025-09-09,33.0,0.05,2.27,1.79,0.47
GGA2XED6XWF2,0.5,2025-09-07,Sticker | Liquid (Holo) | 2020 RMR,,,30582890,True,6e084cb0-0217-4d80-9704-64a89556e267,2025-09-08,,SOLD,2025-09-09,1.0,0.06,0.68,0.54,0.14
GH0D0S7ASA4A,0.99,2025-09-05,Sticker | Evil Geniuses (Holo) | 2020 RMR,,,30582872,True,b25ee3c9-47b2-44b4-ac77-661710f34e87,2025-09-06,,SOLD,2025-09-09,3.0,0.06,1.25,1.06,0.18
GX0WFCF73NNF,6.29,2025-03-10,AWP | Duality (Minimal Wear),14.42,36f8c640-0366-4c9c-a286-c98142b104ae,63871044,False,36f8c640-0366-4c9c-a286-c98142b104ae,2025-07-24,,SOLD,2025-09-09,182.0,0.05,4.33,6.63,-2.18
GFWNL0ASS25T,0.32,2025-09-08,Charm | Hot Sauce,,30c5f414-d6db-4b0e-91f4-3aff55f8f06f,64949432,False,30c5f414-d6db-4b0e-91f4-3aff55f8f06f,2025-09-09,,SOLD,2025-09-09,0.0,0.06,0.48,0.35,0.13
GDPRG9HUGRTL,0.35,2025-09-08,Charm | Pinch O' Salt,,e0016c7a-aedb-4fe8-8e39-0fa1f9f4bd69,64949431,False,e0016c7a-aedb-4fe8-8e39-0fa1f9f4bd69,2025-09-09,,SOLD,2025-09-09,0.0,0.06,0.51,0.38,0.13
G8EGF5APCKHP,0.27,2025-09-08,MP9 | Buff Blue (Factory New),6.62,5e2ba6f3-1d82-4306-b12f-66b08c6a360e,64949426,False,5e2ba6f3-1d82-4306-b12f-66b08c6a360e,2025-09-09,,SOLD,2025-09-09,0.0,0.06,1.14,0.3,0.8
GXPANX2H792F,0.51,2025-09-08,M4A4 | Choppa (Factory New),1.33,a2a95aa7-1f6e-44d4-b20d-2d5215f379e9,64949425,False,a2a95aa7-1f6e-44d4-b20d-2d5215f379e9,2025-09-09,,SOLD,2025-09-09,0.0,0.06,0.69,0.55,0.14
GL68FCSL0LHU,1.46,2025-09-07,USP-S | Ticket to Hell (Factory New),6.64,b5dc4995-990f-49e6-bd37-e0b015184b8d,64943845,False,b5dc4995-990f-49e6-bd37-e0b015184b8d,2025-09-08,,SOLD,2025-09-09,1.0,0.06,1.72,1.56,0.16
G2HPEG5SS2PS,0.35,2025-09-07,Sticker | North (Holo) | 2020 RMR,,,30582909,True,541bc02e-eddf-44ca-ba22-0d256e4cd385,2025-09-08,,SOLD,2025-09-09,1.0,0.06,0.47,0.38,0.09
GEXSFASUS5NT,0.45,2025-09-08,Sticker | Liquid (Holo) | 2020 RMR,,,30582890,True,7df9c4f2-b11e-4212-8603-17265ecef598,2025-09-09,,SOLD,2025-09-09,0.0,0.06,0.68,0.49,0.19
GA4NCE77E77S,0.22,2025-08-29,Charm | Whittle Knife,,2768f1cf-ab82-46ca-b6f4-79b8afc419a5,64904616,False,2768f1cf-ab82-46ca-b6f4-79b8afc419a5,2025-08-30,,SOLD,2025-09-09,10.0,0.06,0.36,0.24,0.12
GKD8GL8X8R7Z,0.7,2025-09-06,Glock-18 | Nuclear Garden (Field-Tested),28.85,15150cea-c0f5-461d-9e5b-df1705510bfa,64936467,False,15150cea-c0f5-461d-9e5b-df1705510bfa,2025-09-07,,SOLD,2025-09-10,3.0,0.06,1.14,0.76,0.37
G8GLK4P2D9DP,3.27,2025-08-17,Sticker | Gold Web (Foil),,,7177483,True,0632d6e7-16c4-4d21-b3f7-6c5c6d2b6b7d,2025-08-18,,SOLD,2025-09-10,23.0,0.05,4.05,3.45,0.58
GSGEUTHZWR8N,16.16,2025-09-09,3rd Commando Company | KSK,,c54b72b1-684d-466c-8aa4-615f91250ca3,64954378,False,c54b72b1-684d-466c-8aa4-615f91250ca3,2025-09-10,,SOLD,2025-09-10,0.0,0.06,18.62,17.2,1.34
GU6KNRR3FGRU,0.27,2025-09-08,Sticker | Boom (Holo) | 2020 RMR,,,30582912,True,7dbfa141-fdb9-4b63-833f-0ef3efb96bfc,2025-09-09,,SOLD,2025-09-10,1.0,0.06,0.79,0.3,0.47
G69W2WHD98ST,0.27,2025-09-04,Sticker | Complexity Gaming (Glitter) | Shanghai 2024,,,57328470,True,95aad5c7-8a2d-4acb-be6f-9d2029652fad,2025-09-05,,SOLD,2025-09-10,5.0,0.06,0.45,0.3,0.15
GLCNH0AL9Z9X,32.99,2025-07-26,AK-47 | Redline (Field-Tested),35.56,4a8907b6-65ea-4fce-9006-b60f3202e29f,63919897,False,4a8907b6-65ea-4fce-9006-b60f3202e29f,2025-07-27,,SOLD,2025-09-10,45.0,0.05,35.48,34.74,0.72
GS6T0R4KR56D,32.99,2025-07-26,AK-47 | Redline (Field-Tested),28.07,a5ce2e20-9966-4fe6-be8f-3c88aa69d785,63919898,False,a5ce2e20-9966-4fe6-be8f-3c88aa69d785,2025-07-27,,SOLD,2025-09-10,45.0,0.05,35.48,34.74,0.72
GAALTAW2U8UW,33.0,2025-07-26,AK-47 | Redline (Field-Tested),31.98,0e1abdc4-78f9-4828-8738-6ae7fa9b8c83,63919899,False,0e1abdc4-78f9-4828-8738-6ae7fa9b8c83,2025-07-27,,SOLD,2025-09-10,45.0,0.05,35.48,34.75,0.71
GN9USGZHG2AW,31.14,2025-07-03,AK-47 | Redline (Field-Tested),36.69,03c9e838-7c78-4fc5-8d27-d71b882c7aaa,63871278,False,03c9e838-7c78-4fc5-8d27-d71b882c7aaa,2025-07-24,,SOLD,2025-09-10,68.0,0.05,35.02,32.79,2.13
GALZ93D9LW20,12.6,2025-09-06,Street Soldier | Phoenix,,9efd3ac2-5764-4d60-91e8-ed25af46af73,64936473,False,9efd3ac2-5764-4d60-91e8-ed25af46af73,2025-09-07,,SOLD,2025-09-10,3.0,0.06,14.37,13.41,0.91
GW55RAWLTSU6,14.47,2025-08-05,AWP | Chrome Cannon (Well-Worn),44.33,3369b7cd-c944-483a-bd05-0e5633451ab5,64360090,False,3369b7cd-c944-483a-bd05-0e5633451ab5,2025-08-06,,SOLD,2025-09-10,35.0,0.05,16.05,15.24,0.78
G8LA42K96KH4,32.93,2025-07-26,AK-47 | Redline (Field-Tested),35.73,18270bdb-2fa0-484e-b1f7-362039bb3856,63919896,False,18270bdb-2fa0-484e-b1f7-362039bb3856,2025-07-27,,SOLD,2025-09-10,45.0,0.05,35.48,34.67,0.78
GA8F7UK0E9E3,0.38,2025-09-10,SSG 08 | Hand Brake (Minimal Wear),9.89,72f615da-3a2c-4e81-bc9a-8cf60102ca4d,64960941,False,72f615da-3a2c-4e81-bc9a-8cf60102ca4d,2025-09-11,,SOLD,2025-09-11,0.0,0.06,0.55,0.41,0.14
GXRERZ3GTC5P,0.65,2025-09-10,AWP | Acheron (Minimal Wear),11.05,43dd4a07-5c77-49db-b47b-330970076fb1,64960948,False,43dd4a07-5c77-49db-b47b-330970076fb1,2025-09-11,,SOLD,2025-09-11,0.0,0.06,0.83,0.7,0.13
GH42K8NW38NP,0.65,2025-09-06,Zeus x27 | Tosai (Minimal Wear),10.09,23c630a6-746a-4790-a552-cdcb9bfc8343,64936470,False,23c630a6-746a-4790-a552-cdcb9bfc8343,2025-09-07,,SOLD,2025-09-11,4.0,0.06,0.8,0.7,0.1
G0XWE3N49WA4,1.54,2025-09-10,StatTrak™ Glock-18 | Umbral Rabbit (Minimal Wear),8.3,12ea76a8-872b-4a71-9b76-0834d966ab9c,64960949,False,12ea76a8-872b-4a71-9b76-0834d966ab9c,2025-09-11,,SOLD,2025-09-11,0.0,0.06,2.49,1.65,0.8
GF2HLLKH798F,4.58,2025-09-10,USP-S | Jawbreaker (Field-Tested),22.09,d30c8e56-b44f-4579-b67a-e034b21a47b5,64960950,False,d30c8e56-b44f-4579-b67a-e034b21a47b5,2025-09-11,,SOLD,2025-09-11,0.0,0.06,5.19,4.88,0.3
GPKZS63XCP7U,1.3,2025-09-10,AWP | Phobos (Minimal Wear),9.2,20dd8275-913d-4ba3-bf27-d064fdb763f1,64960952,False,20dd8275-913d-4ba3-bf27-d064fdb763f1,2025-09-11,,SOLD,2025-09-11,0.0,0.06,1.67,1.39,0.27
GRN2HXL7LSPK,0.32,2025-09-08,Sticker | Flex,,,55480742,True,53ac5835-8fdd-42c6-a956-5080687d0383,2025-09-09,,SOLD,2025-09-11,2.0,0.06,0.64,0.35,0.28
GW4RUXFWFKAD,0.26,2025-09-08,Charm | Lil' Crass,,9839bf9b-22dc-4bef-a926-5cc0b2507a07,64949437,False,9839bf9b-22dc-4bef-a926-5cc0b2507a07,2025-09-09,,SOLD,2025-09-11,2.0,0.06,0.43,0.29,0.14
G427G63DESP4,0.8,2025-07-15,AK-47 | Olive Polycam (Factory New),6.93,70c1a577-2198-4117-9729-80582f8b0b25,63908981,False,70c1a577-2198-4117-9729-80582f8b0b25,2025-07-26,,SOLD,2025-09-11,57.0,0.05,1.11,0.85,0.25
G0482S4KTR9K,3.02,2025-03-11,M4A4 | Turbine (Minimal Wear),10.95,304110fc-b32d-4ec6-a366-b32c6b4bb555,63871041,False,304110fc-b32d-4ec6-a366-b32c6b4bb555,2025-07-24,,SOLD,2025-09-11,183.0,0.05,3.19,3.19,0.01
GNC757A4PKLL,2.6,2025-08-18,Revolver Case,,,216,True,e4e07cae-0a30-49c8-ae88-7b5397a9fd21,2025-08-19,,SOLD,2025-09-11,23.0,0.05,2.92,2.75,0.17
G6XTNTSL6SE5,2.6,2025-08-18,Revolver Case,,,216,True,f5bde9f4-7dbf-433b-8cc8-a279a8b76464,2025-08-19,,SOLD,2025-09-11,23.0,0.05,2.92,2.75,0.17
GNCGHNXND296,2.6,2025-08-18,Revolver Case,,,216,True,cd949df2-ebbe-464c-a929-d01ba7e7cfa6,2025-08-19,,SOLD,2025-09-11,23.0,0.05,2.92,2.75,0.17
GSLSS947NASK,2.6,2025-08-18,Revolver Case,,,216,True,d6a80fe6-315b-4ada-9b34-dbf39e244dfc,2025-08-19,,SOLD,2025-09-11,23.0,0.05,2.92,2.75,0.17
GDS7CSSF2SP7,2.0,2025-08-13,Desert Eagle | Serpent Strike (Factory New),6.31,6af357db-2c61-43a3-ae5b-03d5b1b21eb9,64795466,False,6af357db-2c61-43a3-ae5b-03d5b1b21eb9,2025-08-14,,SOLD,2025-09-11,28.0,0.05,2.34,2.12,0.22
GL85NAX08LTP,2.0,2025-08-12,Desert Eagle | Serpent Strike (Factory New),6.22,46d79b0e-d434-4b61-829f-6b3d3dfe1300,64697458,False,46d79b0e-d434-4b61-829f-6b3d3dfe1300,2025-08-13,,SOLD,2025-09-11,29.0,0.05,2.34,2.12,0.22
GEA4L8LX24GC,2.0,2025-08-12,Desert Eagle | Serpent Strike (Factory New),6.49,71976b40-279f-454f-94b0-841d6cec9be3,64697451,False,71976b40-279f-454f-94b0-841d6cec9be3,2025-08-13,,SOLD,2025-09-11,29.0,0.05,2.34,2.12,0.22
GCAC46DHC3CT,0.2,2025-08-10,Galil AR | Control (Field-Tested),35.6,e95fc77d-47f2-4afd-8755-842996d10bbd,64548940,False,e95fc77d-47f2-4afd-8755-842996d10bbd,2025-08-11,,SOLD,2025-09-11,31.0,0.05,0.24,0.22,0.03
GAGU7RD9W5AW,0.73,2025-08-09,M4A4 | Choppa (Factory New),2.38,e5157684-1fe8-4421-a4dc-f6ed335541a1,64521911,False,e5157684-1fe8-4421-a4dc-f6ed335541a1,2025-08-10,,SOLD,2025-09-11,32.0,0.05,1.54,0.78,0.73
G6GS5P6EE2LH,2.25,2025-08-06,Zeus x27 | Tosai (Factory New),6.69,0b15fda9-5fff-4c5e-9a0d-3f71fe5de27a,64402721,False,0b15fda9-5fff-4c5e-9a0d-3f71fe5de27a,2025-08-08,,SOLD,2025-09-11,35.0,0.05,2.63,2.38,0.25
G4TKSD50D5KS,1.2,2025-06-15,USP-S | Check Engine (Factory New),5.53,8445baac-a1e1-402a-84d0-5ae7a16eba95,63871069,False,8445baac-a1e1-402a-84d0-5ae7a16eba95,2025-07-24,,SOLD,2025-09-11,87.0,0.05,1.81,1.27,0.52
G49N9FU4ZL8H,1.2,2025-06-15,USP-S | Check Engine (Factory New),4.84,433bdd05-a98c-43c7-8028-0b272a92d71a,63871070,False,433bdd05-a98c-43c7-8028-0b272a92d71a,2025-07-24,,SOLD,2025-09-11,87.0,0.05,1.81,1.27,0.52
GXCTCF9S5EAN,1.2,2025-06-15,USP-S | Check Engine (Factory New),5.4,c463c6e6-6fda-40cb-9893-bb8ef4e791bc,63871068,False,c463c6e6-6fda-40cb-9893-bb8ef4e791bc,2025-07-24,,SOLD,2025-09-11,87.0,0.05,1.81,1.27,0.52
GWLDLCACW2PZ,1.8,2025-03-15,M4A4 | Converter (Factory New),4.56,43ac0a95-6418-4f1f-93b8-e47059c0af7a,63871051,False,43ac0a95-6418-4f1f-93b8-e47059c0af7a,2025-07-24,,SOLD,2025-09-11,179.0,0.05,1.91,1.91,0.01
G8PPE8G2P0ZA,1.85,2025-03-15,M4A4 | Converter (Factory New),4.27,2a0fafa2-d9e4-4d23-b5c9-8b148d193375,63871062,False,2a0fafa2-d9e4-4d23-b5c9-8b148d193375,2025-07-24,,SOLD,2025-09-11,179.0,0.05,1.96,1.96,0.01
GP2SNSUHC28D,2.6,2025-08-18,Revolver Case,,,216,True,38002e79-75dd-49de-b00f-86708e05a183,2025-08-19,,SOLD,2025-09-11,23.0,0.05,2.92,2.75,0.17
GAFNW826R4RH,3.18,2025-08-19,Glock-18 | Shinobu (Field-Tested),22.13,214d6b36-de03-411c-9104-6534cfc55505,64850432,False,214d6b36-de03-411c-9104-6534cfc55505,2025-08-20,,SOLD,2025-09-11,22.0,0.05,3.55,3.36,0.19
G44UEG4KASDK,2.6,2025-08-18,Revolver Case,,,216,True,b484c9d0-a60f-43f5-ac8e-87dd41bfcf46,2025-08-19,,SOLD,2025-09-11,23.0,0.05,2.92,2.75,0.17
GZK3W6P25DSF,0.89,2025-07-17,AK-47 | Olive Polycam (Factory New),6.44,b4371544-0e35-40f9-8a64-1659d300a593,63908977,False,b4371544-0e35-40f9-8a64-1659d300a593,2025-07-26,,SOLD,2025-09-11,55.0,0.05,1.11,0.95,0.16
G27H8XNNFNHX,0.68,2025-07-24,Gallery Case,,,55347776,True,4b0891d4-6b69-4cb7-be19-2942a9951101,2025-07-25,,SOLD,2025-09-11,48.0,0.05,0.84,0.73,0.12
GG23GUFFWNWC,0.68,2025-07-24,Gallery Case,,,55347776,True,097d7fcf-f8cc-4dd1-8a5c-76efe5624a39,2025-07-25,,SOLD,2025-09-11,48.0,0.05,0.84,0.73,0.12
GKSUCDD7SLNZ,2.04,2025-07-15,Desert Eagle | Serpent Strike (Factory New),6.43,a59988ba-7e91-4e03-911f-73d532e44942,63908970,False,a59988ba-7e91-4e03-911f-73d532e44942,2025-07-26,,SOLD,2025-09-11,57.0,0.05,2.34,2.16,0.18
GGXH97DX8TFF,0.68,2025-07-24,Gallery Case,,,55347776,True,885317a1-bee5-4a87-8492-90d63f66255b,2025-07-25,,SOLD,2025-09-11,48.0,0.05,0.84,0.73,0.12
GAACKH45AC8X,0.22,2025-09-01,Charm | Pocket AWP,,fbf9c29a-df57-4ded-8be4-89c7d67ebae2,64917085,False,fbf9c29a-df57-4ded-8be4-89c7d67ebae2,2025-09-02,,SOLD,2025-09-11,9.0,0.06,0.35,0.24,0.11
GXLXLZA94W83,0.68,2025-07-24,Gallery Case,,,55347776,True,8c2224b9-51da-406a-b3f1-2ee61ebba03b,2025-07-25,,SOLD,2025-09-11,48.0,0.05,0.84,0.73,0.12
GSC7WSL7CASH,3.07,2025-07-23,XM1014 | Entombed (Minimal Wear),13.8,a8d5b6ad-1b51-4fcc-a623-950115b7b443,63888096,False,a8d5b6ad-1b51-4fcc-a623-950115b7b443,2025-07-24,,SOLD,2025-09-11,49.0,0.05,3.43,3.24,0.19
G9KU42KT25KW,0.68,2025-07-24,Gallery Case,,,55347776,True,3c1ae4ed-da8b-4ec2-ac6c-d8ccddd009ce,2025-07-25,,SOLD,2025-09-11,48.0,0.05,0.84,0.73,0.12
GPHZGG2K38K7,1.6,2025-08-21,Zeus x27 | Electric Blue (Factory New),1.48,f2f98fc1-571b-499c-92b4-c3011ef8af40,64857829,False,f2f98fc1-571b-499c-92b4-c3011ef8af40,2025-08-22,,SOLD,2025-09-11,20.0,0.05,2.18,1.69,0.47
G84783T3WZR2,0.68,2025-07-24,Gallery Case,,,55347776,True,695f5f01-840d-4523-94fc-89bb791c6f5c,2025-07-25,,SOLD,2025-09-11,48.0,0.05,0.84,0.73,0.12
GCWDH55GD0W5,0.15,2025-09-11,Sticker | Perfect World (Glitter) | Shanghai 2024,,,57328471,True,ef5d5db3-7fc7-4127-b8f3-bb51039f5926,2025-09-12,,SOLD,2025-09-12,0.0,0.06,0.44,0.17,0.26
GSRKSKW0PKPN,0.27,2025-06-22,Sticker | Scorch Loop,,,55368025,True,a854a08f-3fc4-4a32-b067-0919fc613589,2025-08-10,,SOLD,2025-09-12,81.0,0.05,0.33,0.29,0.04
G870X83LEPD9,2.3,2025-03-15,M4A4 | Converter (Factory New),5.64,1fb7536a-bcea-4692-a1a9-43bfee317475,63871056,False,1fb7536a-bcea-4692-a1a9-43bfee317475,2025-07-24,,SOLD,2025-09-12,180.0,0.05,2.43,2.43,0.01
GAX2UUXFL8L2,2.2,2025-03-15,M4A4 | Converter (Factory New),6.34,9f5c655b-f133-4392-aa40-b53e443fee80,63871057,False,9f5c655b-f133-4392-aa40-b53e443fee80,2025-07-24,,SOLD,2025-09-12,180.0,0.05,2.33,2.33,0.01
GAXNRG7HFNA2,0.26,2025-09-08,Charm | Lil' Crass,,8314c8f1-e5e3-4efe-8efd-32d8bfd427ec,64949436,False,8314c8f1-e5e3-4efe-8efd-32d8bfd427ec,2025-09-09,,SOLD,2025-09-12,3.0,0.06,0.43,0.29,0.14
GRD4Z5KF34WE,0.26,2025-09-08,Charm | Lil' Crass,,534eaa88-d8cb-450f-a5f4-c2f515f5fcbf,64949435,False,534eaa88-d8cb-450f-a5f4-c2f515f5fcbf,2025-09-09,,SOLD,2025-09-12,3.0,0.06,0.43,0.29,0.14
GRT7ANUKNF2F,1.15,2025-09-10,Sticker | Team Liquid (Holo) | Paris 2023,,,45016993,True,55160a30-ffee-4031-9473-a064a398ef7f,2025-09-11,,SOLD,2025-09-12,1.0,0.06,1.87,1.23,0.61
GGNR95DTT02R,1.15,2025-09-10,Sticker | Team Liquid (Holo) | Paris 2023,,,45016993,True,60b14218-624f-4abe-b77b-8379c612fe75,2025-09-11,,SOLD,2025-09-12,1.0,0.06,1.87,1.23,0.61
G93LCW66FG78,0.2,2025-06-15,Sticker | Boom Detonation (Glitter),,,55450510,True,de203b17-1984-4134-b53c-8d1236d366c1,2025-07-30,,SOLD,2025-09-12,88.0,0.05,0.32,0.22,0.1
G7RFEE7RF89E,3.71,2025-09-10,Glock-18 | Vogue (Minimal Wear),14.99,54e90a29-0407-48bb-ac3e-007d9e7e31b0,64960946,False,54e90a29-0407-48bb-ac3e-007d9e7e31b0,2025-09-11,,SOLD,2025-09-12,1.0,0.06,4.44,3.96,0.46
G9D6KSGW0DXA,1.74,2025-09-10,StatTrak™ M4A1-S | Night Terror (Field-Tested),17.92,969ca455-1a55-4aed-8912-f5055d6fb060,64960945,False,969ca455-1a55-4aed-8912-f5055d6fb060,2025-09-11,,SOLD,2025-09-12,1.0,0.06,2.38,1.86,0.5
GZ7GGUE73ZR6,0.27,2025-06-22,Sticker | Scorch Loop,,,55368025,True,17dcc5de-03ab-4954-bd15-19aa02d36615,2025-08-10,,SOLD,2025-09-12,81.0,0.05,0.33,0.29,0.04
G6EGGWWC7X09,0.35,2025-09-08,Sticker | Bolt Charge,,,55478590,True,296efffe-4f9f-4c23-a079-a7975c0259be,2025-09-09,,SOLD,2025-09-12,3.0,0.06,0.58,0.38,0.2
GR5ZL0S5PXUG,2.03,2025-07-28,MP9 | Starlight Protector (Field-Tested),21.96,8b56f1dd-4fdf-474b-a9c9-4a4909dba0f0,64145958,False,8b56f1dd-4fdf-474b-a9c9-4a4909dba0f0,2025-07-30,,SOLD,2025-09-12,45.0,0.05,3.53,2.15,1.32
GAN98FZWLFHF,2.18,2025-03-15,M4A4 | Converter (Factory New),5.61,a02b0055-48ff-4321-853b-c857d6cdc476,63871061,False,a02b0055-48ff-4321-853b-c857d6cdc476,2025-07-24,,SOLD,2025-09-12,180.0,0.05,2.31,2.31,0.01
GXE845SD465U,4.49,2025-09-04,Sticker | Winding Scorch (Foil),,,55450345,True,bae9c282-1bea-4cc0-bd98-798b903d6da1,2025-09-05,,SOLD,2025-09-12,7.0,0.06,5.05,4.79,0.26
GLZTZ6DFW5AP,2.18,2025-03-15,M4A4 | Converter (Factory New),5.93,fa2cdcd4-6109-42c4-afae-fc68ba0c0ec1,63871047,False,fa2cdcd4-6109-42c4-afae-fc68ba0c0ec1,2025-07-24,,SOLD,2025-09-12,180.0,0.05,2.31,2.31,0.01
G0CN5P04SALU,4.49,2025-09-04,Sticker | Winding Scorch (Foil),,,55450345,True,75532c9e-5933-4003-a122-5705a4220334,2025-09-05,,SOLD,2025-09-12,7.0,0.06,5.05,4.79,0.26
GX9AALFAWP3G,4.49,2025-09-04,Sticker | Winding Scorch (Foil),,,55450345,True,2b82a059-c9eb-4958-971b-5a894cc31f1f,2025-09-05,,SOLD,2025-09-12,7.0,0.06,5.05,4.79,0.26
GDH08XSP4FE5,4.49,2025-09-04,Sticker | Winding Scorch (Foil),,,55450345,True,00ca7b16-4016-43a3-a8fd-237c18d177e3,2025-09-05,,SOLD,2025-09-12,7.0,0.06,5.05,4.79,0.26
GLR4T6FK0ZWA,3.97,2025-09-03,Sticker | Ninjas in Pyjamas (Holo) | Stockholm 2021,,,36663838,True,0b326038-7830-4288-bfb7-cddf020829ae,2025-09-04,,SOLD,2025-09-12,8.0,0.06,7.58,4.23,3.16
GWNUTF6HCTTZ,3.97,2025-09-03,Sticker | Ninjas in Pyjamas (Holo) | Stockholm 2021,,,36663838,True,a4f3b22d-505f-44a7-bf1e-48b696fa9033,2025-09-04,,SOLD,2025-09-12,8.0,0.06,7.58,4.23,3.16
G02U87RG2L70,3.97,2025-09-03,Sticker | Ninjas in Pyjamas (Holo) | Stockholm 2021,,,36663838,True,876292a0-fc5e-4c57-ab05-cf9f415be854,2025-09-04,,SOLD,2025-09-12,8.0,0.06,7.58,4.23,3.16
G78GXKH4C7P4,3.97,2025-09-03,Sticker | Ninjas in Pyjamas (Holo) | Stockholm 2021,,,36663838,True,1e5a9f30-5ec0-4eee-bb2e-a60b62f9c43d,2025-09-04,,SOLD,2025-09-12,8.0,0.06,7.58,4.23,3.16
G77S8UUXNH7S,3.97,2025-09-03,Sticker | Ninjas in Pyjamas (Holo) | Stockholm 2021,,,36663838,True,b6db8045-b0e3-415e-b634-20e2b0b6a7ba,2025-09-04,,SOLD,2025-09-12,8.0,0.06,7.58,4.23,3.16
GZ5Z40D9NHFG,3.97,2025-09-03,Sticker | Ninjas in Pyjamas (Holo) | Stockholm 2021,,,36663838,True,bc28076e-bc73-4055-9917-a8f53bbeb8f9,2025-09-04,,SOLD,2025-09-12,8.0,0.06,7.58,4.23,3.16
GRNANUPKE922,4.05,2025-09-02,Sticker | Winding Scorch (Foil),,,55450345,True,70d03c57-9a78-44e0-9a27-42af86a03dc7,2025-09-03,,SOLD,2025-09-12,9.0,0.06,5.05,4.32,0.7
GFTNHWG8PZSK,1.0,2025-09-02,AK-47 | Elite Build (Field-Tested),34.86,e104df27-52cb-4e0e-9dd6-e332048fddf0,64921103,False,e104df27-52cb-4e0e-9dd6-e332048fddf0,2025-09-03,,SOLD,2025-09-12,9.0,0.06,1.14,1.07,0.07
GEFZRSUPG8SN,0.21,2025-09-01,Charm | Pocket AWP,,61f0daef-3b95-4350-b29a-c6fa8f12242c,64917084,False,61f0daef-3b95-4350-b29a-c6fa8f12242c,2025-09-02,,SOLD,2025-09-12,10.0,0.06,0.35,0.23,0.12
G2AA4TWH70T9,1.79,2025-08-29,Sticker | MOUZ (Holo) | Paris 2023,,,45008727,True,0aeeecea-dd13-4138-b211-16764fc5f92d,2025-08-30,,SOLD,2025-09-12,13.0,0.06,3.57,1.91,1.57
GLR4G9P5TZX7,1.95,2025-08-27,Sticker | MOUZ (Holo) | Paris 2023,,,45008727,True,0fef615b-5f21-438d-af32-b276a0214d95,2025-08-28,,SOLD,2025-09-12,15.0,0.15,3.57,2.31,1.08
G5TD80DK8LLT,1.95,2025-08-27,Sticker | MOUZ (Holo) | Paris 2023,,,45008727,True,5a16672d-9ddf-4f5b-be70-ca7ea2dee0de,2025-08-28,,SOLD,2025-09-12,15.0,0.15,3.57,2.31,1.08
G652DLR583CS,50.0,2025-08-15,AWP | Printstream (Field-Tested),30.44,cb263c72-8cc2-45e4-a4ea-db2cc737deb4,64830710,False,cb263c72-8cc2-45e4-a4ea-db2cc737deb4,2025-08-16,,SOLD,2025-09-12,27.0,0.05,58.54,52.64,5.61
G6UE6GSSDU4C,0.98,2025-08-01,Sticker | High Heat,,,55414367,True,80fb0444-d61c-4136-9f46-5a31ff41608b,2025-08-02,,SOLD,2025-09-12,41.0,0.05,1.62,1.04,0.56
G9SN9S6GLK63,0.98,2025-08-01,Sticker | High Heat,,,55414367,True,9764feaf-7195-4711-8513-f79567806f48,2025-08-02,,SOLD,2025-09-12,41.0,0.05,1.62,1.04,0.56
G8FZ6L9A3P8R,4.73,2025-03-10,FAMAS | ZX Spectron (Minimal Wear),14.66,c54747af-f572-4bc4-959d-5eb4cc549a77,63871050,False,c54747af-f572-4bc4-959d-5eb4cc549a77,2025-07-24,,SOLD,2025-09-12,185.0,0.05,4.99,4.99,0.01
GPDEAZTEETZR,2.42,2025-09-07,StatTrak™ USP-S | Ticket to Hell (Minimal Wear),13.07,176db1e3-1128-466c-8cbf-67324100b8d2,64943844,False,176db1e3-1128-466c-8cbf-67324100b8d2,2025-09-08,,SOLD,2025-09-12,4.0,0.06,2.91,2.59,0.32
G0C6D9FC5DPR,4.49,2025-09-04,Sticker | Winding Scorch (Foil),,,55450345,True,7f923771-ea02-48d1-a503-7e6efdc93d3c,2025-09-05,,SOLD,2025-09-12,7.0,0.06,5.05,4.79,0.26
GG59CW54GK83,1.9,2025-03-15,M4A4 | Converter (Factory New),5.64,d6100145-57ce-415c-9fcc-c1cb027b7cb9,63871039,False,d6100145-57ce-415c-9fcc-c1cb027b7cb9,2025-07-24,,SOLD,2025-09-12,180.0,0.05,2.01,2.01,0.01
G9UZ339SX52S,2.18,2025-03-15,M4A4 | Converter (Factory New),6.95,58d6e6a6-39f7-4154-b9a2-fd64116dbcf4,63871043,False,58d6e6a6-39f7-4154-b9a2-fd64116dbcf4,2025-07-24,,SOLD,2025-09-12,180.0,0.05,2.31,2.31,0.01
GSZN7FA2E4Z5,2.18,2025-03-15,M4A4 | Converter (Factory New),5.78,6c99638a-5e03-4146-a7a0-4207a6d3b74a,63871049,False,6c99638a-5e03-4146-a7a0-4207a6d3b74a,2025-07-24,,SOLD,2025-09-12,180.0,0.05,2.31,2.31,0.01
GNZ5S2GWRA26,2.18,2025-03-15,M4A4 | Converter (Factory New),5.68,f394c5c6-fc9d-4105-96f5-46e90556d018,63871048,False,f394c5c6-fc9d-4105-96f5-46e90556d018,2025-07-24,,SOLD,2025-09-12,180.0,0.05,2.31,2.31,0.01
G2E2UHWWEC5N,0.31,2025-09-08,Charm | Pinch O' Salt,,8db7fcaf-b348-49d8-bcf7-6bb50c7aa02d,64949429,False,8db7fcaf-b348-49d8-bcf7-6bb50c7aa02d,2025-09-09,,SOLD,2025-09-12,3.0,0.06,0.51,0.34,0.17
GXRA6EGGPCWH,1.8,2025-09-11,Desert Eagle | Serpent Strike (Factory New),5.21,bd6adaf2-c6ed-4be6-b2fa-259548f260b2,64966853,False,bd6adaf2-c6ed-4be6-b2fa-259548f260b2,2025-09-12,,SOLD,2025-09-12,0.0,0.06,2.08,1.93,0.16
