name,buy_price,selling_price,buydate,very_good
"Music Kit | Knock2, dashstar*",9.99,,2024-09-04 10:57:24,False
Lieutenant Rex Krikey | SEAL Frogman,9.0,,2024-09-04 10:57:58,False
Sticker | Vitality (Holo) | Stockholm 2021,1.25,,2024-09-04 11:01:02,False
Sticker | Vitality (Holo) | Stockholm 2021,2.5,,2024-09-04 11:01:09,False
Sticker | Vitality (Holo) | Stockholm 2021,2.6,,2024-09-04 11:01:16,False
Sticker | Natus Vincere (Holo) | Paris 2023,2.6,,2024-09-04 11:01:48,False
Sticker | Team Liquid (Holo) | Paris 2023,0.99,,2024-09-04 11:03:05,True
Sticker | Team Liquid (Holo) | Paris 2023,1.3,,2024-09-04 11:03:13,True
Sticker | Team Liquid (Holo) | Paris 2023,1.3,,2024-09-04 11:03:20,True
Sticker | Vitality (Holo) | Paris 2023,1.37,,2024-09-04 11:04:08,False
Sticker | Vitality (Holo) | Paris 2023,1.37,,2024-09-04 11:04:15,False
Sticker | Vitality (Holo) | Paris 2023,1.37,,2024-09-04 11:04:23,False
Sticker | FaZe Clan (Holo) | Paris 2023,1.19,,2024-09-04 11:11:56,False
Sticker | m0NESY (Glitter) | Copenhagen 2024,0.77,,2024-09-04 11:12:09,False
"Music Kit | Meechy Darko, Gothic Luxury",0.71,,2024-09-04 11:12:36,False
Sticker | Eternal Fire (Glitter) | Copenhagen 2024,0.39,,2024-09-04 11:12:56,False
Sticker | Heroic (Holo) | Paris 2023,0.65,,2024-09-04 11:13:20,False
Sticker | Ninjas in Pyjamas (Holo) | Paris 2023,0.62,,2024-09-04 11:13:29,False
Sticker | Gold Web,0.46,,2024-09-04 11:13:59,False
Phoenix Pin,3.23,,2024-09-04 16:43:22,False
Wildfire Pin,2.87,,2024-09-04 16:43:49,False
Glock-18 | Nuclear Garden (Field-Tested),1.43,,2024-09-08 02:23:45,False
Glock-18 | Nuclear Garden (Field-Tested),1.43,,2024-09-08 02:23:52,False
FAMAS | ZX Spectron (Field-Tested),0.9,,2024-09-08 02:24:31,False
Sticker | Imperial Esports (Glitter) | Antwerp 2022,0.94,,2024-09-08 02:24:43,False
Sticker | Imperial Esports (Glitter) | Antwerp 2022,0.94,,2024-09-08 02:24:51,False
Desert Eagle | Meteorite (Factory New),0.82,,2024-09-08 02:25:10,False
Desert Eagle | Meteorite (Factory New),0.86,,2024-09-08 02:25:17,False
"Music Kit | Meechy Darko, Gothic Luxury",0.7,,2024-09-08 02:25:34,False
Sticker | FaZe Clan (Glitter) | Antwerp 2022,0.22,,2024-09-08 02:26:33,True
Galil AR | Rocket Pop (Minimal Wear),1.64,,2024-09-08 11:04:38,False
MP9 | Food Chain (Field-Tested),1.66,,2024-09-08 15:01:55,False
Glock-18 | Block-18 (Minimal Wear),1.35,,2024-09-08 15:08:59,False
Sticker | Imperial Esports (Glitter) | Antwerp 2022,0.94,,2024-09-08 15:09:45,False
SSG 08 | Acid Fade (Factory New),0.62,,2024-09-08 15:10:29,False
Sticker | Team Liquid (Holo) | Stockholm 2021,2.45,,2024-09-08 15:18:20,False
Sticker | Team Liquid (Holo) | Stockholm 2021,2.45,,2024-09-08 15:18:27,False
Sticker | Team Liquid (Holo) | Stockholm 2021,2.45,,2024-09-08 15:18:34,False
Sticker | Team Liquid (Holo) | Stockholm 2021,2.45,,2024-09-08 15:18:41,False
Sticker | Team Liquid (Holo) | Stockholm 2021,2.45,,2024-09-08 15:18:49,False
Sticker | Vitality (Holo) | Stockholm 2021,1.29,,2024-09-08 15:20:38,False
Sticker | Vitality (Holo) | Stockholm 2021,1.29,,2024-09-08 15:20:45,False
Sticker | FaZe Clan (Glitter) | Antwerp 2022,0.22,,2024-09-08 15:22:46,True
Galil AR | Tuxedo (Factory New),1.16,,2024-09-08 16:19:58,False
Five-SeveN | Monkey Business (Field-Tested),2.12,,2024-09-08 16:41:32,False
SSG 08 | Acid Fade (Factory New),0.66,,2024-09-08 16:54:35,False
Winter Offensive Weapon Case,5.1,,2024-09-08 17:01:13,False
StatTrak™ Desert Eagle | Light Rail (Minimal Wear),4.8,,2024-09-08 17:01:32,False
Inferno 2 Pin,2.31,,2024-09-08 17:14:49,False
SG 553 | Anodized Navy (Factory New),0.35,,2024-09-08 17:40:09,False
Seal Team 6 Soldier | NSWC SEAL,5.47,,2024-09-08 17:44:58,False
Desert Eagle | Night Heist (Factory New),12.25,,2024-09-08 18:46:01,False
M4A1-S | Nitro (Factory New),3.57,,2024-09-08 18:47:41,False
M4A4 | Spider Lily (Minimal Wear),4.7,,2024-09-08 18:47:59,False
USP-S | Ticket to Hell (Factory New),1.15,,2024-09-08 18:53:47,True
M4A1-S | Mud-Spec (Factory New),0.79,,2024-09-08 18:55:24,True
USP-S | Ticket to Hell (Minimal Wear),0.53,,2024-09-08 18:56:10,False
MAC-10 | Neon Rider (Field-Tested),4.0,,2024-09-08 19:02:06,False
StatTrak™ Desert Eagle | Printstream (Field-Tested),40.0,,2024-09-08 20:06:07,False
Soldier | Phoenix,2.39,,2024-09-08 20:41:06,False
Tec-9 | Ice Cap (Factory New),0.45,,2024-09-08 20:43:03,True
USP-S | Ticket to Hell (Minimal Wear),0.54,,2024-09-08 20:53:33,False
Glock-18 | Nuclear Garden (Minimal Wear),2.21,,2024-09-08 20:59:42,False
Sticker | KOI (Glitter) | Copenhagen 2024,0.13,,2024-09-08 21:12:09,True
Operator | FBI SWAT,4.87,,2024-09-08 21:16:13,False
Operator | FBI SWAT,4.87,,2024-09-08 21:16:20,False
Operator | FBI SWAT,4.87,,2024-09-08 21:16:27,False
Enforcer | Phoenix,2.36,,2024-09-08 21:31:46,False
Glock-18 | Nuclear Garden (Minimal Wear),2.01,,2024-09-08 21:39:34,False
M4A1-S | Emphorosaur-S (Minimal Wear),0.8,,2024-09-08 21:41:43,False
Glock-18 | Nuclear Garden (Field-Tested),1.4,,2024-09-08 21:48:12,False
Sticker | Cedar Creek (Holo),1.0,,2024-09-08 21:48:47,False
Tec-9 | Ice Cap (Factory New),0.46,,2024-09-08 22:28:34,True
Galil AR | Chromatic Aberration (Minimal Wear),3.11,,2024-09-09 03:41:46,False
Five-SeveN | Monkey Business (Field-Tested),2.22,,2024-09-09 12:43:03,False
Sticker | FaZe Clan (Glitter) | Antwerp 2022,0.22,,2024-09-09 16:20:12,True
"Music Kit | ISOxo, inhuman",5.32,,2024-09-09 23:28:24,False
Phoenix Pin,3.69,,2024-09-09 23:29:21,False
Tec-9 | Ice Cap (Factory New),0.4,,2024-09-09 23:32:01,True
M4A1-S | Nitro (Field-Tested),0.45,,2024-09-09 23:33:09,False
M4A1-S | Nitro (Field-Tested),0.51,,2024-09-09 23:33:16,False
SSG 08 | Carbon Fiber (Factory New),2.9,,2024-09-10 14:10:25,False
Galil AR | Tuxedo (Factory New),1.22,,2024-09-10 14:13:02,False
Sticker | FaZe Clan (Glitter) | Antwerp 2022,0.22,,2024-09-10 14:14:54,True
MAC-10 | Neon Rider (Field-Tested),4.01,,2024-09-10 20:22:53,False
Sticker | FaZe Clan (Glitter) | Antwerp 2022,0.22,,2024-09-10 20:27:11,True
Seal Team 6 Soldier | NSWC SEAL,5.93,,2024-09-11 10:55:09,False
Bravo Pin,2.68,,2024-09-11 10:56:39,False
M4A1-S | Night Terror (Factory New),1.14,,2024-09-11 10:58:26,False
M4A1-S | Night Terror (Minimal Wear),0.47,,2024-09-11 10:59:48,True
StatTrak™ M4A1-S | Emphorosaur-S (Field-Tested),1.47,,2024-09-11 18:58:58,False
Desert Eagle | Corinthian (Factory New),0.74,,2024-09-11 19:00:35,False
Zeus x27 | Olympus (Field-Tested),5.35,,2024-09-11 22:04:16,False
AK-47 | Phantom Disruptor (Minimal Wear),4.61,,2024-09-11 22:04:36,False
Glock-18 | Umbral Rabbit (Factory New),1.27,,2024-09-11 22:22:39,True
Inferno 2 Pin,2.57,,2024-09-12 01:36:23,False
Sticker | m0NESY (Glitter) | Copenhagen 2024,0.37,,2024-09-12 01:38:35,True
Sticker | Ouchie (Foil),2.8,,2024-09-13 01:01:09,False
Sticker | Infinite Triangle (Holo),2.12,,2024-09-13 01:01:57,False
USP-S | Cortex (Field-Tested),1.72,,2024-09-13 01:02:39,False
Glock-18 | Umbral Rabbit (Factory New),1.64,,2024-09-13 01:02:59,False
Desert Eagle | Corinthian (Factory New),0.74,,2024-09-13 01:04:16,False
M4A1-S | Night Terror (Minimal Wear),0.52,,2024-09-13 01:04:31,True
Name Tag,1.2,,2024-09-13 12:54:41,False
SSG 08 | Turbo Peek (Field-Tested),4.77,,2024-09-13 16:57:25,False
Sticker | Lotus (Glitter),3.22,,2024-09-13 16:57:44,True
Souvenir USP-S | Purple DDPAT (Field-Tested),3.18,,2024-09-14 17:25:46,False
Dual Berettas | Cobalt Quartz (Factory New),0.16,,2024-09-14 17:29:24,True
Dual Berettas | Cobalt Quartz (Factory New),0.2,,2024-09-14 17:29:31,True
USP-S | Cortex (Field-Tested),1.73,,2024-09-14 23:09:56,False
Glock-18 | Umbral Rabbit (Minimal Wear),0.58,,2024-09-14 23:25:29,True
Sticker | Vitality (Holo) | Paris 2023,0.67,1.66,2024-09-16 23:05:33,True
Sticker | m0NESY (Glitter) | Copenhagen 2024,0.34,1.45,2024-09-16 23:13:43,True
Copenhagen 2024 Champions Autograph Capsule,0.1,0.28,2024-09-16 23:24:43,True
Copenhagen 2024 Champions Autograph Capsule,0.1,0.28,2024-09-16 23:30:28,True
Copenhagen 2024 Champions Autograph Capsule,0.1,0.28,2024-09-16 23:36:08,True
Copenhagen 2024 Champions Autograph Capsule,0.1,0.28,2024-09-16 23:41:31,True
Copenhagen 2024 Champions Autograph Capsule,0.1,0.28,2024-09-16 23:47:10,True
Copenhagen 2024 Champions Autograph Capsule,0.1,0.28,2024-09-16 23:53:05,True
"Music Kit | Knock2, dashstar*",7.8,10.6,2024-09-17 15:50:34,False
StatTrak™ USP-S | Ticket to Hell (Minimal Wear),1.92,4.55,2024-09-17 16:00:57,False
USP-S | Ticket to Hell (Minimal Wear),0.44,0.99,2024-09-17 18:18:21,False
Sticker | KOI (Glitter) | Copenhagen 2024,0.13,0.32,2024-09-17 18:37:50,False
AWP | Atheris (Minimal Wear),4.65,6.82,2024-09-17 18:40:37,False
M4A4 | 龍王 (Dragon King) (Field-Tested),5.04,8.77,2024-09-18 02:56:49,False
Dual Berettas | Cobalt Quartz (Factory New),0.16,0.79,2024-09-18 08:20:38,True
USP-S | Check Engine (Factory New),0.81,1.76,2024-09-18 11:53:54,True
Galil AR | Eco (Field-Tested),3.87,7.12,2024-09-18 18:00:33,False
P250 | See Ya Later (Field-Tested),2.24,3.72,2024-09-18 18:03:10,False
Dual Berettas | Cobalt Quartz (Factory New),0.16,0.79,2024-09-18 20:38:25,True
StatTrak™ USP-S | Ticket to Hell (Minimal Wear),1.91,4.62,2024-09-18 21:39:20,True
Sticker | FaZe Clan (Holo) | Paris 2023,0.7,1.43,2024-09-18 22:50:59,True
StatTrak™ USP-S | Ticket to Hell (Minimal Wear),2.52,4.62,2024-09-19 16:06:36,False
SSG 08 | Abyss (Factory New),2.55,4.18,2024-09-19 16:06:54,False
P250 | See Ya Later (Field-Tested),2.01,3.72,2024-09-19 16:59:15,False
Guardian 3 Pin,1.89,2.42,2024-09-19 17:59:30,False
R8 Revolver | Blaze (Factory New),1.47,2.27,2024-09-19 17:59:57,False
Glock-18 | Block-18 (Minimal Wear),1.27,1.87,2024-09-19 18:00:17,False
MP7 | Bloodsport (Field-Tested),0.91,1.69,2024-09-19 18:00:31,False
MP7 | Bloodsport (Field-Tested),1.01,1.69,2024-09-19 18:00:38,False
MP7 | Bloodsport (Field-Tested),1.09,1.69,2024-09-19 18:00:46,False
B Squadron Officer | SAS,11.17,14.78,2024-09-19 23:14:34,False
USP-S | Ticket to Hell (Factory New),1.22,2.71,2024-09-19 23:59:35,True
MP7 | Fade (Factory New),4.45,8.06,2024-09-20 02:58:10,False
Wildfire Pin,3.05,4.12,2024-09-20 02:59:53,False
AWP | Atheris (Well-Worn),2.16,3.41,2024-09-20 03:01:09,False
AWP | Atheris (Battle-Scarred),2.01,3.31,2024-09-20 03:01:24,False
M4A1-S | Basilisk (Field-Tested),3.54,6.85,2024-09-20 16:02:20,False
Galil AR | Tuxedo (Factory New),1.09,2.11,2024-09-20 20:06:56,False
Glock-18 | Umbral Rabbit (Minimal Wear),0.6,1.18,2024-09-20 20:08:35,False
B Squadron Officer | SAS,11.17,14.78,2024-09-20 21:05:10,False
M4A1-S | Emphorosaur-S (Factory New),1.61,3.87,2024-09-20 21:25:09,True
USP-S | Ticket to Hell (Factory New),1.2,2.71,2024-09-20 22:15:11,True
Desert Eagle | Meteorite (Factory New),0.82,1.11,2024-09-21 01:05:28,False
Glock-18 | Umbral Rabbit (Minimal Wear),0.58,1.18,2024-09-21 01:05:51,False
M4A1-S | Night Terror (Minimal Wear),0.5,1.3,2024-09-21 04:58:07,True
Sticker | Web Stuck,0.33,0.75,2024-09-21 04:59:43,False
AK-47 | Legion of Anubis (Minimal Wear),5.99,8.22,2024-09-21 10:10:20,False
MP9 | Food Chain (Minimal Wear),3.18,5.33,2024-09-21 11:25:23,False
USP-S | Ticket to Hell (Factory New),1.21,2.6,2024-09-21 12:45:28,True
Tec-9 | Ice Cap (Factory New),0.53,1.77,2024-09-21 12:58:35,True
M4A1-S | Mud-Spec (Factory New),0.93,1.48,2024-09-21 12:59:05,False
M4A1-S | Night Terror (Minimal Wear),0.54,1.3,2024-09-21 12:59:20,True
AK-47 | Ice Coaled (Field-Tested),4.15,6.11,2024-09-21 13:35:35,False
Sticker | Team Liquid (Holo) | Paris 2023,0.98,2.27,2024-09-22 02:43:21,True
Sticker | Team Liquid (Holo) | Paris 2023,0.98,2.27,2024-09-22 02:43:29,True
Sticker | Team Liquid (Holo) | Paris 2023,0.98,2.27,2024-09-22 02:43:37,True
Sticker | Team Liquid (Holo) | Paris 2023,0.98,2.27,2024-09-22 02:43:45,True
Sticker | Team Liquid (Holo) | Paris 2023,0.98,2.27,2024-09-22 02:43:52,True
USP-S | Blueprint (Minimal Wear),7.56,9.94,2024-09-29 13:22:04,False
USP-S | Blueprint (Minimal Wear),7.56,9.94,2024-09-29 13:22:27,False
Desert Eagle | Crimson Web (Field-Tested),7.24,11.83,2024-09-29 13:23:40,False
StatTrak™ M4A1-S | Night Terror (Factory New),5.39,9.1,2024-09-29 13:28:04,False
StatTrak™ M4A1-S | Night Terror (Factory New),5.39,9.1,2024-09-29 13:29:08,False
StatTrak™ M4A1-S | Night Terror (Factory New),5.39,9.1,2024-09-29 13:29:51,False
StatTrak™ Glock-18 | Moonrise (Factory New),4.13,6.81,2024-09-29 13:34:56,False
StatTrak™ Glock-18 | Moonrise (Minimal Wear),1.8,2.36,2024-09-29 13:46:20,False
Sticker | FaZe Clan (Holo) | Paris 2023,1.0,2.03,2024-09-29 13:49:30,True
Sticker | FaZe Clan (Holo) | Paris 2023,1.0,2.03,2024-09-29 13:50:13,True
Sticker | FaZe Clan (Holo) | Paris 2023,1.4,2.03,2024-09-29 13:50:56,False
M4A1-S | Mud-Spec (Factory New),0.79,1.38,2024-09-29 13:56:34,False
Tec-9 | Ice Cap (Factory New),0.46,1.22,2024-09-29 13:58:33,True
M4A1-S | Basilisk (Field-Tested),3.89,7.04,2024-09-29 16:31:30,False
Desert Eagle | Light Rail (Minimal Wear),1.32,2.19,2024-09-29 17:02:49,False
Dual Berettas | Cobalt Quartz (Factory New),0.15,0.69,2024-09-29 22:25:42,True
StatTrak™ USP-S | Ticket to Hell (Minimal Wear),2.23,3.84,2024-09-30 12:50:38,False
SG 553 | Dragon Tech (Factory New),1.24,2.06,2024-09-30 12:59:29,False
USP-S | Check Engine (Minimal Wear),0.53,0.79,2024-09-30 13:05:17,False
M4A1-S | Night Terror (Factory New),1.15,1.88,2024-09-30 13:58:45,False
SSG 08 | Acid Fade (Factory New),0.64,0.87,2024-09-30 15:53:05,False
USP-S | Ticket to Hell (Minimal Wear),0.53,0.98,2024-09-30 16:52:34,False
Glock-18 | Nuclear Garden (Factory New),4.45,7.71,2024-09-30 18:24:32,False
StatTrak™ M4A1-S | Black Lotus (Field-Tested),20.06,25.69,2024-09-30 21:15:47,False
AK-47 | Ice Coaled (Minimal Wear),6.73,9.16,2024-09-30 23:30:47,False
AWP | Black Nile (Factory New),3.31,5.85,2024-09-30 23:41:31,False
Glock-18 | Candy Apple (Factory New),0.48,0.99,2024-10-01 03:29:34,False
Dual Berettas | Cobalt Quartz (Factory New),0.15,0.69,2024-10-01 03:34:49,True
AK-47 | Legion of Anubis (Field-Tested),4.6,5.93,2024-10-01 08:52:12,False
Gamma Case,1.5,1.9,2024-10-01 10:05:06,False
1st Lieutenant Farlow | SWAT,5.58,9.09,2024-10-01 10:44:27,False
AK-47 | Legion of Anubis (Field-Tested),4.58,5.93,2024-10-01 10:48:02,False
USP-S | Cortex (Field-Tested),1.76,2.3,2024-10-01 11:01:32,False
AWP | Black Nile (Factory New),3.66,5.85,2024-10-01 14:59:01,False
AWP | Black Nile (Factory New),3.98,5.85,2024-10-01 14:59:12,False
SSG 08 | Abyss (Factory New),2.63,3.98,2024-10-01 15:12:51,False
Tec-9 | Isaac (Minimal Wear),2.7,3.76,2024-10-01 15:13:15,False
M4A1-S | Emphorosaur-S (Factory New),2.5,3.49,2024-10-01 15:13:38,False
Glock-18 | Block-18 (Factory New),2.47,3.5,2024-10-01 15:13:49,False
USP-S | Cyrex (Factory New),2.3,3.23,2024-10-01 15:14:22,False
USP-S | Cyrex (Factory New),2.3,3.23,2024-10-01 15:14:31,False
MP7 | Abyssal Apparition (Minimal Wear),2.22,2.73,2024-10-01 15:14:51,False
StatTrak™ M4A1-S | Emphorosaur-S (Field-Tested),2.09,2.58,2024-10-01 15:15:12,False
StatTrak™ M4A1-S | Emphorosaur-S (Field-Tested),2.09,2.58,2024-10-01 15:15:21,False
StatTrak™ M4A1-S | Emphorosaur-S (Field-Tested),2.09,2.58,2024-10-01 15:15:30,False
StatTrak™ M4A1-S | Emphorosaur-S (Field-Tested),2.09,2.58,2024-10-01 15:15:40,False
MP9 | Food Chain (Field-Tested),1.65,2.35,2024-10-01 15:16:49,False
AWP | Mortis (Field-Tested),1.29,1.64,2024-10-01 15:17:54,False
SG 553 | Anodized Navy (Factory New),0.35,0.53,2024-10-01 15:20:47,False
StatTrak™ M4A1-S | Night Terror (Factory New),5.79,9.1,2024-10-01 15:28:13,False
USP-S | Cyrex (Minimal Wear),1.53,2.27,2024-10-01 15:34:16,False
M4A1-S | Black Lotus (Minimal Wear),11.83,16.34,2024-10-01 15:46:05,False
MP9 | Mount Fuji (Factory New),9.35,14.82,2024-10-01 15:52:53,False
Tec-9 | Ice Cap (Factory New),0.58,1.22,2024-10-01 16:03:10,True
StatTrak™ M4A1-S | Night Terror (Factory New),5.19,9.1,2024-10-01 16:21:46,True
AWP | Atheris (Battle-Scarred),1.8,3.01,2024-10-04 10:06:46,False
Galil AR | Tuxedo (Factory New),1.11,2.22,2024-10-04 10:08:13,True
Glock-18 | Moonrise (Factory New),1.2,1.6,2024-10-04 10:08:45,False
Sticker | Vitality (Holo) | Paris 2023,1.13,1.53,2024-10-04 10:09:06,False
Sticker | GO,0.33,0.55,2024-10-04 10:12:05,False
Sticker | GO,0.33,0.55,2024-10-04 10:12:17,False
M4A1-S | Emphorosaur-S (Factory New),2.02,3.64,2024-10-04 14:53:41,False
Sticker | Team Liquid (Holo) | Paris 2023,0.4,0.7,2024-10-04 16:34:05,True
Sous-Lieutenant Medic | Gendarmerie Nationale,5.45,6.87,2024-10-04 20:14:28,False
StatTrak™ USP-S | Ticket to Hell (Minimal Wear),2.28,3.64,2024-10-04 21:39:12,False
AK-47 | Slate (Well-Worn),1.89,2.53,2024-10-05 01:18:40,False
MP9 | Food Chain (Field-Tested),1.51,2.62,2024-10-05 02:43:40,False
StatTrak™ AWP | Capillary (Minimal Wear),1.53,2.42,2024-10-05 03:22:36,False
StatTrak™ USP-S | Ticket to Hell (Minimal Wear),1.93,3.64,2024-10-05 08:31:49,False
StatTrak™ M4A1-S | Emphorosaur-S (Field-Tested),1.59,2.64,2024-10-05 12:24:52,False
Rezan The Ready | Sabre,4.91,6.26,2024-10-05 15:06:27,False
Glock-18 | Umbral Rabbit (Factory New),1.29,1.96,2024-10-05 19:37:55,False
M4A1-S | Black Lotus (Minimal Wear),12.06,15.42,2024-10-05 22:24:52,False
AK-47 | Slate (Well-Worn),1.55,2.53,2024-10-05 23:24:13,True
Tec-9 | Fuel Injector (Minimal Wear),4.62,6.44,2024-10-06 00:09:16,False
M4A1-S | Emphorosaur-S (Factory New),2.31,3.64,2024-10-06 09:58:46,False
M4A1-S | Emphorosaur-S (Factory New),2.31,3.64,2024-10-06 10:19:14,False
StatTrak™ M4A1-S | Emphorosaur-S (Field-Tested),1.59,2.64,2024-10-06 10:21:02,False
Operator | FBI SWAT,5.58,7.45,2024-10-06 10:35:04,False
Galil AR | Tuxedo (Minimal Wear),0.71,1.28,2024-10-06 22:14:59,False
Dual Berettas | Cobalt Quartz (Factory New),0.21,0.74,2024-10-06 22:17:17,True
StatTrak™ Glock-18 | Moonrise (Factory New),4.01,6.67,2024-10-07 02:09:56,False
AWP | Black Nile (Field-Tested),1.26,1.67,2024-10-07 08:40:12,False
P250 | Franklin (Minimal Wear),0.63,1.14,2024-10-07 12:55:52,False
Winter Offensive Weapon Case,5.18,6.69,2024-10-07 20:22:39,False
Winter Offensive Weapon Case,5.18,6.69,2024-10-07 20:22:50,False
StatTrak™ SSG 08 | Fever Dream (Minimal Wear),2.7,4.55,2024-10-07 20:26:18,False
Tec-9 | Isaac (Minimal Wear),2.76,4.15,2024-10-07 20:26:57,False
Tec-9 | Isaac (Minimal Wear),2.82,4.15,2024-10-07 20:27:09,False
Desert Eagle | Sputnik (Factory New),2.26,3.37,2024-10-07 20:28:27,False
M4A1-S | Fizzy POP (Factory New),2.21,3.36,2024-10-07 20:28:42,False
M4A4 | Magnesium (Factory New),2.08,3.34,2024-10-07 20:28:58,False
M4A4 | Magnesium (Factory New),2.11,3.34,2024-10-07 20:29:09,False
StatTrak™ M4A1-S | Night Terror (Field-Tested),1.77,2.99,2024-10-07 20:29:44,False
Galil AR | Stone Cold (Field-Tested),1.36,2.65,2024-10-07 20:30:47,True
USP-S | Lead Conduit (Minimal Wear),1.11,1.76,2024-10-07 20:32:04,True
USP-S | Lead Conduit (Minimal Wear),1.23,1.76,2024-10-07 20:32:16,False
USP-S | Lead Conduit (Minimal Wear),1.23,1.76,2024-10-07 20:32:27,False
USP-S | Lead Conduit (Minimal Wear),1.29,1.76,2024-10-07 20:32:38,False
Sticker | PGL (Holo) | Copenhagen 2024,0.59,1.76,2024-10-07 20:32:51,True
Sticker | PGL (Holo) | Copenhagen 2024,0.59,1.76,2024-10-07 20:33:03,True
Sticker | Zeusception (Holo),0.59,1.22,2024-10-07 20:35:31,False
Sticker | Gold Web,0.46,0.86,2024-10-07 20:36:10,True
Sticker | Gold Web,0.46,0.86,2024-10-07 20:36:21,True
Sticker | Gold Web,0.47,0.86,2024-10-07 20:36:32,True
Sticker | Gold Web,0.47,0.86,2024-10-07 20:36:43,True
Sticker | Gold Web,0.51,0.86,2024-10-07 20:36:55,False
Sticker | Imperial Esports (Glitter) | Copenhagen 2024,0.18,0.83,2024-10-07 20:38:36,True
Sticker | Imperial Esports (Glitter) | Copenhagen 2024,0.18,0.83,2024-10-07 20:38:47,True
Sticker | Imperial Esports (Glitter) | Copenhagen 2024,0.18,0.83,2024-10-07 20:38:58,True
Sticker | Imperial Esports (Glitter) | Copenhagen 2024,0.18,0.83,2024-10-07 20:39:10,True
Sticker | Imperial Esports (Glitter) | Copenhagen 2024,0.18,0.83,2024-10-07 20:39:21,True
P250 | Metallic DDPAT (Factory New),0.1,0.34,2024-10-07 20:41:42,True
UMP-45 | Blaze (Factory New),13.12,16.25,2024-10-07 22:25:40,False
Desert Eagle | Sputnik (Factory New),1.91,3.37,2024-10-07 22:35:30,False
Galil AR | Stone Cold (Field-Tested),1.31,2.65,2024-10-07 22:37:06,True
Sticker | Complexity Gaming (Glitter) | Paris 2023,0.03,0.17,2024-10-07 22:47:16,True
Sticker | Complexity Gaming (Glitter) | Paris 2023,0.03,0.17,2024-10-07 22:47:27,True
Sticker | Complexity Gaming (Glitter) | Paris 2023,0.03,0.17,2024-10-07 22:47:38,True
Desert Eagle | Sputnik (Factory New),2.03,3.37,2024-10-07 23:22:49,False
Sticker | Natus Vincere (Holo) | Paris 2023,1.79,3.2,2024-10-08 00:38:41,False
3rd Commando Company | KSK,7.46,10.67,2024-10-08 01:05:37,False
AWP | Duality (Field-Tested),1.64,2.49,2024-10-08 08:30:47,False
Rezan The Ready | Sabre,5.0,6.21,2024-10-08 11:10:50,False
SSG 08 | Acid Fade (Factory New),0.67,0.93,2024-10-08 12:21:36,False
Sticker Capsule 2,13.35,18.46,2024-10-08 13:40:40,False
StatTrak™ M4A1-S | Emphorosaur-S (Field-Tested),1.19,2.54,2024-10-08 14:56:44,True
M4A4 | Magnesium (Factory New),1.74,3.34,2024-10-08 16:20:09,True
Sticker | Surf's Up,0.12,0.87,2024-10-08 21:39:13,True
Easy Peasy Pin,2.31,4.23,2024-10-08 21:51:27,True
Desert Eagle | Trigger Discipline (Factory New),2.52,4.42,2024-10-08 22:10:09,True
Lt. Commander Ricksaw | NSWC SEAL,18.44,23.43,2024-10-10 13:18:18,False
Sticker | Loving Eyes (Holo),3.13,6.05,2024-10-10 13:25:59,True
Sticker | Loving Eyes (Holo),3.13,6.05,2024-10-10 13:26:10,True
Sticker | Loving Eyes (Holo),3.13,6.05,2024-10-10 13:26:21,True
Sticker | Loving Eyes (Holo),3.13,6.05,2024-10-10 13:26:32,True
Sticker | Lotus (Glitter),3.19,4.79,2024-10-10 13:27:30,False
Sticker | Lotus (Glitter),3.19,4.79,2024-10-10 13:27:41,False
Sticker | Lotus (Glitter),3.5,4.79,2024-10-10 13:27:52,False
Sticker | Lotus (Glitter),3.71,4.79,2024-10-10 13:28:03,False
MP9 | Starlight Protector (Field-Tested),2.84,4.34,2024-10-10 13:29:22,False
StatTrak™ USP-S | Ticket to Hell (Field-Tested),1.01,1.61,2024-10-10 13:34:22,False
Sticker | Broken Fang (Holo),1.02,1.37,2024-10-10 13:34:35,False
Sticker | Zeusception (Holo),0.51,1.17,2024-10-10 13:36:22,True
Sticker | Zeusception (Holo),0.51,1.17,2024-10-10 13:36:33,True
Glock-18 | Candy Apple (Factory New),0.53,0.88,2024-10-10 13:36:50,False
Sticker | Conspiracy Club (Holo),0.36,0.74,2024-10-10 13:37:26,True
Sticker | Co Co Co,0.49,0.97,2024-10-10 13:37:43,False
Sticker | GO,0.32,0.5,2024-10-10 13:39:38,False
Sticker | Gold Web (Foil),1.91,2.75,2024-10-10 17:20:10,False
"Music Kit | Knock2, dashstar*",6.92,12.0,2024-10-10 17:59:38,True
Sticker | Blue Gem (Glitter),2.77,3.96,2024-10-10 20:16:45,False
Street Soldier | Phoenix,10.43,16.82,2024-10-11 18:33:23,False
Bio-Haz Specialist | SWAT,6.0,7.73,2024-10-11 18:37:15,False
Chem-Haz Capitaine | Gendarmerie Nationale,11.91,16.55,2024-10-11 21:38:04,False
Soldier | Phoenix,3.72,6.65,2024-10-11 23:18:14,True
Guardian 3 Pin,1.61,2.9,2024-10-12 03:35:10,True
Sticker | Co Co Co,0.49,0.97,2024-10-12 03:40:58,False
"Music Kit | Meechy Darko, Gothic Luxury",0.83,1.13,2024-10-12 08:00:50,False
Chef d'Escadron Rouchard | Gendarmerie Nationale,9.5,16.77,2024-10-12 11:51:38,True
Desert Eagle | Light Rail (Factory New),3.15,4.5,2024-10-12 11:59:13,False
MP9 | Starlight Protector (Field-Tested),2.9,4.34,2024-10-12 11:59:44,False
MP9 | Starlight Protector (Field-Tested),2.98,4.34,2024-10-12 11:59:56,False
Desert Eagle | Trigger Discipline (Factory New),2.92,4.19,2024-10-12 12:00:18,False
StatTrak™ M4A1-S | Night Terror (Minimal Wear),2.59,4.11,2024-10-12 12:00:46,False
Glock-18 | Nuclear Garden (Minimal Wear),1.95,3.77,2024-10-12 12:01:13,True
Glock-18 | Nuclear Garden (Minimal Wear),2.13,3.77,2024-10-12 12:01:24,True
Glock-18 | Block-18 (Minimal Wear),1.36,1.99,2024-10-12 12:04:52,False
StatTrak™ USP-S | Ticket to Hell (Factory New),5.58,12.83,2024-10-12 12:16:05,True
M4A4 | Magnesium (Factory New),1.78,3.31,2024-10-12 12:24:05,True
AK-47 | The Empress (Well-Worn),21.0,24.95,2024-10-12 21:52:00,False
M4A1-S | Nitro (Field-Tested),0.29,0.77,2024-10-12 22:28:46,True
Sticker | Complexity Gaming (Glitter) | Paris 2023,0.03,0.16,2024-10-13 00:38:17,True
StatTrak™ AK-47 | Redline (Field-Tested),50.48,79.34,2024-10-15 16:28:03,False
Winter Offensive Weapon Case,5.8,8.82,2024-10-15 16:36:09,False
StatTrak™ M4A1-S | Night Terror (Factory New),5.5,8.56,2024-10-15 16:36:30,False
Ground Rebel  | Elite Crew,5.2,7.82,2024-10-15 16:37:11,False
Tec-9 | Fuel Injector (Minimal Wear),5.05,7.45,2024-10-15 16:37:36,False
MP9 | Food Chain (Minimal Wear),3.5,4.98,2024-10-15 16:40:08,False
Sticker | PGL (Holo) | Copenhagen 2024,0.48,1.76,2024-10-15 20:26:37,True
Sticker | FaZe Clan (Holo) | Paris 2023,0.99,2.08,2024-10-15 23:55:41,True
Sticker | Broken Fang (Holo),1.09,1.43,2024-10-15 23:56:56,False
Sticker | Broken Fang (Holo),1.09,1.43,2024-10-15 23:57:07,False
Sticker | Broken Fang (Holo),1.09,1.43,2024-10-15 23:57:18,False
Sticker | Cloud9 (Glitter) | Copenhagen 2024,0.79,1.0,2024-10-15 23:58:55,False
SSG 08 | Acid Fade (Factory New),0.76,0.97,2024-10-15 23:59:15,False
P250 | Franklin (Minimal Wear),0.63,1.18,2024-10-15 23:59:30,False
Glock-18 | Candy Apple (Factory New),0.55,0.77,2024-10-16 00:04:19,False
Desert Eagle | Kumicho Dragon (Field-Tested),12.43,14.79,2024-10-16 00:11:17,False
Desert Eagle | Trigger Discipline (Factory New),2.36,4.26,2024-10-16 18:24:15,True
Galil AR | Signal (Factory New),1.18,2.77,2024-10-16 20:16:27,True
Sticker | Fluxo (Holo) | Paris 2023,1.99,3.4,2024-10-17 01:16:57,False
Sticker | Fluxo (Holo) | Paris 2023,1.99,3.4,2024-10-17 01:17:08,False
Galil AR | Stone Cold (Field-Tested),1.5,2.78,2024-10-17 10:48:49,True
P250 | Metallic DDPAT (Factory New),0.19,0.51,2024-10-18 07:44:18,True
P250 | Metallic DDPAT (Factory New),0.19,0.51,2024-10-18 08:01:04,True
P250 | Metallic DDPAT (Factory New),0.2,0.51,2024-10-18 08:01:15,True
P250 | Metallic DDPAT (Factory New),0.22,0.51,2024-10-18 08:01:26,True
P250 | Metallic DDPAT (Factory New),0.25,0.51,2024-10-18 08:01:38,True
P250 | Metallic DDPAT (Factory New),0.25,0.51,2024-10-18 08:01:49,True
P250 | Metallic DDPAT (Factory New),0.25,0.51,2024-10-18 08:02:00,True
P250 | Metallic DDPAT (Factory New),0.25,0.51,2024-10-18 08:02:11,True
Winter Offensive Weapon Case,5.4,9.03,2024-10-18 10:10:53,False
Sticker | Imperial Esports (Glitter) | Copenhagen 2024,0.18,0.72,2024-10-18 12:18:59,True
MAC-10 | Disco Tech (Field-Tested),1.62,2.19,2024-10-18 15:00:42,False
AWP | PAW (Minimal Wear),1.46,2.08,2024-10-18 15:01:07,False
StatTrak™ Desert Eagle | Blue Ply (Minimal Wear),1.04,1.46,2024-10-18 15:02:50,False
Sergeant Bombson | SWAT,6.77,8.65,2024-10-18 15:39:59,False
StatTrak™ USP-S | Ticket to Hell (Field-Tested),1.1,1.44,2024-10-18 16:37:34,False
USP-S | Cortex (Well-Worn),1.14,1.52,2024-10-18 17:58:35,False
StatTrak™ Glock-18 | Umbral Rabbit (Minimal Wear),1.91,2.67,2024-10-18 19:11:57,False
Glock-18 | Block-18 (Factory New),2.12,2.96,2024-10-18 20:00:09,False
USP-S | Cortex (Field-Tested),1.77,2.25,2024-10-18 20:28:34,False
M4A1-S | Black Lotus (Field-Tested),7.26,10.92,2024-10-18 21:03:40,False
AK-47 | Slate (Well-Worn),1.82,2.49,2024-10-19 00:57:23,False
Galil AR | Chromatic Aberration (Field-Tested),1.5,2.11,2024-10-19 01:52:47,False
AWP | Atheris (Field-Tested),2.0,3.1,2024-10-19 10:54:04,False
AK-47 | Elite Build (Minimal Wear),1.5,2.02,2024-10-19 10:56:35,False
"Music Kit | The Verkkars & n0thing, Flashbang Dance",2.75,3.6,2024-10-19 11:17:57,False
Five-SeveN | Urban Hazard (Factory New),1.14,1.92,2024-10-19 11:21:54,False
StatTrak™ M4A1-S | Night Terror (Factory New),5.27,7.57,2024-10-19 13:38:57,False
Desert Eagle | Sputnik (Factory New),1.85,3.02,2024-10-19 13:45:26,False
Glock-18 | Candy Apple (Factory New),0.55,0.77,2024-10-19 13:50:12,False
Ground Rebel  | Elite Crew,4.56,7.8,2024-10-19 17:44:15,False
AK-47 | Legion of Anubis (Factory New),11.82,15.08,2024-10-19 18:09:23,False
"Music Kit | The Verkkars & n0thing, Flashbang Dance",2.72,3.6,2024-10-19 18:17:47,False
Glock-18 | Nuclear Garden (Field-Tested),0.92,1.7,2024-10-19 19:50:56,False
Cmdr. Mae 'Dead Cold' Jamison | SWAT,8.62,11.46,2024-10-20 06:26:35,False
MP7 | Fade (Factory New),4.39,9.94,2024-10-20 10:14:53,True
Glock-18 | Nuclear Garden (Minimal Wear),2.0,3.29,2024-10-20 11:09:02,False
Glock-18 | Nuclear Garden (Factory New),3.73,6.91,2024-10-20 12:04:48,False
USP-S | Cortex (Field-Tested),1.72,2.25,2024-10-20 12:09:47,False
USP-S | Cyrex (Minimal Wear),1.35,2.06,2024-10-20 12:10:22,False
Dual Berettas | Hemoglobin (Factory New),7.31,12.55,2024-10-20 12:25:01,False
Galil AR | Signal (Factory New),1.26,2.76,2024-10-20 17:26:12,True
"Music Kit | bbno$, u mad!",3.57,6.16,2024-10-20 18:33:58,False
Glock-18 | Nuclear Garden (Field-Tested),1.01,1.7,2024-10-20 19:03:48,False
Galil AR | Stone Cold (Field-Tested),1.56,2.68,2024-10-21 17:06:27,False
Ground Rebel  | Elite Crew,5.19,6.72,2024-10-23 01:57:04,False
Sticker | Loving Eyes (Holo),3.16,5.07,2024-10-23 08:28:42,False
StatTrak™ USP-S | Ticket to Hell (Minimal Wear),2.01,3.11,2024-10-23 08:30:13,False
USP-S | Lead Conduit (Minimal Wear),1.12,1.84,2024-10-23 08:58:52,False
MAC-10 | Neon Rider (Minimal Wear),5.43,7.1,2024-10-23 10:05:47,False
MP7 | Fade (Factory New),4.96,10.26,2024-10-23 11:42:28,True
"Music Kit | Knock2, dashstar*",7.1,11.37,2024-10-23 12:07:34,False
Sticker | G2 Esports (Glitter) | Copenhagen 2024,0.21,0.43,2024-10-23 12:21:55,False
AWP | Atheris (Well-Worn),1.64,2.3,2024-10-23 13:37:37,False
StatTrak™ M4A1-S | Night Terror (Field-Tested),1.43,2.85,2024-10-23 13:37:55,True
Desert Eagle | Trigger Discipline (Minimal Wear),1.2,1.61,2024-10-23 14:04:14,False
MP7 | Fade (Factory New),4.42,10.26,2024-10-23 15:09:52,True
Tec-9 | Fuel Injector (Minimal Wear),4.66,8.34,2024-10-23 15:11:14,False
Death Sentence Pin,1.81,3.2,2024-10-23 15:39:25,True
SSG 08 | Fever Dream (Factory New),1.7,2.14,2024-10-23 15:41:41,False
StatTrak™ USP-S | Ticket to Hell (Factory New),4.73,10.18,2024-10-23 16:28:39,True
Desert Eagle | Sputnik (Factory New),1.83,3.0,2024-10-23 17:31:17,False
Buckshot | NSWC SEAL,3.82,4.95,2024-10-23 18:12:47,False
USP-S | Ticket to Hell (Factory New),1.33,2.29,2024-10-23 20:15:56,False
Glock-18 | Candy Apple (Factory New),0.55,0.8,2024-10-23 20:19:19,False
Sticker | G2 Esports (Glitter) | Copenhagen 2024,0.24,0.43,2024-10-23 20:21:51,False
AWP | Acheron (Factory New),1.28,1.87,2024-10-23 21:28:22,False
Glock-18 | Umbral Rabbit (Factory New),1.19,1.92,2024-10-23 22:08:02,True
Dual Berettas | Cobalt Quartz (Factory New),0.18,0.61,2024-10-23 22:14:40,False
MP7 | Fade (Factory New),5.02,10.26,2024-10-23 22:24:39,True
Desert Eagle | Trigger Discipline (Minimal Wear),1.1,1.61,2024-10-23 23:35:47,False
MP9 | Goo (Minimal Wear),0.86,1.38,2024-10-24 01:37:25,False
SSG 08 | Fever Dream (Factory New),1.3,2.14,2024-10-24 02:23:08,True
M4A1-S | Black Lotus (Field-Tested),8.29,10.89,2024-10-24 02:38:10,False
Lt. Commander Ricksaw | NSWC SEAL,16.53,21.89,2024-10-26 11:58:30,False
MP7 | Fade (Factory New),4.84,9.34,2024-10-26 12:03:50,False
MP7 | Fade (Factory New),5.75,9.34,2024-10-26 12:04:01,False
MP7 | Fade (Factory New),5.75,9.34,2024-10-26 12:04:12,False
Hydra Pin,3.54,5.79,2024-10-26 12:06:57,False
Sticker | Loving Eyes (Holo),3.1,5.08,2024-10-26 12:08:00,False
Sticker | Battle Scarred,3.13,4.37,2024-10-26 14:16:11,False
Sticker | Cloud9 | Copenhagen 2024,0.04,0.48,2024-10-26 19:39:32,True
StatTrak™ M4A1-S | Emphorosaur-S (Factory New),8.71,13.67,2024-10-26 21:18:06,False
MP7 | Fade (Factory New),5.99,9.34,2024-10-26 22:06:38,False
StatTrak™ Glock-18 | Moonrise (Factory New),4.1,6.14,2024-10-26 22:09:09,False
Phoenix Pin,3.13,4.73,2024-10-26 22:10:56,False
Sticker | Surf's Up,0.17,0.77,2024-10-26 23:50:16,True
Seal Team 6 Soldier | NSWC SEAL,8.0,11.84,2024-10-27 02:16:50,False
UMP-45 | Arctic Wolf (Factory New),1.18,2.38,2024-10-27 08:35:00,True
Glock-18 | Block-18 (Factory New),1.96,3.3,2024-10-27 11:04:40,False
Street Soldier | Phoenix,12.0,17.89,2024-10-27 12:03:32,False
Soldier | Phoenix,3.72,5.55,2024-10-27 16:10:27,False
StatTrak™ M4A1-S | Night Terror (Field-Tested),1.95,2.87,2024-10-27 16:14:04,False
Galil AR | Signal (Factory New),1.35,2.75,2024-10-27 20:22:35,True
MP9 | Goo (Minimal Wear),0.65,1.48,2024-10-27 21:46:00,True
Ground Rebel  | Elite Crew,4.75,7.67,2024-10-27 23:19:56,False
AK-47 | The Outsiders (Field-Tested),15.0,30.11,2024-10-28 18:03:10,True
AK-47 | The Outsiders (Field-Tested),15.0,30.11,2024-10-28 18:03:22,True
AK-47 | The Outsiders (Field-Tested),15.0,30.11,2024-10-28 18:03:33,True
Charm | Hot Sauce,0.36,1.67,2024-10-28 18:17:29,True
R8 Revolver | Amber Fade (Minimal Wear),0.45,1.19,2024-10-28 18:56:40,True
Sticker | Surf's Up,0.13,0.64,2024-10-28 18:59:09,True
AK-47 | The Outsiders (Field-Tested),14.0,25.01,2024-10-30 12:18:33,False
Desert Eagle | Heat Treated (Minimal Wear),6.72,17.46,2024-10-30 12:19:48,True
Desert Eagle | Heat Treated (Minimal Wear),7.36,17.46,2024-10-30 12:19:59,True
Desert Eagle | Heat Treated (Well-Worn),1.2,10.45,2024-10-30 12:22:36,True
Desert Eagle | Heat Treated (Well-Worn),4.17,10.45,2024-10-30 12:22:47,True
Charm | Hot Sauce,0.36,1.55,2024-10-30 12:32:17,True
Charm | Hot Sauce,0.36,1.55,2024-10-30 12:32:28,True
Desert Eagle | Heat Treated (Minimal Wear),8.99,17.46,2024-10-31 23:20:00,False
Charm | Die-cast AK,4.5,13.26,2024-10-31 23:21:47,True
Desert Eagle | Heat Treated (Well-Worn),1.37,10.45,2024-10-31 23:22:48,True
Desert Eagle | Heat Treated (Well-Worn),4.17,10.45,2024-10-31 23:23:00,True
Desert Eagle | Heat Treated (Well-Worn),4.17,10.45,2024-10-31 23:23:11,True
Desert Eagle | Heat Treated (Well-Worn),4.17,10.45,2024-10-31 23:23:22,True
Desert Eagle | Heat Treated (Field-Tested),2.01,4.38,2024-10-31 23:28:17,True
Arno The Overgrown | Guerrilla Warfare,8.8,11.01,2024-11-12 10:07:56,False
'Two Times' McCoy | TACP Cavalry,4.5,7.32,2024-11-12 10:11:19,False
Maximus | Sabre,3.8,4.71,2024-11-12 10:13:09,False
Glock-18 | Nuclear Garden (Minimal Wear),1.91,3.36,2024-11-12 10:15:42,False
Desert Eagle | Heat Treated (Well-Worn),1.87,3.1,2024-11-12 10:16:19,False
Charm | Glamour Shot,2.0,3.03,2024-11-12 10:16:36,False
Sticker | FaZe Clan (Holo) | Paris 2023,0.69,1.32,2024-11-12 10:19:40,True
Sticker | FaZe Clan (Holo) | Paris 2023,0.69,1.32,2024-11-12 10:19:51,True
Sticker | FaZe Clan (Holo) | Paris 2023,0.69,1.32,2024-11-12 10:20:02,True
Sticker | FaZe Clan (Holo) | Paris 2023,0.69,1.32,2024-11-12 10:20:13,True
Sticker | FaZe Clan (Holo) | Paris 2023,0.69,1.32,2024-11-12 10:20:25,True
Sticker | FaZe Clan (Holo) | Paris 2023,0.69,1.32,2024-11-12 10:20:36,True
Glock-18 | Candy Apple (Factory New),0.56,0.78,2024-11-12 10:22:44,False
P250 | Asiimov (Field-Tested),2.32,2.91,2024-11-12 10:37:49,False
USP-S | Cyrex (Minimal Wear),1.46,2.21,2024-11-12 10:40:04,False
Desert Eagle | Trigger Discipline (Factory New),2.0,2.87,2024-11-12 14:39:23,False
Sticker | Fluxo (Holo) | Paris 2023,1.21,2.67,2024-11-12 15:21:49,True
Sticker | Fluxo (Holo) | Paris 2023,1.21,2.67,2024-11-12 15:22:00,True
Sticker | Fluxo (Holo) | Paris 2023,1.21,2.67,2024-11-12 15:22:11,True
Sticker | Fluxo (Holo) | Paris 2023,1.21,2.67,2024-11-12 15:22:22,True
Sticker | Fluxo (Holo) | Paris 2023,1.21,2.67,2024-11-12 15:22:34,True
Charm | Hot Sauce,0.53,1.06,2024-11-12 16:07:35,False
B Squadron Officer | SAS,8.81,11.35,2024-11-12 17:19:17,False
Charm | Glamour Shot,1.33,3.03,2024-11-12 18:34:30,True
Charm | Glamour Shot,1.67,3.03,2024-11-12 18:34:41,False
Sticker | Scorch Loop,0.42,1.57,2024-11-12 18:58:01,True
Desert Eagle | Heat Treated (Well-Worn),1.69,3.1,2024-11-12 20:45:25,False
USP-S | Cortex (Field-Tested),1.5,2.64,2024-11-12 21:04:26,False
Desert Eagle | Sputnik (Factory New),1.74,3.07,2024-11-12 21:24:22,False
Sticker | Baby Howl,0.85,2.19,2024-11-12 22:40:16,True
Galil AR | Signal (Factory New),1.16,1.8,2024-11-12 23:01:44,False
Glock-18 | Candy Apple (Factory New),0.55,0.78,2024-11-12 23:04:36,False
Chef d'Escadron Rouchard | Gendarmerie Nationale,11.14,14.22,2024-11-13 04:12:19,False
MP7 | Fade (Factory New),4.48,8.48,2024-11-13 04:16:06,False
MP9 | Mount Fuji (Field-Tested),3.41,4.27,2024-11-13 04:19:04,False
USP-S | Cyrex (Minimal Wear),1.42,2.21,2024-11-13 04:22:55,False
Sticker | Scorch Loop,0.42,1.57,2024-11-13 04:24:30,True
Sticker | Scorch Loop,0.42,1.57,2024-11-13 04:24:42,True
Sticker | Scorch Loop,0.42,1.57,2024-11-13 04:24:53,True
Sticker | Scorch Loop,0.42,1.57,2024-11-13 04:25:04,True
Sticker | Scorch Loop,0.42,1.57,2024-11-13 04:25:15,True
3rd Commando Company | KSK,7.82,9.86,2024-11-13 12:03:40,False
Phoenix Pin,3.27,4.11,2024-11-13 12:29:21,False
Wildfire Pin,2.91,4.63,2024-11-13 12:29:44,False
Bravo Pin,3.06,3.88,2024-11-13 12:29:59,False
AWP | Atheris (Factory New),7.0,10.19,2024-11-13 14:51:04,False
Charm | Big Kev,0.6,1.06,2024-11-13 15:21:30,False
Sticker | Coiled Strike (Holo),1.3,1.77,2024-11-13 15:39:12,False
USP-S | Ticket to Hell (Factory New),1.36,2.06,2024-11-13 17:22:33,False
Charm | Hot Sauce,0.53,1.06,2024-11-13 18:26:57,False
Charm | Big Kev,0.5,1.06,2024-11-13 18:27:13,False
USP-S | Black Lotus (Minimal Wear),1.92,2.62,2024-11-13 19:04:22,False
Charm | Glamour Shot,2.0,3.03,2024-11-13 19:04:43,False
Enforcer | Phoenix,4.35,6.8,2024-11-13 19:21:22,False
M4A1-S | Basilisk (Field-Tested),4.38,6.7,2024-11-13 19:21:39,False
Glock-18 | Water Elemental (Field-Tested),3.12,3.94,2024-11-13 19:23:51,False
Desert Eagle | Light Rail (Factory New),3.0,3.8,2024-11-13 20:23:57,False
M4A1-S | Emphorosaur-S (Minimal Wear),0.85,1.34,2024-11-13 20:48:59,False
MP7 | Fade (Factory New),5.0,8.48,2024-11-13 21:01:46,False
P250 | Asiimov (Field-Tested),2.16,2.91,2024-11-13 22:28:20,False
Glock-18 | Candy Apple (Factory New),0.56,0.78,2024-11-13 22:52:29,False
AK-47 | Legion of Anubis (Field-Tested),4.0,5.2,2024-11-13 23:56:32,False
Ground Rebel  | Elite Crew,5.65,8.55,2024-11-14 00:35:58,False
MP7 | Fade (Factory New),4.92,8.48,2024-11-14 00:36:11,False
Sticker | Baby Howl,1.3,2.19,2024-11-14 00:42:57,False
Phoenix Pin,3.28,4.11,2024-11-14 09:10:13,False
USP-S | Cortex (Well-Worn),1.39,2.19,2024-11-14 10:11:26,False
AWP | Acheron (Factory New),1.22,2.0,2024-11-14 10:12:03,False
Desert Eagle | Heat Treated (Well-Worn),2.0,3.1,2024-11-14 13:52:42,False
Glock-18 | Umbral Rabbit (Factory New),1.48,2.1,2024-11-14 14:43:24,False
Wildfire Pin,2.86,4.63,2024-11-14 16:02:35,False
Welcome to the Clutch Pin,2.63,3.27,2024-11-14 16:03:32,False
Galil AR | Signal (Factory New),1.19,1.8,2024-11-14 16:06:59,False
Desert Eagle | Heat Treated (Minimal Wear),4.28,9.41,2024-11-14 16:20:14,True
Desert Eagle | Heat Treated (Well-Worn),1.75,3.1,2024-11-14 16:25:28,False
M4A1-S | Emphorosaur-S (Minimal Wear),0.96,1.34,2024-11-14 16:28:25,False
M4A4 | The Emperor (Field-Tested),8.0,9.91,2024-11-14 17:46:49,False
MP9 | Starlight Protector (Field-Tested),2.0,2.81,2024-11-14 19:32:03,False
Charm | Glamour Shot,1.99,3.03,2024-11-14 20:36:00,False
USP-S | Black Lotus (Minimal Wear),2.08,2.62,2024-11-14 22:03:27,False
USP-S | Ticket to Hell (Factory New),1.2,2.06,2024-11-14 22:25:44,False
USP-S | Ticket to Hell (Factory New),1.37,2.06,2024-11-14 23:24:53,False
Charm | Die-cast AK,4.53,8.85,2024-11-15 00:58:51,False
Sticker | Scorch Loop,1.0,1.57,2024-11-15 01:47:55,False
Charm | Die-cast AK,5.5,8.85,2024-11-15 04:46:37,False
M4A4 | Evil Daimyo (Factory New),3.31,5.18,2024-11-15 05:17:09,False
Charm | Lil' Ava,0.39,0.82,2024-11-15 09:45:55,False
StatTrak™ USP-S | Ticket to Hell (Field-Tested),1.0,1.54,2024-11-15 11:12:45,False
Sticker | Scorch Loop,0.42,1.57,2024-11-15 11:32:53,True
Enforcer | Phoenix,4.38,6.8,2024-11-15 12:06:49,False
Glock-18 | Nuclear Garden (Factory New),4.19,6.47,2024-11-15 13:28:11,False
"Music Kit | bbno$, u mad!",2.73,4.01,2024-11-15 14:11:12,False
Desert Eagle | Sputnik (Factory New),1.82,3.07,2024-11-15 15:13:02,False
Galil AR | Stone Cold (Field-Tested),1.3,2.27,2024-11-15 15:14:29,False
USP-S | Check Engine (Factory New),0.87,1.48,2024-11-15 18:07:14,False
Charm | Hot Sauce,0.53,1.06,2024-11-15 18:29:02,False
Sticker | Baby Howl,1.09,2.19,2024-11-15 19:46:42,True
Sticker | Baby Howl,1.09,2.19,2024-11-15 19:46:53,True
Sticker | Baby Howl,1.09,2.19,2024-11-15 19:47:04,True
Sticker | Baby Howl,1.09,2.19,2024-11-15 19:47:15,True
Sticker | Baby Howl,1.09,2.19,2024-11-15 19:47:27,True
Sticker | Baby Howl,1.09,2.19,2024-11-15 19:47:38,True
Sticker | Baby Howl,1.09,2.19,2024-11-15 19:47:49,True
Sticker | Baby Howl,1.09,2.19,2024-11-15 19:48:00,True
Sticker | Baby Howl,1.09,2.19,2024-11-15 19:48:11,True
Sticker | Baby Howl,1.09,2.19,2024-11-15 19:48:23,True
Sticker | Baby Howl,1.09,2.19,2024-11-15 19:48:34,True
Sticker | Baby Howl,1.09,2.19,2024-11-15 19:48:45,True
Sticker | Baby Howl,1.09,2.19,2024-11-15 19:48:56,True
Desert Eagle | Heat Treated (Well-Worn),1.8,3.1,2024-11-15 20:47:47,False
Glock-18 | Nuclear Garden (Field-Tested),1.11,1.7,2024-11-15 20:50:29,False
Glock-18 | Water Elemental (Field-Tested),3.07,3.94,2024-11-15 21:06:27,False
Sticker | KOI (Glitter) | Copenhagen 2024,0.67,0.93,2024-11-16 02:12:42,False
Sticker | KOI (Glitter) | Copenhagen 2024,0.67,0.93,2024-11-16 02:12:53,False
Sticker | KOI (Glitter) | Copenhagen 2024,0.68,0.93,2024-11-16 02:13:04,False
Sticker | KOI (Glitter) | Copenhagen 2024,0.68,0.93,2024-11-16 02:13:16,False
Guardian 3 Pin,1.74,2.72,2024-11-16 10:38:59,False
Charm | Die-cast AK,5.33,8.85,2024-11-16 10:53:01,False
Charm | Die-cast AK,5.33,8.85,2024-11-16 10:53:12,False
Charm | Die-cast AK,5.33,8.85,2024-11-16 10:53:24,False
Five-SeveN | Monkey Business (Field-Tested),1.89,2.34,2024-11-16 22:20:39,False
Galil AR | Stone Cold (Field-Tested),1.25,2.27,2024-11-16 22:21:39,False
USP-S | Ticket to Hell (Factory New),1.35,2.06,2024-11-16 22:22:16,False
Sticker | KOI (Glitter) | Copenhagen 2024,0.69,0.93,2024-11-16 22:24:57,False
Sticker | KOI (Glitter) | Copenhagen 2024,0.69,0.93,2024-11-16 22:25:08,False
Sticker | KOI (Glitter) | Copenhagen 2024,0.69,0.93,2024-11-16 22:25:19,False
Sticker | KOI (Glitter) | Copenhagen 2024,0.69,0.93,2024-11-16 22:25:31,False
StatTrak™ M4A1-S | Night Terror (Field-Tested),1.6,2.5,2024-11-17 01:20:31,False
Galil AR | Tuxedo (Factory New),1.16,2.35,2024-11-17 01:20:56,True
AWP | Acheron (Factory New),1.23,2.0,2024-11-17 01:21:52,False
Galil AR | Signal (Factory New),1.19,1.8,2024-11-17 02:26:37,False
M4A1-S | Emphorosaur-S (Minimal Wear),0.99,1.34,2024-11-17 02:27:18,False
Sticker | KOI (Glitter) | Copenhagen 2024,0.69,0.93,2024-11-17 07:24:10,False
M4A4 | Converter (Factory New),0.53,2.06,2024-11-17 12:42:53,True
Huntsman Weapon Case,7.86,9.84,2024-11-17 17:09:42,False
Huntsman Weapon Case,7.86,9.84,2024-11-17 18:09:03,False
Sticker | Surf's Up,0.13,0.63,2024-11-17 18:22:53,True
Sticker | KOI (Glitter) | Copenhagen 2024,0.35,0.93,2024-11-18 08:31:36,True
Sticker | KOI (Glitter) | Copenhagen 2024,0.35,0.93,2024-11-18 08:31:47,True
Sticker | KOI (Glitter) | Copenhagen 2024,0.35,0.93,2024-11-18 08:31:58,True
Sticker | KOI (Glitter) | Copenhagen 2024,0.35,0.93,2024-11-18 08:32:10,True
Sticker | KOI (Glitter) | Copenhagen 2024,0.35,0.93,2024-11-18 08:32:21,True
Sticker | KOI (Glitter) | Copenhagen 2024,0.35,0.93,2024-11-18 08:32:32,True
Sticker | Surf's Up,0.13,0.63,2024-11-18 16:40:46,True
Sticker | Blue Gem (Glitter),2.79,3.96,2024-11-18 18:23:01,False
Desert Eagle | Heat Treated (Minimal Wear),4.02,9.41,2024-11-18 19:44:58,True
Huntsman Weapon Case,7.87,9.84,2024-11-20 00:18:12,False
M4A4 | Turbine (Field-Tested),0.5,1.15,2024-11-20 18:06:56,True
3rd Commando Company | KSK,7.64,9.86,2024-11-20 21:25:40,False
Desert Eagle | Heat Treated (Well-Worn),1.2,3.1,2024-11-21 04:05:48,True
XM1014 | Entombed (Field-Tested),1.45,2.41,2024-11-21 14:34:28,True
M4A4 | Converter (Factory New),0.54,2.06,2024-11-21 20:56:57,True
Huntsman Weapon Case,7.85,9.84,2024-11-22 16:08:14,False
Sticker | Surf's Up,0.15,0.63,2024-11-22 16:41:49,True
Huntsman Weapon Case,7.85,9.84,2024-11-22 20:20:37,False
Charm | Glamour Shot,1.54,3.03,2024-11-23 09:32:07,True
USP-S | Cortex (Factory New),8.25,16.86,2024-11-23 17:23:30,True
USP-S | Cortex (Factory New),8.32,16.86,2024-11-23 17:23:42,True
USP-S | Cortex (Factory New),8.32,16.86,2024-11-23 17:23:53,True
Sticker | Coiled Strike (Holo),1.08,1.85,2024-11-23 17:33:46,True
Sticker | Cloud9 (Glitter) | Copenhagen 2024,0.72,1.84,2024-11-23 17:34:19,True
USP-S | Cortex (Factory New),9.66,16.86,2024-11-24 10:30:55,False
Sticker | Scorch Loop,0.5,1.27,2024-11-24 10:42:58,True
Sticker | Vitality (Holo) | Paris 2023,0.61,1.15,2024-11-24 15:13:01,True
USP-S | Cortex (Factory New),9.66,16.86,2024-11-24 20:06:51,False
USP-S | Cortex (Factory New),10.0,16.86,2024-11-25 10:05:56,False
Sticker | Vitality (Holo) | Paris 2023,0.6,1.15,2024-11-25 20:08:42,True
Sticker | Vitality (Holo) | Paris 2023,0.6,1.15,2024-11-25 20:08:54,True
Sticker | Vitality (Holo) | Paris 2023,0.6,1.15,2024-11-25 20:09:05,True
Sticker | Vitality (Holo) | Paris 2023,0.6,1.15,2024-11-25 20:09:16,True
Sticker | Vitality (Holo) | Paris 2023,0.6,1.15,2024-11-25 20:09:27,True
Sticker | Vitality (Holo) | Paris 2023,0.6,1.15,2024-11-25 20:09:38,True
Sticker | Vitality (Holo) | Paris 2023,0.6,1.15,2024-11-25 20:09:50,True
Sticker | Vitality (Holo) | Paris 2023,0.6,1.15,2024-11-25 20:10:01,True
USP-S | Cortex (Factory New),9.2,16.86,2024-11-26 02:09:17,False
USP-S | Cortex (Factory New),9.71,16.86,2024-11-26 04:01:10,False
USP-S | Cortex (Factory New),10.0,16.86,2024-11-26 06:21:43,False
Sticker | Cbbl (Holo),1.11,2.27,2024-11-26 12:46:02,True
Glock-18 | Vogue (Factory New),7.99,16.85,2024-11-26 15:34:07,True
Glock-18 | Vogue (Factory New),7.99,16.85,2024-11-26 16:00:54,True
Glock-18 | Vogue (Factory New),7.81,16.85,2024-11-26 21:14:06,True
Sticker | Lynn Vision (Glitter) | Copenhagen 2024,0.52,1.57,2024-11-27 20:18:03,True
USP-S | Cortex (Factory New),10.0,16.86,2024-11-29 10:04:50,False
Glock-18 | Vogue (Factory New),9.0,16.85,2024-11-29 10:05:03,False
Glock-18 | Vogue (Factory New),9.15,16.85,2024-11-29 10:05:14,False
Operation Hydra Case,16.75,19.68,2024-10-14 11:11:07,False
Lt. Commander Ricksaw | NSWC SEAL,13.34,16.58,2024-11-09 14:56:42,False
Lt. Commander Ricksaw | NSWC SEAL,12.0,15.79,2024-11-17 16:23:54,False
UMP-45 | Blaze (Factory New),13.87,16.15,2024-10-12 21:58:02,False
UMP-45 | Blaze (Factory New),13.13,16.15,2024-10-15 09:49:58,False
B Squadron Officer | SAS,12.72,17.73,2024-10-09 08:19:18,False
B Squadron Officer | SAS,11.33,17.73,2024-10-09 10:24:42,False
Street Soldier | Phoenix,11.92,19.21,2024-10-21 16:21:00,False
Street Soldier | Phoenix,10.79,19.21,2024-10-22 17:17:17,False
StatTrak™ M4A1-S | Emphorosaur-S (Factory New),7.19,12.33,2024-10-10 02:31:10,False
Seal Team 6 Soldier | NSWC SEAL,7.99,11.84,2024-10-24 08:22:53,False
Seal Team 6 Soldier | NSWC SEAL,7.88,11.84,2024-10-25 00:03:51,False
Seal Team 6 Soldier | NSWC SEAL,8.0,11.84,2024-10-25 21:23:13,False
Desert Eagle | Crimson Web (Field-Tested),6.72,8.8,2024-10-05 16:04:51,False
StatTrak™ M4A1-S | Night Terror (Factory New),5.39,9.1,2024-09-29 13:30:37,False
StatTrak™ M4A1-S | Night Terror (Factory New),5.56,8.56,2024-10-17 00:02:33,False
StatTrak™ USP-S | Ticket to Hell (Factory New),5.19,11.83,2024-10-13 23:13:45,True
MAC-10 | Disco Tech (Minimal Wear),4.06,5.29,2024-10-09 10:31:57,False
StatTrak™ Glock-18 | Moonrise (Factory New),4.07,5.84,2024-10-17 00:05:29,False
Enforcer | Phoenix,2.44,,2024-09-09 16:22:41,False
Enforcer | Phoenix,2.7,,2024-09-14 00:17:15,False
Enforcer | Phoenix,4.4,6.59,2024-10-01 18:46:15,False
Enforcer | Phoenix,4.75,6.59,2024-10-01 23:44:42,False
Enforcer | Phoenix,4.34,6.59,2024-10-03 17:27:41,False
Soldier | Phoenix,3.72,6.84,2024-10-09 12:43:07,True
Soldier | Phoenix,3.82,6.34,2024-10-13 03:32:54,True
Sticker | Lotus (Glitter),4.79,,2024-09-06 01:13:54,False
Glock-18 | Nuclear Garden (Factory New),4.79,7.17,2024-10-26 00:13:06,False
Glock-18 | Nuclear Garden (Factory New),4.7,6.98,2024-11-07 22:18:17,False
Hydra Pin,3.38,6.2,2024-10-22 20:24:46,False
Hydra Pin,3.38,6.2,2024-10-22 20:25:26,False
StatTrak™ SSG 08 | Fever Dream (Minimal Wear),2.77,4.71,2024-10-14 16:14:20,True
StatTrak™ Desert Eagle | Corinthian (Factory New),3.13,,2024-09-08 13:25:52,False
"Music Kit | bbno$, u mad!",3.46,6.08,2024-10-15 20:38:01,True
"Music Kit | bbno$, u mad!",2.66,6.08,2024-10-15 22:39:59,True
"Music Kit | bbno$, u mad!",2.72,6.16,2024-10-18 12:24:37,True
"Music Kit | bbno$, u mad!",2.77,5.84,2024-10-21 16:28:26,True
"Music Kit | bbno$, u mad!",2.75,5.84,2024-10-22 11:19:55,True
Tec-9 | Fuel Injector (Field-Tested),1.7,4.58,2024-10-28 22:57:57,True
Galil AR | Stone Cold (Minimal Wear),2.51,5.54,2024-11-09 13:16:53,True
"Music Kit | Denzel Curry, ULTIMATE",2.37,3.56,2024-10-27 03:43:23,False
Easy Peasy Pin,2.84,4.22,2024-10-11 01:43:03,False
Easy Peasy Pin,2.69,4.2,2024-10-24 18:19:11,False
M4A1-S | Emphorosaur-S (Factory New),2.26,2.98,2024-10-12 22:18:43,False
Death Sentence Pin,2.0,3.42,2024-10-14 12:28:24,True
Death Sentence Pin,2.26,3.2,2024-10-21 16:30:58,False
Death Sentence Pin,2.2,3.2,2024-10-22 02:34:51,False
Five-SeveN | Angry Mob (Field-Tested),2.39,3.16,2024-09-16 22:29:07,False
Five-SeveN | Angry Mob (Field-Tested),2.39,3.16,2024-09-17 00:25:09,False
AWP | Worm God (Factory New),2.0,2.76,2024-10-12 22:20:26,False
M4A4 | Magnesium (Factory New),1.78,3.31,2024-10-13 12:43:39,True
Guardian 3 Pin,1.72,3.02,2024-10-13 12:45:37,True
Guardian 3 Pin,1.77,3.02,2024-10-14 11:45:00,True
Guardian 3 Pin,1.7,2.68,2024-10-27 22:22:12,False
Sticker | Natus Vincere (Holo) | Paris 2023,1.25,3.13,2024-10-21 16:31:47,True
Glock-18 | Block-18 (Minimal Wear),1.47,1.99,2024-10-12 22:25:21,False
Glock-18 | Umbral Rabbit (Factory New),1.55,2.15,2024-10-12 16:33:38,False
Glock-18 | Umbral Rabbit (Factory New),1.71,2.33,2024-10-14 10:55:52,False
StatTrak™ Desert Eagle | Bronze Deco (Factory New),1.33,2.16,2024-10-27 03:46:27,False
StatTrak™ M4A1-S | Emphorosaur-S (Field-Tested),1.21,2.64,2024-10-04 16:07:46,True
P90 | Neoqueen (Factory New),1.3,1.92,2024-11-07 22:43:30,False
USP-S | Torque (Factory New),1.34,2.31,2024-11-07 22:39:53,False
USP-S | Torque (Factory New),1.34,2.31,2024-11-07 22:40:04,False
USP-S | Torque (Factory New),1.35,2.31,2024-11-07 22:40:15,False
USP-S | Torque (Factory New),1.37,2.31,2024-11-07 22:40:27,False
USP-S | Torque (Factory New),1.46,2.31,2024-11-07 22:40:38,False
USP-S | Torque (Factory New),1.47,2.31,2024-11-07 22:40:49,False
USP-S | Torque (Factory New),1.56,2.31,2024-11-07 22:41:00,False
Desert Eagle | Light Rail (Minimal Wear),1.4,2.14,2024-10-13 12:48:40,False
CS:GO Patch Pack,1.28,1.71,2024-11-07 22:42:49,False
MAC-10 | Saibā Oni (Field-Tested),1.35,2.06,2024-11-08 10:17:29,False
MAC-10 | Saibā Oni (Field-Tested),1.1,2.06,2024-11-08 18:34:08,False
MAC-10 | Saibā Oni (Field-Tested),1.12,2.06,2024-11-09 15:29:58,False
Desert Eagle | Trigger Discipline (Minimal Wear),1.19,1.78,2024-10-25 02:38:35,False
Dual Berettas | Hydro Strike (Field-Tested),1.0,1.83,2024-11-09 00:49:52,False
Dual Berettas | Hydro Strike (Field-Tested),1.1,1.83,2024-11-10 19:12:09,False
Charm | Disco MAC,1.5,2.38,2024-11-09 15:50:55,False
Galil AR | Signal (Factory New),1.18,1.77,2024-11-07 23:01:37,False
Galil AR | Signal (Factory New),1.16,1.77,2024-11-09 16:34:52,False
M4A1-S | Night Terror (Battle-Scarred),1.53,3.01,2024-11-07 22:25:27,True
M4A1-S | Night Terror (Battle-Scarred),2.0,3.01,2024-11-07 22:25:39,False
M4A1-S | Night Terror (Battle-Scarred),1.08,3.01,2024-11-08 15:17:50,True
USP-S | Lead Conduit (Minimal Wear),0.99,1.81,2024-10-24 22:11:04,False
Galil AR | Tuxedo (Factory New),1.21,2.4,2024-10-25 19:41:31,True
Galil AR | Tuxedo (Factory New),1.31,2.35,2024-11-07 22:39:40,False
Galil AR | Tuxedo (Factory New),1.3,2.35,2024-11-07 23:47:20,False
Galil AR | Tuxedo (Factory New),1.39,2.35,2024-11-08 10:45:45,False
Galil AR | Tuxedo (Factory New),1.22,2.35,2024-11-10 17:26:05,False
Sticker | Fluxo (Holo) | Paris 2023,1.99,3.2,2024-10-18 10:19:14,False
Sticker | Fluxo (Holo) | Paris 2023,1.49,2.7,2024-11-07 22:26:24,False
Desert Eagle | Meteorite (Factory New),1.01,1.6,2024-11-07 23:03:19,False
Desert Eagle | Meteorite (Factory New),1.03,1.6,2024-11-07 23:03:31,False
StatTrak™ USP-S | Ticket to Hell (Field-Tested),0.86,1.66,2024-11-07 23:02:10,False
StatTrak™ USP-S | Ticket to Hell (Field-Tested),1.0,1.66,2024-11-07 23:02:21,False
StatTrak™ USP-S | Ticket to Hell (Field-Tested),1.04,1.66,2024-11-07 23:02:32,False
StatTrak™ USP-S | Ticket to Hell (Field-Tested),1.07,1.66,2024-11-07 23:02:43,False
StatTrak™ USP-S | Ticket to Hell (Field-Tested),1.1,1.66,2024-11-07 23:02:54,False
StatTrak™ USP-S | Ticket to Hell (Field-Tested),0.9,1.66,2024-11-11 09:17:04,False
MP7 | Bloodsport (Field-Tested),1.04,1.86,2024-09-15 18:10:48,False
MP7 | Bloodsport (Field-Tested),1.07,1.86,2024-09-15 18:10:55,False
USP-S | Check Engine (Factory New),0.85,1.53,2024-11-08 22:42:04,False
USP-S | Check Engine (Minimal Wear),0.55,0.77,2024-11-10 11:50:12,False
USP-S | Check Engine (Factory New),0.85,1.53,2024-11-11 03:54:02,False
Sticker | Cbbl (Holo),1.2,1.53,2024-10-22 13:30:54,False
Sticker | Cbbl (Holo),1.19,2.37,2024-11-07 22:38:47,True
Sticker | Cbbl (Holo),1.29,2.37,2024-11-07 22:38:58,False
Sticker | Cbbl (Holo),1.29,2.37,2024-11-07 22:39:10,False
Charm | Lil' SAS,1.04,2.35,2024-10-28 23:01:35,True
Charm | Lil' SAS,0.64,2.35,2024-10-28 23:54:45,True
Charm | Lil' SAS,0.64,2.35,2024-10-28 23:54:56,True
Sticker | Baby Howl,1.35,2.27,2024-11-10 02:03:37,False
Sticker | Cedar Creek (Holo),0.76,1.53,2024-10-10 01:49:57,True
Sticker | Cedar Creek (Holo),0.76,1.53,2024-10-10 01:50:37,True
StatTrak™ Glock-18 | Moonrise (Field-Tested),0.71,1.52,2024-10-14 15:56:51,True
StatTrak™ Glock-18 | Moonrise (Field-Tested),0.71,1.52,2024-10-15 09:37:05,True
StatTrak™ Glock-18 | Moonrise (Field-Tested),0.78,1.52,2024-10-15 09:37:44,True
StatTrak™ Glock-18 | Moonrise (Field-Tested),0.92,1.5,2024-10-18 10:23:51,False
StatTrak™ Glock-18 | Moonrise (Field-Tested),0.85,1.5,2024-10-22 23:31:05,False
StatTrak™ Glock-18 | Moonrise (Field-Tested),0.72,1.44,2024-10-24 21:22:39,False
StatTrak™ Glock-18 | Moonrise (Field-Tested),0.82,1.44,2024-10-27 03:49:09,False
CS20 Sticker Capsule,0.62,0.99,2024-10-14 22:02:13,True
CS20 Sticker Capsule,0.62,0.99,2024-10-14 22:02:53,True
CS20 Sticker Capsule,0.62,0.99,2024-10-14 22:03:32,True
CS20 Sticker Capsule,0.62,0.99,2024-10-14 22:04:12,True
MP9 | Goo (Minimal Wear),0.63,1.48,2024-10-25 20:47:02,True
MP9 | Goo (Minimal Wear),0.66,1.39,2024-11-07 23:04:28,True
R8 Revolver | Amber Fade (Factory New),0.64,2.29,2024-10-16 03:58:29,True
Sticker | FaZe Clan (Holo) | Paris 2023,1.0,2.03,2024-09-29 13:48:44,True
Sticker | FaZe Clan (Holo) | Paris 2023,1.0,2.03,2024-09-29 13:49:07,True
Sticker | FaZe Clan (Holo) | Paris 2023,1.0,2.03,2024-09-29 13:49:50,True
Sticker | FaZe Clan (Holo) | Paris 2023,1.4,2.03,2024-09-29 13:50:33,False
Sticker | FaZe Clan (Holo) | Paris 2023,0.65,2.08,2024-10-16 04:23:35,True
Sticker | FaZe Clan (Holo) | Paris 2023,1.2,1.89,2024-10-24 04:24:47,False
Sticker | FaZe Clan (Holo) | Paris 2023,1.2,1.89,2024-10-24 04:25:28,False
Sticker | FaZe Clan (Holo) | Paris 2023,0.66,1.89,2024-10-25 06:25:16,True
P250 | Franklin (Minimal Wear),0.61,1.19,2024-10-18 10:26:14,False
P250 | Franklin (Minimal Wear),0.61,1.19,2024-10-18 10:26:54,False
P250 | Franklin (Minimal Wear),0.61,1.19,2024-10-18 10:27:33,False
P250 | Franklin (Minimal Wear),0.7,1.21,2024-10-24 04:32:18,False
P250 | Franklin (Minimal Wear),0.7,1.21,2024-10-24 04:32:58,False
P250 | Franklin (Minimal Wear),0.64,1.21,2024-10-27 03:50:47,False
M4A1-S | Flashback (Minimal Wear),0.57,0.82,2024-10-25 08:39:15,False
USP-S | Ticket to Hell (Minimal Wear),0.72,1.23,2024-10-24 04:30:55,False
USP-S | Ticket to Hell (Minimal Wear),0.72,1.23,2024-10-24 04:31:34,False
USP-S | Ticket to Hell (Minimal Wear),0.64,1.23,2024-10-27 03:50:21,False
USP-S | Ticket to Hell (Minimal Wear),0.64,1.23,2024-10-27 03:50:32,False
USP-S | Ticket to Hell (Minimal Wear),0.55,1.01,2024-11-10 21:53:16,False
Sawed-Off | Amber Fade (Factory New),0.61,1.11,2024-10-27 03:51:09,False
Sawed-Off | Amber Fade (Factory New),0.61,1.11,2024-10-27 03:51:20,False
Sticker | Vitality (Holo) | Paris 2023,0.65,1.53,2024-10-13 23:24:54,True
Kilowatt Case,0.61,0.82,2024-10-12 22:35:34,False
Kilowatt Case,0.61,0.82,2024-10-12 22:36:13,False
Kilowatt Case,0.61,0.82,2024-10-12 22:36:53,False
Kilowatt Case,0.61,0.82,2024-10-12 22:37:32,False
Kilowatt Case,0.61,0.82,2024-10-13 00:37:40,False
Kilowatt Case,0.51,0.74,2024-10-27 20:30:02,False
Sticker | Lynn Vision (Glitter) | Copenhagen 2024,0.8,1.94,2024-10-13 03:47:06,True
Sticker | Lynn Vision (Glitter) | Copenhagen 2024,0.8,1.94,2024-10-13 03:47:46,True
Sticker | Lynn Vision (Glitter) | Copenhagen 2024,0.8,1.94,2024-10-13 03:48:26,True
Sticker | Lynn Vision (Glitter) | Copenhagen 2024,0.8,1.94,2024-10-13 03:49:05,True
Sticker | Lynn Vision (Glitter) | Copenhagen 2024,0.8,1.94,2024-10-13 03:49:45,True
Sticker | Lynn Vision (Glitter) | Copenhagen 2024,0.8,1.94,2024-10-13 03:50:24,True
Sticker | Lynn Vision (Glitter) | Copenhagen 2024,0.74,1.37,2024-10-27 03:49:38,False
Sticker | Gold Web,0.42,0.86,2024-10-09 23:58:26,True
Sticker | Gold Web,0.42,0.86,2024-10-09 23:59:05,True
Sticker | Gold Web,0.42,0.86,2024-10-09 23:59:45,True
Sticker | Gold Web,0.38,0.88,2024-10-17 11:55:55,True
Tec-9 | Ice Cap (Factory New),0.45,1.2,2024-10-09 11:33:31,True
Sticker | Ninjas in Pyjamas (Holo) | Paris 2023,0.62,,2024-08-29 03:57:02,False
Sticker | Ninjas in Pyjamas (Holo) | Paris 2023,0.62,,2024-08-29 04:20:35,False
Sticker | Ninjas in Pyjamas (Holo) | Paris 2023,0.62,,2024-08-29 04:20:50,False
Sticker | Conspiracy Club (Holo),0.53,0.75,2024-10-27 20:29:44,False
Sticker | PGL (Glitter) | Antwerp 2022,0.59,1.19,2024-11-07 23:50:45,False
Sticker | PGL (Glitter) | Antwerp 2022,0.59,1.19,2024-11-07 23:50:56,False
Sticker | donk | Copenhagen 2024,0.05,0.58,2024-10-10 23:14:08,True
Sticker | donk | Copenhagen 2024,0.07,0.58,2024-10-12 17:32:26,True
Sticker | donk | Copenhagen 2024,0.07,0.58,2024-10-12 17:33:05,True
Sticker | donk | Copenhagen 2024,0.07,0.58,2024-10-12 17:33:45,True
Sticker | donk | Copenhagen 2024,0.09,0.57,2024-10-20 16:52:51,True
Sticker | donk | Copenhagen 2024,0.1,0.57,2024-10-22 08:51:48,True
Sticker | donk | Copenhagen 2024,0.12,0.55,2024-10-26 00:01:15,True
Sticker | donk | Copenhagen 2024,0.12,0.55,2024-10-26 00:01:55,True
Sticker | KOI (Glitter) | Copenhagen 2024,0.73,1.1,2024-11-07 23:04:55,False
Sticker | KOI (Glitter) | Copenhagen 2024,0.73,1.1,2024-11-07 23:05:06,False
Sticker | KOI (Glitter) | Copenhagen 2024,0.74,1.1,2024-11-07 23:05:17,False
Sticker | KOI (Glitter) | Copenhagen 2024,0.74,1.1,2024-11-07 23:05:28,False
Sticker | KOI (Glitter) | Copenhagen 2024,0.74,1.1,2024-11-07 23:05:40,False
Sticker | KOI (Glitter) | Copenhagen 2024,0.74,1.1,2024-11-07 23:05:51,False
Sticker | KOI (Glitter) | Copenhagen 2024,0.74,1.1,2024-11-07 23:06:02,False
Sticker | KOI (Glitter) | Copenhagen 2024,0.74,1.1,2024-11-07 23:06:13,False
Sticker | KOI (Glitter) | Copenhagen 2024,0.74,1.1,2024-11-07 23:06:24,False
Sticker | KOI (Glitter) | Copenhagen 2024,0.74,1.1,2024-11-07 23:06:35,False
Sticker | G2 Esports (Glitter) | Copenhagen 2024,0.13,0.45,2024-10-15 16:48:40,True
P250 | Metallic DDPAT (Factory New),0.16,0.34,2024-10-09 14:31:12,False
P250 | Metallic DDPAT (Factory New),0.17,0.34,2024-10-09 22:51:54,False
P250 | Metallic DDPAT (Factory New),0.19,0.36,2024-10-12 12:14:23,False
P250 | Metallic DDPAT (Factory New),0.19,0.36,2024-10-12 12:15:02,False
P250 | Metallic DDPAT (Factory New),0.19,0.36,2024-10-12 16:41:12,False
P250 | Metallic DDPAT (Factory New),0.09,0.36,2024-10-12 19:36:51,True
P250 | Metallic DDPAT (Factory New),0.25,0.51,2024-10-18 08:02:55,True
P250 | Metallic DDPAT (Factory New),0.25,0.51,2024-10-18 08:03:35,True
P250 | Metallic DDPAT (Factory New),0.25,0.51,2024-10-18 08:04:14,True
P250 | Metallic DDPAT (Factory New),0.25,0.51,2024-10-18 08:04:54,True
P250 | Metallic DDPAT (Factory New),0.25,0.51,2024-10-18 08:05:34,True
P250 | Metallic DDPAT (Factory New),0.25,0.51,2024-10-18 08:06:13,True
P250 | Metallic DDPAT (Factory New),0.25,0.51,2024-10-18 08:06:53,True
P250 | Metallic DDPAT (Factory New),0.25,0.51,2024-10-18 08:07:33,True
Dual Berettas | Cobalt Quartz (Factory New),0.16,0.66,2024-10-17 13:10:03,True
Dual Berettas | Cobalt Quartz (Factory New),0.16,0.65,2024-10-19 13:52:21,True
Dual Berettas | Cobalt Quartz (Factory New),0.16,0.61,2024-10-22 08:50:44,True
Dual Berettas | Cobalt Quartz (Factory New),0.15,0.61,2024-10-22 14:33:16,True
Dual Berettas | Cobalt Quartz (Factory New),0.16,0.56,2024-10-24 20:57:11,False
Dual Berettas | Cobalt Quartz (Factory New),0.16,0.56,2024-10-27 03:55:13,False
Sticker | Surf's Up,0.12,0.86,2024-10-16 12:20:45,True
Sticker | Surf's Up,0.13,0.86,2024-10-22 23:08:36,True
Sticker | Surf's Up,0.13,0.86,2024-10-22 23:09:15,True
Sticker | Surf's Up,0.14,0.77,2024-10-24 08:12:01,True
Sticker | Cloud9 | Copenhagen 2024,0.04,0.48,2024-10-22 15:50:22,True
Sticker | Cloud9 | Copenhagen 2024,0.05,0.48,2024-10-27 18:56:43,True
Sticker | Cloud9 | Copenhagen 2024,0.05,0.48,2024-10-27 18:56:54,True
MP9 | Mount Fuji (Factory New),9.69,14.66,2024-11-30 21:56:12,False
USP-S | Alpine Camo (Factory New),3.45,5.86,2024-11-30 22:01:20,False
Desert Eagle | Heat Treated (Field-Tested),3.5,5.74,2024-11-30 22:01:40,False
Desert Eagle | Heat Treated (Field-Tested),3.55,5.74,2024-11-30 22:01:51,False
Desert Eagle | Heat Treated (Field-Tested),3.6,5.74,2024-11-30 22:02:03,False
Desert Eagle | Heat Treated (Field-Tested),3.89,5.74,2024-11-30 22:02:14,False
Desert Eagle | Heat Treated (Field-Tested),3.9,5.74,2024-11-30 22:02:26,False
M4A1-S | Wash me plz (Factory New),0.87,2.25,2024-11-30 22:06:35,True
M4A1-S | Wash me plz (Factory New),0.87,2.25,2024-11-30 22:06:46,True
M4A1-S | Wash me plz (Factory New),1.05,2.25,2024-11-30 22:06:57,True
Sticker | PGL (Glitter) | Antwerp 2022,0.52,1.66,2024-11-30 22:08:27,True
Sticker | Scorch Loop,0.5,1.36,2024-11-30 22:09:44,True
Sticker | Scorch Loop,0.5,1.36,2024-11-30 22:09:55,True
Sticker | Scorch Loop,0.5,1.36,2024-11-30 22:10:06,True
Sticker | Scorch Loop,0.5,1.36,2024-11-30 22:10:18,True
Sticker | Apeks (Glitter) | Copenhagen 2024,0.19,0.81,2024-11-30 22:11:09,True
Sticker | Apeks (Glitter) | Copenhagen 2024,0.19,0.81,2024-11-30 22:11:20,True
Sticker | Apeks (Glitter) | Copenhagen 2024,0.19,0.81,2024-11-30 22:11:31,True
Sticker | Apeks (Glitter) | Copenhagen 2024,0.19,0.81,2024-11-30 22:11:43,True
Sticker | Apeks (Glitter) | Copenhagen 2024,0.19,0.81,2024-11-30 22:11:54,True
Sticker | Apeks (Glitter) | Copenhagen 2024,0.19,0.81,2024-11-30 22:12:05,True
Sticker | Apeks (Glitter) | Copenhagen 2024,0.19,0.81,2024-11-30 22:12:16,True
Sticker | Apeks (Glitter) | Copenhagen 2024,0.19,0.81,2024-11-30 22:12:27,True
Sticker | Apeks (Glitter) | Copenhagen 2024,0.19,0.81,2024-11-30 22:12:40,True
Sticker | Apeks (Glitter) | Copenhagen 2024,0.19,0.81,2024-11-30 22:12:51,True
Desert Eagle | Heat Treated (Field-Tested),3.9,5.74,2024-12-01 00:05:26,False
M4A1-S | Wash me plz (Factory New),0.65,2.25,2024-12-01 11:32:26,True
Sticker | Cloud9 (Glitter) | Copenhagen 2024,0.72,1.89,2024-12-01 14:13:43,True
M4A1-S | Wash me plz (Factory New),0.67,2.25,2024-12-01 16:22:24,True
Charm | Lil' Ava,0.45,1.25,2024-12-01 16:25:27,True
Charm | Lil' Ava,0.56,1.25,2024-12-01 16:55:43,True
Charm | Lil' Ava,0.56,1.25,2024-12-01 16:55:54,True
Glock-18 | Nuclear Garden (Factory New),5.04,6.27,2024-12-01 19:37:57,False
Charm | Big Kev,0.51,1.17,2024-12-01 21:25:27,True
Charm | Lil' Ava,0.44,1.25,2024-12-01 22:58:19,True
Charm | Lil' Ava,0.44,1.25,2024-12-01 22:58:30,True
Charm | Big Kev,0.51,1.17,2024-12-01 22:58:52,True
Charm | Big Kev,0.51,1.17,2024-12-01 22:59:04,True
Charm | Big Kev,0.51,1.17,2024-12-01 22:59:16,True
Sticker | PGL (Glitter) | Antwerp 2022,0.49,1.66,2024-12-02 01:41:01,True
Sticker | PGL (Glitter) | Antwerp 2022,0.49,1.66,2024-12-02 01:41:12,True
Sticker | PGL (Glitter) | Antwerp 2022,0.49,1.66,2024-12-02 01:41:24,True
Sticker | PGL (Glitter) | Antwerp 2022,0.49,1.66,2024-12-02 01:41:35,True
M4A4 | Converter (Factory New),0.54,2.69,2024-12-02 03:14:49,True
M4A1-S | Wash me plz (Factory New),0.65,2.25,2024-12-02 03:35:20,True
Desert Eagle | Tilted (Factory New),4.15,6.16,2024-12-02 17:28:11,False
Desert Eagle | Heat Treated (Field-Tested),3.8,5.74,2024-12-02 18:05:56,False
Desert Eagle | Heat Treated (Field-Tested),3.8,5.74,2024-12-02 18:06:08,False
Desert Eagle | Heat Treated (Field-Tested),3.8,5.74,2024-12-02 18:06:19,False
M4A1-S | Wash me plz (Factory New),0.7,2.25,2024-12-02 18:10:40,True
USP-S | Alpine Camo (Factory New),2.94,5.86,2024-12-02 21:59:46,True
M4A1-S | Wash me plz (Factory New),0.64,2.25,2024-12-02 22:30:20,True
USP-S | Cortex (Field-Tested),2.04,2.56,2024-12-03 04:34:56,False
USP-S | Cortex (Field-Tested),2.04,2.56,2024-12-03 04:35:07,False
USP-S | Cortex (Field-Tested),2.04,2.56,2024-12-03 04:35:19,False
Charm | Big Kev,0.49,1.17,2024-12-03 13:15:45,True
Sticker | Cedar Creek (Holo),0.94,1.6,2024-12-03 15:45:22,True
Charm | Big Kev,0.5,1.17,2024-12-03 17:50:01,True
Glock-18 | Vogue (Factory New),7.98,16.7,2024-12-03 22:22:56,False
Sticker | PGL (Glitter) | Antwerp 2022,0.5,1.66,2024-12-04 03:18:06,True
Sticker | PGL (Glitter) | Antwerp 2022,0.5,1.66,2024-12-04 03:18:18,True
USP-S | Alpine Camo (Factory New),2.86,5.86,2024-12-04 13:40:53,True
Desert Eagle | Heat Treated (Field-Tested),3.53,13.23,2024-12-05 21:04:31,True
Desert Eagle | Heat Treated (Field-Tested),3.53,13.23,2024-12-05 21:04:42,True
Desert Eagle | Heat Treated (Field-Tested),3.98,13.23,2024-12-05 21:04:53,True
Desert Eagle | Heat Treated (Field-Tested),3.99,13.23,2024-12-05 21:05:05,True
Desert Eagle | Heat Treated (Field-Tested),4.3,13.23,2024-12-05 21:05:16,True
Desert Eagle | Heat Treated (Field-Tested),4.5,13.23,2024-12-05 21:05:28,True
Glock-18 | Umbral Rabbit (Factory New),1.58,3.19,2024-12-05 21:13:28,True
M4A1-S | Wash me plz (Factory New),0.63,1.99,2024-12-05 21:15:53,True
M4A4 | Converter (Factory New),0.55,1.67,2024-12-05 21:16:56,True
Sticker | PGL (Glitter) | Antwerp 2022,0.59,1.45,2024-12-05 21:17:54,True
Sticker | PGL (Glitter) | Antwerp 2022,0.59,1.45,2024-12-05 21:18:05,True
Sticker | PGL (Glitter) | Antwerp 2022,0.59,1.45,2024-12-05 21:18:16,True
Sticker | Scorch Loop,0.25,0.96,2024-12-05 21:20:06,True
Sticker | Scorch Loop,0.29,0.96,2024-12-05 21:20:17,True
Charm | Die-cast AK,6.95,10.51,2024-12-06 02:05:40,False
Charm | Die-cast AK,7.0,10.51,2024-12-06 05:20:26,False
Desert Eagle | Tilted (Factory New),4.45,7.65,2024-12-06 08:26:24,False
Glock-18 | Umbral Rabbit (Factory New),1.77,3.19,2024-12-06 08:46:00,False
AK-47 | Ice Coaled (Minimal Wear),6.0,8.92,2024-12-06 14:31:33,False
Sticker | Coiled Strike (Holo),0.95,1.88,2024-12-06 14:54:41,True
Sticker | Coiled Strike (Holo),0.95,1.88,2024-12-06 14:54:52,True
Sticker | Lynn Vision (Glitter) | Copenhagen 2024,0.42,1.67,2024-12-06 14:55:42,True
Sticker | Lynn Vision (Glitter) | Copenhagen 2024,0.48,1.67,2024-12-06 15:35:47,True
Sticker | Lynn Vision (Glitter) | Copenhagen 2024,0.48,1.67,2024-12-06 15:35:59,True
Sticker | Lynn Vision (Glitter) | Copenhagen 2024,0.48,1.67,2024-12-06 15:36:10,True
Charm | Die-cast AK,6.01,10.51,2024-12-06 18:30:08,False
M4A1-S | Wash me plz (Factory New),0.72,1.99,2024-12-06 20:37:06,True
"Music Kit | bbno$, u mad!",2.62,3.26,2024-12-06 22:28:12,False
Easy Peasy Pin,2.34,3.67,2024-12-07 00:06:49,False
Glock-18 | Umbral Rabbit (Factory New),1.85,3.19,2024-12-07 00:07:34,False
Glock-18 | Umbral Rabbit (Factory New),2.0,3.19,2024-12-07 01:22:54,False
Glock-18 | Umbral Rabbit (Factory New),2.0,3.19,2024-12-07 01:23:06,False
Glock-18 | Umbral Rabbit (Factory New),2.0,3.19,2024-12-07 03:11:39,False
Guardian 3 Pin,1.74,2.63,2024-12-07 03:12:38,False
Five-SeveN | Urban Hazard (Factory New),1.18,2.11,2024-12-07 03:14:09,False
Galil AR | Stone Cold (Field-Tested),1.3,2.04,2024-12-07 03:14:32,False
Sticker | Coiled Strike (Holo),1.16,1.88,2024-12-07 03:15:02,False
Sticker | Coiled Strike (Holo),1.18,1.88,2024-12-07 03:15:14,False
Sticker | Cloud9 (Glitter) | Copenhagen 2024,1.24,1.88,2024-12-07 03:15:31,False
Sticker | Cloud9 (Glitter) | Copenhagen 2024,1.24,1.88,2024-12-07 05:10:42,False
StatTrak™ Desert Eagle | Blue Ply (Minimal Wear),1.33,2.04,2024-12-07 13:37:18,False
Sticker | Cloud9 (Glitter) | Copenhagen 2024,1.24,1.88,2024-12-07 13:37:55,False
Sticker | Cloud9 (Glitter) | Copenhagen 2024,1.24,1.88,2024-12-07 13:38:08,False
Sticker | Cedar Creek (Holo),0.9,1.6,2024-12-07 13:39:27,False
Desert Eagle | Tilted (Factory New),4.4,7.65,2024-12-07 13:54:10,False
MP9 | Mount Fuji (Factory New),9.27,14.53,2024-12-07 14:59:47,False
Desert Eagle | Tilted (Factory New),4.0,7.65,2024-12-07 15:03:57,False
AWP | Duality (Minimal Wear),4.25,5.36,2024-12-07 15:05:32,False
Five-SeveN | Urban Hazard (Factory New),1.25,2.11,2024-12-07 17:50:19,False
M4A1-S | Wash me plz (Factory New),0.72,1.99,2024-12-07 18:46:42,True
M4A1-S | Wash me plz (Factory New),0.72,1.99,2024-12-07 18:46:55,True
StatTrak™ AK-47 | Legion of Anubis (Field-Tested),12.0,16.06,2024-12-07 21:57:32,False
Charm | Lil' SAS,0.72,1.4,2024-12-07 22:31:33,False
Stockholm 2021 Contenders Sticker Capsule,1.53,1.93,2024-12-07 23:32:37,False
Stockholm 2021 Contenders Sticker Capsule,1.53,1.93,2024-12-07 23:32:49,False
Stockholm 2021 Contenders Sticker Capsule,1.53,1.93,2024-12-07 23:33:00,False
Stockholm 2021 Contenders Sticker Capsule,1.53,1.93,2024-12-07 23:33:11,False
Stockholm 2021 Contenders Sticker Capsule,1.53,1.93,2024-12-07 23:33:23,False
Stockholm 2021 Contenders Sticker Capsule,1.53,1.93,2024-12-07 23:33:35,False
Stockholm 2021 Contenders Sticker Capsule,1.53,1.93,2024-12-07 23:33:46,False
Stockholm 2021 Contenders Sticker Capsule,1.53,1.93,2024-12-07 23:33:57,False
Stockholm 2021 Contenders Sticker Capsule,1.53,1.93,2024-12-07 23:34:09,False
Stockholm 2021 Contenders Sticker Capsule,1.53,1.93,2024-12-07 23:34:20,False
Desert Eagle | Tilted (Factory New),4.03,7.65,2024-12-08 07:47:03,False
StatTrak™ SSG 08 | Abyss (Minimal Wear),1.35,1.78,2024-12-08 11:47:47,False
StatTrak™ Glock-18 | Moonrise (Minimal Wear),1.77,2.82,2024-12-08 12:21:24,False
M4A1-S | Wash me plz (Factory New),0.76,1.99,2024-12-08 12:23:27,True
Charm | Lil' SAS,0.82,1.4,2024-12-08 12:45:41,False
Charm | Big Kev,0.57,1.07,2024-12-08 12:46:41,False
Charm | Big Kev,0.57,1.07,2024-12-08 12:46:53,False
StatTrak™ Desert Eagle | Blue Ply (Minimal Wear),1.28,2.04,2024-12-08 13:15:46,False
USP-S | Cortex (Minimal Wear),3.38,4.38,2024-12-08 14:22:34,False
Charm | Disco MAC,1.06,1.85,2024-12-08 14:43:05,False
R8 Revolver | Blaze (Factory New),1.79,2.32,2024-12-08 16:31:47,False
MP9 | Starlight Protector (Field-Tested),2.1,2.68,2024-12-08 17:18:02,False
R8 Revolver | Blaze (Factory New),1.37,2.32,2024-12-08 17:19:22,True
Glock-18 | Nuclear Garden (Factory New),3.83,5.89,2024-12-08 17:43:09,False
Glock-18 | Vogue (Field-Tested),1.8,2.71,2024-12-08 18:18:09,False
Galil AR | Stone Cold (Field-Tested),1.33,2.04,2024-12-08 18:21:32,False
Charm | Disco MAC,1.19,1.85,2024-12-08 18:22:36,False
Sticker | Vitality (Holo) | Paris 2023,0.56,1.2,2024-12-08 18:25:34,False
Charm | Die-cast AK,6.19,10.51,2024-12-08 18:42:38,False
Galil AR | Stone Cold (Field-Tested),1.3,2.04,2024-12-08 19:37:46,False
Sticker | Fluxo (Holo) | Paris 2023,0.96,1.83,2024-12-08 19:38:50,False
Sticker | Lynn Vision (Glitter) | Copenhagen 2024,0.42,1.67,2024-12-08 22:16:16,True
Sticker | Fluxo (Holo) | Paris 2023,0.78,1.83,2024-12-08 23:18:17,True
Sticker | Vitality (Holo) | Paris 2023,0.49,1.2,2024-12-08 23:20:21,True
Sticker | Lynn Vision (Glitter) | Copenhagen 2024,0.69,1.67,2024-12-09 02:06:39,True
Sticker | Lynn Vision (Glitter) | Copenhagen 2024,0.69,1.67,2024-12-09 02:06:50,True
1st Lieutenant Farlow | SWAT,5.59,6.95,2024-12-09 02:19:13,False
Five-SeveN | Urban Hazard (Factory New),1.18,2.11,2024-12-09 09:18:28,False
Desert Eagle | Tilted (Factory New),4.45,7.65,2024-12-09 09:29:19,False
Trapper Aggressor | Guerrilla Warfare,10.0,13.26,2024-12-09 10:13:24,False
eSports 2013 Winter Case,7.51,9.98,2024-12-09 14:53:17,False
Desert Eagle | Tilted (Factory New),3.86,7.65,2024-12-09 14:56:40,True
Tec-9 | Fuel Injector (Field-Tested),2.47,3.3,2024-12-09 15:00:56,False
Charm | Disco MAC,1.06,1.85,2024-12-09 15:05:22,False
eSports 2013 Winter Case,7.51,9.98,2024-12-09 15:26:28,False
USP-S | Check Engine (Factory New),0.88,1.4,2024-12-09 18:27:59,False
Charm | Die-cast AK,6.16,10.51,2024-12-09 19:43:12,False
Charm | Die-cast AK,4.83,10.51,2024-12-09 21:45:44,True
Charm | Die-cast AK,4.83,10.51,2024-12-09 21:45:58,True
Charm | Die-cast AK,4.83,10.51,2024-12-09 21:46:09,True
Charm | Die-cast AK,4.83,10.51,2024-12-09 21:46:21,True
M4A1-S | Wash me plz (Factory New),0.81,1.99,2024-12-10 09:22:04,True
Desert Eagle | Tilted (Factory New),3.0,7.65,2024-12-10 12:24:19,True
StatTrak™ Glock-18 | Moonrise (Minimal Wear),1.74,2.82,2024-12-10 12:30:39,False
Charm | POP Art,1.37,2.14,2024-12-10 12:32:20,False
M4A1-S | Wash me plz (Factory New),0.59,1.99,2024-12-10 12:32:49,True
Charm | Lil' SAS,0.7,1.4,2024-12-10 12:35:06,False
R8 Revolver | Blaze (Factory New),1.38,2.32,2024-12-10 13:58:24,True
Galil AR | Chromatic Aberration (Field-Tested),1.52,1.95,2024-12-10 13:59:26,False
Charm | Lil' SAS,0.7,1.4,2024-12-10 14:02:48,False
Charm | Lil' SAS,0.7,1.4,2024-12-10 14:02:59,False
Charm | Lil' SAS,0.7,1.4,2024-12-10 14:03:12,False
USP-S | Check Engine (Factory New),0.83,1.4,2024-12-10 14:03:26,False
Charm | Big Kev,0.49,1.07,2024-12-10 14:04:27,False
Charm | Big Kev,0.49,1.07,2024-12-10 14:04:39,False
'Two Times' McCoy | TACP Cavalry,4.1,5.17,2024-12-10 14:32:44,False
Easy Peasy Pin,2.43,3.67,2024-12-10 15:24:32,False
Inferno 2 Pin,2.39,3.02,2024-12-10 15:24:52,False
Guardian 3 Pin,1.78,2.63,2024-12-10 15:26:54,False
Lt. Commander Ricksaw | NSWC SEAL,10.0,15.33,2024-12-10 18:34:42,False
StatTrak™ Desert Eagle | Blue Ply (Minimal Wear),1.32,2.04,2024-12-10 18:47:44,False
M4A1-S | Emphorosaur-S (Minimal Wear),0.89,1.5,2024-12-10 18:50:04,False
M4A1-S | Mud-Spec (Factory New),0.78,1.58,2024-12-10 20:54:18,True
MP9 | Mount Fuji (Factory New),9.61,14.53,2024-12-10 21:42:20,False
M4A1-S | Wash me plz (Factory New),0.8,1.99,2024-12-10 22:03:15,True
Desert Eagle | Tilted (Factory New),5.2,7.65,2024-12-11 02:05:10,False
Sticker | PGL (Glitter) | Antwerp 2022,0.52,1.45,2024-12-11 03:00:39,True
Sticker | PGL (Glitter) | Antwerp 2022,0.52,1.45,2024-12-11 03:00:51,True
StatTrak™ M4A1-S | Emphorosaur-S (Factory New),7.26,9.03,2024-12-12 03:47:21,False
StatTrak™ Glock-18 | Moonrise (Minimal Wear),1.74,2.82,2024-12-12 03:54:53,False
Sticker | Cloud9 (Glitter) | Copenhagen 2024,1.05,1.88,2024-12-12 03:57:12,False
Sticker | Cloud9 (Glitter) | Copenhagen 2024,1.05,1.88,2024-12-12 03:57:24,False
Sticker | Cloud9 (Glitter) | Copenhagen 2024,1.05,1.88,2024-12-12 03:57:35,False
M4A1-S | Mud-Spec (Factory New),0.83,1.58,2024-12-12 03:59:02,False
Glock-18 | Umbral Rabbit (Factory New),1.5,3.19,2024-12-12 11:44:43,True
Five-SeveN | Urban Hazard (Factory New),1.18,2.11,2024-12-12 11:47:55,False
'Two Times' McCoy | TACP Cavalry,4.13,5.17,2024-12-12 13:36:18,False
M4A1-S | Nitro (Minimal Wear),1.05,1.37,2024-12-12 19:12:12,False
R8 Revolver | Blaze (Factory New),1.62,2.32,2024-12-12 20:49:31,False
R8 Revolver | Blaze (Factory New),1.42,2.32,2024-12-12 21:27:25,False
Sticker | Cloud9 (Glitter) | Copenhagen 2024,0.62,1.88,2024-12-12 22:03:46,True
Arno The Overgrown | Guerrilla Warfare,6.91,8.91,2024-12-12 22:27:26,False
AK-47 | Nightwish (Minimal Wear),14.4,17.91,2024-12-12 23:22:42,False
Easy Peasy Pin,2.49,3.67,2024-12-13 00:13:33,False
Inferno 2 Pin,2.25,3.02,2024-12-13 00:42:00,False
Sticker | Battle Scarred (Holo),5.68,7.19,2024-12-13 01:47:16,False
Sticker | Battle Scarred (Holo),5.68,7.19,2024-12-13 01:47:27,False
Desert Eagle | Tilted (Minimal Wear),1.5,1.97,2024-12-13 12:30:32,False
Sticker | Cloud9 (Glitter) | Copenhagen 2024,0.68,1.88,2024-12-13 12:32:37,True
Sticker | Cloud9 (Glitter) | Copenhagen 2024,1.05,1.88,2024-12-13 12:32:49,False
Sticker | PGL (Glitter) | Antwerp 2022,0.55,1.45,2024-12-13 13:03:54,True
Charm | Lil' SAS,0.7,1.4,2024-12-13 13:04:35,False
Charm | Lil' SAS,0.71,1.4,2024-12-13 13:04:49,False
Desert Eagle | Light Rail (Factory New),3.1,4.76,2024-12-13 17:15:37,False
Galil AR | Stone Cold (Field-Tested),1.3,2.04,2024-12-13 21:49:37,False
Charm | Lil' SAS,0.82,1.4,2024-12-13 21:54:03,False
StatTrak™ M4A1-S | Night Terror (Field-Tested),1.3,1.7,2024-12-13 23:19:41,False
M4A1-S | Mud-Spec (Factory New),0.82,1.58,2024-12-14 02:20:34,False
M4A1-S | Mud-Spec (Factory New),0.82,1.58,2024-12-14 02:20:46,False
StatTrak™ AK-47 | Elite Build (Field-Tested),2.9,3.9,2024-12-14 10:03:18,False
Desert Eagle | Mecha Industries (Field-Tested),2.97,4.03,2024-12-14 11:03:25,False
'Two Times' McCoy | TACP Cavalry,4.13,5.17,2024-12-14 12:53:24,False
Vypa Sista of the Revolution | Guerrilla Warfare,27.96,34.76,2024-12-14 13:38:17,False
Desert Eagle | Tilted (Factory New),3.89,7.65,2024-12-14 21:49:24,True
Charm | Big Kev,0.4,1.07,2024-12-15 12:23:02,True
AWP | Asiimov (Battle-Scarred),66.69,71.47,2024-12-19 00:13:50,False
AWP | Asiimov (Battle-Scarred),67.1,71.47,2024-12-19 00:14:03,False
StatTrak™ M4A1-S | Emphorosaur-S (Minimal Wear),2.91,5.6,2024-12-19 00:48:19,True
Tec-9 | Re-Entry (Factory New),1.29,2.54,2024-12-19 01:37:28,True
Shanghai 2024 Contenders Sticker Capsule,1.0,2.35,2024-12-19 01:38:29,True
Shanghai 2024 Contenders Sticker Capsule,1.0,2.35,2024-12-19 01:38:46,True
Shanghai 2024 Contenders Sticker Capsule,1.0,2.35,2024-12-19 01:38:58,True
Shanghai 2024 Contenders Sticker Capsule,1.0,2.35,2024-12-19 01:39:13,True
Shanghai 2024 Contenders Sticker Capsule,1.0,2.35,2024-12-19 01:39:28,True
Shanghai 2024 Contenders Sticker Capsule,1.0,2.35,2024-12-19 01:39:40,True
Shanghai 2024 Contenders Sticker Capsule,1.0,2.35,2024-12-19 01:39:58,True
Shanghai 2024 Contenders Sticker Capsule,1.0,2.35,2024-12-19 01:40:13,True
Shanghai 2024 Contenders Sticker Capsule,1.0,2.35,2024-12-19 01:40:25,True
Shanghai 2024 Contenders Sticker Capsule,1.0,2.35,2024-12-19 01:40:39,True
Shanghai 2024 Contenders Sticker Capsule,1.0,2.35,2024-12-19 01:40:52,True
Shanghai 2024 Contenders Sticker Capsule,1.0,2.35,2024-12-19 01:41:04,True
Shanghai 2024 Contenders Sticker Capsule,1.0,2.35,2024-12-19 01:41:16,True
Shanghai 2024 Contenders Sticker Capsule,1.0,2.35,2024-12-19 01:41:30,True
Shanghai 2024 Contenders Sticker Capsule,1.0,2.35,2024-12-19 01:41:44,True
M4A1-S | Mud-Spec (Factory New),0.82,1.74,2024-12-19 01:45:29,True
Sticker | Glare,0.08,0.54,2024-12-19 05:20:24,True
M4A1-S | Wash me plz (Factory New),0.58,1.61,2024-12-19 11:54:07,True
Sticker | OG (Glitter) | Rio 2022,0.06,0.64,2024-12-19 12:03:45,True
Sticker | Glare,0.08,0.54,2024-12-19 12:04:32,True
Glock-18 | Gold Toof (Field-Tested),13.75,17.32,2024-12-19 20:13:56,False
AWP | Black Nile (Factory New),4.9,7.91,2024-12-19 20:22:51,False
Rezan the Redshirt | Sabre,4.42,5.61,2024-12-19 20:25:15,False
Osiris | Elite Crew,4.5,5.99,2024-12-19 20:47:56,False
'Two Times' McCoy | USAF TACP,3.54,4.46,2024-12-19 20:51:44,False
Charm | That's Bananas,2.25,3.79,2024-12-19 20:55:06,False
Charm | That's Bananas,2.4,3.79,2024-12-19 20:55:21,False
Charm | That's Bananas,2.4,3.79,2024-12-19 20:55:34,False
Guardian 3 Pin,1.77,2.24,2024-12-19 20:59:22,False
Desert Eagle | Heat Treated (Well-Worn),1.35,2.12,2024-12-19 21:48:40,False
Galil AR | Tuxedo (Factory New),1.2,2.33,2024-12-19 21:49:25,False
Tec-9 | Re-Entry (Factory New),1.06,2.54,2024-12-19 22:33:43,True
M4A1-S | Wash me plz (Factory New),0.59,1.61,2024-12-20 00:55:02,True
Sticker | Winding Scorch,1.0,1.56,2024-12-20 00:55:23,False
Sticker | Winding Scorch,1.0,1.56,2024-12-20 00:55:35,False
Sticker | Winding Scorch,1.0,1.56,2024-12-20 00:55:46,False
Sticker | Winding Scorch,1.0,1.56,2024-12-20 00:55:58,False
Sticker | Boom Trail (Glitter),0.17,0.93,2024-12-20 03:30:56,True
Sticker | Boom Detonation (Glitter),0.16,0.77,2024-12-20 03:33:05,True
AK-47 | Head Shot (Field-Tested),6.92,8.62,2024-12-20 03:48:12,False
AK-47 | Head Shot (Minimal Wear),13.99,17.47,2024-12-20 14:59:24,False
AWP | Black Nile (Factory New),5.18,7.91,2024-12-20 15:55:31,False
Sticker | Boom Trail (Glitter),0.17,0.93,2024-12-20 16:43:58,True
Sticker | Boom Trail (Glitter),0.17,0.93,2024-12-20 16:44:12,True
Sticker | Boom Trail (Glitter),0.17,0.93,2024-12-20 16:44:24,True
Sticker | Boom Trail (Glitter),0.17,0.93,2024-12-20 16:44:37,True
Sticker | Boom Trail (Glitter),0.17,0.93,2024-12-20 16:44:50,True
Sticker | Scorch Loop,0.26,0.83,2024-12-20 16:46:23,True
Sticker | Scorch Loop,0.26,0.83,2024-12-20 16:46:39,True
Sticker | Scorch Loop,0.26,0.83,2024-12-20 16:46:51,True
Sticker | Scorch Loop,0.26,0.83,2024-12-20 16:47:08,True
Sticker | Boom Detonation (Glitter),0.15,0.77,2024-12-20 16:48:31,True
Sticker | Boom Detonation (Glitter),0.15,0.77,2024-12-20 16:48:46,True
Sticker | Boom Detonation (Glitter),0.15,0.77,2024-12-20 16:48:58,True
Sticker | Boom Trail,0.12,0.65,2024-12-20 16:50:05,True
Sticker | Boom Trail,0.12,0.65,2024-12-20 16:50:19,True
Sticker | Boom Trail,0.12,0.65,2024-12-20 16:50:33,True
Galil AR | Tuxedo (Factory New),1.15,2.33,2024-12-20 23:59:51,True
Galil AR | Tuxedo (Factory New),1.42,2.33,2024-12-21 00:00:04,False
Galil AR | Tuxedo (Factory New),1.42,2.33,2024-12-21 00:00:16,False
Five-SeveN | Urban Hazard (Factory New),1.2,2.09,2024-12-21 00:01:43,False
Five-SeveN | Urban Hazard (Factory New),1.25,2.09,2024-12-21 00:01:55,False
Five-SeveN | Urban Hazard (Factory New),1.3,2.09,2024-12-21 00:02:10,False
Shanghai 2024 Legends Sticker Capsule,1.2,1.69,2024-12-21 00:02:50,False
Shanghai 2024 Legends Sticker Capsule,1.2,1.69,2024-12-21 00:03:02,False
Shanghai 2024 Legends Sticker Capsule,1.2,1.69,2024-12-21 00:03:16,False
Shanghai 2024 Legends Sticker Capsule,1.2,1.69,2024-12-21 00:03:29,False
Shanghai 2024 Legends Sticker Capsule,1.2,1.69,2024-12-21 00:03:43,False
Shanghai 2024 Legends Sticker Capsule,1.2,1.69,2024-12-21 00:03:54,False
Shanghai 2024 Legends Sticker Capsule,1.2,1.69,2024-12-21 00:04:06,False
Sticker | s1mple (Holo) | Stockholm 2021,1.11,1.67,2024-12-21 00:04:21,False
Sticker | s1mple (Holo) | Stockholm 2021,1.16,1.67,2024-12-21 00:04:36,False
Sticker | s1mple (Holo) | Stockholm 2021,1.16,1.67,2024-12-21 00:04:48,False
Sticker | s1mple (Holo) | Stockholm 2021,1.16,1.67,2024-12-21 00:05:00,False
Sticker | s1mple (Holo) | Stockholm 2021,1.16,1.67,2024-12-21 00:05:17,False
Sticker | s1mple (Holo) | Stockholm 2021,1.16,1.67,2024-12-21 00:05:29,False
USP-S | Check Engine (Factory New),0.88,1.49,2024-12-21 00:07:50,False
Sticker | Bolt Strike,0.54,1.02,2024-12-21 00:11:00,False
Sticker | Bolt Strike,0.54,1.02,2024-12-21 00:11:12,False
Sticker | Bolt Strike,0.54,1.02,2024-12-21 00:11:23,False
Sticker | Bolt Strike,0.54,1.02,2024-12-21 00:11:36,False
Sticker | Boom Trail (Glitter),0.21,0.93,2024-12-21 00:12:54,True
Slingshot | Phoenix,4.0,7.19,2024-12-21 01:29:50,True
Glock-18 | Gold Toof (Field-Tested),13.98,17.32,2024-12-21 05:48:11,False
Sticker | Dragon Lore (Foil),7.11,13.51,2024-12-21 11:31:52,True
Sticker | Winding Scorch,0.41,1.56,2024-12-21 14:22:32,True
Sticker | Lotus (Glitter),4.16,5.36,2024-12-21 15:32:51,False
StatTrak™ M4A1-S | Emphorosaur-S (Minimal Wear),2.95,5.6,2024-12-21 16:21:27,False
Michael Syfers  | FBI Sniper,5.41,7.05,2024-12-22 00:46:40,False
Glock-18 | Umbral Rabbit (Factory New),1.47,1.86,2024-12-22 01:01:01,False
Five-SeveN | Urban Hazard (Factory New),1.22,2.09,2024-12-22 01:01:44,False
Glock-18 | Nuclear Garden (Field-Tested),0.98,1.92,2024-12-22 01:02:44,False
Glock-18 | Nuclear Garden (Field-Tested),1.05,1.92,2024-12-22 01:02:59,False
M4A1-S | Emphorosaur-S (Minimal Wear),0.93,1.55,2024-12-22 01:05:28,False
USP-S | Check Engine (Factory New),0.91,1.49,2024-12-22 01:06:04,False
Sticker | PGL (Holo) | Stockholm 2021,0.44,0.72,2024-12-22 02:20:53,False
Desert Eagle | Sputnik (Factory New),1.75,2.68,2024-12-22 09:23:24,False
USP-S | Blueprint (Minimal Wear),6.94,13.2,2024-12-22 09:38:05,True
StatTrak™ Glock-18 | Umbral Rabbit (Factory New),3.97,7.33,2024-12-22 09:42:17,False
Chem-Haz Specialist | SWAT,5.41,7.52,2024-12-22 11:15:50,False
Glock-18 | Umbral Rabbit (Factory New),1.46,1.86,2024-12-22 11:23:51,False
Glock-18 | Nuclear Garden (Field-Tested),0.96,1.92,2024-12-22 11:46:41,True
Rezan the Redshirt | Sabre,4.35,5.61,2024-12-22 13:47:22,False
Welcome to the Clutch Pin,2.73,3.6,2024-12-22 13:50:09,False
Charm | Disco MAC,1.0,1.82,2024-12-22 13:54:22,False
Operation Hydra Case,14.06,17.57,2024-12-22 14:52:11,False
USP-S | Blueprint (Minimal Wear),8.08,13.2,2024-12-22 16:06:09,False
StatTrak™ SSG 08 | Abyss (Minimal Wear),1.52,2.25,2024-12-22 16:16:54,False
StatTrak™ Desert Eagle | Blue Ply (Minimal Wear),1.25,2.04,2024-12-22 16:17:36,False
USP-S | Blueprint (Minimal Wear),7.12,13.2,2024-12-22 16:29:01,True
Sir Bloody Silent Darryl | The Professionals,30.0,37.34,2024-12-22 17:16:08,False
Five-SeveN | Urban Hazard (Minimal Wear),0.92,1.81,2024-12-22 20:29:19,True
Sticker | Cloud9 (Glitter) | Copenhagen 2024,0.57,1.69,2024-12-22 20:30:04,True
Sticker | Vitality (Holo) | Paris 2023,0.49,1.12,2024-12-22 20:31:23,True
Charm | That's Bananas,1.5,3.79,2024-12-23 03:15:24,True
Galil AR | Tuxedo (Factory New),1.49,2.33,2024-12-24 01:24:44,False
M4A1-S | Mud-Spec (Factory New),1.02,1.74,2024-12-24 01:26:21,False
Sticker | Complexity Gaming (Holo) | Paris 2023,0.53,1.67,2024-12-24 01:26:52,True
Sticker | SAW (Glitter) | Copenhagen 2024,0.27,0.9,2024-12-24 01:30:03,True
Sticker | SAW (Glitter) | Copenhagen 2024,0.36,0.9,2024-12-24 02:12:21,False
Charm | That's Bananas,2.09,3.79,2024-12-24 07:37:08,False
M4A1-S | Black Lotus (Field-Tested),7.77,9.69,2024-12-24 10:27:36,False
M4A1-S | Black Lotus (Field-Tested),7.77,9.69,2024-12-24 10:27:47,False
Aspirant | Gendarmerie Nationale,4.12,5.43,2024-12-24 10:31:19,False
USP-S | Alpine Camo (Factory New),3.39,5.11,2024-12-24 10:33:11,False
Death Sentence Pin,2.08,2.81,2024-12-24 10:35:12,False
Guardian 3 Pin,1.6,2.24,2024-12-24 10:36:36,False
Dual Berettas | Melondrama (Minimal Wear),2.2,2.99,2024-12-24 11:45:53,False
MP9 | Food Chain (Field-Tested),1.79,2.28,2024-12-24 11:47:26,False
Sticker | High Heat,1.5,2.56,2024-12-24 12:11:17,False
Galil AR | Tuxedo (Factory New),1.33,2.33,2024-12-24 14:52:57,False
Glock-18 | Candy Apple (Factory New),0.58,0.81,2024-12-24 14:57:05,False
Glock-18 | Candy Apple (Factory New),0.58,0.81,2024-12-24 14:57:17,False
Sticker | OG (Glitter) | Rio 2022,0.05,0.64,2024-12-24 14:59:37,True
StatTrak™ M4A1-S | Emphorosaur-S (Field-Tested),1.4,2.09,2024-12-24 15:16:54,False
Easy Peasy Pin,2.5,3.18,2024-12-24 16:00:19,False
M4A1-S | Emphorosaur-S (Minimal Wear),0.92,1.55,2024-12-24 16:43:48,False
StatTrak™ Desert Eagle | Mecha Industries (Field-Tested),6.0,7.82,2024-12-24 18:42:03,False
M4A1-S | Emphorosaur-S (Minimal Wear),0.94,1.55,2024-12-24 18:51:55,False
Glock-18 | Umbral Rabbit (Factory New),1.39,1.86,2024-12-24 20:31:43,False
USP-S | Blueprint (Minimal Wear),6.9,13.2,2024-12-24 21:56:29,True
Charm | That's Bananas,1.47,3.79,2024-12-24 22:38:21,True
Five-SeveN | Urban Hazard (Minimal Wear),0.85,1.81,2024-12-24 22:42:07,True
Sticker | Vitality (Holo) | Paris 2023,0.54,1.12,2024-12-24 22:44:00,True
Sticker | Lynn Vision (Glitter) | Copenhagen 2024,0.37,1.03,2024-12-24 22:45:24,True
Sticker | Apeks (Glitter) | Copenhagen 2024,0.14,0.54,2024-12-24 22:47:49,False
Sticker | Cloud9 (Glitter) | Copenhagen 2024,0.65,1.69,2024-12-24 23:06:05,True
AK-47 | Crossfade (Factory New),7.0,10.61,2024-12-24 23:19:11,False
Sticker | High Heat,1.37,2.56,2024-12-25 00:12:52,False
Sticker | Boom Trail (Glitter),0.21,0.93,2024-12-25 00:18:14,True
Sticker | Boom Detonation (Glitter),0.19,0.77,2024-12-25 00:19:29,True
Sticker | Boom Detonation (Glitter),0.19,0.77,2024-12-25 00:19:40,True
Sticker | Boom Trail,0.15,0.65,2024-12-25 00:20:15,True
Charm | Lil' SAS,0.61,0.84,2024-12-25 01:00:49,False
Charm | Lil' SAS,0.61,0.84,2024-12-25 01:01:00,False
Charm | Lil' SAS,0.61,0.84,2024-12-25 01:01:11,False
Charm | Lil' SAS,0.61,0.84,2024-12-25 01:01:23,False
Charm | Lil' SAS,0.61,0.84,2024-12-25 01:01:34,False
Charm | Lil' SAS,0.61,0.84,2024-12-25 01:01:46,False
Charm | That's Bananas,2.1,3.79,2024-12-25 01:18:51,False
Charm | That's Bananas,2.1,3.79,2024-12-25 01:19:02,False
Sticker | Boom Trail,0.12,0.65,2024-12-25 01:50:41,True
Sticker | PGL (Holo) | Stockholm 2021,0.41,0.72,2024-12-25 02:27:57,False
Glock-18 | Nuclear Garden (Field-Tested),1.19,1.92,2024-12-25 03:05:29,False
Sticker | Boom Trail (Glitter),0.2,0.93,2024-12-25 03:09:23,True
Sticker | Boom Trail (Glitter),0.2,0.93,2024-12-25 03:09:34,True
Sticker | Boom Detonation (Glitter),0.18,0.77,2024-12-25 03:10:47,True
Charm | Disco MAC,1.08,1.82,2024-12-25 08:14:48,False
Sawed-Off | Analog Input (Field-Tested),0.4,0.82,2024-12-25 08:17:36,True
MP9 | Mount Fuji (Field-Tested),3.89,4.96,2024-12-25 09:28:25,False
AK-47 | Crossfade (Factory New),5.5,10.61,2024-12-25 09:46:07,False
AK-47 | Crossfade (Factory New),5.5,10.61,2024-12-25 09:46:18,False
Sir Bloody Silent Darryl | The Professionals,29.45,37.34,2024-12-25 10:23:35,False
Sticker | High Heat,1.71,2.56,2024-12-25 10:51:44,False
Sticker | Boom Trail,0.11,0.65,2024-12-25 12:32:34,True
M4A1-S | Wash me plz (Factory New),0.55,1.61,2024-12-25 13:11:50,True
eSports 2013 Winter Case,8.0,9.95,2024-12-25 13:52:47,False
eSports 2013 Winter Case,8.0,9.95,2024-12-25 13:52:58,False
eSports 2013 Winter Case,8.0,9.95,2024-12-25 13:53:09,False
eSports 2013 Winter Case,8.0,9.95,2024-12-25 13:53:20,False
eSports 2013 Winter Case,8.0,9.95,2024-12-25 13:53:32,False
eSports 2013 Winter Case,8.0,9.95,2024-12-25 13:53:43,False
eSports 2013 Winter Case,8.0,9.95,2024-12-25 22:00:07,False
eSports 2013 Winter Case,8.0,9.95,2024-12-25 22:00:18,False
eSports 2013 Winter Case,8.0,9.95,2024-12-25 22:00:30,False
Sticker | Bad News Eagles (Glitter) | Antwerp 2022,0.05,0.93,2024-12-25 22:14:13,True
Sticker | SAW (Glitter) | Copenhagen 2024,0.28,0.9,2024-12-25 22:14:35,True
eSports 2013 Winter Case,8.0,9.95,2024-12-25 23:06:39,False
Sticker | Vitality (Holo) | Paris 2023,0.45,1.12,2024-12-25 23:18:34,True
Sticker | Vitality (Holo) | Paris 2023,0.45,1.12,2024-12-25 23:18:45,True
Bio-Haz Specialist | SWAT,5.92,7.45,2024-12-26 03:19:35,False
Sticker | Fluxo (Holo) | Paris 2023,0.72,1.37,2024-12-26 09:48:13,True
1st Lieutenant Farlow | SWAT,5.0,6.73,2024-12-26 12:36:18,False
StatTrak™ MAC-10 | Sakkaku (Field-Tested),2.0,2.55,2024-12-26 12:41:59,False
Sticker | Apeks (Holo) | Paris 2023,1.33,1.98,2024-12-26 12:43:22,False
Glock-18 | Umbral Rabbit (Factory New),1.45,1.86,2024-12-26 12:43:59,False
Five-SeveN | Urban Hazard (Factory New),1.14,2.09,2024-12-26 12:44:26,False
Five-SeveN | Urban Hazard (Factory New),1.36,2.09,2024-12-26 12:44:37,False
Shanghai 2024 Legends Sticker Capsule,1.3,1.69,2024-12-26 12:45:02,False
Shanghai 2024 Legends Sticker Capsule,1.3,1.69,2024-12-26 12:45:14,False
Sticker | s1mple (Holo) | Stockholm 2021,1.18,1.67,2024-12-26 12:45:27,False
Charm | Lil' SAS,0.61,0.84,2024-12-26 12:48:28,False
Sticker | PGL (Holo) | Stockholm 2021,0.4,0.72,2024-12-26 12:49:25,False
M4A1-S | Wash me plz (Factory New),0.62,1.61,2024-12-26 13:09:28,True
M4A4 | Converter (Factory New),0.75,1.89,2024-12-26 13:59:57,True
Sticker | Lotus (Glitter),4.1,5.36,2024-12-26 14:22:58,False
Sticker | Lotus (Glitter),4.1,5.36,2024-12-26 14:23:09,False
Sticker | Lotus (Glitter),4.1,5.36,2024-12-26 14:23:21,False
Sticker | Lotus (Glitter),4.1,5.36,2024-12-26 14:23:33,False
Sir Bloody Silent Darryl | The Professionals,30.0,37.34,2024-12-26 16:45:11,False
M4A1-S | Wash me plz (Factory New),0.57,1.61,2024-12-26 17:09:26,True
Arno The Overgrown | Guerrilla Warfare,7.14,8.97,2024-12-26 17:21:26,False
Sticker | Boom Trail,0.15,0.65,2024-12-26 18:47:20,True
Sticker | Boom Trail,0.15,0.65,2024-12-26 18:47:31,True
Sticker | Boom Trail,0.15,0.65,2024-12-26 18:47:42,True
Sticker | Boom Trail,0.15,0.65,2024-12-26 18:47:54,True
Glock-18 | Candy Apple (Factory New),0.58,0.81,2024-12-26 23:16:35,False
M4A1-S | Wash me plz (Factory New),0.57,1.61,2024-12-27 08:04:58,True
Sir Bloody Silent Darryl | The Professionals,29.35,37.34,2024-12-27 10:04:04,False
AK-47 | Nightwish (Minimal Wear),14.7,18.36,2024-12-27 10:38:35,False
AK-47 | Nightwish (Minimal Wear),14.7,18.36,2024-12-27 10:38:47,False
AK-47 | Nightwish (Minimal Wear),14.7,18.36,2024-12-27 10:39:00,False
Sticker | Glare,0.07,0.54,2024-12-27 10:57:09,True
Sticker | Winding Scorch,0.53,1.56,2024-12-27 11:15:03,True
Safecracker Voltzmann | The Professionals,12.72,15.78,2024-12-27 14:11:39,False
M4A4 | Converter (Factory New),0.64,1.89,2024-12-27 15:15:10,True
Sticker | Boom Trail,0.13,0.65,2024-12-27 16:02:33,True
Bloody Darryl The Strapped | The Professionals,29.69,39.06,2024-12-29 15:57:23,False
Sir Bloody Silent Darryl | The Professionals,30.0,37.34,2024-12-29 15:57:38,False
USP-S | Blueprint (Minimal Wear),7.99,13.2,2024-12-29 16:01:04,True
Glock-18 | Nuclear Garden (Field-Tested),1.22,1.92,2024-12-29 16:12:35,False
M4A1-S | Mud-Spec (Factory New),0.96,1.74,2024-12-29 16:13:17,False
Sticker | Complexity Gaming (Holo) | Paris 2023,0.43,1.67,2024-12-29 16:13:48,True
M4A1-S | Wash me plz (Factory New),0.58,1.61,2024-12-29 16:14:07,True
M4A1-S | Emphorosaur-S (Minimal Wear),0.93,1.55,2024-12-29 16:31:56,False
1st Lieutenant Farlow | SWAT,4.92,6.73,2024-12-29 16:45:20,False
Sticker | Cloud9 (Glitter) | Antwerp 2022,0.44,0.86,2024-12-29 16:55:59,True
Sticker | Cloud9 (Glitter) | Antwerp 2022,0.44,0.86,2024-12-29 16:56:11,True
Sticker | Cloud9 (Glitter) | Antwerp 2022,0.44,0.86,2024-12-29 16:56:22,True
Sticker | PGL (Holo) | Stockholm 2021,0.4,0.72,2024-12-29 16:57:25,False
Sticker | Imperial Esports (Glitter) | Antwerp 2022,0.4,0.67,2024-12-29 16:57:52,False
Sticker | Imperial Esports (Glitter) | Antwerp 2022,0.4,0.67,2024-12-29 16:58:03,False
USP-S | Blueprint (Minimal Wear),7.61,13.2,2024-12-29 17:29:17,True
Sticker | Vitality (Holo) | Stockholm 2021,1.18,2.16,2024-12-29 18:02:36,False
Sticker | Vitality (Holo) | Stockholm 2021,1.18,2.16,2024-12-29 18:02:47,False
Aspirant | Gendarmerie Nationale,4.08,5.43,2024-12-29 18:55:32,False
R8 Revolver | Blaze (Factory New),1.33,1.74,2024-12-29 19:43:50,False
Five-SeveN | Urban Hazard (Factory New),1.2,2.09,2024-12-29 20:12:07,False
Sir Bloody Darryl Royale | The Professionals,45.0,58.32,2024-12-29 20:30:01,False
Sticker | Bad News Eagles (Glitter) | Antwerp 2022,0.04,0.93,2024-12-29 20:58:56,True
M4A1-S | Mud-Spec (Factory New),0.8,1.74,2024-12-29 21:18:01,True
Charm | Disco MAC,0.87,1.82,2024-12-30 00:48:06,True
USP-S | Blueprint (Minimal Wear),7.11,13.2,2024-12-30 01:52:17,True
Sir Bloody Skullhead Darryl | The Professionals,36.05,45.8,2024-12-30 05:02:12,False
AK-47 | Crossfade (Factory New),5.3,10.61,2024-12-30 10:17:35,True
M4A1-S | Mud-Spec (Factory New),0.87,1.74,2024-12-30 11:47:17,True
M4A1-S | Wash me plz (Factory New),0.65,1.61,2024-12-30 13:59:29,True
Sticker | Complexity Gaming (Holo) | Paris 2023,0.42,1.67,2024-12-30 18:16:45,True
Sticker | Fnatic (Holo) | Paris 2023,0.48,0.93,2024-12-30 18:18:30,True
Sticker | Fnatic (Holo) | Paris 2023,0.48,0.93,2024-12-30 18:18:42,True
Sticker | Fnatic (Holo) | Paris 2023,0.48,0.93,2024-12-30 18:18:53,True
Sticker | Boom Trail (Glitter),0.14,0.93,2024-12-30 19:18:20,True
Sticker | Boom Trail,0.1,0.65,2024-12-30 19:40:01,True
Sticker | Boom Trail,0.1,0.65,2024-12-30 19:40:12,True
Sticker | Apeks (Glitter) | Copenhagen 2024,0.11,0.54,2024-12-30 19:40:35,True
Inferno 2 Pin,2.37,2.97,2024-12-30 21:23:54,False
Sticker | High Heat,1.66,2.56,2024-12-30 21:25:43,False
Sticker | High Heat,1.66,2.56,2024-12-30 21:25:54,False
Sticker | High Heat,1.66,2.56,2024-12-30 21:26:05,False
Sticker | High Heat,1.66,2.56,2024-12-30 21:38:01,False
Shanghai 2024 Legends Sticker Capsule,1.2,1.69,2024-12-30 21:39:32,False
Shanghai 2024 Legends Sticker Capsule,1.2,1.69,2024-12-30 21:39:43,False
Shanghai 2024 Legends Sticker Capsule,1.2,1.69,2024-12-30 21:39:55,False
Shanghai 2024 Legends Sticker Capsule,1.2,1.69,2024-12-30 21:40:06,False
Shanghai 2024 Legends Sticker Capsule,1.2,1.69,2024-12-30 21:40:17,False
Shanghai 2024 Legends Sticker Capsule,1.2,1.69,2024-12-30 21:40:28,False
Shanghai 2024 Legends Sticker Capsule,1.2,1.69,2024-12-30 21:40:39,False
Shanghai 2024 Legends Sticker Capsule,1.3,1.69,2024-12-30 21:40:51,False
Sticker | Apeks (Holo) | Paris 2023,1.25,1.98,2024-12-30 22:23:57,False
Sticker | Apeks (Holo) | Paris 2023,1.25,1.98,2024-12-30 22:24:08,False
Shanghai 2024 Legends Sticker Capsule,1.3,1.69,2024-12-30 22:25:13,False
Shanghai 2024 Legends Sticker Capsule,1.3,1.69,2024-12-30 22:25:24,False
Sticker | Complexity Gaming (Holo) | Paris 2023,0.42,1.67,2024-12-30 22:26:33,True
Sticker | Fluxo (Holo) | Paris 2023,0.77,1.37,2024-12-30 22:26:54,True
USP-S | Blueprint (Minimal Wear),10.0,13.2,2024-12-31 00:29:00,False
Sticker | Fnatic (Holo) | Paris 2023,0.53,0.93,2024-12-31 00:48:03,False
The Elite Mr. Muhlik | Elite Crew,4.62,7.95,2024-12-31 01:18:05,True
Canals Pin,2.06,2.68,2024-12-31 02:54:23,False
Sticker | Boom Detonation (Glitter),0.19,0.77,2024-12-31 03:01:47,True
FAMAS | Commemoration (Factory New),9.06,12.0,2024-12-31 08:43:15,False
M4A1-S | Mud-Spec (Factory New),0.81,1.74,2024-12-31 12:16:35,True
Sticker | Complexity Gaming (Holo) | Paris 2023,0.48,1.67,2024-12-31 13:21:05,True
Sticker | Glare,0.1,0.54,2024-12-31 14:50:16,True
M4A1-S | Wash me plz (Factory New),0.59,1.61,2024-12-31 15:07:55,True
M4A4 | Converter (Factory New),0.53,1.89,2024-12-31 15:58:32,True
Sticker | High Heat,1.15,2.56,2024-12-31 19:56:26,True
Sticker | Winding Scorch,0.41,1.56,2024-12-31 19:59:12,True
Sticker | Scorch Loop,0.25,0.83,2024-12-31 20:02:41,True
Sticker | Boom Trail,0.12,0.65,2024-12-31 20:03:38,True
Sticker | Scorch Loop,0.26,0.83,2025-01-01 09:58:01,True
Sticker | Boom Trail,0.12,0.65,2025-01-01 11:47:59,True
AK-47 | Crossfade (Factory New),5.23,10.61,2025-01-01 19:04:30,True
StatTrak™ Glock-18 | Umbral Rabbit (Factory New),3.91,7.33,2025-01-01 19:06:43,False
USP-S | Check Engine (Factory New),0.96,1.49,2025-01-02 00:01:35,False
AWP | Atheris (Minimal Wear),4.82,5.97,2025-01-02 00:19:35,False
AK-47 | Nightwish (Minimal Wear),14.24,18.36,2025-01-03 03:20:22,False
AK-47 | Crossfade (Factory New),6.85,10.61,2025-01-03 03:23:58,False
Glock-18 | Wasteland Rebel (Factory New),4.28,6.79,2025-01-03 03:26:49,False
Rezan the Redshirt | Sabre,4.15,5.61,2025-01-03 03:27:06,False
AWP | Atheris (Field-Tested),2.5,3.13,2025-01-03 03:35:27,False
Five-SeveN | Urban Hazard (Factory New),1.15,2.09,2025-01-03 03:38:42,False
Sticker | Winding Scorch,0.53,1.56,2025-01-03 04:22:56,True
Charm | Disco MAC,1.05,1.82,2025-01-03 09:13:33,False
Sticker | High Heat,1.69,2.56,2025-01-03 11:49:54,False
Sticker | High Heat,1.69,2.56,2025-01-03 16:06:27,False
Galil AR | Tuxedo (Factory New),1.03,2.33,2025-01-03 16:07:09,True
"Music Kit | TWERL and Ekko & Sidetrack, Under Bright Lights",6.22,8.3,2025-01-03 16:19:36,False
StatTrak™ USP-S | Ticket to Hell (Minimal Wear),1.83,2.56,2025-01-03 16:26:23,False
USP-S | Blueprint (Minimal Wear),10.13,13.2,2025-01-03 16:39:23,False
Sticker | Dragon Lore (Foil),6.88,13.51,2025-01-03 16:55:15,True
Sticker | High Heat,1.2,2.56,2025-01-03 17:05:33,True
Sticker | Complexity Gaming (Holo) | Paris 2023,0.42,1.67,2025-01-03 17:26:52,True
Charm | That's Bananas,2.25,3.79,2025-01-03 17:49:32,False
Charm | That's Bananas,2.25,3.79,2025-01-03 17:49:43,False
Charm | That's Bananas,2.25,3.79,2025-01-03 17:49:54,False
Charm | That's Bananas,2.25,3.79,2025-01-03 17:50:05,False
Galil AR | Tuxedo (Factory New),1.49,2.33,2025-01-03 18:32:53,False
Desert Eagle | Meteorite (Factory New),0.88,1.15,2025-01-03 19:24:06,False
Sticker | Bolt Charge,0.63,1.12,2025-01-03 21:00:55,False
StatTrak™ M4A1-S | Night Terror (Field-Tested),1.37,1.77,2025-01-03 22:21:01,False
USP-S | Cortex (Factory New),6.0,9.09,2025-01-03 23:51:06,False
Glock-18 | Block-18 (Minimal Wear),1.22,1.58,2025-01-04 00:01:28,False
M4A1-S | Emphorosaur-S (Minimal Wear),0.81,1.55,2025-01-04 00:02:35,False
Sticker | Bolt Strike,0.42,1.02,2025-01-04 00:42:43,True
Trapper Aggressor | Guerrilla Warfare,11.08,13.77,2025-01-04 00:48:59,False
Sticker | Scorch Loop,0.28,0.83,2025-01-04 01:05:01,True
Sticker | Scorch Loop (Reverse),0.18,0.59,2025-01-04 01:06:07,False
Sticker | High Heat,1.32,2.56,2025-01-04 01:21:54,False
Sticker | Winding Scorch,0.45,1.56,2025-01-04 01:24:38,True
Sticker | Winding Scorch,0.45,1.56,2025-01-04 01:24:49,True
Sticker | Boom Trail (Glitter),0.16,0.93,2025-01-04 01:27:37,True
Sticker | Scorch Loop,0.26,0.83,2025-01-04 01:28:30,True
Sticker | Scorch Loop,0.28,0.83,2025-01-04 01:28:41,True
Sticker | Boom Detonation (Glitter),0.15,0.77,2025-01-04 01:50:12,True
Sticker | Scorch Loop (Reverse),0.18,0.59,2025-01-04 01:50:55,False
Sticker | Scorch Loop (Reverse),0.18,0.59,2025-01-04 01:51:07,False
StatTrak™ Glock-18 | Moonrise (Factory New),5.0,7.52,2025-01-06 02:14:38,False
StatTrak™ Five-SeveN | Urban Hazard (Factory New),3.5,5.33,2025-01-06 02:17:18,False
AWP | Acheron (Factory New),1.97,3.49,2025-01-06 02:25:16,False
AWP | Acheron (Factory New),1.98,3.49,2025-01-06 02:25:28,False
AWP | Acheron (Factory New),2.0,3.49,2025-01-06 02:25:39,False
AWP | Acheron (Factory New),2.0,3.49,2025-01-06 02:25:50,False
AWP | Acheron (Factory New),2.23,3.49,2025-01-06 02:26:01,False
AWP | Acheron (Factory New),2.24,3.49,2025-01-06 02:26:12,False
AWP | Acheron (Factory New),2.24,3.49,2025-01-06 02:26:24,False
AWP | Acheron (Factory New),2.3,3.49,2025-01-06 02:26:35,False
Sticker | High Heat,1.31,2.34,2025-01-06 02:29:23,False
Glock-18 | Nuclear Garden (Field-Tested),1.2,1.9,2025-01-06 02:30:29,False
M4A1-S | Wash me plz (Factory New),0.59,1.57,2025-01-06 02:31:45,True
Sticker | Flex,0.49,1.28,2025-01-06 02:33:15,True
Sticker | Flex,0.49,1.28,2025-01-06 02:33:26,True
Sticker | Flex,0.62,1.28,2025-01-06 02:33:37,False
Glock-18 | Moonrise (Minimal Wear),0.75,1.25,2025-01-06 02:42:16,False
StatTrak™ Desert Eagle | Blue Ply (Field-Tested),0.73,1.24,2025-01-06 02:42:31,False
Sticker | Bad News Eagles (Glitter) | Antwerp 2022,0.08,0.94,2025-01-06 02:44:26,True
Sticker | Bad News Eagles (Glitter) | Antwerp 2022,0.08,0.94,2025-01-06 02:44:38,True
Sticker | Eternal Fire (Glitter) | Copenhagen 2024,0.47,0.91,2025-01-06 02:45:05,False
Sticker | Eternal Fire (Glitter) | Copenhagen 2024,0.47,0.91,2025-01-06 02:45:18,False
Sticker | Infinite Triangle (Holo),2.03,3.43,2025-01-06 03:13:52,True
Glock-18 | Moonrise (Minimal Wear),0.66,1.25,2025-01-06 03:20:34,False
M4A4 | Magnesium (Factory New),1.84,2.87,2025-01-06 09:08:39,False
Street Soldier | Phoenix,7.2,8.95,2025-01-06 10:40:06,False
MP7 | Fade (Minimal Wear),3.19,4.7,2025-01-06 12:33:27,False
Inferno 2 Pin,2.39,3.63,2025-01-06 12:34:03,False
StatTrak™ M4A1-S | Emphorosaur-S (Field-Tested),1.57,2.48,2025-01-06 12:37:37,False
Copenhagen 2024 Legends Autograph Capsule,0.4,0.73,2025-01-06 12:43:20,False
Cmdr. Mae 'Dead Cold' Jamison | SWAT,8.37,10.96,2025-01-06 13:13:29,False
Sticker | Flex,0.34,1.28,2025-01-06 14:08:14,True
Sticker | Vitality (Holo) | Paris 2023,0.44,1.17,2025-01-06 14:08:45,True
Sticker | Fnatic (Holo) | Paris 2023,0.5,0.85,2025-01-06 14:09:18,False
Sticker | Bolt Charge,0.65,2.09,2025-01-06 14:43:44,True
Sticker | Bolt Charge,0.65,2.09,2025-01-06 14:43:55,True
Sticker | Winding Scorch,0.41,1.54,2025-01-06 14:45:45,True
Sticker | Bolt Strike,0.37,0.99,2025-01-06 14:48:40,True
Sticker | Bolt Strike,0.37,0.99,2025-01-06 14:48:51,True
Sticker | Boom Trail (Glitter),0.15,0.65,2025-01-06 14:50:40,True
Glock-18 | Vogue (Minimal Wear),4.04,5.26,2025-01-06 17:13:37,False
Hydra Pin,3.71,4.81,2025-01-06 17:14:28,False
Inferno 2 Pin,2.39,3.63,2025-01-06 17:16:32,False
Welcome to the Clutch Pin,2.69,3.42,2025-01-06 17:17:05,False
Easy Peasy Pin,2.42,3.4,2025-01-06 17:17:18,False
AK-47 | Slate (Field-Tested),2.66,3.3,2025-01-06 17:17:37,False
Canals Pin,2.08,2.88,2025-01-06 17:18:30,False
Desert Eagle | Tilted (Factory New),4.34,9.48,2025-01-06 17:36:06,True
Desert Eagle | Tilted (Minimal Wear),1.72,3.24,2025-01-06 18:13:39,False
Sticker | High Heat,1.2,2.34,2025-01-06 18:15:50,False
Sticker | Flex,0.36,1.28,2025-01-06 18:19:37,True
Sticker | Flex,0.36,1.28,2025-01-06 18:19:49,True
Sticker | Kawaii Eyes (Glitter),0.95,1.72,2025-01-06 19:06:10,False
M4A1-S | Mud-Spec (Factory New),0.86,1.44,2025-01-06 20:09:14,False
Sticker | Imperial Esports (Holo) | Copenhagen 2024,0.73,1.1,2025-01-06 20:57:25,False
Sticker | Scorch Loop (Reverse),0.21,0.6,2025-01-06 21:41:53,False
Wildfire Pin,2.93,4.21,2025-01-06 23:05:41,False
Canals Pin,2.08,2.88,2025-01-06 23:08:04,False
Sticker | Bolt Charge,0.71,2.09,2025-01-06 23:11:34,True
Sticker | Bolt Charge,0.71,2.09,2025-01-06 23:11:45,True
Sticker | Bolt Charge,0.71,2.09,2025-01-06 23:11:56,True
Sticker | Bolt Charge,0.71,2.09,2025-01-06 23:12:08,True
Sticker | Bolt Charge,0.71,2.09,2025-01-06 23:12:19,True
Sticker | Bolt Charge,0.71,2.09,2025-01-06 23:12:31,True
Sticker | Bolt Charge,0.71,2.09,2025-01-06 23:12:42,True
Sticker | Bolt Charge,0.71,2.09,2025-01-06 23:12:53,True
Sticker | Bolt Charge,0.71,2.09,2025-01-06 23:13:04,True
Sticker | Bolt Charge,0.71,2.09,2025-01-06 23:13:16,True
Sticker | Bolt Charge,0.71,2.09,2025-01-06 23:13:27,True
Sticker | Bolt Charge,0.71,2.09,2025-01-06 23:13:38,True
Sticker | Bolt Charge,0.71,2.09,2025-01-06 23:13:49,True
Sticker | Winding Scorch,0.45,1.54,2025-01-06 23:15:36,True
Sticker | Winding Scorch,0.45,1.54,2025-01-06 23:15:49,True
Sticker | Winding Scorch,0.45,1.54,2025-01-06 23:16:00,True
Sticker | Winding Scorch,0.45,1.54,2025-01-06 23:16:11,True
Sticker | Winding Scorch,0.45,1.54,2025-01-06 23:16:22,True
Sticker | Winding Scorch,0.45,1.54,2025-01-06 23:16:34,True
Sticker | Bolt Strike,0.41,0.99,2025-01-06 23:19:33,False
Sticker | Bolt Strike,0.41,0.99,2025-01-06 23:19:45,False
Sticker | Bolt Strike,0.41,0.99,2025-01-06 23:19:56,False
Sticker | Bolt Strike,0.41,0.99,2025-01-06 23:20:08,False
Sticker | Bolt Strike,0.41,0.99,2025-01-06 23:20:20,False
Sticker | Bolt Strike,0.41,0.99,2025-01-06 23:20:32,False
Sticker | Bolt Strike,0.41,0.99,2025-01-06 23:20:43,False
MP9 | Mount Fuji (Factory New),9.99,12.11,2025-01-07 01:48:01,False
Inferno 2 Pin,3.0,3.63,2025-01-07 01:55:52,False
Sticker | Bolt Strike,0.41,0.99,2025-01-07 02:04:23,True
Sticker | Bolt Strike,0.41,0.99,2025-01-07 02:04:34,True
Sticker | Bolt Strike,0.41,0.99,2025-01-07 02:04:45,True
Sticker | Bolt Strike,0.41,0.99,2025-01-07 02:04:57,True
Sticker | Bolt Strike,0.41,0.99,2025-01-07 02:05:09,True
Sticker | Boom Trail (Glitter),0.17,0.65,2025-01-07 02:06:54,True
Sticker | Boom Trail (Glitter),0.17,0.65,2025-01-07 02:07:05,True
Sticker | Boom Trail (Glitter),0.17,0.65,2025-01-07 02:07:16,True
Sticker | Boom Trail (Glitter),0.17,0.65,2025-01-07 02:07:27,True
Sticker | Boom Trail (Glitter),0.17,0.65,2025-01-07 02:07:40,True
Sticker | Scorch Loop (Reverse),0.18,0.6,2025-01-07 02:07:59,True
Sticker | Scorch Loop (Reverse),0.18,0.6,2025-01-07 02:08:10,True
Sticker | Scorch Loop (Reverse),0.18,0.6,2025-01-07 02:08:22,True
Sticker | Scorch Loop (Reverse),0.18,0.6,2025-01-07 02:08:33,True
Sticker | Scorch Loop (Reverse),0.18,0.6,2025-01-07 02:08:45,True
Sticker | Scorch Loop (Reverse),0.18,0.6,2025-01-07 02:08:56,True
Sticker | Scorch Loop (Reverse),0.18,0.6,2025-01-07 02:09:07,True
Sticker | Scorch Loop (Reverse),0.18,0.6,2025-01-07 02:09:19,True
Sticker | Scorch Loop (Reverse),0.18,0.6,2025-01-07 02:09:30,True
Sticker | Scorch Loop (Reverse),0.18,0.6,2025-01-07 02:09:41,True
Sticker | Scorch Loop (Reverse),0.18,0.6,2025-01-07 02:09:52,True
Sticker | Boom Blast (Glitter),0.14,0.51,2025-01-07 02:10:21,False
Sticker | Boom Blast (Glitter),0.14,0.51,2025-01-07 02:10:32,False
Sticker | Boom Blast (Glitter),0.14,0.51,2025-01-07 02:10:43,False
Sticker | Boom Blast (Glitter),0.14,0.51,2025-01-07 02:10:54,False
Sticker | Boom Blast (Glitter),0.14,0.51,2025-01-07 02:11:06,False
Sticker | Boom Blast (Glitter),0.14,0.51,2025-01-07 02:11:17,False
Sticker | Boom Blast (Glitter),0.14,0.51,2025-01-07 02:11:28,False
Sticker | Boom Blast (Glitter),0.14,0.51,2025-01-07 02:11:41,False
M4A1-S | Black Lotus (Minimal Wear),13.0,16.04,2025-01-07 03:31:52,False
Wildfire Pin,2.81,4.21,2025-01-07 03:40:22,False
Easy Peasy Pin,2.32,3.4,2025-01-07 03:41:42,False
USP-S | Check Engine (Minimal Wear),0.55,0.74,2025-01-07 03:50:12,False
Dreams & Nightmares Case,1.26,1.51,2025-01-07 08:29:19,False
Dreams & Nightmares Case,1.22,1.51,2025-01-07 08:48:30,False
Desert Eagle | Tilted (Minimal Wear),2.0,3.24,2025-01-07 09:25:19,False
Glock-18 | Candy Apple (Factory New),0.67,1.17,2025-01-07 09:30:33,False
R8 Revolver | Blaze (Factory New),1.46,1.95,2025-01-07 10:24:22,False
Operation Hydra Case,15.2,18.38,2025-01-07 10:31:15,False
Glock-18 | Umbral Rabbit (Factory New),1.38,1.69,2025-01-07 11:49:54,False
M4A1-S | Mud-Spec (Factory New),0.84,1.44,2025-01-07 12:18:36,False
'Blueberries' Buckshot | NSWC SEAL,8.0,9.89,2025-01-07 12:31:01,False
USP-S | Blueprint (Field-Tested),3.99,5.27,2025-01-07 12:35:34,False
Glock-18 | Candy Apple (Factory New),0.73,1.17,2025-01-07 13:11:11,False
SSG 08 | Turbo Peek (Minimal Wear),8.05,9.97,2025-01-07 13:24:26,False
Glock-18 | Water Elemental (Field-Tested),3.11,3.83,2025-01-07 13:31:04,False
Sticker | Flex,0.37,1.28,2025-01-07 14:12:17,True
M4A1-S | Nitro (Minimal Wear),1.12,1.42,2025-01-07 14:36:34,False
AWP | Chromatic Aberration (Field-Tested),5.8,7.43,2025-01-07 16:42:40,False
AWP | Black Nile (Field-Tested),1.5,1.9,2025-01-07 17:01:12,False
Desert Eagle | Light Rail (Minimal Wear),1.3,1.6,2025-01-07 17:02:14,False
Five-SeveN | Urban Hazard (Minimal Wear),0.85,1.89,2025-01-07 17:03:03,True
Sticker | Rainbow Route (Holo),0.88,1.48,2025-01-07 17:07:35,False
Sticker | Flex,0.5,1.28,2025-01-07 17:08:30,True
Cmdr. Frank 'Wet Sox' Baroud | SEAL Frogman,41.43,50.07,2025-01-07 17:43:39,False
StatTrak™ Glock-18 | Moonrise (Minimal Wear),1.77,3.98,2025-01-07 23:11:51,True
Sticker | Imperial Esports (Holo) | Copenhagen 2024,0.42,1.1,2025-01-07 23:18:28,True
M4A1-S | Wash me plz (Factory New),0.71,1.57,2025-01-08 03:34:56,True
AWP | Atheris (Minimal Wear),3.93,6.33,2025-01-08 09:35:12,True
Sticker | Complexity Gaming (Holo) | Paris 2023,0.45,1.55,2025-01-08 11:59:38,True
Desert Eagle | Tilted (Battle-Scarred),0.22,0.91,2025-01-08 18:23:14,True
USP-S | Blueprint (Minimal Wear),7.21,10.17,2025-01-09 21:32:19,False
Sticker | G2 Esports (Holo) | Paris 2023,1.03,3.24,2025-01-09 21:43:34,True
Sticker | G2 Esports (Holo) | Paris 2023,1.03,3.24,2025-01-09 21:43:45,True
Sticker | G2 Esports (Holo) | Paris 2023,1.03,3.24,2025-01-09 21:43:56,True
Sticker | G2 Esports (Holo) | Paris 2023,1.03,3.24,2025-01-09 21:44:07,True
Sticker | G2 Esports (Holo) | Paris 2023,1.03,3.24,2025-01-09 21:44:19,True
Sticker | G2 Esports (Holo) | Paris 2023,1.03,3.24,2025-01-09 21:44:30,True
Sticker | G2 Esports (Holo) | Paris 2023,1.03,3.24,2025-01-09 21:44:41,True
Sticker | G2 Esports (Holo) | Paris 2023,1.03,3.24,2025-01-09 21:44:52,True
Sticker | G2 Esports (Holo) | Paris 2023,1.03,3.24,2025-01-09 21:45:03,True
Sticker | G2 Esports (Holo) | Paris 2023,1.03,3.24,2025-01-09 21:45:14,True
Sticker | G2 Esports (Holo) | Paris 2023,1.03,3.24,2025-01-09 21:45:26,True
Sticker | G2 Esports (Holo) | Paris 2023,1.03,3.24,2025-01-09 21:45:37,True
Sticker | G2 Esports (Holo) | Paris 2023,1.03,3.24,2025-01-09 21:45:49,True
Sticker | G2 Esports (Holo) | Paris 2023,1.03,3.24,2025-01-09 21:46:00,True
Sticker | G2 Esports (Holo) | Paris 2023,1.03,3.24,2025-01-09 21:46:11,True
Sticker | MOUZ (Holo) | Paris 2023,1.3,2.45,2025-01-09 21:48:01,False
Sticker | MOUZ (Holo) | Paris 2023,1.3,2.45,2025-01-09 21:48:12,False
Sticker | MOUZ (Holo) | Paris 2023,1.3,2.45,2025-01-09 21:48:23,False
Sticker | MOUZ (Holo) | Paris 2023,1.3,2.45,2025-01-09 21:48:35,False
Sticker | MOUZ (Holo) | Paris 2023,1.3,2.45,2025-01-09 21:48:46,False
Sticker | MOUZ (Holo) | Paris 2023,1.3,2.45,2025-01-09 21:48:58,False
Sticker | MOUZ (Holo) | Paris 2023,1.3,2.45,2025-01-09 21:49:09,False
Sticker | MOUZ (Holo) | Paris 2023,1.3,2.45,2025-01-09 21:49:22,False
Sticker | MOUZ (Holo) | Paris 2023,1.3,2.45,2025-01-09 21:49:34,False
Sticker | MOUZ (Holo) | Paris 2023,1.3,2.45,2025-01-09 21:49:47,False
Galil AR | Tuxedo (Factory New),1.3,1.68,2025-01-09 21:50:03,False
Sticker | s1mple (Holo) | Stockholm 2021,1.04,1.4,2025-01-09 21:51:11,False
Galil AR | Tuxedo (Minimal Wear),0.78,1.77,2025-01-09 21:52:04,False
SSG 08 | Acid Fade (Factory New),0.82,1.57,2025-01-09 21:52:58,False
Sticker | Fnatic (Holo) | Paris 2023,0.55,0.84,2025-01-09 21:54:50,False
Sticker | Fnatic (Holo) | Paris 2023,0.55,0.84,2025-01-09 21:55:01,False
Sticker | Fnatic (Holo) | Paris 2023,0.55,0.84,2025-01-09 21:55:13,False
Sticker | Fnatic (Holo) | Paris 2023,0.55,0.84,2025-01-09 21:55:25,False
Sticker | Fnatic (Holo) | Paris 2023,0.55,0.84,2025-01-09 21:55:36,False
Glock-18 | Candy Apple (Factory New),0.58,1.09,2025-01-09 21:55:56,False
Sticker | Vitality (Holo) | Paris 2023,0.42,1.08,2025-01-09 21:56:14,True
Sticker | Eternal Fire (Glitter) | Copenhagen 2024,0.52,0.98,2025-01-09 21:57:08,False
Sticker | Eternal Fire (Glitter) | Copenhagen 2024,0.52,0.98,2025-01-09 21:57:19,False
Sticker | Eternal Fire (Glitter) | Copenhagen 2024,0.52,0.98,2025-01-09 21:57:31,False
Glock-18 | Moonrise (Minimal Wear),0.6,1.5,2025-01-09 23:26:37,True
Desert Eagle | Heat Treated (Field-Tested),3.82,4.96,2025-01-11 03:37:59,False
Sticker | MOUZ (Holo) | Paris 2023,1.3,2.45,2025-01-11 03:45:30,False
Sticker | MOUZ (Holo) | Paris 2023,1.3,2.45,2025-01-11 03:45:43,False
Sticker | MOUZ (Holo) | Paris 2023,1.3,2.45,2025-01-11 03:45:57,False
Sticker | MOUZ (Holo) | Paris 2023,1.3,2.45,2025-01-11 03:46:11,False
Sticker | MOUZ (Holo) | Paris 2023,1.3,2.45,2025-01-11 03:46:22,False
SSG 08 | Acid Fade (Factory New),0.79,1.57,2025-01-11 03:49:12,False
Sticker | Fnatic (Holo) | Paris 2023,0.55,0.84,2025-01-11 03:51:09,False
Sticker | Fnatic (Holo) | Paris 2023,0.55,0.84,2025-01-11 03:51:22,False
Sticker | Fnatic (Holo) | Paris 2023,0.55,0.84,2025-01-11 03:51:39,False
Sticker | Fnatic (Holo) | Paris 2023,0.55,0.84,2025-01-11 03:51:50,False
Sticker | Fnatic (Holo) | Paris 2023,0.55,0.84,2025-01-11 03:52:01,False
Glock-18 | Candy Apple (Factory New),0.58,1.09,2025-01-11 03:52:22,False
USP-S | Blueprint (Field-Tested),3.43,5.06,2025-01-11 04:14:55,False
Canals Pin,2.06,2.92,2025-01-11 09:26:04,False
M4A4 | 龍王 (Dragon King) (Minimal Wear),9.0,11.96,2025-01-11 09:52:26,False
AK-47 | Crossfade (Minimal Wear),2.3,4.15,2025-01-11 11:02:36,True
SSG 08 | Acid Fade (Factory New),0.82,1.57,2025-01-11 11:12:50,False
M4A4 | Converter (Factory New),0.54,1.7,2025-01-11 13:50:37,True
AK-47 | Frontside Misty (Minimal Wear),21.68,28.1,2025-01-11 14:22:39,False
StatTrak™ USP-S | Ticket to Hell (Factory New),5.94,10.83,2025-01-11 17:12:00,False
Elite Trapper Solman | Guerrilla Warfare,19.37,25.61,2025-01-11 19:58:36,False
M4A1-S | Wash me plz (Factory New),0.78,1.52,2025-01-11 23:07:16,False
Glock-18 | Moonrise (Minimal Wear),0.6,1.5,2025-01-12 04:12:17,True
'Blueberries' Buckshot | NSWC SEAL,6.94,10.0,2025-01-12 07:16:03,False
Desert Eagle | Heat Treated (Well-Worn),2.0,2.92,2025-01-12 08:31:36,False
Desert Eagle | Tilted (Minimal Wear),1.71,3.26,2025-01-12 08:33:36,False
SSG 08 | Acid Fade (Factory New),0.77,1.57,2025-01-12 08:38:10,False
Charm | Hot Sauce,0.53,1.06,2025-01-12 08:40:09,False
Sticker | G2 Esports (Holo) | Paris 2023,1.3,3.24,2025-01-12 10:55:30,True
Desert Eagle | Trigger Discipline (Factory New),2.61,5.01,2025-01-12 12:32:00,False
USP-S | Cyrex (Factory New),2.42,4.47,2025-01-12 12:32:52,False
Glock-18 | Candy Apple (Factory New),0.58,1.09,2025-01-12 12:41:01,False
AK-47 | Inheritance (Minimal Wear),100.0,176.445,2025-01-12 12:53:26,False
Sticker | Vitality (Holo) | Paris 2023,0.42,1.08,2025-01-12 18:00:46,True
Tec-9 | Re-Entry (Factory New),1.18,2.66,2025-01-12 21:46:16,False
Five-SeveN | Urban Hazard (Minimal Wear),0.89,1.89,2025-01-12 21:49:13,False
Elite Trapper Solman | Guerrilla Warfare,19.4,25.61,2025-01-12 22:03:13,False
USP-S | Alpine Camo (Factory New),4.1,5.34,2025-01-13 20:04:33,False
Hydra Pin,3.69,4.85,2025-01-13 20:33:30,False
Wildfire Pin,2.92,3.86,2025-01-13 20:56:30,False
M4A1-S | Emphorosaur-S (Factory New),2.61,3.43,2025-01-13 20:57:24,False
Easy Peasy Pin,2.42,3.34,2025-01-13 20:57:44,False
R8 Revolver | Blaze (Factory New),1.4,1.82,2025-01-13 21:02:19,False
Desert Eagle | Sputnik (Factory New),1.86,3.02,2025-01-14 00:48:55,False
Desert Eagle | Tilted (Minimal Wear),1.78,3.26,2025-01-14 00:54:44,False
Phoenix Pin,3.17,4.45,2025-01-14 02:08:07,False
Death Sentence Pin,2.3,3.15,2025-01-14 03:49:45,False
Gift Package,3.13,4.56,2025-01-14 08:33:40,False
Gift Package,3.13,4.56,2025-01-14 08:33:52,False
Gift Package,3.13,4.56,2025-01-14 08:34:03,False
Gift Package,3.13,4.56,2025-01-14 08:34:14,False
Gift Package,3.13,4.56,2025-01-14 08:34:27,False
AK-47 | Slate (Well-Worn),2.0,2.68,2025-01-14 11:04:58,False
Glock-18 | Moonrise (Minimal Wear),0.75,1.5,2025-01-14 11:12:09,False
Desert Eagle | Heat Treated (Minimal Wear),6.94,10.57,2025-01-14 11:39:55,False
Desert Eagle | Sputnik (Factory New),1.5,3.02,2025-01-14 11:52:30,True
Glock-18 | Moonrise (Factory New),1.49,2.95,2025-01-14 13:54:01,False
Desert Eagle | Heat Treated (Minimal Wear),6.94,10.57,2025-01-14 15:05:51,False
AWP | Atheris (Well-Worn),1.65,2.54,2025-01-14 16:05:00,False
Sticker | Infinite Triangle (Holo),2.52,3.43,2025-01-14 17:16:03,False
Glock-18 | Nuclear Garden (Minimal Wear),1.93,2.97,2025-01-14 22:21:05,False
Desert Eagle | Heat Treated (Battle-Scarred),1.74,2.4,2025-01-14 23:18:49,False
Glock-18 | Water Elemental (Minimal Wear),5.78,7.47,2025-01-15 00:21:59,False
Sticker | Eternal Fire (Glitter) | Copenhagen 2024,0.46,0.98,2025-01-15 01:58:03,False
USP-S | Blueprint (Minimal Wear),7.48,10.17,2025-01-15 02:41:30,False
Galil AR | Tuxedo (Minimal Wear),0.9,1.77,2025-01-15 04:41:13,False
FAMAS | Pulse (Factory New),5.37,7.17,2025-01-15 11:11:18,False
Desert Eagle | Heat Treated (Field-Tested),3.79,4.96,2025-01-15 12:05:57,False
Easy Peasy Pin,2.54,3.34,2025-01-15 12:10:37,False
StatTrak™ Glock-18 | Moonrise (Minimal Wear),2.0,3.92,2025-01-15 12:12:55,False
M4A4 | Neo-Noir (Minimal Wear),8.21,10.88,2025-01-15 12:50:39,False
StatTrak™ Glock-18 | Moonrise (Factory New),4.24,6.36,2025-01-15 16:52:09,False
Charm | That's Bananas,1.85,2.89,2025-01-15 17:01:24,False
Charm | That's Bananas,1.85,2.89,2025-01-15 17:01:38,False
StatTrak™ Glock-18 | Moonrise (Minimal Wear),1.83,3.92,2025-01-15 17:02:26,False
Charm | Chicken Lil',1.96,2.79,2025-01-15 17:32:42,False
Charm | Chicken Lil',1.96,2.79,2025-01-15 17:32:55,False
SSG 08 | Acid Fade (Factory New),0.77,1.57,2025-01-15 18:20:14,False
SSG 08 | Acid Fade (Factory New),0.79,1.57,2025-01-15 18:21:10,False
Charm | Hot Sauce,0.56,1.06,2025-01-15 18:24:34,False
Charm | Hot Sauce,0.56,1.06,2025-01-15 18:24:47,False
Desert Eagle | Heat Treated (Minimal Wear),7.43,10.57,2025-01-15 18:43:15,False
SSG 08 | Acid Fade (Factory New),0.79,1.57,2025-01-16 00:23:41,False
M4A1-S | Wash me plz (Factory New),0.75,1.52,2025-01-16 00:24:18,False
Glock-18 | Water Elemental (Minimal Wear),5.73,7.47,2025-01-16 00:46:35,False
Desert Eagle | Heat Treated (Well-Worn),1.81,2.92,2025-01-16 03:31:25,False
Copenhagen 2024 Legends Autograph Capsule,0.4,0.67,2025-01-16 03:43:18,False
Copenhagen 2024 Legends Autograph Capsule,0.4,0.67,2025-01-16 03:43:30,False
Copenhagen 2024 Legends Autograph Capsule,0.4,0.67,2025-01-16 03:43:43,False
Copenhagen 2024 Legends Autograph Capsule,0.4,0.67,2025-01-16 03:43:55,False
Copenhagen 2024 Legends Autograph Capsule,0.4,0.67,2025-01-16 03:44:07,False
Copenhagen 2024 Legends Autograph Capsule,0.4,0.67,2025-01-16 03:44:20,False
Copenhagen 2024 Legends Autograph Capsule,0.4,0.67,2025-01-16 03:44:33,False
Copenhagen 2024 Legends Autograph Capsule,0.4,0.67,2025-01-16 03:44:46,False
Copenhagen 2024 Legends Autograph Capsule,0.4,0.67,2025-01-16 03:44:58,False
Charm | Chicken Lil',2.03,2.79,2025-01-16 08:57:15,False
Desert Eagle | Tilted (Battle-Scarred),0.21,0.94,2025-01-16 11:23:29,True
Galil AR | Tuxedo (Minimal Wear),0.76,1.77,2025-01-16 13:22:19,False
Desert Eagle | Heat Treated (Minimal Wear),7.61,10.57,2025-01-16 13:42:26,False
USP-S | Blueprint (Field-Tested),3.45,5.06,2025-01-17 05:23:54,False
AK-47 | Ice Coaled (Factory New),14.0,18.45,2025-01-17 14:22:31,False
Glock-18 | Bullet Queen (Minimal Wear),8.0,11.59,2025-01-17 15:57:46,False
Desert Eagle | Heat Treated (Battle-Scarred),1.66,2.4,2025-01-17 18:43:42,False
Charm | Lil' Squatch,1.04,1.38,2025-01-17 18:50:01,False
Charm | Hot Sauce,0.55,1.06,2025-01-17 18:56:02,False
Glock-18 | Candy Apple (Factory New),0.58,1.09,2025-01-17 21:56:09,False
Sticker | Team Liquid (Holo) | Paris 2023,0.55,2.13,2025-01-17 22:43:45,True
Sticker | Kawaii Eyes (Glitter),0.89,1.71,2025-01-18 00:01:34,False
Desert Eagle | Heat Treated (Minimal Wear),7.0,10.57,2025-01-18 00:24:09,False
USP-S | Check Engine (Factory New),0.79,1.24,2025-01-18 01:45:05,False
Desert Eagle | Heat Treated (Battle-Scarred),1.46,2.4,2025-01-18 03:57:17,False
Desert Eagle | Heat Treated (Battle-Scarred),1.57,2.4,2025-01-18 08:07:15,False
Desert Eagle | Heat Treated (Field-Tested),3.21,4.96,2025-01-18 09:33:29,False
Desert Eagle | Heat Treated (Field-Tested),3.21,4.96,2025-01-18 09:33:41,False
Desert Eagle | Heat Treated (Field-Tested),3.21,4.96,2025-01-18 09:33:52,False
Desert Eagle | Heat Treated (Well-Worn),1.71,2.92,2025-01-18 09:40:34,False
Desert Eagle | Heat Treated (Battle-Scarred),1.63,2.4,2025-01-18 09:43:21,False
Desert Eagle | Heat Treated (Minimal Wear),6.36,10.57,2025-01-18 18:29:42,False
Desert Eagle | Heat Treated (Minimal Wear),7.05,10.57,2025-01-18 23:59:16,False
Desert Eagle | Heat Treated (Field-Tested),3.79,4.96,2025-01-19 04:11:22,False
Desert Eagle | Tilted (Factory New),4.12,9.18,2025-01-19 16:51:33,False
Desert Eagle | Tilted (Factory New),4.22,9.18,2025-01-19 16:51:47,False
Desert Eagle | Heat Treated (Minimal Wear),5.14,9.04,2025-01-24 00:23:53,True
Desert Eagle | Heat Treated (Minimal Wear),6.3,9.04,2025-01-24 00:24:04,False
Desert Eagle | Heat Treated (Minimal Wear),6.9,9.04,2025-01-24 00:24:15,False
StatTrak™ USP-S | Ticket to Hell (Factory New),5.61,8.83,2025-01-24 00:25:46,False
Desert Eagle | Tilted (Factory New),4.38,7.74,2025-01-24 00:27:01,False
Five-SeveN | Boost Protocol (Factory New),4.0,6.58,2025-01-24 00:28:10,False
Desert Eagle | Heat Treated (Well-Worn),1.48,5.98,2025-01-24 00:29:39,True
Desert Eagle | Heat Treated (Well-Worn),1.65,5.98,2025-01-24 00:29:50,True
Desert Eagle | Heat Treated (Well-Worn),2.82,5.98,2025-01-24 00:30:01,False
Desert Eagle | Heat Treated (Well-Worn),2.82,5.98,2025-01-24 00:30:13,False
Galil AR | Eco (Field-Tested),4.57,7.27,2025-01-24 09:13:18,False
Galil AR | Eco (Field-Tested),4.57,7.27,2025-01-24 09:13:29,False
Sir Bloody Loudmouth Darryl | The Professionals,59.39,81.29,2025-01-24 10:28:06,False
Desert Eagle | Heat Treated (Minimal Wear),6.6,9.04,2025-01-24 10:35:32,False
Desert Eagle | Heat Treated (Minimal Wear),6.9,9.04,2025-01-24 10:35:43,False
AK-47 | Crossfade (Minimal Wear),3.12,5.47,2025-01-24 10:40:22,False
USP-S | Cyrex (Factory New),2.62,4.63,2025-01-24 10:41:54,False
USP-S | Cyrex (Factory New),2.84,4.63,2025-01-24 10:42:12,False
Welcome to the Clutch Pin,2.62,3.49,2025-01-24 10:42:39,False
Sticker | Natus Vincere (Holo) | Paris 2023,1.06,3.18,2025-01-24 10:43:18,True
Sticker | Natus Vincere (Holo) | Paris 2023,1.06,3.18,2025-01-24 10:43:30,True
Sticker | Natus Vincere (Holo) | Paris 2023,1.06,3.18,2025-01-24 10:43:41,True
Sticker | Natus Vincere (Holo) | Paris 2023,2.0,3.18,2025-01-24 10:43:52,False
Sticker | Natus Vincere (Holo) | Paris 2023,2.0,3.18,2025-01-24 10:44:07,False
Sticker | Natus Vincere (Holo) | Paris 2023,2.29,3.18,2025-01-24 10:44:18,False
Sticker | Natus Vincere (Holo) | Paris 2023,2.29,3.18,2025-01-24 10:44:30,False
Sticker | Natus Vincere (Holo) | Paris 2023,2.29,3.18,2025-01-24 10:44:41,False
Sticker | Natus Vincere (Holo) | Paris 2023,2.29,3.18,2025-01-24 10:44:52,False
Sticker | Natus Vincere (Holo) | Paris 2023,2.29,3.18,2025-01-24 10:45:03,False
Glock-18 | Nuclear Garden (Minimal Wear),2.4,3.11,2025-01-24 10:45:21,False
Glock-18 | Nuclear Garden (Minimal Wear),2.41,3.11,2025-01-24 10:45:32,False
Easy Peasy Pin,2.36,3.03,2025-01-24 10:45:55,False
AWP | Worm God (Factory New),2.29,3.62,2025-01-24 10:46:20,False
Galil AR | Chromatic Aberration (Field-Tested),1.99,2.62,2025-01-24 10:47:13,False
Tec-9 | Re-Entry (Factory New),1.99,3.15,2025-01-24 10:47:47,False
Charm | Chicken Lil',1.88,3.15,2025-01-24 10:48:00,False
Charm | Lil' Whiskers,1.79,2.36,2025-01-24 10:48:31,False
Guardian 3 Pin,1.74,2.2,2025-01-24 10:48:58,False
Guardian 3 Pin,1.74,2.2,2025-01-24 10:49:10,False
MAC-10 | Pipsqueak (Minimal Wear),1.46,1.84,2025-01-24 10:50:05,False
USP-S | Alpine Camo (Field-Tested),1.35,1.84,2025-01-24 10:50:18,False
USP-S | Alpine Camo (Field-Tested),1.35,1.84,2025-01-24 10:50:29,False
USP-S | Alpine Camo (Field-Tested),1.46,1.84,2025-01-24 10:50:41,False
R8 Revolver | Blaze (Factory New),1.3,1.78,2025-01-24 10:51:03,False
Galil AR | Metallic Squeezer (Minimal Wear),1.19,1.66,2025-01-24 10:51:36,False
Nova | Wurst Hölle (Minimal Wear),1.27,1.61,2025-01-24 11:10:10,False
MP7 | Abyssal Apparition (Field-Tested),1.2,1.58,2025-01-24 11:10:29,False
MP7 | Abyssal Apparition (Field-Tested),1.2,1.58,2025-01-24 11:10:40,False
MP7 | Abyssal Apparition (Field-Tested),1.2,1.58,2025-01-24 11:10:52,False
MP7 | Abyssal Apparition (Field-Tested),1.23,1.58,2025-01-24 11:11:03,False
Sticker | Kawaii Eyes (Glitter),0.96,1.7,2025-01-24 11:11:55,False
Charm | Lil' Squatch,0.86,1.3,2025-01-24 11:12:27,False
Sticker | Cloud9 (Glitter) | Antwerp 2022,0.89,1.57,2025-01-24 11:12:40,False
Sticker | Cloud9 (Glitter) | Antwerp 2022,0.89,1.57,2025-01-24 11:12:51,False
Sticker | Cloud9 (Glitter) | Antwerp 2022,0.89,1.57,2025-01-24 11:13:02,False
Sticker | Cloud9 (Glitter) | Antwerp 2022,0.89,1.57,2025-01-24 11:13:14,False
Sticker | Cloud9 (Glitter) | Antwerp 2022,0.89,1.57,2025-01-24 11:13:25,False
Shanghai 2024 Legends Sticker Capsule,0.3,1.29,2025-01-24 11:13:40,True
Shanghai 2024 Legends Sticker Capsule,0.3,1.29,2025-01-24 11:13:51,True
Shanghai 2024 Legends Sticker Capsule,0.3,1.29,2025-01-24 11:14:03,True
Shanghai 2024 Legends Sticker Capsule,0.3,1.29,2025-01-24 11:14:16,True
Shanghai 2024 Legends Sticker Capsule,0.3,1.29,2025-01-24 11:14:27,True
Shanghai 2024 Legends Sticker Capsule,0.3,1.29,2025-01-24 11:14:38,True
Shanghai 2024 Legends Sticker Capsule,0.3,1.29,2025-01-24 11:14:49,True
Shanghai 2024 Legends Sticker Capsule,0.3,1.29,2025-01-24 11:15:01,True
Shanghai 2024 Legends Sticker Capsule,0.3,1.29,2025-01-24 11:15:12,True
Shanghai 2024 Legends Sticker Capsule,0.3,1.29,2025-01-24 11:15:23,True
Shanghai 2024 Legends Sticker Capsule,0.3,1.29,2025-01-24 11:15:34,True
MAC-10 | Light Box (Factory New),0.69,1.49,2025-01-24 11:16:02,True
MAC-10 | Light Box (Factory New),0.7,1.49,2025-01-24 11:16:13,True
SSG 08 | Acid Fade (Factory New),0.79,1.47,2025-01-24 11:16:28,False
SSG 08 | Acid Fade (Factory New),0.79,1.47,2025-01-24 11:16:39,False
SSG 08 | Acid Fade (Factory New),0.81,1.47,2025-01-24 11:16:51,False
M4A1-S | Wash me plz (Factory New),0.6,1.28,2025-01-24 11:17:38,False
M4A1-S | Wash me plz (Factory New),0.6,1.28,2025-01-24 11:17:49,False
M4A1-S | Wash me plz (Factory New),0.62,1.28,2025-01-24 11:18:00,False
M4A1-S | Wash me plz (Factory New),0.67,1.28,2025-01-24 11:18:12,False
Tec-9 | Ice Cap (Factory New),0.58,1.09,2025-01-24 11:19:11,False
Charm | Baby's AK,0.53,0.82,2025-01-24 11:19:36,False
Charm | Baby's AK,0.53,0.82,2025-01-24 11:19:47,False
Charm | Pinch O' Salt,0.46,0.69,2025-01-24 11:20:48,False
AWP | Black Nile (Factory New),4.92,7.85,2025-01-24 11:31:52,False
USP-S | Cyrex (Factory New),2.47,4.63,2025-01-24 11:36:49,False
USP-S | Alpine Camo (Minimal Wear),2.0,2.86,2025-01-24 13:09:26,False
"Music Kit | Knock2, dashstar*",9.33,12.05,2025-01-24 13:24:42,False
Desert Eagle | Heat Treated (Minimal Wear),6.5,9.04,2025-01-24 13:32:13,False
Desert Eagle | Heat Treated (Minimal Wear),6.5,9.04,2025-01-24 13:32:24,False
Desert Eagle | Heat Treated (Battle-Scarred),1.07,2.67,2025-01-24 14:36:25,True
Desert Eagle | Heat Treated (Minimal Wear),6.5,9.04,2025-01-24 17:24:50,False
MP9 | Starlight Protector (Minimal Wear),5.75,7.53,2025-01-24 18:16:24,False
Sticker | Flex,0.55,1.26,2025-01-24 18:42:32,True
"Music Kit | Denzel Curry, ULTIMATE",3.0,4.12,2025-01-24 23:55:40,False
Charm | Lil' Whiskers,1.78,2.36,2025-01-24 23:59:30,False
Sir Bloody Loudmouth Darryl | The Professionals,59.39,81.29,2025-01-25 00:50:56,False
Desert Eagle | Heat Treated (Minimal Wear),3.7,9.04,2025-01-25 12:14:08,True
Sticker | Natus Vincere (Holo) | Paris 2023,1.02,3.18,2025-01-25 12:20:34,True
Sticker | Natus Vincere (Holo) | Paris 2023,1.02,3.18,2025-01-25 12:20:45,True
Sticker | Natus Vincere (Holo) | Paris 2023,1.02,3.18,2025-01-25 12:20:56,True
Sticker | Cloud9 (Glitter) | Copenhagen 2024,0.62,1.45,2025-01-25 12:25:28,True
Sticker | Cloud9 (Glitter) | Copenhagen 2024,0.62,1.45,2025-01-25 12:25:39,True
Sticker | Cloud9 (Glitter) | Copenhagen 2024,0.62,1.45,2025-01-25 12:25:50,True
Sticker | Cloud9 (Glitter) | Copenhagen 2024,0.62,1.45,2025-01-25 12:26:02,True
Sticker | SAW (Glitter) | Copenhagen 2024,0.29,0.89,2025-01-25 12:28:29,True
StatTrak™ Glock-18 | Moonrise (Field-Tested),0.68,1.69,2025-01-25 17:49:21,True
AK-47 | Crossfade (Factory New),4.49,9.65,2025-01-25 18:02:59,True
AK-47 | Crossfade (Factory New),4.49,9.65,2025-01-25 18:03:11,True
Desert Eagle | Heat Treated (Minimal Wear),4.27,9.04,2025-01-25 22:48:15,True
Desert Eagle | Tilted (Minimal Wear),1.44,3.21,2025-01-26 00:20:04,True
Desert Eagle | Tilted (Field-Tested),0.42,1.17,2025-01-26 01:51:43,True
StatTrak™ Glock-18 | Moonrise (Field-Tested),0.8,1.69,2025-01-26 09:20:12,True
Desert Eagle | Tilted (Field-Tested),0.39,1.17,2025-01-26 11:28:47,True
Desert Eagle | Heat Treated (Field-Tested),1.81,4.8,2025-01-26 14:31:02,True
Desert Eagle | Heat Treated (Well-Worn),1.5,5.98,2025-01-26 15:50:11,True
Desert Eagle | Heat Treated (Well-Worn),1.5,5.98,2025-01-26 15:50:22,True
Desert Eagle | Heat Treated (Well-Worn),1.5,5.98,2025-01-26 15:50:33,True
Desert Eagle | Heat Treated (Well-Worn),0.97,5.98,2025-01-27 08:35:27,True
Desert Eagle | Tilted (Field-Tested),0.4,1.17,2025-01-27 08:43:24,True
Desert Eagle | Heat Treated (Well-Worn),0.82,5.98,2025-01-27 10:47:46,True
Desert Eagle | Heat Treated (Well-Worn),0.82,5.98,2025-01-27 10:47:58,True
Desert Eagle | Heat Treated (Field-Tested),1.89,4.8,2025-01-27 11:14:55,True
StatTrak™ Glock-18 | Moonrise (Factory New),4.93,6.4,2025-01-28 19:11:25,False
Rezan the Redshirt | Sabre,4.25,5.73,2025-01-28 19:12:20,False
Desert Eagle | Heat Treated (Field-Tested),3.08,6.26,2025-01-28 19:18:36,False
USP-S | Alpine Camo (Minimal Wear),2.17,4.01,2025-01-28 19:20:48,False
M4A1-S | Night Terror (Factory New),1.5,1.94,2025-01-28 19:23:25,False
M4A4 | Evil Daimyo (Field-Tested),1.4,1.85,2025-01-28 19:23:56,False
M4A4 | Evil Daimyo (Field-Tested),1.41,1.85,2025-01-28 19:24:07,False
Sticker | Bolt Strike,0.49,1.43,2025-01-28 19:26:52,True
Desert Eagle | Heat Treated (Well-Worn),0.96,2.45,2025-01-28 20:01:25,True
StatTrak™ M4A1-S | Emphorosaur-S (Minimal Wear),3.57,4.65,2025-01-28 22:19:19,False
AWP | Atheris (Minimal Wear),5.23,7.0,2025-01-29 02:27:53,False
Gift Package,2.81,4.54,2025-01-29 02:30:54,False
Glock-18 | Water Elemental (Field-Tested),3.4,4.45,2025-01-29 02:44:54,False
AWP | Mortis (Field-Tested),1.43,1.87,2025-01-29 02:49:44,False
Charm | Lil' Sandy,1.26,1.66,2025-01-29 02:50:17,False
M4A1-S | Nitro (Minimal Wear),1.15,1.58,2025-01-29 02:50:50,False
M4A1-S | Wash me plz (Factory New),0.56,1.12,2025-01-29 02:53:40,False
Desert Eagle | Tilted (Field-Tested),0.55,1.02,2025-01-29 02:54:15,False
Desert Eagle | Tilted (Field-Tested),0.55,1.02,2025-01-29 02:54:26,False
M4A1-S | Wash me plz (Factory New),0.55,1.12,2025-01-29 04:37:53,False
Desert Eagle | Tilted (Minimal Wear),1.5,2.59,2025-01-29 08:18:30,True
Winter Offensive Weapon Case,4.85,6.72,2025-01-29 08:30:27,False
USP-S | Cortex (Minimal Wear),3.08,4.33,2025-01-29 09:12:38,False
Operator | FBI SWAT,5.88,8.04,2025-01-29 09:57:35,False
M4A4 | Desolate Space (Minimal Wear),6.62,8.7,2025-01-29 11:47:45,False
Sticker | Bolt Strike,0.5,1.43,2025-01-29 12:00:07,True
Desert Eagle | Tilted (Field-Tested),0.48,1.02,2025-01-29 12:01:39,False
Sir Bloody Skullhead Darryl | The Professionals,27.27,35.18,2025-01-29 14:37:57,False
Desert Eagle | Tilted (Factory New),3.42,7.58,2025-01-29 14:45:14,True
Desert Eagle | Tilted (Minimal Wear),1.44,2.59,2025-01-29 15:05:53,True
Glock-18 | Wasteland Rebel (Factory New),4.13,5.88,2025-01-29 18:47:29,False
AWP | Worm God (Factory New),2.0,3.99,2025-01-29 18:51:45,False
AWP | Black Nile (Field-Tested),1.74,2.33,2025-01-29 18:53:15,False
MP9 | Ruby Poison Dart (Factory New),1.7,2.24,2025-01-29 18:53:43,False
AK-47 | Crossfade (Minimal Wear),3.07,4.69,2025-01-29 20:22:44,False
AK-47 | Crossfade (Minimal Wear),3.07,4.69,2025-01-29 20:22:55,False
Desert Eagle | Tilted (Minimal Wear),1.87,2.59,2025-01-29 20:26:30,False
Desert Eagle | Heat Treated (Field-Tested),1.85,6.26,2025-01-29 20:48:48,True
StatTrak™ USP-S | Ticket to Hell (Factory New),5.36,7.75,2025-01-29 23:13:11,False
AWP | Atheris (Minimal Wear),5.22,7.0,2025-01-29 23:28:22,False
USP-S | Cyrex (Minimal Wear),1.49,2.08,2025-01-29 23:38:44,False
Sticker | High Heat,1.35,1.91,2025-01-29 23:39:18,False
Galil AR | Signal (Factory New),1.19,2.42,2025-01-29 23:39:55,False
Charm | Lil' Squatch,0.88,1.22,2025-01-29 23:41:41,False
M4A1-S | Wash me plz (Factory New),0.56,1.12,2025-01-29 23:43:24,False
Charm | Baby's AK,0.51,0.74,2025-01-29 23:44:19,False
Galil AR | NV (Factory New),0.3,0.5,2025-01-29 23:45:41,False
Desert Eagle | Heat Treated (Field-Tested),1.75,6.26,2025-01-30 00:28:56,True
Canals Pin,2.1,2.76,2025-01-30 00:31:31,False
M4A1-S | Wash me plz (Factory New),0.5,1.12,2025-01-30 00:37:21,False
Desert Eagle | Tilted (Field-Tested),0.38,1.02,2025-01-30 00:37:58,True
AK-47 | Crossfade (Factory New),4.0,8.22,2025-01-30 02:23:50,False
Desert Eagle | Tilted (Minimal Wear),1.35,2.59,2025-01-30 12:50:08,True
MAC-10 | Pipsqueak (Field-Tested),0.81,1.12,2025-01-30 13:19:39,False
Desert Eagle | Heat Treated (Field-Tested),3.4,6.26,2025-01-30 13:53:30,False
Desert Eagle | Tilted (Minimal Wear),1.7,2.59,2025-01-30 14:48:22,False
Five-SeveN | Urban Hazard (Factory New),1.42,1.93,2025-01-30 16:03:49,False
Desert Eagle | Heat Treated (Battle-Scarred),1.01,1.64,2025-01-30 16:08:55,False
Sticker | Bolt Strike,0.44,1.43,2025-01-30 16:11:12,True
Sticker | Flex,0.63,1.31,2025-01-30 16:11:43,False
Operator | FBI SWAT,5.88,8.04,2025-01-30 16:55:50,False
Charm | POP Art,1.45,1.89,2025-01-30 17:11:50,False
Sticker | Kawaii Eyes (Glitter),0.88,1.71,2025-01-30 17:13:57,False
Desert Eagle | Tilted (Factory New),3.56,7.58,2025-01-30 17:52:38,True
Desert Eagle | Tilted (Factory New),3.56,7.58,2025-01-30 20:15:50,True
"Music Kit | Denzel Curry, ULTIMATE",2.9,4.12,2025-01-30 20:19:47,False
StatTrak™ Desert Eagle | Trigger Discipline (Minimal Wear),4.2,6.16,2025-01-30 21:28:53,False
Charm | Glamour Shot,1.74,2.26,2025-01-30 21:34:35,False
Sticker | Vitality (Foil) | 2020 RMR,0.14,0.52,2025-01-30 22:06:00,False
AK-47 | Crossfade (Factory New),4.5,8.22,2025-01-30 22:46:50,False
AWP | Mortis (Field-Tested),1.3,1.87,2025-01-30 23:31:30,False
Sticker | Bolt Strike,0.44,1.43,2025-01-30 23:34:20,True
Glock-18 | Candy Apple (Factory New),0.62,0.84,2025-01-30 23:35:18,False
Galil AR | Eco (Field-Tested),4.08,5.29,2025-01-31 03:24:23,False
StatTrak™ M4A1-S | Night Terror (Minimal Wear),2.89,3.83,2025-01-31 09:16:39,False
Desert Eagle | Tilted (Field-Tested),0.43,1.02,2025-01-31 12:32:33,False
Five-SeveN | Urban Hazard (Factory New),1.48,1.93,2025-01-31 13:24:34,False
Sticker | Flex,0.53,1.31,2025-01-31 14:17:07,True
Sticker | Flex,0.53,1.31,2025-01-31 14:17:18,True
Glock-18 | Water Elemental (Field-Tested),3.42,4.45,2025-01-31 14:49:42,False
Desert Eagle | Tilted (Field-Tested),0.5,1.02,2025-01-31 17:02:47,False
MP7 | Bloodsport (Minimal Wear),1.68,2.18,2025-01-31 17:25:56,False
Gift Package,3.13,4.54,2025-01-31 17:47:28,False
Desert Eagle | Tilted (Minimal Wear),1.52,2.59,2025-01-31 17:50:44,False
M4A4 | Desolate Space (Minimal Wear),6.6,8.7,2025-01-31 18:08:54,False
Tec-9 | Re-Entry (Factory New),1.54,3.0,2025-01-31 19:42:03,False
Sticker | High Heat,1.38,1.91,2025-01-31 20:46:07,False
USP-S | Cortex (Field-Tested),1.78,2.31,2025-01-31 22:15:11,False
Desert Eagle | Tilted (Field-Tested),0.54,1.02,2025-01-31 22:21:06,False
Desert Eagle | Tilted (Field-Tested),0.4,1.02,2025-01-31 22:55:30,True
Operator | FBI SWAT,5.75,8.04,2025-01-31 23:20:11,False
Desert Eagle | Heat Treated (Field-Tested),2.0,6.26,2025-01-31 23:47:37,True
"Music Kit | bbno$, u mad!",3.3,4.27,2025-01-31 23:47:58,False
Charm | Disco MAC,1.0,1.39,2025-02-01 00:13:08,False
Desert Eagle | Tilted (Field-Tested),0.4,1.02,2025-02-01 00:16:23,True
Desert Eagle | Tilted (Field-Tested),0.48,1.02,2025-02-01 00:16:35,False
"Music Kit | Meechy Darko, Gothic Luxury",1.5,2.0,2025-02-01 00:39:08,False
"Music Kit | Denzel Curry, ULTIMATE",3.0,4.12,2025-02-01 02:08:49,False
AWP | Atheris (Field-Tested),2.58,3.53,2025-02-02 02:00:30,False
USP-S | Alpine Camo (Minimal Wear),2.21,4.01,2025-02-02 02:01:20,False
Five-SeveN | Angry Mob (Field-Tested),1.81,2.48,2025-02-02 02:02:56,False
Desert Eagle | Tilted (Minimal Wear),1.75,3.06,2025-02-02 02:22:10,False
"Music Kit | Meechy Darko, Gothic Luxury",1.53,2.0,2025-02-02 02:23:16,False
M4A1-S | Nitro (Minimal Wear),1.16,1.58,2025-02-02 02:24:45,False
StatTrak™ Glock-18 | Moonrise (Field-Tested),0.73,1.52,2025-02-02 02:26:31,False
Glock-18 | Teal Graf (Field-Tested),0.81,1.13,2025-02-02 02:27:02,False
Nova | Wurst Hölle (Field-Tested),0.85,1.13,2025-02-02 02:27:18,False
AWP | Worm God (Factory New),2.12,4.11,2025-02-02 08:31:51,False
Galil AR | Signal (Factory New),1.26,2.42,2025-02-02 08:35:44,False
USP-S | Cyrex (Minimal Wear),1.55,2.08,2025-02-02 09:53:52,False
AWP | Mortis (Field-Tested),1.43,1.87,2025-02-02 11:35:20,False
MP7 | Fade (Factory New),4.49,8.19,2025-02-02 13:57:00,False
AWP | Atheris (Field-Tested),2.74,3.53,2025-02-02 14:02:19,False
Desert Eagle | Heat Treated (Battle-Scarred),0.94,2.23,2025-02-02 14:08:50,True
AWP | Mortis (Field-Tested),1.39,1.87,2025-02-02 15:02:08,False
Glock-18 | Teal Graf (Field-Tested),0.81,1.13,2025-02-02 15:05:44,False
Glock-18 | Teal Graf (Field-Tested),0.81,1.13,2025-02-02 15:05:56,False
Nova | Wurst Hölle (Field-Tested),0.79,1.13,2025-02-02 15:06:15,False
USP-S | Blueprint (Minimal Wear),7.18,10.05,2025-02-02 15:28:37,False
Desert Eagle | Heat Treated (Minimal Wear),3.43,6.08,2025-02-02 15:42:05,True
StatTrak™ USP-S | Black Lotus (Field-Tested),3.33,4.78,2025-02-02 15:44:20,False
Galil AR | Signal (Factory New),1.2,2.42,2025-02-02 15:52:22,False
Sticker | Bolt Strike,0.37,1.61,2025-02-02 15:55:10,True
Five-SeveN | Urban Hazard (Factory New),1.31,1.93,2025-02-02 17:02:12,False
Glock-18 | Water Elemental (Field-Tested),3.07,4.33,2025-02-02 18:02:08,False
Sticker | Cloud9 (Glitter) | Antwerp 2022,0.57,0.95,2025-02-02 18:48:03,False
USP-S | Black Lotus (Minimal Wear),1.9,2.66,2025-02-02 19:22:26,False
StatTrak™ Glock-18 | Moonrise (Field-Tested),0.87,1.52,2025-02-02 19:31:15,False
Glock-18 | Water Elemental (Field-Tested),3.07,4.33,2025-02-02 20:17:25,False
Sticker | Cloud9 (Glitter) | Antwerp 2022,0.54,0.95,2025-02-02 20:31:10,False
USP-S | Blueprint (Minimal Wear),7.84,10.05,2025-02-02 22:27:32,False
StatTrak™ Glock-18 | Umbral Rabbit (Minimal Wear),2.03,4.34,2025-02-02 23:04:51,False
USP-S | Alpine Camo (Minimal Wear),2.17,4.01,2025-02-02 23:05:49,False
Glock-18 | Moonrise (Factory New),1.5,3.02,2025-02-02 23:42:29,False
Desert Eagle | Tilted (Minimal Wear),1.62,3.06,2025-02-03 09:03:45,False
AK-47 | Crossfade (Minimal Wear),3.67,4.69,2025-02-03 13:49:06,False
USP-S | Alpine Camo (Minimal Wear),2.25,4.01,2025-02-03 13:52:31,False
Sticker | Bolt Charge,0.95,1.98,2025-02-03 13:58:00,False
Sticker | Bolt Strike,0.8,1.61,2025-02-03 13:59:38,False
Gift Package,3.59,4.62,2025-02-03 14:36:42,False
"Music Kit | Denzel Curry, ULTIMATE",3.09,4.12,2025-02-03 14:38:02,False
M4A4 | Evil Daimyo (Field-Tested),1.44,1.85,2025-02-03 14:52:59,False
MAC-10 | Pipsqueak (Field-Tested),0.79,1.11,2025-02-03 14:57:58,False
Sticker | Flex,0.6,1.34,2025-02-03 14:58:39,False
Desert Eagle | Tilted (Minimal Wear),1.82,3.06,2025-02-03 16:16:46,False
Desert Eagle | Tilted (Minimal Wear),1.45,3.06,2025-02-03 16:50:53,False
MAC-10 | Pipsqueak (Field-Tested),0.7,1.11,2025-02-03 17:24:07,False
USP-S | Alpine Camo (Minimal Wear),2.26,4.01,2025-02-03 18:23:56,False
StatTrak™ M4A1-S | Night Terror (Minimal Wear),2.87,3.83,2025-02-03 21:39:00,False
Charm | Disco MAC,0.99,1.39,2025-02-03 22:59:40,False
StatTrak™ Glock-18 | Moonrise (Field-Tested),0.74,1.52,2025-02-03 23:00:52,False
AWP | Worm God (Factory New),2.28,4.11,2025-02-04 01:39:23,False
StatTrak™ Glock-18 | Moonrise (Field-Tested),0.83,1.52,2025-02-04 01:47:26,False
AWP | Black Nile (Factory New),4.94,6.33,2025-02-04 12:52:25,False
Sticker | Boom Trail (Glitter),0.24,0.7,2025-02-04 13:12:26,True
Sticker | Boom Trail (Glitter),0.24,0.7,2025-02-04 13:12:39,True
Sticker | Boom Trail (Glitter),0.24,0.7,2025-02-04 13:12:53,True
"Music Kit | The Verkkars & n0thing, Flashbang Dance",2.8,3.68,2025-02-04 13:39:29,False
Desert Eagle | Tilted (Minimal Wear),1.36,3.06,2025-02-04 13:43:55,True
AWP | Acheron (Factory New),1.22,2.1,2025-02-04 13:54:24,True
Galil AR | Eco (Field-Tested),3.73,5.22,2025-02-04 15:42:25,False
Sticker | Bolt Charge,0.71,1.98,2025-02-04 15:52:45,True
Sticker | Bolt Charge,0.71,1.98,2025-02-04 15:53:00,True
StatTrak™ Glock-18 | Moonrise (Factory New),4.98,6.4,2025-02-04 17:25:36,False
StatTrak™ AWP | Capillary (Minimal Wear),1.5,2.09,2025-02-04 17:43:56,False
MAC-10 | Light Box (Factory New),0.69,1.33,2025-02-04 20:45:17,False
Five-SeveN | Urban Hazard (Factory New),1.25,1.93,2025-02-05 00:03:35,False
Sticker | Bolt Charge,0.8,1.98,2025-02-05 00:19:19,True
Chroma 2 Case,1.93,2.58,2025-02-05 01:47:21,False
Chroma 3 Case,1.72,2.46,2025-02-05 01:47:54,False
Gamma 2 Case,1.8,2.38,2025-02-05 01:48:16,False
Desert Eagle | Tilted (Factory New),3.58,8.63,2025-02-05 05:24:06,True
Desert Eagle | Tilted (Minimal Wear),1.48,3.06,2025-02-05 08:28:59,False
Desert Eagle | Tilted (Minimal Wear),1.48,3.06,2025-02-05 08:29:24,False
Horizon Case,0.71,1.09,2025-02-05 08:38:47,False
Sticker | High Heat,0.99,1.96,2025-02-05 09:50:31,True
Sticker | High Heat,0.99,1.96,2025-02-05 09:50:42,True
USP-S | Alpine Camo (Factory New),3.69,5.35,2025-02-05 11:03:24,False
"Music Kit | Denzel Curry, ULTIMATE",3.02,4.12,2025-02-05 12:41:03,False
Glock-18 | Teal Graf (Field-Tested),0.85,1.13,2025-02-05 13:48:13,False
AK-47 | Legion of Anubis (Field-Tested),5.08,6.54,2025-02-05 16:27:41,False
AWP | Duality (Field-Tested),1.8,2.33,2025-02-05 17:41:05,False
Galil AR | NV (Factory New),0.28,0.5,2025-02-05 17:49:35,False
Galil AR | NV (Factory New),0.32,0.5,2025-02-05 17:49:46,False
"Music Kit | Meechy Darko, Gothic Luxury",1.34,2.0,2025-02-05 18:59:48,False
Safecracker Voltzmann | The Professionals,13.28,16.65,2025-02-11 12:07:10,False
StatTrak™ M4A1-S | Night Terror (Factory New),7.61,12.36,2025-02-11 12:13:02,False
FAMAS | Mecha Industries (Minimal Wear),5.49,10.36,2025-02-11 12:17:51,False
FAMAS | Mecha Industries (Minimal Wear),5.5,10.36,2025-02-11 12:18:04,False
FAMAS | ZX Spectron (Field-Tested),2.99,4.13,2025-02-11 12:27:46,False
M4A4 | Desolate Space (Field-Tested),6.2,8.85,2025-02-11 16:47:15,False
Safecracker Voltzmann | The Professionals,13.28,16.65,2025-02-11 17:22:57,False
AWP | Atheris (Minimal Wear),5.63,8.39,2025-02-11 20:25:06,False
FAMAS | ZX Spectron (Field-Tested),2.22,4.13,2025-02-11 20:37:12,True
AWP | Atheris (Well-Worn),2.07,2.93,2025-02-11 20:37:58,False
Sticker | Loving Eyes (Holo),4.44,6.21,2025-02-11 21:27:23,False
StatTrak™ M4A1-S | Night Terror (Factory New),8.19,12.36,2025-02-13 20:13:14,False
Street Soldier | Phoenix,6.99,9.21,2025-02-13 20:19:13,False
Desert Eagle | Heat Treated (Minimal Wear),2.84,6.07,2025-02-13 20:37:54,True
AK-47 | Blue Laminate (Factory New),13.57,18.88,2025-02-13 21:55:46,False
StatTrak™ M4A1-S | Night Terror (Factory New),7.74,12.36,2025-02-13 22:06:17,False
FAMAS | ZX Spectron (Field-Tested),2.29,4.13,2025-02-14 01:03:32,False
3rd Commando Company | KSK,7.65,9.83,2025-02-14 01:39:57,False
AK-47 | Ice Coaled (Field-Tested),4.32,5.42,2025-02-14 05:01:33,False
M4A4 | Desolate Space (Field-Tested),5.39,8.85,2025-02-14 11:22:35,False
AWP | Duality (Minimal Wear),5.16,8.44,2025-02-14 13:59:04,False
FAMAS | Mecha Industries (Minimal Wear),5.9,10.36,2025-02-14 17:36:46,False
M4A1-S | Black Lotus (Field-Tested),9.94,12.51,2025-02-14 22:24:22,False
Arno The Overgrown | Guerrilla Warfare,8.8,12.23,2025-02-14 22:26:09,False
FAMAS | ZX Spectron (Minimal Wear),5.26,10.79,2025-02-14 22:26:29,True
FAMAS | Mecha Industries (Minimal Wear),5.56,10.36,2025-02-14 22:29:39,False
USP-S | Cortex (Minimal Wear),3.91,5.53,2025-02-14 22:35:25,False
FAMAS | ZX Spectron (Field-Tested),2.43,4.13,2025-02-14 22:36:59,False
M4A1-S | Black Lotus (Field-Tested),9.94,12.51,2025-02-14 22:51:21,False
Glock-18 | Bullet Queen (Field-Tested),5.22,6.39,2025-02-15 13:18:12,False
FAMAS | ZX Spectron (Minimal Wear),6.5,10.79,2025-02-16 00:38:44,True
FAMAS | ZX Spectron (Minimal Wear),7.5,10.79,2025-02-16 00:38:58,False
FAMAS | ZX Spectron (Minimal Wear),7.9,10.79,2025-02-16 00:39:12,False
FAMAS | ZX Spectron (Minimal Wear),8.5,10.79,2025-02-16 00:39:27,False
Street Soldier | Phoenix,7.19,9.21,2025-02-16 00:41:14,False
Sous-Lieutenant Medic | Gendarmerie Nationale,6.73,9.33,2025-02-16 00:42:36,False
Sticker | Loving Eyes (Holo),4.44,6.21,2025-02-16 00:47:13,False
USP-S | Cortex (Minimal Wear),3.93,5.53,2025-02-16 00:48:22,False
Tec-9 | Bamboozle (Minimal Wear),0.71,1.26,2025-02-16 00:50:19,False
M4A1-S | Black Lotus (Field-Tested),10.0,12.51,2025-02-17 03:10:43,False
AWP | Duality (Minimal Wear),5.26,8.44,2025-02-17 09:42:19,False
AWP | Duality (Minimal Wear),5.26,8.44,2025-02-17 09:42:34,False
Sticker | Into The Breach (Gold) | Paris 2023,0.73,2.46,2025-02-17 09:48:53,True
MP9 | Starlight Protector (Minimal Wear),6.13,9.05,2025-02-17 10:07:07,False
Operator | FBI SWAT,6.33,7.76,2025-02-17 10:32:46,False
Special Agent Ava | FBI,13.9,17.18,2025-02-17 15:41:05,False
FAMAS | Mecha Industries (Minimal Wear),5.59,10.36,2025-02-17 16:40:26,False
FAMAS | ZX Spectron (Minimal Wear),6.2,10.79,2025-02-18 09:53:13,True
FAMAS | ZX Spectron (Minimal Wear),6.5,10.79,2025-02-18 09:53:27,True
M4A4 | Desolate Space (Field-Tested),5.97,8.85,2025-02-18 12:35:17,False
Glove Case,4.99,6.27,2025-02-18 18:43:00,False
Galil AR | Eco (Field-Tested),4.07,6.41,2025-02-18 18:44:04,False
Safecracker Voltzmann | The Professionals,13.41,16.65,2025-02-18 18:59:15,False
Operator | FBI SWAT,6.0,7.76,2025-02-18 19:06:27,False
USP-S | Cortex (Minimal Wear),3.98,5.53,2025-02-18 19:36:06,False
FAMAS | Pulse (Factory New),6.72,12.27,2025-02-18 20:41:55,False
M4A4 | Desolate Space (Field-Tested),6.34,8.85,2025-02-18 21:46:34,False
AK-47 | Crossfade (Factory New),4.45,7.28,2025-02-18 23:56:20,False
FAMAS | Mecha Industries (Minimal Wear),5.53,10.36,2025-02-19 01:33:14,False
AK-47 | Crossfade (Factory New),5.09,7.28,2025-02-19 09:37:31,False
eSports 2014 Summer Case,7.84,9.98,2025-02-19 17:22:25,False
CS:GO Weapon Case 3,5.98,7.31,2025-02-19 17:58:48,False
AWP | Duality (Minimal Wear),5.59,8.44,2025-02-19 19:27:17,False
FAMAS | ZX Spectron (Minimal Wear),4.0,10.79,2025-02-19 19:57:46,True
Operator | FBI SWAT,5.99,7.76,2025-02-19 21:12:51,False
AWP | Atheris (Minimal Wear),5.34,8.39,2025-02-20 03:48:18,False
FAMAS | ZX Spectron (Minimal Wear),4.63,10.79,2025-02-20 09:32:36,True
AWP | Chrome Cannon (Field-Tested),40.31,51.8625,2025-02-21 08:20:45,False
AK-47 | The Outsiders (Minimal Wear),32.0,47.9025,2025-02-21 08:22:57,False
AK-47 | The Outsiders (Minimal Wear),33.11,47.9025,2025-02-21 08:23:29,False
Trapper Aggressor | Guerrilla Warfare,17.0,22.82,2025-02-21 08:29:53,False
Safecracker Voltzmann | The Professionals,14.0,17.98,2025-02-21 08:33:03,False
M4A4 | Buzz Kill (Minimal Wear),14.73,17.77,2025-02-21 08:33:54,False
M4A4 | Buzz Kill (Minimal Wear),14.73,17.77,2025-02-21 08:34:28,False
M4A4 | Buzz Kill (Minimal Wear),14.73,17.77,2025-02-21 08:35:00,False
M4A4 | Buzz Kill (Minimal Wear),14.73,17.77,2025-02-21 08:35:32,False
AWP | Atheris (Factory New),11.7,17.44,2025-02-21 08:36:26,False
AK-47 | The Outsiders (Field-Tested),13.94,16.98,2025-02-21 08:37:38,False
AK-47 | The Outsiders (Field-Tested),14.15,16.98,2025-02-21 08:38:10,False
AK-47 | The Outsiders (Field-Tested),14.15,16.98,2025-02-21 08:38:41,False
StatTrak™ FAMAS | Mecha Industries (Minimal Wear),12.71,15.31,2025-02-21 08:40:39,False
Glock-18 | Bullet Queen (Minimal Wear),11.29,13.66,2025-02-21 08:46:19,False
M4A4 | Desolate Space (Minimal Wear),9.7,13.13,2025-02-21 08:47:06,False
M4A1-S | Black Lotus (Field-Tested),10.42,12.93,2025-02-21 08:47:32,False
AK-47 | Head Shot (Field-Tested),8.88,12.07,2025-02-21 08:49:06,False
AK-47 | Head Shot (Field-Tested),9.0,12.07,2025-02-21 08:49:24,False
AK-47 | Head Shot (Field-Tested),9.5,12.07,2025-02-21 08:49:43,False
AK-47 | Head Shot (Field-Tested),9.57,12.07,2025-02-21 08:50:01,False
P2000 | Amber Fade (Factory New),8.09,11.39,2025-02-21 08:51:26,False
M4A4 | Neo-Noir (Minimal Wear),13.49,16.16,2025-02-21 09:14:15,False
M4A4 | Neo-Noir (Minimal Wear),13.49,16.16,2025-02-21 09:14:34,False
MP9 | Mount Fuji (Minimal Wear),8.94,10.92,2025-02-21 09:20:29,False
M4A4 | Evil Daimyo (Factory New),4.85,10.74,2025-02-21 09:21:02,True
AK-47 | Legion of Anubis (Minimal Wear),8.94,10.71,2025-02-21 09:21:25,False
Bio-Haz Specialist | SWAT,7.84,9.71,2025-02-21 09:23:55,False
Street Soldier | Phoenix,7.66,9.68,2025-02-21 09:24:23,False
P90 | Asiimov (Field-Tested),6.66,9.43,2025-02-21 09:25:22,False
P90 | Asiimov (Field-Tested),6.72,9.43,2025-02-21 09:25:39,False
MAC-10 | Neon Rider (Minimal Wear),7.11,8.78,2025-02-21 09:27:29,False
MAC-10 | Neon Rider (Minimal Wear),7.11,8.78,2025-02-21 09:27:49,False
MAC-10 | Neon Rider (Minimal Wear),7.13,8.78,2025-02-21 09:28:04,False
Aspirant | Gendarmerie Nationale,6.97,8.43,2025-02-21 09:29:11,False
Aspirant | Gendarmerie Nationale,6.97,8.43,2025-02-21 09:29:27,False
Aspirant | Gendarmerie Nationale,7.0,8.43,2025-02-21 09:29:43,False
AWP | Duality (Minimal Wear),5.4,8.4,2025-02-21 09:30:05,False
AWP | Duality (Minimal Wear),5.42,8.4,2025-02-21 09:30:22,False
AWP | Duality (Minimal Wear),6.19,8.4,2025-02-21 09:30:36,False
AWP | Duality (Minimal Wear),6.67,8.4,2025-02-21 09:30:51,False
AWP | Atheris (Minimal Wear),5.53,8.28,2025-02-21 09:31:31,False
AK-47 | Legion of Anubis (Field-Tested),6.51,8.02,2025-02-21 09:33:04,False
AK-47 | Crossfade (Factory New),5.8,7.19,2025-02-21 09:36:10,False
AK-47 | Crossfade (Factory New),6.0,7.19,2025-02-21 09:36:29,False
AK-47 | Crossfade (Factory New),6.0,7.19,2025-02-21 09:36:45,False
Desert Eagle | Heat Treated (Minimal Wear),3.46,6.35,2025-02-21 09:39:18,True
USP-S | Cortex (Minimal Wear),4.01,5.15,2025-02-21 09:42:36,False
FAMAS | Rapid Eye Movement (Minimal Wear),3.35,4.49,2025-02-21 09:43:46,False
Trapper Aggressor | Guerrilla Warfare,17.94,22.82,2025-02-21 10:02:05,False
FAMAS | Pulse (Factory New),8.0,11.46,2025-02-21 10:14:57,False
AK-47 | Ice Coaled (Field-Tested),4.85,6.29,2025-02-21 10:25:03,False
AK-47 | The Outsiders (Minimal Wear),34.99,43.77374999999999,2025-02-21 12:32:28,False
"Music Kit | Knock2, dashstar*",14.95,17.89,2025-02-21 13:19:25,False
Charm | Die-cast AK,5.0,6.65,2025-02-21 14:35:06,False
Ground Rebel  | Elite Crew,5.72,7.0,2025-02-21 15:45:35,False
Street Soldier | Phoenix,7.19,9.68,2025-02-21 19:13:33,False
Seal Team 6 Soldier | NSWC SEAL,6.92,8.45,2025-02-21 19:14:06,False
Buckshot | NSWC SEAL,4.05,4.81,2025-02-21 19:26:35,False
M4A1-S | Black Lotus (Minimal Wear),12.95,15.24,2025-02-21 20:30:35,False
AWP | Atheris (Minimal Wear),5.85,8.28,2025-02-21 20:44:51,False
Operation Hydra Case,15.52,19.27,2025-02-21 21:52:18,False
M4A4 | Evil Daimyo (Factory New),4.27,10.74,2025-02-24 13:44:41,True
AWP | Asiimov (Battle-Scarred),71.1,98.7875,2025-02-24 18:39:18,False
AK-47 | Slate (Factory New),12.37,17.41,2025-02-24 22:44:18,False
★ Shadow Daggers | Doppler (Factory New),194.8,254.78,2025-02-24 22:44:18,False
StatTrak™ M4A1-S | Night Terror (Factory New),8.48,11.8,2025-02-26 03:54:48,False
Sous-Lieutenant Medic | Gendarmerie Nationale,6.98,9.72,2025-02-26 03:56:48,False
FAMAS | Rapid Eye Movement (Minimal Wear),2.86,4.49,2025-02-26 04:03:40,False
FAMAS | Rapid Eye Movement (Minimal Wear),3.03,4.49,2025-02-26 04:03:59,False
"Music Kit | Knock2, dashstar*",13.27,17.89,2025-02-27 22:49:10,False
SSG 08 | Turbo Peek (Minimal Wear),9.85,15.13,2025-02-27 22:51:38,False
FAMAS | Commemoration (Minimal Wear),9.44,13.96,2025-02-27 22:52:19,False
StatTrak™ M4A1-S | Night Terror (Factory New),7.74,11.8,2025-02-27 22:54:13,False
AWP | Black Nile (Factory New),6.5,7.7,2025-02-27 22:56:29,False
AWP | Black Nile (Factory New),6.5,7.7,2025-02-27 22:56:43,False
AWP | Black Nile (Factory New),6.5,7.7,2025-02-27 22:56:58,False
Ground Rebel  | Elite Crew,5.43,7.0,2025-02-27 22:58:36,False
FAMAS | ZX Spectron (Minimal Wear),3.69,6.72,2025-02-27 23:00:42,False
FAMAS | ZX Spectron (Minimal Wear),4.4,6.72,2025-02-27 23:00:56,False
Sticker | Incineration (Holo),3.0,4.63,2025-02-27 23:02:41,False
StatTrak™ Desert Eagle | Trigger Discipline (Minimal Wear),5.81,9.43,2025-02-28 00:37:51,False
1st Lieutenant Farlow | SWAT,5.73,7.22,2025-02-28 01:00:47,False
StatTrak™ M4A1-S | Emphorosaur-S (Minimal Wear),3.77,5.59,2025-02-28 01:37:51,False
Operation Hydra Case,15.47,19.29,2025-02-28 01:48:21,False
Operation Hydra Case,15.47,19.29,2025-02-28 01:48:35,False
Operation Hydra Case,15.47,19.29,2025-02-28 01:48:49,False
Operation Hydra Case,15.47,19.29,2025-02-28 01:49:06,False
Operation Hydra Case,15.47,19.29,2025-02-28 01:49:20,False
Operation Hydra Case,15.47,19.29,2025-02-28 01:49:35,False
Operation Hydra Case,15.47,19.29,2025-02-28 01:49:49,False
Operation Hydra Case,15.47,19.29,2025-02-28 01:50:03,False
eSports 2014 Summer Case,6.79,12.93,2025-02-28 01:54:27,True
eSports 2014 Summer Case,6.79,12.93,2025-02-28 01:54:41,True
eSports 2014 Summer Case,6.79,12.93,2025-02-28 01:54:55,True
eSports 2013 Winter Case,7.66,9.4,2025-02-28 01:56:25,False
eSports 2013 Winter Case,7.66,9.4,2025-02-28 01:56:39,False
eSports 2013 Winter Case,7.66,9.4,2025-02-28 01:56:53,False
eSports 2013 Winter Case,7.66,9.4,2025-02-28 01:57:08,False
Winter Offensive Weapon Case,5.25,7.7,2025-02-28 01:59:07,False
Osiris | Elite Crew,5.25,6.23,2025-02-28 09:16:26,False
Sticker | Incineration (Holo),2.96,4.63,2025-02-28 09:20:26,False
AWP | Atheris (Factory New),12.29,17.28,2025-02-28 09:36:19,False
StatTrak™ M4A1-S | Emphorosaur-S (Minimal Wear),3.75,5.59,2025-02-28 11:39:42,False
Desert Eagle | Heat Treated (Minimal Wear),3.04,6.03,2025-02-28 11:40:35,True
AWP | Black Nile (Factory New),5.84,7.7,2025-02-28 12:03:41,False
1st Lieutenant Farlow | SWAT,6.11,7.22,2025-02-28 12:04:57,False
AWP | Atheris (Minimal Wear),5.83,8.36,2025-02-28 12:32:33,False
Operator | FBI SWAT,6.13,7.36,2025-02-28 17:27:08,False
FAMAS | Rapid Eye Movement (Minimal Wear),2.84,4.49,2025-02-28 21:36:30,False
M4A1-S | Player Two (Minimal Wear),42.72,54.5175,2025-02-28 23:37:36,False
M4A4 | Evil Daimyo (Factory New),4.15,10.74,2025-03-01 00:39:23,True
AWP | Atheris (Factory New),12.38,17.28,2025-03-01 20:44:54,False
Ground Rebel  | Elite Crew,5.79,7.0,2025-03-01 20:52:50,False
Huntsman Weapon Case,7.82,9.29,2025-03-01 22:55:49,False
StatTrak™ M4A1-S | Emphorosaur-S (Minimal Wear),4.67,5.59,2025-03-02 00:48:24,False
"Music Kit | Knock2, dashstar*",14.81,17.89,2025-03-02 03:47:13,False
StatTrak™ M4A1-S | Night Terror (Factory New),6.71,11.8,2025-03-02 09:57:17,False
Winter Offensive Weapon Case,5.03,7.7,2025-03-02 09:59:58,False
SSG 08 | Dragonfire (Minimal Wear),10.62,15.82,2025-03-02 11:46:21,False
M4A4 | Evil Daimyo (Factory New),4.0,10.74,2025-03-02 13:28:06,True
Glove Case,4.98,6.98,2025-03-02 14:58:04,False
StatTrak™ M4A1-S | Night Terror (Factory New),7.92,11.8,2025-03-02 15:50:50,False
P250 | Muertos (Minimal Wear),4.1,4.93,2025-03-02 16:32:56,False
M4A4 | Evil Daimyo (Factory New),4.65,10.74,2025-03-02 19:02:19,True
AWP | Black Nile (Factory New),5.7,7.7,2025-03-02 19:04:28,False
MP7 | Fade (Factory New),4.54,6.89,2025-03-02 19:39:43,False
SSG 08 | Turbo Peek (Minimal Wear),10.61,15.13,2025-03-02 19:58:15,False
StatTrak™ Glock-18 | Umbral Rabbit (Factory New),6.09,9.69,2025-03-02 20:03:52,False
AWP | Atheris (Factory New),12.41,17.28,2025-03-02 21:21:10,False
StatTrak™ M4A1-S | Black Lotus (Minimal Wear),37.77,50.23125,2025-03-03 08:28:20,False
Trapper Aggressor | Guerrilla Warfare,17.72,23.97,2025-03-03 08:33:25,False
Trapper Aggressor | Guerrilla Warfare,17.73,23.97,2025-03-03 08:33:40,False
Trapper Aggressor | Guerrilla Warfare,17.94,23.97,2025-03-03 08:33:55,False
Glock-18 | Vogue (Factory New),11.11,15.17,2025-03-03 08:37:58,False
Glock-18 | Vogue (Factory New),11.7,15.17,2025-03-03 08:38:12,False
P2000 | Amber Fade (Factory New),8.37,12.94,2025-03-03 08:39:40,False
P2000 | Amber Fade (Factory New),9.6,12.94,2025-03-03 08:39:57,False
StatTrak™ USP-S | Ticket to Hell (Factory New),7.97,11.32,2025-03-03 08:41:37,False
M4A1-S | Basilisk (Minimal Wear),6.92,8.58,2025-03-03 08:45:14,False
Aspirant | Gendarmerie Nationale,6.37,8.36,2025-03-03 08:45:55,False
P90 | Asiimov (Field-Tested),6.71,8.34,2025-03-03 08:46:21,False
AK-47 | Phantom Disruptor (Minimal Wear),6.21,7.2,2025-03-03 08:47:50,False
AK-47 | Phantom Disruptor (Minimal Wear),6.21,7.2,2025-03-03 08:48:04,False
StatTrak™ AWP | Mortis (Minimal Wear),5.5,7.15,2025-03-03 08:49:12,False
AK-47 | Ice Coaled (Field-Tested),5.58,7.08,2025-03-03 08:49:29,False
StatTrak™ M4A1-S | Emphorosaur-S (Minimal Wear),3.67,5.92,2025-03-03 08:51:34,False
FAMAS | ZX Spectron (Field-Tested),3.17,4.0,2025-03-03 08:53:42,False
AWP | Duality (Minimal Wear),5.8,7.95,2025-03-03 10:09:22,False
Buckshot | NSWC SEAL,4.08,5.44,2025-03-03 11:56:02,False
AWP | Atheris (Factory New),12.58,17.07,2025-03-03 12:09:12,False
SSG 08 | Turbo Peek (Minimal Wear),11.04,16.7,2025-03-03 12:09:41,False
Glock-18 | Vogue (Factory New),11.1,15.17,2025-03-03 12:37:23,False
USP-S | Blueprint (Minimal Wear),8.42,12.3,2025-03-03 12:39:07,False
M4A4 | 龍王 (Dragon King) (Field-Tested),8.34,10.93,2025-03-03 13:34:58,False
Michael Syfers  | FBI Sniper,6.9,9.39,2025-03-03 13:37:31,False
M4A4 | Tooth Fairy (Minimal Wear),4.69,5.38,2025-03-03 13:43:17,False
Cmdr. Mae 'Dead Cold' Jamison | SWAT,10.61,13.28,2025-03-03 15:20:31,False
Michael Syfers  | FBI Sniper,7.28,9.39,2025-03-03 15:25:11,False
Operator | FBI SWAT,6.13,7.9,2025-03-03 15:27:36,False
StatTrak™ M4A1-S | Night Terror (Factory New),7.4,10.88,2025-03-03 16:16:26,False
M4A4 | Evil Daimyo (Factory New),4.37,9.78,2025-03-03 16:42:52,True
M4A4 | Evil Daimyo (Factory New),4.27,9.78,2025-03-03 17:07:46,True
AK-47 | Legion of Anubis (Field-Tested),6.44,9.06,2025-03-03 17:09:05,False
AK-47 | Ice Coaled (Field-Tested),5.45,7.08,2025-03-03 17:12:07,False
SSG 08 | Turbo Peek (Minimal Wear),11.4,16.7,2025-03-03 18:20:40,False
Sous-Lieutenant Medic | Gendarmerie Nationale,7.96,10.21,2025-03-03 18:26:14,False
AWP | Duality (Factory New),12.41,16.51,2025-03-03 19:13:14,False
AK-47 | Slate (Minimal Wear),6.57,8.21,2025-03-03 19:21:36,False
StatTrak™ M4A1-S | Emphorosaur-S (Minimal Wear),4.08,5.92,2025-03-03 19:25:37,False
SSG 08 | Turbo Peek (Minimal Wear),12.24,16.7,2025-03-03 20:13:44,False
StatTrak™ USP-S | Ticket to Hell (Factory New),7.6,11.32,2025-03-03 20:18:24,False
M4A4 | Desolate Space (Well-Worn),6.15,8.66,2025-03-03 20:22:02,False
StatTrak™ USP-S | Ticket to Hell (Factory New),6.74,11.32,2025-03-03 20:46:50,True
FAMAS | ZX Spectron (Field-Tested),2.32,4.0,2025-03-03 20:57:00,True
SSG 08 | Turbo Peek (Minimal Wear),9.58,16.7,2025-03-03 21:10:36,True
Buckshot | NSWC SEAL,4.08,5.44,2025-03-03 21:23:53,False
Glock-18 | Neo-Noir (Minimal Wear),22.38,26.94,2025-03-03 21:34:25,False
M4A4 | Desolate Space (Well-Worn),6.15,8.66,2025-03-03 23:34:08,False
FAMAS | ZX Spectron (Minimal Wear),4.62,6.01,2025-03-04 00:03:33,False
"Music Kit | TWERL and Ekko & Sidetrack, Under Bright Lights",8.66,13.45,2025-03-04 00:19:36,False
Aces High Pin,6.81,9.34,2025-03-04 00:24:13,False
Glove Case,5.57,6.98,2025-03-04 00:27:53,False
SSG 08 | Turbo Peek (Minimal Wear),12.54,16.7,2025-03-04 00:43:12,False
Glock-18 | Vogue (Factory New),10.45,15.17,2025-03-04 00:44:33,False
M4A4 | Evil Daimyo (Factory New),4.4,9.78,2025-03-04 07:49:26,True
StatTrak™ M4A1-S | Emphorosaur-S (Minimal Wear),3.85,5.92,2025-03-04 10:15:52,False
3rd Commando Company | KSK,8.64,10.77,2025-03-04 10:38:19,False
Glock-18 | Vogue (Factory New),9.17,15.17,2025-03-04 11:03:11,True
M4A4 | In Living Color (Minimal Wear),14.0,17.97,2025-03-04 12:24:38,False
AK-47 | Legion of Anubis (Field-Tested),6.71,9.06,2025-03-04 12:59:06,False
AK-47 | Neon Revolution (Field-Tested),14.01,17.98,2025-03-04 14:14:19,False
M4A4 | Desolate Space (Field-Tested),4.31,8.48,2025-03-04 14:24:08,True
FAMAS | ZX Spectron (Field-Tested),2.49,4.0,2025-03-04 14:31:28,False
StatTrak™ M4A1-S | Night Terror (Factory New),7.87,10.88,2025-03-04 15:48:55,False
SSG 08 | Turbo Peek (Field-Tested),5.88,8.39,2025-03-04 15:52:42,False
★ Gut Knife | Doppler (Factory New),214.87,321.3375,2025-03-04 19:23:24,False
SSG 08 | Turbo Peek (Minimal Wear),12.0,16.7,2025-03-04 20:01:17,False
StatTrak™ M4A1-S | Black Lotus (Minimal Wear),36.63,50.23125,2025-03-04 20:52:59,False
StatTrak™ USP-S | Cortex (Field-Tested),6.24,7.79,2025-03-04 21:33:52,False
AWP | Duality (Minimal Wear),5.99,7.95,2025-03-04 23:35:36,False
AK-47 | Ice Coaled (Field-Tested),5.42,7.08,2025-03-05 00:00:11,False
Aspirant | Gendarmerie Nationale,5.68,8.36,2025-03-05 01:08:22,False
UMP-45 | Neo-Noir (Minimal Wear),9.86,12.82,2025-03-05 01:49:12,False
SSG 08 | Turbo Peek (Field-Tested),5.88,8.39,2025-03-05 01:53:53,False
M4A4 | 龍王 (Dragon King) (Field-Tested),8.8,10.93,2025-03-05 02:31:46,False
AWP | Atheris (Minimal Wear),6.17,8.58,2025-03-05 02:34:33,False
AK-47 | Blue Laminate (Minimal Wear),12.84,15.98,2025-03-05 09:13:21,False
StatTrak™ USP-S | Black Lotus (Minimal Wear),11.0,13.92,2025-03-05 09:41:00,False
MAC-10 | Disco Tech (Minimal Wear),4.66,6.51,2025-03-05 10:58:16,False
Osiris | Elite Crew,5.35,6.43,2025-03-05 12:29:08,False
Winter Offensive Weapon Case,5.05,7.72,2025-03-05 16:51:33,True
M4A4 | Evil Daimyo (Factory New),4.69,9.78,2025-03-05 17:57:32,True
Primeiro Tenente | Brazilian 1st Battalion,28.21,34.88,2025-03-05 22:32:31,False
M4A4 | Evil Daimyo (Factory New),4.48,9.78,2025-03-05 23:25:31,True
Trapper Aggressor | Guerrilla Warfare,18.46,23.97,2025-03-06 01:07:01,False
Sir Bloody Silent Darryl | The Professionals,28.0,35.65,2025-03-06 16:14:00,False
StatTrak™ Desert Eagle | Trigger Discipline (Minimal Wear),5.49,9.42,2025-03-06 17:06:29,True
FAMAS | Commemoration (Factory New),13.93,28.12,2025-03-06 19:32:52,True
AWP | Asiimov (Battle-Scarred),70.32,93.625,2025-03-07 00:12:09,False
AWP | Asiimov (Well-Worn),100.0,129.4375,2025-03-10 12:10:10,False
Cmdr. Davida 'Goggles' Fernandez | SEAL Frogman,55.42,68.04,2025-03-10 12:11:37,False
AWP | Chrome Cannon (Field-Tested),40.0,53.42625,2025-03-10 12:13:51,False
Trapper Aggressor | Guerrilla Warfare,16.0,20.81,2025-03-10 12:20:05,False
Sticker Capsule 2,12.99,15.14,2025-03-10 12:23:08,False
AK-47 | The Outsiders (Field-Tested),12.91,15.92,2025-03-10 12:24:04,False
Glock-18 | Vogue (Factory New),11.23,15.34,2025-03-10 12:24:31,False
StatTrak™ USP-S | Black Lotus (Minimal Wear),11.24,15.03,2025-03-10 12:24:53,False
StatTrak™ USP-S | Black Lotus (Minimal Wear),12.27,15.03,2025-03-10 12:25:07,False
StatTrak™ USP-S | Black Lotus (Minimal Wear),12.41,15.03,2025-03-10 12:25:23,False
Arno The Overgrown | Guerrilla Warfare,9.16,13.77,2025-03-10 12:26:45,False
Arno The Overgrown | Guerrilla Warfare,10.5,13.77,2025-03-10 12:27:01,False
USP-S | Cortex (Factory New),10.47,13.72,2025-03-10 12:27:21,False
P2000 | Amber Fade (Factory New),10.5,13.34,2025-03-10 12:27:54,False
P2000 | Amber Fade (Factory New),11.0,13.34,2025-03-10 12:28:09,False
StatTrak™ SSG 08 | Fever Dream (Factory New),9.93,12.76,2025-03-10 12:29:07,False
Desert Eagle | Conspiracy (Factory New),8.74,12.25,2025-03-10 12:29:49,False
Desert Eagle | Conspiracy (Factory New),9.04,12.25,2025-03-10 12:30:04,False
Huntsman Weapon Case,9.42,10.51,2025-03-10 12:31:58,False
Street Soldier | Phoenix,8.68,10.11,2025-03-10 12:32:36,False
Street Soldier | Phoenix,8.75,10.11,2025-03-10 12:32:52,False
Street Soldier | Phoenix,8.99,10.11,2025-03-10 12:33:08,False
Street Soldier | Phoenix,9.01,10.11,2025-03-10 12:33:24,False
M4A4 | Neo-Noir (Field-Tested),7.81,10.34,2025-03-10 12:34:17,False
FAMAS | ZX Spectron (Minimal Wear),4.73,9.16,2025-03-10 12:36:19,True
FAMAS | ZX Spectron (Minimal Wear),7.0,9.16,2025-03-10 12:37:05,False
AK-47 | Slate (Minimal Wear),7.25,8.81,2025-03-10 12:37:33,False
Operator | FBI SWAT,6.65,8.38,2025-03-10 12:38:20,False
Operator | FBI SWAT,6.69,8.38,2025-03-10 12:38:37,False
AWP | Duality (Minimal Wear),6.28,8.3,2025-03-10 12:39:12,False
AWP | Duality (Minimal Wear),6.29,8.3,2025-03-10 12:39:27,False
AWP | Duality (Minimal Wear),6.75,8.3,2025-03-10 12:39:42,False
MAC-10 | Disco Tech (Minimal Wear),5.76,8.14,2025-03-10 12:40:22,False
Ground Rebel  | Elite Crew,5.52,7.04,2025-03-10 12:42:55,False
AK-47 | Crossfade (Factory New),5.0,6.37,2025-03-10 12:43:37,False
USP-S | Alpine Camo (Factory New),5.0,5.8,2025-03-10 12:45:10,False
StatTrak™ Glock-18 | Block-18 (Minimal Wear),4.15,6.24,2025-03-10 12:45:34,False
StatTrak™ Glock-18 | Block-18 (Minimal Wear),4.99,6.24,2025-03-10 12:45:48,False
StatTrak™ M4A1-S | Night Terror (Minimal Wear),4.13,5.95,2025-03-10 12:46:29,False
USP-S | Cortex (Minimal Wear),3.41,5.74,2025-03-10 12:47:28,True
"Music Kit | Denzel Curry, ULTIMATE",4.1,5.61,2025-03-10 12:48:02,False
AK-47 | Slate (Field-Tested),4.49,5.54,2025-03-10 12:48:37,False
StatTrak™ M4A1-S | Emphorosaur-S (Minimal Wear),4.25,5.5,2025-03-10 12:48:58,False
USP-S | Cyrex (Factory New),3.2,5.49,2025-03-10 12:49:17,True
StatTrak™ USP-S | Ticket to Hell (Minimal Wear),4.39,5.44,2025-03-10 12:49:40,False
"Music Kit | The Verkkars, EZ4ENCE",3.83,5.24,2025-03-10 12:50:47,False
Sticker | Winding Scorch (Foil),3.0,5.05,2025-03-10 12:51:30,True
StatTrak™ Glock-18 | Moonrise (Minimal Wear),1.97,4.63,2025-03-10 12:52:49,True
MP9 | Starlight Protector (Field-Tested),3.32,4.55,2025-03-10 12:53:34,False
MP9 | Starlight Protector (Field-Tested),3.68,4.55,2025-03-10 12:53:50,False
MP9 | Starlight Protector (Field-Tested),3.76,4.55,2025-03-10 12:54:05,False
Sticker | Bolt Strike (Foil),2.83,4.06,2025-03-10 12:54:55,False
Galil AR | Chromatic Aberration (Field-Tested),2.79,4.32,2025-03-10 12:55:38,False
Galil AR | Chromatic Aberration (Field-Tested),2.99,4.32,2025-03-10 12:55:53,False
Galil AR | Chromatic Aberration (Field-Tested),3.33,4.32,2025-03-10 12:56:08,False
Glock-18 | Block-18 (Factory New),2.49,4.17,2025-03-10 12:56:50,True
M4A4 | Turbine (Minimal Wear),2.92,4.15,2025-03-10 12:57:13,False
M4A4 | Turbine (Minimal Wear),2.94,4.15,2025-03-10 12:57:28,False
M4A4 | Turbine (Minimal Wear),3.2,4.15,2025-03-10 12:57:44,False
Sticker | Blue Gem (Glitter),3.33,3.8,2025-03-10 12:58:09,False
Sticker | Blue Gem (Glitter),3.33,3.8,2025-03-10 12:58:25,False
FAMAS | ZX Spectron (Field-Tested),2.72,3.93,2025-03-10 12:59:12,False
FAMAS | ZX Spectron (Field-Tested),2.89,3.93,2025-03-10 12:59:28,False
Galil AR | Stone Cold (Minimal Wear),2.89,3.89,2025-03-10 13:00:00,False
Galil AR | Stone Cold (Minimal Wear),3.18,3.89,2025-03-10 13:00:16,False
Galil AR | Stone Cold (Minimal Wear),3.19,3.89,2025-03-10 13:00:33,False
StatTrak™ Glock-18 | Umbral Rabbit (Minimal Wear),3.09,3.8,2025-03-10 13:01:10,False
XM1014 | Black Tie (Factory New),2.53,3.69,2025-03-10 13:01:50,False
Sticker | Team Liquid (Holo) | Stockholm 2021,2.9,3.39,2025-03-10 13:02:14,False
Sticker | Team Liquid (Holo) | Stockholm 2021,2.9,3.39,2025-03-10 13:02:30,False
Sticker | Team Liquid (Holo) | Stockholm 2021,2.9,3.39,2025-03-10 13:02:47,False
Sticker | Team Liquid (Holo) | Stockholm 2021,2.9,3.39,2025-03-10 13:03:01,False
Sticker | Team Liquid (Holo) | Stockholm 2021,2.9,3.39,2025-03-10 13:03:16,False
Sticker | Team Liquid (Holo) | Stockholm 2021,2.9,3.39,2025-03-10 13:03:32,False
Sticker | Team Liquid (Holo) | Stockholm 2021,2.9,3.39,2025-03-10 13:03:48,False
Sticker | GO,0.89,2.29,2025-03-10 13:12:16,True
Sticker | Vitality (Holo) | Copenhagen 2024,0.43,1.22,2025-03-10 13:18:51,True
Sticker | Vitality (Holo) | Paris 2023,0.46,1.02,2025-03-10 13:21:16,True
MP9 | Featherweight (Factory New),0.42,1.1,2025-03-10 13:23:41,True
Sticker | ropz (Glitter) | Copenhagen 2024,0.28,0.89,2025-03-10 13:24:04,True
Sticker | 3DMAX (Glitter) | Shanghai 2024,0.11,0.6,2025-03-10 13:41:09,True
Sticker | ECSTATIC (Glitter) | Copenhagen 2024,0.15,0.35,2025-03-10 13:43:37,True
Sticker | ECSTATIC (Glitter) | Copenhagen 2024,0.15,0.35,2025-03-10 13:43:53,True
Sticker | ECSTATIC (Glitter) | Copenhagen 2024,0.15,0.35,2025-03-10 13:44:09,True
Sticker | ECSTATIC (Glitter) | Copenhagen 2024,0.15,0.35,2025-03-10 13:44:27,True
Sticker | ECSTATIC (Glitter) | Copenhagen 2024,0.15,0.35,2025-03-10 13:44:44,True
Sticker | ECSTATIC (Glitter) | Copenhagen 2024,0.15,0.35,2025-03-10 13:45:01,True
Sticker | ECSTATIC (Glitter) | Copenhagen 2024,0.15,0.35,2025-03-10 13:45:15,True
Sticker | ECSTATIC (Glitter) | Copenhagen 2024,0.15,0.35,2025-03-10 13:45:31,True
Sticker | ECSTATIC (Glitter) | Copenhagen 2024,0.15,0.35,2025-03-10 13:45:47,True
Sticker | ECSTATIC (Glitter) | Copenhagen 2024,0.15,0.35,2025-03-10 13:46:03,True
Sticker | ECSTATIC (Glitter) | Copenhagen 2024,0.15,0.35,2025-03-10 13:46:21,True
Sticker | ECSTATIC (Glitter) | Copenhagen 2024,0.15,0.35,2025-03-10 13:46:39,True
Sticker | ECSTATIC (Glitter) | Copenhagen 2024,0.15,0.35,2025-03-10 13:46:56,True
Sticker | ECSTATIC (Glitter) | Copenhagen 2024,0.15,0.35,2025-03-10 13:47:13,True
Sticker | ECSTATIC (Glitter) | Copenhagen 2024,0.15,0.35,2025-03-10 13:47:28,True
Officer Jacques Beltram | Gendarmerie Nationale,13.95,17.18,2025-03-10 14:30:22,False
Officer Jacques Beltram | Gendarmerie Nationale,13.95,17.18,2025-03-10 14:30:38,False
StatTrak™ M4A1-S | Night Terror (Minimal Wear),3.13,5.95,2025-03-10 15:06:33,True
Tec-9 | Re-Entry (Factory New),1.12,2.5,2025-03-10 15:22:21,True
MAC-10 | Pipsqueak (Minimal Wear),1.19,2.37,2025-03-10 15:23:45,True
Desert Eagle | Tilted (Minimal Wear),0.78,1.63,2025-03-10 15:30:03,True
AWP | Duality (Field-Tested),2.22,3.63,2025-03-10 16:56:50,True
Sticker | Bolt Strike,0.37,0.66,2025-03-10 17:21:20,True
Sticker | Bolt Strike,0.39,0.66,2025-03-10 17:21:36,False
Sticker | Bolt Strike,0.39,0.66,2025-03-10 17:21:51,False
Sticker | Bolt Strike,0.39,0.66,2025-03-10 17:22:06,False
Sticker | Wildcard (Glitter) | Shanghai 2024,0.29,0.68,2025-03-10 17:27:30,False
Sticker | Wildcard (Glitter) | Shanghai 2024,0.29,0.68,2025-03-10 17:27:45,False
Sticker | Wildcard (Glitter) | Shanghai 2024,0.29,0.68,2025-03-10 17:27:59,False
Sticker | ropz (Glitter) | Shanghai 2024,0.27,0.62,2025-03-10 17:29:51,False
M4A4 | Temukau (Field-Tested),12.52,15.77,2025-03-10 18:01:05,False
Sticker Capsule 2,13.43,15.14,2025-03-10 18:01:49,False
"Music Kit | The Verkkars, EZ4ENCE",3.18,5.24,2025-03-10 19:03:36,True
MP9 | Starlight Protector (Field-Tested),3.43,4.55,2025-03-10 19:06:08,False
MP9 | Starlight Protector (Field-Tested),3.53,4.55,2025-03-10 19:06:24,False
MP9 | Starlight Protector (Field-Tested),3.68,4.55,2025-03-10 19:06:38,False
AK-47 | Slate (Well-Worn),3.35,4.55,2025-03-10 19:07:00,False
Galil AR | Chromatic Aberration (Field-Tested),2.78,4.32,2025-03-10 19:08:10,False
SSG 08 | Abyss (Factory New),2.56,3.9,2025-03-10 19:10:05,False
Charm | Chicken Lil',1.66,3.06,2025-03-10 19:13:57,True
Little Kev | The Professionals,20.0,23.04,2025-03-10 20:21:33,False
StatTrak™ Glock-18 | Umbral Rabbit (Minimal Wear),2.14,3.8,2025-03-10 20:45:09,True
USP-S | Alpine Camo (Field-Tested),1.5,2.59,2025-03-10 20:51:44,True
USP-S | Check Engine (Minimal Wear),0.53,1.64,2025-03-10 20:58:30,True
Sticker | Wildcard (Glitter) | Shanghai 2024,0.19,0.68,2025-03-11 00:03:34,True
Sticker | Wildcard (Glitter) | Shanghai 2024,0.19,0.68,2025-03-11 00:03:48,True
Sticker | Wildcard (Glitter) | Shanghai 2024,0.19,0.68,2025-03-11 00:04:02,True
USP-S | Check Engine (Factory New),0.87,2.47,2025-03-11 01:16:42,True
Sticker | Wildcard (Glitter) | Shanghai 2024,0.19,0.68,2025-03-11 01:33:48,True
Sticker | Wildcard (Glitter) | Shanghai 2024,0.19,0.68,2025-03-11 01:34:02,True
Sticker | Wildcard (Glitter) | Shanghai 2024,0.19,0.68,2025-03-11 01:34:16,True
Number K | The Professionals,45.85,57.41,2025-03-11 06:18:45,False
StatTrak™ M4A1-S | Emphorosaur-S (Field-Tested),1.8,3.17,2025-03-11 08:17:27,True
Sticker | Boom Trail (Glitter),0.25,0.75,2025-03-11 08:44:34,True
"Music Kit | Denzel Curry, ULTIMATE",3.28,5.61,2025-03-11 09:43:07,True
Sticker | Wildcard (Glitter) | Shanghai 2024,0.11,0.68,2025-03-11 11:18:32,True
Sticker | Wildcard (Glitter) | Shanghai 2024,0.11,0.68,2025-03-11 11:18:51,True
Sticker | Wildcard (Glitter) | Shanghai 2024,0.11,0.68,2025-03-11 11:19:06,True
Sticker | Bolt Strike (Foil),2.5,4.06,2025-03-11 15:20:35,True
Galil AR | Chromatic Aberration (Field-Tested),3.49,4.32,2025-03-11 15:21:10,False
M4A4 | Turbine (Minimal Wear),3.02,4.15,2025-03-11 15:21:52,False
Sticker | Team Liquid (Holo) | Stockholm 2021,1.97,3.39,2025-03-11 15:23:28,True
Sticker | Team Liquid (Holo) | Stockholm 2021,1.97,3.39,2025-03-11 15:23:43,True
Sticker | Team Liquid (Holo) | Stockholm 2021,1.97,3.39,2025-03-11 15:23:57,True
Sticker | Team Liquid (Holo) | Stockholm 2021,1.97,3.39,2025-03-11 15:24:12,True
Sticker | Team Liquid (Holo) | Stockholm 2021,1.97,3.39,2025-03-11 15:24:26,True
Sticker | Team Liquid (Holo) | Stockholm 2021,1.97,3.39,2025-03-11 15:24:40,True
Sticker | Team Liquid (Holo) | Stockholm 2021,1.97,3.39,2025-03-11 15:24:54,True
Sticker | Team Liquid (Holo) | Stockholm 2021,1.97,3.39,2025-03-11 15:25:08,True
Charm | Hot Sauce,0.42,0.77,2025-03-11 15:40:23,True
Five-SeveN | Silver Quartz (Factory New),0.55,0.76,2025-03-11 15:40:46,False
Charm | Lil' Crass,0.59,0.75,2025-03-11 15:41:10,False
Sticker | 3DMAX (Glitter) | Shanghai 2024,0.1,0.6,2025-03-11 15:50:12,True
M4A1-S | Black Lotus (Minimal Wear),14.58,16.38,2025-03-11 16:16:32,False
Little Kev | The Professionals,20.27,23.04,2025-03-11 23:21:30,False
XM1014 | Black Tie (Factory New),1.94,3.69,2025-03-12 01:12:43,True
Tec-9 | Avalanche (Minimal Wear),2.17,3.68,2025-03-12 01:13:00,True
Tec-9 | Re-Entry (Factory New),1.19,2.5,2025-03-12 01:18:42,True
Tec-9 | Re-Entry (Factory New),1.19,2.5,2025-03-12 01:18:56,True
Tec-9 | Re-Entry (Factory New),1.19,2.5,2025-03-12 01:19:11,True
Tec-9 | Re-Entry (Factory New),1.19,2.5,2025-03-12 01:19:25,True
Tec-9 | Re-Entry (Factory New),1.19,2.5,2025-03-12 01:19:39,True
StatTrak™ SSG 08 | Fever Dream (Factory New),7.51,12.76,2025-03-12 02:17:54,True
Welcome to the Clutch Pin,2.8,5.03,2025-03-12 03:50:13,True
M4A4 | Desolate Space (Minimal Wear),11.09,18.97,2025-03-12 12:42:41,True
USP-S | Black Lotus (Minimal Wear),2.69,4.36,2025-03-12 13:02:09,True
AWP | Duality (Battle-Scarred),1.5,2.81,2025-03-12 13:07:25,True
Sticker | Boom Trail (Glitter),0.26,0.75,2025-03-12 15:59:27,True
Sticker | Boom Trail (Glitter),0.26,0.75,2025-03-12 15:59:41,True
Elite Trapper Solman | Guerrilla Warfare,22.41,28.5,2025-03-12 16:46:14,False
M4A4 | Tooth Fairy (Field-Tested),2.64,3.34,2025-03-12 17:24:44,False
USP-S | Alpine Camo (Minimal Wear),2.48,3.32,2025-03-12 17:25:29,False
Sticker | Gold Web (Foil),2.59,3.07,2025-03-12 17:25:51,False
Charm | Chicken Lil',2.27,3.06,2025-03-12 17:26:42,False
StatTrak™ M4A1-S | Emphorosaur-S (Field-Tested),2.41,3.17,2025-03-12 17:27:42,False
Berlin 2019 Minor Challengers Autograph Capsule,2.5,2.89,2025-03-12 17:28:04,False
M4A1-S | Night Terror (Factory New),2.0,2.97,2025-03-12 17:29:02,False
M4A1-S | Night Terror (Factory New),2.4,2.97,2025-03-12 17:29:17,False
Charm | Glamour Shot,2.2,2.78,2025-03-12 17:30:39,False
Charm | Glamour Shot,2.25,2.78,2025-03-12 17:30:55,False
Sticker | GODSENT (Holo) | Stockholm 2021,1.99,2.49,2025-03-12 17:31:58,False
Sticker | GODSENT (Holo) | Stockholm 2021,1.99,2.49,2025-03-12 17:32:29,False
Sticker | GODSENT (Holo) | Stockholm 2021,1.99,2.49,2025-03-12 17:32:43,False
Sticker | GODSENT (Holo) | Stockholm 2021,1.99,2.49,2025-03-12 17:32:58,False
Sticker | GODSENT (Holo) | Stockholm 2021,1.99,2.49,2025-03-12 17:33:14,False
R8 Revolver | Blaze (Factory New),1.93,2.63,2025-03-12 17:34:59,False
Dreams & Nightmares Case,1.55,2.27,2025-03-12 17:37:52,False
Dreams & Nightmares Case,1.9,2.27,2025-03-12 17:38:12,False
Dreams & Nightmares Case,1.96,2.27,2025-03-12 17:38:27,False
M4A4 | Spider Lily (Field-Tested),4.48,7.85,2025-03-12 21:26:31,True
Sticker | Bolt Charge,0.64,1.67,2025-03-13 01:06:28,True
Charm | Chicken Lil',1.8,3.06,2025-03-13 04:05:20,True
Charm | Glamour Shot,1.62,2.78,2025-03-13 04:07:04,True
Galil AR | Firefight (Minimal Wear),0.5,1.18,2025-03-13 04:16:48,True
Charm | Hot Sauce,0.38,0.77,2025-03-13 04:19:40,True
Souvenir Glock-18 | High Beam (Factory New),1.19,2.16,2025-03-13 05:17:08,True
Glock-18 | Nuclear Garden (Factory New),3.67,7.13,2025-03-13 08:25:19,True
StatTrak™ M4A1-S | Night Terror (Minimal Wear),3.21,5.95,2025-03-13 08:27:19,True
AK-47 | Nightwish (Minimal Wear),16.95,20.45,2025-03-13 23:19:51,False
M4A4 | Temukau (Field-Tested),12.66,14.52,2025-03-13 23:22:04,False
"Music Kit | Knock2, dashstar*",11.28,15.42,2025-03-13 23:22:24,False
Glock-18 | Vogue (Factory New),10.57,15.71,2025-03-13 23:23:23,False
AK-47 | Phantom Disruptor (Minimal Wear),6.01,7.21,2025-03-13 23:29:06,False
AK-47 | Phantom Disruptor (Minimal Wear),6.06,7.21,2025-03-13 23:29:21,False
StatTrak™ Glock-18 | Moonrise (Minimal Wear),2.08,4.69,2025-03-13 23:40:00,True
AWP | Mortis (Field-Tested),1.8,3.51,2025-03-13 23:44:11,True
Sticker | Natus Vincere (Holo) | Paris 2023,1.17,2.74,2025-03-13 23:49:25,True
MAG-7 | SWAG-7 (Minimal Wear),0.5,2.09,2025-03-13 23:53:31,True
MAG-7 | SWAG-7 (Minimal Wear),0.6,2.09,2025-03-13 23:53:45,True
Sticker | Vitality (Holo) | Copenhagen 2024,0.37,1.22,2025-03-14 00:04:03,True
Sticker | ropz (Glitter) | Copenhagen 2024,0.45,0.89,2025-03-14 00:04:26,True
Sticker | ropz (Glitter) | Copenhagen 2024,0.45,0.89,2025-03-14 00:04:41,True
USP-S | Check Engine (Factory New),0.84,2.18,2025-03-14 09:55:17,True
AK-47 | Legion of Anubis (Minimal Wear),9.0,11.7,2025-03-14 12:59:18,False
M4A1-S | Wash me plz (Factory New),0.37,0.87,2025-03-14 13:47:25,True
Shanghai 2024 Legends Autograph Capsule,0.29,0.45,2025-03-14 13:54:12,False
Shanghai 2024 Legends Autograph Capsule,0.29,0.45,2025-03-14 13:54:30,False
Shanghai 2024 Legends Autograph Capsule,0.29,0.45,2025-03-14 13:54:45,False
Shanghai 2024 Legends Autograph Capsule,0.29,0.45,2025-03-14 13:55:02,False
Shanghai 2024 Legends Autograph Capsule,0.29,0.45,2025-03-14 13:55:19,False
Shanghai 2024 Legends Autograph Capsule,0.29,0.45,2025-03-14 13:55:34,False
Shanghai 2024 Legends Autograph Capsule,0.29,0.45,2025-03-14 13:55:50,False
Shanghai 2024 Legends Autograph Capsule,0.29,0.45,2025-03-14 13:56:04,False
Shanghai 2024 Legends Autograph Capsule,0.29,0.45,2025-03-14 13:56:21,False
Shanghai 2024 Legends Autograph Capsule,0.29,0.45,2025-03-14 13:56:38,False
Desert Eagle | Tilted (Field-Tested),0.19,0.35,2025-03-14 14:01:37,False
AWP | Atheris (Factory New),12.68,17.32,2025-03-14 14:45:34,False
AWP | PAW (Field-Tested),1.1,2.39,2025-03-14 16:02:43,True
AK-47 | Slate (Field-Tested),4.05,5.57,2025-03-14 17:20:29,False
USP-S | Cortex (Field-Tested),2.24,4.08,2025-03-14 17:26:51,True
USP-S | Cortex (Field-Tested),2.24,4.08,2025-03-14 17:27:10,True
Street Soldier | Phoenix,7.97,9.53,2025-03-14 20:59:26,False
Glock-18 | Nuclear Garden (Factory New),4.86,8.11,2025-03-14 21:06:18,False
P250 | Asiimov (Field-Tested),2.9,7.21,2025-03-14 21:07:34,True
USP-S | Check Engine (Factory New),0.84,2.18,2025-03-14 21:28:06,True
M4A1-S | Wash me plz (Factory New),0.37,0.87,2025-03-14 21:43:59,True
Sticker | Boom Trail (Glitter),0.19,0.7,2025-03-14 21:49:29,True
M4A4 | Evil Daimyo (Factory New),4.62,6.95,2025-03-14 22:45:32,False
StatTrak™ USP-S | Ticket to Hell (Minimal Wear),3.32,5.64,2025-03-14 22:48:24,False
P250 | See Ya Later (Field-Tested),2.99,5.58,2025-03-14 22:50:47,False
Lt. Commander Ricksaw | NSWC SEAL,13.77,15.85,2025-03-14 23:53:11,False
P250 | See Ya Later (Field-Tested),2.99,5.58,2025-03-15 00:32:29,False
Glock-18 | Vogue (Factory New),10.0,15.71,2025-03-15 03:08:32,False
AK-47 | Nightwish (Field-Tested),8.75,11.2,2025-03-15 13:08:51,False
AK-47 | Ice Coaled (Minimal Wear),9.2,12.69,2025-03-15 14:38:55,False
MP7 | Bloodsport (Factory New),4.53,8.1,2025-03-15 14:50:11,False
AWP | Duality (Field-Tested),2.73,3.71,2025-03-15 14:59:54,False
Desert Eagle | Tilted (Minimal Wear),0.68,1.72,2025-03-15 15:11:21,True
M4A1-S | Wash me plz (Factory New),0.36,0.87,2025-03-15 15:22:50,True
M4A1-S | Black Lotus (Field-Tested),9.02,11.11,2025-03-15 16:16:35,False
AK-47 | Ice Coaled (Minimal Wear),9.2,12.69,2025-03-15 16:17:31,False
Operator | FBI SWAT,6.4,7.43,2025-03-15 16:22:36,False
AK-47 | Crossfade (Factory New),4.32,6.17,2025-03-15 16:25:31,False
P250 | See Ya Later (Field-Tested),2.63,5.58,2025-03-15 16:32:48,False
P250 | See Ya Later (Field-Tested),2.63,5.58,2025-03-15 16:33:02,False
P250 | See Ya Later (Field-Tested),2.63,5.58,2025-03-15 16:33:18,False
P250 | See Ya Later (Field-Tested),2.63,5.58,2025-03-15 16:33:32,False
P250 | See Ya Later (Field-Tested),2.63,5.58,2025-03-15 16:33:47,False
USP-S | Cortex (Field-Tested),2.66,4.08,2025-03-15 16:35:37,False
USP-S | Cortex (Field-Tested),2.66,4.08,2025-03-15 16:35:51,False
USP-S | Cortex (Field-Tested),2.66,4.08,2025-03-15 16:36:07,False
USP-S | Cortex (Field-Tested),2.66,4.08,2025-03-15 16:36:23,False
USP-S | Cortex (Field-Tested),2.66,4.08,2025-03-15 16:36:38,False
USP-S | Cortex (Field-Tested),2.66,4.08,2025-03-15 16:36:53,False
USP-S | Cortex (Field-Tested),2.66,4.08,2025-03-15 16:37:10,False
USP-S | Cortex (Field-Tested),2.66,4.08,2025-03-15 16:37:26,False
AWP | Duality (Field-Tested),2.71,3.71,2025-03-15 16:38:46,False
AWP | Duality (Field-Tested),2.72,3.71,2025-03-15 16:39:01,False
AWP | Duality (Field-Tested),2.73,3.71,2025-03-15 16:39:17,False
FAMAS | ZX Spectron (Field-Tested),2.49,3.76,2025-03-15 16:40:40,False
AWP | Mortis (Field-Tested),1.7,3.51,2025-03-15 16:41:19,True
MAG-7 | SWAG-7 (Minimal Wear),0.51,2.09,2025-03-15 16:48:49,True
P250 | Asiimov (Field-Tested),2.42,7.21,2025-03-15 17:53:33,True
AWP | Mortis (Field-Tested),2.14,3.51,2025-03-15 22:32:37,False
M4A4 | Converter (Factory New),1.9,3.43,2025-03-15 22:34:01,False
M4A4 | Converter (Factory New),2.18,3.43,2025-03-15 22:35:01,False
M4A4 | Converter (Factory New),2.2,3.43,2025-03-15 22:35:32,False
M4A1-S | Night Terror (Factory New),2.13,3.01,2025-03-15 22:37:33,False
"Music Kit | Knock2, Make U SWEAT!",1.9,3.49,2025-03-15 22:39:31,False
"Music Kit | Knock2, Make U SWEAT!",1.9,3.49,2025-03-15 22:40:02,False
USP-S | Alpine Camo (Field-Tested),1.68,2.45,2025-03-15 22:43:24,False
Sticker | Bolt Charge,0.82,1.38,2025-03-15 22:52:14,False
Sticker | Bolt Charge,0.82,1.38,2025-03-15 22:52:30,False
MAC-10 | Pipsqueak (Field-Tested),0.81,1.4,2025-03-15 22:53:57,False
Kilowatt Case,0.75,0.92,2025-03-15 23:00:05,False
Kilowatt Case,0.75,0.92,2025-03-15 23:00:19,False
Kilowatt Case,0.75,0.92,2025-03-15 23:00:34,False
Kilowatt Case,0.75,0.92,2025-03-15 23:00:50,False
Kilowatt Case,0.75,0.92,2025-03-15 23:01:07,False
Kilowatt Case,0.75,0.92,2025-03-15 23:01:22,False
Kilowatt Case,0.75,0.92,2025-03-15 23:01:37,False
Kilowatt Case,0.75,0.92,2025-03-15 23:04:12,False
Kilowatt Case,0.75,0.92,2025-03-15 23:04:27,False
Kilowatt Case,0.75,0.92,2025-03-15 23:04:43,False
Sticker | ropz (Glitter) | Copenhagen 2024,0.65,0.89,2025-03-15 23:06:03,False
Sticker | ropz (Glitter) | Copenhagen 2024,0.65,0.89,2025-03-15 23:06:19,False
Sticker | ropz (Glitter) | Copenhagen 2024,0.65,0.89,2025-03-15 23:06:34,False
Charm | Whittle Knife,0.39,0.77,2025-03-15 23:16:13,False
Charm | Whittle Knife,0.39,0.77,2025-03-15 23:16:33,False
Charm | Whittle Knife,0.39,0.77,2025-03-15 23:17:06,False
Charm | Whittle Knife,0.39,0.77,2025-03-15 23:17:52,False
Charm | Whittle Knife,0.39,0.77,2025-03-15 23:18:07,False
Charm | Whittle Knife,0.39,0.77,2025-03-15 23:18:53,False
Charm | Whittle Knife,0.39,0.77,2025-03-15 23:20:26,False
Charm | Whittle Knife,0.39,0.77,2025-03-15 23:20:40,False
Charm | Whittle Knife,0.39,0.77,2025-03-15 23:21:27,False
Charm | Whittle Knife,0.39,0.77,2025-03-15 23:21:42,False
Desert Eagle | Tilted (Field-Tested),0.21,0.35,2025-03-15 23:28:57,False
MAC-10 | Pipsqueak (Field-Tested),0.81,1.4,2025-03-16 00:38:15,False
MAC-10 | Pipsqueak (Field-Tested),0.91,1.4,2025-03-16 00:38:29,False
P250 | Asiimov (Field-Tested),2.58,6.94,2025-03-17 07:06:57,True
Desert Eagle | Light Rail (Factory New),3.2,5.79,2025-03-17 07:10:01,False
StatTrak™ M4A1-S | Night Terror (Field-Tested),2.62,4.71,2025-03-17 07:12:26,False
M4A4 | Evil Daimyo (Minimal Wear),2.53,4.12,2025-03-17 07:14:05,False
Glock-18 | Umbral Rabbit (Factory New),1.65,4.01,2025-03-17 07:14:45,True
Sticker | GO,1.16,2.02,2025-03-17 07:22:08,False
Sticker | Vitality (Holo) | Paris 2023,0.6,1.02,2025-03-17 07:28:02,False
Sticker | Vitality (Holo) | Paris 2023,0.6,1.02,2025-03-17 07:28:19,False
Sticker | ropz (Glitter) | Copenhagen 2024,0.55,0.86,2025-03-17 07:29:44,False
Sticker | ropz (Glitter) | Copenhagen 2024,0.55,0.86,2025-03-17 07:30:01,False
Sticker | ropz (Glitter) | Copenhagen 2024,0.55,0.86,2025-03-17 07:30:19,False
Sticker | ropz (Glitter) | Copenhagen 2024,0.55,0.86,2025-03-17 07:30:36,False
MAC-10 | Light Box (Factory New),0.52,1.15,2025-03-17 07:31:14,False
Sticker | Web Stuck,0.35,0.55,2025-03-17 07:36:18,False
Shanghai 2024 Champions Autograph Capsule,0.29,0.47,2025-03-17 07:38:33,False
Shanghai 2024 Champions Autograph Capsule,0.29,0.47,2025-03-17 07:38:51,False
Shanghai 2024 Champions Autograph Capsule,0.29,0.47,2025-03-17 07:39:08,False
Shanghai 2024 Champions Autograph Capsule,0.29,0.47,2025-03-17 07:39:25,False
Shanghai 2024 Champions Autograph Capsule,0.29,0.47,2025-03-17 07:39:42,False
Shanghai 2024 Champions Autograph Capsule,0.29,0.47,2025-03-17 07:40:00,False
Shanghai 2024 Champions Autograph Capsule,0.29,0.47,2025-03-17 07:40:17,False
Shanghai 2024 Champions Autograph Capsule,0.29,0.47,2025-03-17 07:40:35,False
Shanghai 2024 Champions Autograph Capsule,0.29,0.47,2025-03-17 07:40:57,False
Shanghai 2024 Champions Autograph Capsule,0.29,0.47,2025-03-17 07:41:14,False
Sticker | Flex,0.44,0.81,2025-03-17 08:53:40,False
Sticker | Bolt Charge (Foil),4.5,5.98,2025-03-18 15:23:26,False
AWP | Acheron (Minimal Wear),1.08,1.71,2025-03-18 15:42:54,False
Sticker | ropz (Glitter) | Copenhagen 2024,0.55,0.86,2025-03-18 15:49:18,False
Sticker | ropz (Glitter) | Copenhagen 2024,0.55,0.86,2025-03-18 15:49:29,False
Sticker | ropz (Glitter) | Copenhagen 2024,0.55,0.86,2025-03-18 15:49:39,False
Sticker | ropz (Glitter) | Copenhagen 2024,0.55,0.86,2025-03-18 15:49:49,False
Shanghai 2024 Champions Autograph Capsule,0.29,0.47,2025-03-18 15:58:33,False
Shanghai 2024 Champions Autograph Capsule,0.29,0.47,2025-03-18 15:58:43,False
Shanghai 2024 Champions Autograph Capsule,0.29,0.47,2025-03-18 15:58:52,False
Shanghai 2024 Champions Autograph Capsule,0.29,0.47,2025-03-18 15:59:01,False
Shanghai 2024 Champions Autograph Capsule,0.29,0.47,2025-03-18 15:59:11,False
Shanghai 2024 Champions Autograph Capsule,0.29,0.47,2025-03-18 15:59:20,False
Shanghai 2024 Champions Autograph Capsule,0.29,0.47,2025-03-18 15:59:31,False
Shanghai 2024 Champions Autograph Capsule,0.29,0.47,2025-03-18 15:59:41,False
Shanghai 2024 Champions Autograph Capsule,0.29,0.47,2025-03-18 15:59:51,False
Shanghai 2024 Champions Autograph Capsule,0.29,0.47,2025-03-18 16:00:01,False
Sticker | Dreams And Mimics,0.04,0.54,2025-03-18 16:07:13,True
"Music Kit | The Verkkars, EZ4ENCE",3.15,5.05,2025-03-18 16:45:16,False
Sticker | Flex,0.44,0.81,2025-03-18 17:03:33,False
Charm | Big Kev,0.46,0.67,2025-03-18 17:05:36,False
Charm | Big Kev,0.46,0.67,2025-03-18 17:05:45,False
Charm | Lil' Crass,0.44,0.64,2025-03-18 17:06:55,False
Charm | Lil' Ava,0.39,0.61,2025-03-18 17:07:38,False
Charm | Lil' Ava,0.39,0.61,2025-03-18 17:07:47,False
Charm | Lil' Ava,0.39,0.61,2025-03-18 17:07:56,False
Sticker | Winding Scorch (Foil),2.0,5.69,2025-03-18 17:52:23,True
Charm | Chicken Lil',1.57,2.51,2025-03-18 19:23:18,False
Dreams & Nightmares Case,1.67,2.09,2025-03-18 19:25:14,False
Dreams & Nightmares Case,1.67,2.09,2025-03-18 19:25:28,False
Dreams & Nightmares Case,1.67,2.09,2025-03-18 19:25:41,False
Dreams & Nightmares Case,1.67,2.09,2025-03-18 19:25:53,False
Sticker | Flex,0.44,0.81,2025-03-18 19:43:01,False
Charm | Hot Sauce,0.44,0.66,2025-03-18 19:45:58,False
Sticker | Winding Scorch (Foil),2.82,5.69,2025-03-18 21:42:35,True
"Music Kit | The Verkkars & n0thing, Flashbang Dance",2.91,5.34,2025-03-18 21:47:12,False
Name Tag,1.54,1.97,2025-03-18 22:29:01,False
Sticker | Flex,0.44,0.81,2025-03-18 22:39:39,False
Sticker | Flex,0.55,0.81,2025-03-18 22:39:48,False
Patch | Shattered Web,0.33,0.64,2025-03-18 22:43:40,False
Charm | Pinch O' Salt,0.45,0.65,2025-03-19 00:07:13,False
"Music Kit | The Verkkars, EZ4ENCE",3.04,5.05,2025-03-19 02:18:01,False
Operation Phoenix Weapon Case,3.19,3.98,2025-03-19 02:19:03,False
Operation Phoenix Weapon Case,3.19,3.98,2025-03-19 02:19:14,False
Operation Phoenix Weapon Case,3.19,3.98,2025-03-19 02:19:24,False
Operation Phoenix Weapon Case,3.19,3.98,2025-03-19 02:19:34,False
Operation Phoenix Weapon Case,3.19,3.98,2025-03-19 02:19:43,False
Operation Phoenix Weapon Case,3.19,3.98,2025-03-19 02:19:53,False
Operation Phoenix Weapon Case,3.19,3.98,2025-03-19 02:20:03,False
Operation Phoenix Weapon Case,3.19,3.98,2025-03-19 02:20:12,False
Operation Phoenix Weapon Case,3.19,3.98,2025-03-19 02:20:22,False
Operation Phoenix Weapon Case,3.19,3.98,2025-03-19 02:20:32,False
Chroma 3 Case,2.03,3.44,2025-03-19 02:24:19,False
Chroma 3 Case,2.03,3.44,2025-03-19 02:24:28,False
Chroma 3 Case,2.03,3.44,2025-03-19 02:24:38,False
Chroma 3 Case,2.03,3.44,2025-03-19 02:24:47,False
Chroma 3 Case,2.03,3.44,2025-03-19 02:24:57,False
Chroma 3 Case,2.03,3.44,2025-03-19 02:25:06,False
Operation Wildfire Case,1.97,2.61,2025-03-19 02:26:32,False
Operation Wildfire Case,1.97,2.61,2025-03-19 02:26:48,False
Operation Wildfire Case,1.97,2.61,2025-03-19 02:26:57,False
Operation Wildfire Case,1.97,2.61,2025-03-19 02:27:06,False
Operation Wildfire Case,1.97,2.61,2025-03-19 02:27:18,False
Operation Wildfire Case,1.97,2.61,2025-03-19 02:27:29,False
Operation Wildfire Case,1.97,2.61,2025-03-19 02:27:38,False
Operation Wildfire Case,1.97,2.61,2025-03-19 02:27:47,False
Operation Wildfire Case,1.97,2.61,2025-03-19 02:27:57,False
Dreams & Nightmares Case,1.6,2.09,2025-03-19 03:45:26,False
Charm | Hot Hands,1.19,1.93,2025-03-19 03:47:22,False
Sticker | Rainbow Route (Holo),0.62,0.94,2025-03-19 03:54:20,False
Sticker | Rainbow Route (Holo),0.62,0.94,2025-03-19 03:54:29,False
Charm | Pinch O' Salt,0.42,0.65,2025-03-19 03:58:23,False
Paris 2023 Legends Sticker Capsule,0.06,0.19,2025-03-19 04:15:04,False
Paris 2023 Legends Sticker Capsule,0.06,0.19,2025-03-19 04:15:13,False
Paris 2023 Legends Sticker Capsule,0.06,0.19,2025-03-19 04:15:22,False
Paris 2023 Legends Sticker Capsule,0.06,0.19,2025-03-19 04:15:31,False
Paris 2023 Legends Sticker Capsule,0.06,0.19,2025-03-19 04:15:41,False
Paris 2023 Legends Sticker Capsule,0.06,0.19,2025-03-19 04:15:51,False
Paris 2023 Legends Sticker Capsule,0.06,0.19,2025-03-19 04:16:00,False
Paris 2023 Legends Sticker Capsule,0.06,0.19,2025-03-19 04:16:09,False
Paris 2023 Legends Sticker Capsule,0.06,0.19,2025-03-19 04:16:19,False
Dreams & Nightmares Case,1.38,2.09,2025-03-19 04:53:56,False
Dreams & Nightmares Case,1.43,2.09,2025-03-19 04:54:05,False
AK-47 | Nightwish (Field-Tested),8.79,10.93,2025-03-20 04:44:51,False
StatTrak™ SSG 08 | Fever Dream (Factory New),7.5,12.54,2025-03-20 04:47:06,False
AWP | Chromatic Aberration (Field-Tested),7.26,8.83,2025-03-20 04:47:37,False
MAC-10 | Disco Tech (Minimal Wear),5.13,7.6,2025-03-20 04:51:08,False
M4A4 | Evil Daimyo (Factory New),4.51,7.14,2025-03-20 04:51:30,False
M4A4 | Evil Daimyo (Factory New),4.6,7.14,2025-03-20 04:51:39,False
USP-S | Alpine Camo (Factory New),4.51,5.59,2025-03-20 04:53:06,False
AK-47 | Slate (Field-Tested),3.83,5.32,2025-03-20 04:54:36,False
Maximus | Sabre,3.69,4.27,2025-03-20 04:55:43,False
Desert Eagle | Tilted (Factory New),2.69,4.53,2025-03-20 04:56:31,False
StatTrak™ M4A1-S | Night Terror (Field-Tested),2.92,4.8,2025-03-20 04:57:17,False
Sticker | Bolt Strike (Foil),2.5,4.16,2025-03-20 04:57:53,False
StatTrak™ M4A1-S | Emphorosaur-S (Field-Tested),2.29,3.48,2025-03-20 05:00:26,False
StatTrak™ M4A1-S | Emphorosaur-S (Field-Tested),2.3,3.48,2025-03-20 05:00:35,False
M4A1-S | Night Terror (Factory New),2.02,2.76,2025-03-20 05:02:11,False
Desert Eagle | Trigger Discipline (Minimal Wear),1.57,2.38,2025-03-20 05:04:29,False
Charm | Hot Hands,1.4,1.93,2025-03-20 05:05:52,False
MAG-7 | SWAG-7 (Minimal Wear),0.98,2.09,2025-03-20 05:07:19,False
MAG-7 | SWAG-7 (Minimal Wear),0.98,2.09,2025-03-20 05:07:36,False
MAG-7 | SWAG-7 (Minimal Wear),0.98,2.09,2025-03-20 05:07:54,False
MAG-7 | SWAG-7 (Minimal Wear),0.98,2.09,2025-03-20 05:08:11,False
Desert Eagle | Tilted (Minimal Wear),0.73,1.63,2025-03-20 05:09:01,True
USP-S | Ticket to Hell (Minimal Wear),0.81,1.28,2025-03-20 05:12:16,False
Sticker | FaZe Clan (Holo) | Paris 2023,0.66,0.86,2025-03-20 05:14:42,False
Sticker | Web Stuck,0.38,0.55,2025-03-20 05:19:33,False
Sticker | Boom Trail (Glitter),0.3,0.73,2025-03-20 05:20:33,False
Sticker | Boom Trail (Glitter),0.35,0.73,2025-03-20 05:20:50,False
Sticker | Boom Trail (Glitter),0.36,0.73,2025-03-20 05:21:07,False
Sticker | Boom Trail (Glitter),0.36,0.73,2025-03-20 05:21:24,False
Sticker | Boom Trail (Glitter),0.36,0.73,2025-03-20 05:21:42,False
Sticker | Boom Trail (Glitter),0.36,0.73,2025-03-20 05:21:59,False
Shanghai 2024 Legends Autograph Capsule,0.24,0.45,2025-03-20 05:23:36,False
Shanghai 2024 Legends Autograph Capsule,0.24,0.45,2025-03-20 05:23:53,False
Shanghai 2024 Legends Autograph Capsule,0.24,0.45,2025-03-20 05:24:10,False
Sticker | FaZe Clan (Glitter) | Copenhagen 2024,0.2,0.37,2025-03-20 05:27:35,False
Sticker | Bolt Charge (Foil),4.5,6.3,2025-03-20 08:29:42,False
Sticker | Bolt Charge (Foil),4.5,6.3,2025-03-20 08:29:51,False
Sticker | Bolt Charge (Foil),4.5,6.3,2025-03-20 08:30:00,False
Sticker | Bolt Charge (Foil),4.5,6.3,2025-03-20 08:30:09,False
Sticker | Bolt Charge (Foil),4.5,6.3,2025-03-20 08:30:18,False
Sticker | Bolt Charge (Foil),4.5,6.3,2025-03-20 08:30:27,False
Sticker | Bolt Charge (Foil),4.5,6.3,2025-03-20 08:30:36,False
Sticker | Bolt Charge (Foil),4.5,6.3,2025-03-20 08:30:46,False
Sticker | Bolt Charge (Foil),4.5,6.3,2025-03-20 08:30:55,False
AWP | Duality (Field-Tested),1.98,2.75,2025-03-20 08:39:04,False
Sticker | Winding Scorch (Foil),3.5,5.74,2025-03-20 09:35:39,True
Sticker | Winding Scorch (Foil),3.5,5.74,2025-03-20 09:35:49,True
Sticker | Winding Scorch (Foil),3.5,5.74,2025-03-20 09:35:58,True
Sticker | Winding Scorch (Foil),3.5,5.74,2025-03-20 09:36:08,True
Sticker | Winding Scorch (Foil),3.5,5.74,2025-03-20 09:36:18,True
Sticker | Winding Scorch (Foil),3.5,5.74,2025-03-20 09:36:27,True
Sticker | Winding Scorch (Foil),3.5,5.74,2025-03-20 09:36:37,True
Sticker | Winding Scorch (Foil),3.5,5.74,2025-03-20 09:36:48,True
Sticker | Winding Scorch (Foil),3.5,5.74,2025-03-20 09:36:58,True
Sticker | Winding Scorch (Foil),3.5,5.74,2025-03-20 09:37:08,True
Sticker | Winding Scorch (Foil),3.5,5.74,2025-03-20 09:37:17,True
Sticker | Winding Scorch (Foil),3.5,5.74,2025-03-20 09:37:26,True
Sticker | Winding Scorch (Foil),3.5,5.74,2025-03-20 09:37:35,True
Charm | Lil' Crass,0.38,0.6,2025-03-20 10:00:33,False
Revolution Case,0.39,0.54,2025-03-20 10:01:18,False
Revolution Case,0.39,0.54,2025-03-20 10:01:27,False
Revolution Case,0.39,0.54,2025-03-20 10:01:36,False
AK-47 | Crossfade (Field-Tested),2.05,3.03,2025-03-20 11:03:24,False
"Music Kit | Denzel Curry, ULTIMATE",3.14,5.3,2025-03-20 12:26:31,False
SSG 08 | Acid Fade (Factory New),0.99,1.62,2025-03-20 12:40:14,False
SSG 08 | Acid Fade (Factory New),0.99,1.62,2025-03-20 12:40:23,False
Desert Eagle | Meteorite (Factory New),0.99,1.52,2025-03-20 12:41:44,False
MAC-10 | Light Box (Factory New),0.52,1.15,2025-03-20 12:47:51,False
Sticker | DreamEaters | Berlin 2019,0.39,0.73,2025-03-20 12:50:07,True
AK-47 | Inheritance (Field-Tested),97.78,127.8875,2025-03-20 13:26:27,False
AK-47 | Head Shot (Field-Tested),9.5,12.6,2025-03-20 13:36:39,False
StatTrak™ Desert Eagle | Trigger Discipline (Minimal Wear),6.0,9.32,2025-03-20 13:41:46,False
StatTrak™ USP-S | Ticket to Hell (Minimal Wear),4.0,5.53,2025-03-20 13:46:50,False
StatTrak™ USP-S | Ticket to Hell (Minimal Wear),4.06,5.53,2025-03-20 13:46:59,False
Desert Eagle | Tilted (Factory New),2.13,4.53,2025-03-20 13:48:44,True
StatTrak™ M4A1-S | Night Terror (Field-Tested),2.6,4.8,2025-03-20 13:49:31,False
StatTrak™ M4A1-S | Night Terror (Field-Tested),2.63,4.8,2025-03-20 13:49:40,False
StatTrak™ M4A1-S | Night Terror (Field-Tested),2.63,4.8,2025-03-20 13:49:50,False
StatTrak™ M4A1-S | Night Terror (Field-Tested),3.08,4.8,2025-03-20 13:49:59,False
StatTrak™ M4A1-S | Night Terror (Field-Tested),3.08,4.8,2025-03-20 13:50:08,False
StatTrak™ M4A1-S | Night Terror (Field-Tested),3.08,4.8,2025-03-20 13:50:18,False
StatTrak™ M4A1-S | Night Terror (Field-Tested),3.08,4.8,2025-03-20 13:50:27,False
StatTrak™ M4A1-S | Night Terror (Field-Tested),3.08,4.8,2025-03-20 13:50:36,False
FAMAS | ZX Spectron (Field-Tested),2.29,3.49,2025-03-20 13:53:49,False
M4A1-S | Night Terror (Factory New),1.99,2.76,2025-03-20 13:55:33,False
M4A1-S | Night Terror (Factory New),2.0,2.76,2025-03-20 13:55:43,False
M4A1-S | Night Terror (Factory New),2.02,2.76,2025-03-20 13:55:51,False
AWP | Duality (Field-Tested),2.02,2.75,2025-03-20 13:56:04,False
AWP | Duality (Battle-Scarred),1.78,2.81,2025-03-20 13:57:24,False
MAC-10 | Pipsqueak (Minimal Wear),1.32,2.48,2025-03-20 13:58:18,False
MAC-10 | Pipsqueak (Minimal Wear),1.32,2.48,2025-03-20 13:58:28,False
MAC-10 | Pipsqueak (Minimal Wear),1.4,2.48,2025-03-20 13:58:42,False
MAC-10 | Pipsqueak (Minimal Wear),1.56,2.48,2025-03-20 13:58:51,False
Desert Eagle | Light Rail (Minimal Wear),1.41,2.09,2025-03-20 14:00:15,False
Revolution Case,0.39,0.54,2025-03-20 14:55:33,False
"Music Kit | Knock2, dashstar*",11.0,16.73,2025-03-20 15:34:50,False
Sticker | Bolt Strike (Foil),2.5,4.16,2025-03-20 15:50:42,False
USP-S | Ticket to Hell (Factory New),1.64,3.11,2025-03-20 15:54:45,True
M4A4 | Temukau (Field-Tested),10.0,13.05,2025-04-15 00:47:20,False
Blackwolf | Sabre,4.5,5.69,2025-04-15 00:51:53,False
Charm | Lil' Teacup,1.59,3.1,2025-04-15 01:39:18,False
Charm | Lil' Teacup,1.6,3.1,2025-04-15 01:39:27,False
USP-S | Flashback (Factory New),1.2,2.31,2025-04-15 01:41:12,False
MAC-10 | Pipsqueak (Minimal Wear),0.73,1.71,2025-04-15 01:42:55,False
MAC-10 | Pipsqueak (Minimal Wear),0.89,1.71,2025-04-15 01:43:04,False
Sticker | Bad News Eagles (Holo) | Paris 2023,0.15,0.98,2025-04-15 01:44:16,True
Sticker | Bad News Eagles (Holo) | Paris 2023,0.5,0.98,2025-04-15 01:44:25,True
Sticker | Bad News Eagles (Holo) | Paris 2023,0.5,0.98,2025-04-15 01:44:34,True
Sticker | Bad News Eagles (Holo) | Paris 2023,0.55,0.98,2025-04-15 01:44:43,True
Sticker | Bad News Eagles (Holo) | Paris 2023,0.55,0.98,2025-04-15 01:44:52,True
Sticker | Bolt Charge,0.8,1.02,2025-04-15 01:45:04,False
Kilowatt Case,0.62,0.8,2025-04-15 01:46:13,False
Kilowatt Case,0.62,0.8,2025-04-15 01:46:22,False
SSG 08 | Zeno (Field-Tested),0.38,0.57,2025-04-15 01:48:37,False
Desert Eagle | Tilted (Minimal Wear),0.33,0.5,2025-04-15 01:49:05,False
M4A1-S | Mud-Spec (Minimal Wear),0.26,0.51,2025-04-15 01:49:44,False
M4A1-S | Mud-Spec (Minimal Wear),0.26,0.51,2025-04-15 01:49:53,False
M4A1-S | Mud-Spec (Minimal Wear),0.26,0.51,2025-04-15 01:50:02,False
M4A1-S | Mud-Spec (Minimal Wear),0.26,0.51,2025-04-15 01:50:11,False
M4A1-S | Mud-Spec (Minimal Wear),0.28,0.51,2025-04-15 01:50:20,False
M4A1-S | Mud-Spec (Minimal Wear),0.28,0.51,2025-04-15 01:50:29,False
M4A1-S | Mud-Spec (Minimal Wear),0.3,0.51,2025-04-15 01:50:39,False
M4A1-S | Mud-Spec (Minimal Wear),0.32,0.51,2025-04-15 01:50:48,False
Sticker | Vitality (Glitter) | Copenhagen 2024,0.05,0.23,2025-04-15 01:55:25,True
Sticker | Vitality (Glitter) | Copenhagen 2024,0.05,0.23,2025-04-15 01:55:34,True
Desert Eagle | Printstream (Minimal Wear),41.33,55.44,2025-04-15 02:01:07,False
MP9 | Arctic Tri-Tone (Field-Tested),3.59,4.52,2025-04-15 02:36:34,False
Charm | Chicken Lil',1.45,2.6,2025-04-19 16:44:06,False
Charm | Chicken Lil',1.55,2.6,2025-04-19 16:44:15,False
Dreams & Nightmares Case,1.44,1.7,2025-04-19 16:45:07,False
Dreams & Nightmares Case,1.44,1.7,2025-04-19 16:45:18,False
Dreams & Nightmares Case,1.44,1.7,2025-04-19 16:45:30,False
Dreams & Nightmares Case,1.44,1.7,2025-04-19 16:45:44,False
Dreams & Nightmares Case,1.44,1.7,2025-04-19 16:45:54,False
Dreams & Nightmares Case,1.44,1.7,2025-04-19 16:46:03,False
Dreams & Nightmares Case,1.44,1.7,2025-04-19 16:46:12,False
Dreams & Nightmares Case,1.44,1.7,2025-04-19 16:46:21,False
Dreams & Nightmares Case,1.44,1.7,2025-04-19 16:46:30,False
Dreams & Nightmares Case,1.44,1.7,2025-04-19 16:46:40,False
XM1014 | Zombie Offensive (Factory New),1.2,1.97,2025-04-19 16:48:24,False
USP-S | Ticket to Hell (Minimal Wear),0.64,0.91,2025-04-19 16:52:19,False
USP-S | Ticket to Hell (Minimal Wear),0.69,0.91,2025-04-19 16:52:30,False
Sticker | Bad News Eagles (Holo) | Paris 2023,0.2,0.85,2025-04-19 16:53:15,True
Sticker | Eternal Fire | Copenhagen 2024,0.12,0.54,2025-04-19 16:56:37,True
Sticker | Eternal Fire | Copenhagen 2024,0.12,0.54,2025-04-19 16:56:47,True
Sticker | Eternal Fire | Copenhagen 2024,0.12,0.54,2025-04-19 16:56:56,True
Sticker | Eternal Fire | Copenhagen 2024,0.12,0.54,2025-04-19 16:57:05,True
Sticker | Eternal Fire | Copenhagen 2024,0.12,0.54,2025-04-19 16:57:17,True
Sticker | Eternal Fire | Copenhagen 2024,0.14,0.54,2025-04-19 16:57:27,True
Sticker | Eternal Fire | Copenhagen 2024,0.14,0.54,2025-04-19 16:57:37,True
Sticker | Eternal Fire | Copenhagen 2024,0.14,0.54,2025-04-19 16:57:46,True
Sticker | Eternal Fire | Copenhagen 2024,0.15,0.54,2025-04-19 16:57:55,True
Sticker | Eternal Fire | Copenhagen 2024,0.15,0.54,2025-04-19 16:58:05,True
Sticker | Eternal Fire | Copenhagen 2024,0.18,0.54,2025-04-19 16:58:14,True
MP9 | Bioleak (Factory New),0.27,0.76,2025-04-19 16:59:05,False
USP-S | Ticket to Hell (Field-Tested),0.3,0.44,2025-04-19 17:00:21,False
"Sticker | ZywOo (Glitter, Champion) | Paris 2023",0.03,0.23,2025-04-19 17:06:46,True
"Sticker | ZywOo (Glitter, Champion) | Paris 2023",0.03,0.23,2025-04-19 17:06:57,True
"Sticker | ZywOo (Glitter, Champion) | Paris 2023",0.03,0.23,2025-04-19 17:07:10,True
Glock-18 | Candy Apple (Factory New),1.0,1.66,2025-04-19 18:16:51,False
USP-S | Flashback (Factory New),1.19,2.36,2025-04-19 19:23:21,False
M4A4 | Urban DDPAT (Minimal Wear),0.19,0.67,2025-04-19 20:16:05,True
USP-S | Ticket to Hell (Field-Tested),0.3,0.44,2025-04-19 20:16:28,False
USP-S | Ticket to Hell (Field-Tested),0.3,0.44,2025-04-19 20:16:37,False
USP-S | Ticket to Hell (Field-Tested),0.3,0.44,2025-04-19 20:16:46,False
AK-47 | Legion of Anubis (Field-Tested),5.73,6.83,2025-04-19 22:50:14,False
Stockholm 2021 Contenders Sticker Capsule,1.12,1.47,2025-04-19 23:02:10,False
AK-47 | Ice Coaled (Factory New),11.88,14.46,2025-04-19 23:26:56,False
Kilowatt Case,0.5,0.69,2025-04-20 00:17:48,False
Kilowatt Case,0.5,0.69,2025-04-20 00:17:58,False
Kilowatt Case,0.5,0.69,2025-04-20 00:18:07,False
Kilowatt Case,0.5,0.69,2025-04-20 00:18:16,False
Name Tag,1.47,1.97,2025-04-20 01:10:35,False
M4A1-S | Emphorosaur-S (Minimal Wear),0.81,1.33,2025-04-20 03:07:07,False
SG 553 | Ol' Rusty (Factory New),0.21,0.36,2025-04-20 03:15:08,False
"Sticker | ZywOo (Glitter, Champion) | Paris 2023",0.03,0.23,2025-04-20 03:20:19,True
StatTrak™ USP-S | Ticket to Hell (Minimal Wear),2.2,4.88,2025-04-20 03:40:50,True
Fever Case,1.45,1.72,2025-04-20 08:28:48,False
Fever Case,1.44,1.72,2025-04-20 09:32:53,False
Fever Case,1.44,1.72,2025-04-20 09:33:02,False
Fever Case,1.44,1.72,2025-04-20 09:33:12,False
Fever Case,1.44,1.72,2025-04-20 09:33:21,False
Fever Case,1.44,1.72,2025-04-20 09:33:30,False
Fever Case,1.44,1.72,2025-04-20 09:33:40,False
Fever Case,1.44,1.72,2025-04-20 09:33:49,False
Fever Case,1.44,1.72,2025-04-20 09:33:58,False
Fever Case,1.44,1.72,2025-04-20 09:34:08,False
Ground Rebel  | Elite Crew,5.0,6.11,2025-04-20 10:55:10,False
Kilowatt Case,0.52,0.69,2025-04-20 11:10:38,False
AK-47 | Olive Polycam (Minimal Wear),0.09,0.29,2025-04-20 11:17:00,True
Dreams & Nightmares Case,1.45,1.7,2025-04-20 12:25:26,False
AK-47 | Elite Build (Field-Tested),1.09,1.31,2025-04-20 13:05:43,False
StatTrak™ AK-47 | Uncharted (Field-Tested),1.43,1.84,2025-04-20 14:19:54,False
USP-S | Ticket to Hell (Minimal Wear),0.73,0.91,2025-04-20 15:03:03,False
AK-47 | The Outsiders (Field-Tested),7.5,8.95,2025-04-20 15:25:22,False
Guardian 3 Pin,1.65,3.66,2025-04-20 15:46:55,False
Dreams & Nightmares Case,1.43,1.7,2025-04-20 15:49:38,False
Dreams & Nightmares Case,1.43,1.7,2025-04-20 15:49:48,False
M4A1-S | Nitro (Minimal Wear),1.12,1.41,2025-04-20 15:51:43,False
Glock-18 | Candy Apple (Minimal Wear),0.36,0.93,2025-04-20 15:55:35,True
M4A4 | Desolate Space (Field-Tested),4.71,7.39,2025-04-20 16:34:16,False
Kilowatt Case,0.53,0.69,2025-04-20 17:05:50,False
Kilowatt Case,0.53,0.69,2025-04-20 17:06:00,False
Kilowatt Case,0.53,0.69,2025-04-20 17:06:09,False
Kilowatt Case,0.53,0.69,2025-04-20 17:06:20,False
Kilowatt Case,0.53,0.69,2025-04-20 17:06:29,False
Kilowatt Case,0.53,0.69,2025-04-20 17:06:39,False
Kilowatt Case,0.53,0.69,2025-04-20 17:06:48,False
Michael Syfers  | FBI Sniper,5.26,6.56,2025-04-20 17:24:35,False
Fever Case,1.02,1.72,2025-04-20 17:35:45,True
Fever Case,1.02,1.72,2025-04-20 17:35:55,True
Fever Case,1.02,1.72,2025-04-20 17:36:04,True
Fever Case,1.02,1.72,2025-04-20 17:36:15,True
Fever Case,1.02,1.72,2025-04-20 17:36:25,True
AK-47 | Elite Build (Field-Tested),1.09,1.31,2025-04-20 17:38:51,False
Dreams & Nightmares Case,1.43,1.7,2025-04-20 18:18:51,False
Dreams & Nightmares Case,1.43,1.7,2025-04-20 18:19:00,False
Dreams & Nightmares Case,1.43,1.7,2025-04-20 18:19:11,False
Dreams & Nightmares Case,1.45,1.7,2025-04-20 18:19:23,False
MP9 | Food Chain (Field-Tested),1.99,2.56,2025-04-20 19:39:46,False
USP-S | 27 (Minimal Wear),0.13,0.27,2025-04-20 21:22:08,False
USP-S | 27 (Minimal Wear),0.13,0.27,2025-04-20 21:22:18,False
Dreams & Nightmares Case,1.35,1.7,2025-04-20 22:02:43,False
Dreams & Nightmares Case,1.38,1.7,2025-04-20 22:02:58,False
SG 553 | Ol' Rusty (Factory New),0.18,0.36,2025-04-20 22:23:06,False
UMP-45 | K.O. Factory (Field-Tested),4.0,5.47,2025-05-08 23:48:35,False
UMP-45 | K.O. Factory (Field-Tested),4.22,5.47,2025-05-08 23:48:52,False
Sticker | Bolt Charge (Foil),3.9,5.56,2025-05-08 23:49:49,False
Sticker | Bolt Charge (Foil),3.9,5.56,2025-05-08 23:50:03,False
Operation Breakout Weapon Case,6.81,7.98,2025-05-09 13:09:03,False
Operation Breakout Weapon Case,6.81,7.98,2025-05-09 13:09:23,False
Operation Breakout Weapon Case,6.81,7.98,2025-05-09 13:09:38,False
Operation Breakout Weapon Case,6.81,7.98,2025-05-09 13:09:56,False
Operation Breakout Weapon Case,6.81,7.98,2025-05-09 13:10:17,False
Operation Breakout Weapon Case,6.81,7.98,2025-05-09 13:10:31,False
Operation Breakout Weapon Case,6.81,7.98,2025-05-09 13:10:41,False
Operation Breakout Weapon Case,6.81,7.98,2025-05-09 13:10:59,False
Operation Breakout Weapon Case,6.81,7.98,2025-05-09 13:11:14,False
Sticker | Bolt Charge (Foil),4.4,5.56,2025-05-09 13:17:37,False
Sticker | Bolt Charge (Foil),4.4,5.56,2025-05-09 13:17:56,False
Sticker | Bolt Charge (Foil),4.4,5.56,2025-05-09 13:18:09,False
Sticker | Bolt Charge (Foil),4.4,5.56,2025-05-09 13:18:29,False
UMP-45 | K.O. Factory (Field-Tested),4.01,6.42,2025-05-09 13:19:22,False
Desert Eagle | Serpent Strike (Factory New),1.87,2.88,2025-05-09 13:42:40,False
USP-S | Check Engine (Factory New),1.1,1.86,2025-05-09 13:49:13,False
Sticker | Bolt Energy (Foil),1.19,1.6,2025-05-09 13:53:34,False
Sticker | Bolt Energy (Foil),1.19,1.6,2025-05-09 13:54:03,False
Zeus x27 | Tosai (Minimal Wear),0.93,1.56,2025-05-09 13:59:02,False
Zeus x27 | Tosai (Minimal Wear),0.99,1.56,2025-05-09 13:59:14,False
Zeus x27 | Tosai (Minimal Wear),1.01,1.56,2025-05-09 13:59:31,False
M4A4 | Etch Lord (Field-Tested),0.57,0.77,2025-05-09 14:06:38,False
SSG 08 | Abyss (Minimal Wear),0.43,0.84,2025-05-09 14:08:50,False
Zeus x27 | Tosai (Field-Tested),0.4,0.56,2025-05-09 14:09:41,False
Sticker | 3DMAX (Glitter) | Shanghai 2024,0.2,0.49,2025-05-09 14:11:25,True
Sticker | OG (Foil) | 2020 RMR,0.16,0.44,2025-05-09 14:13:38,True
Number K | The Professionals,44.74,52.0,2025-05-09 14:23:33,False
M4A4 | Converter (Minimal Wear),0.45,0.94,2025-05-09 17:02:02,False
AWP | Acheron (Field-Tested),0.23,0.66,2025-05-09 17:12:48,False
Shattered Web Case,4.99,6.22,2025-05-09 18:32:43,False
Chroma 2 Case,3.19,3.77,2025-05-09 22:33:04,False
Chroma 2 Case,3.19,3.77,2025-05-09 22:33:26,False
Chroma 2 Case,3.19,3.77,2025-05-09 22:33:42,False
Chroma 2 Case,3.19,3.77,2025-05-09 22:33:57,False
Chroma 2 Case,3.19,3.77,2025-05-09 22:34:11,False
Chroma 2 Case,3.19,3.77,2025-05-09 22:34:26,False
Gamma Case,3.23,4.71,2025-05-09 22:34:53,False
P90 | Wave Breaker (Field-Tested),0.37,0.76,2025-05-09 23:11:37,False
Sticker | 3DMAX (Glitter) | Shanghai 2024,0.24,0.49,2025-05-09 23:12:26,True
Glove Case,10.5,15.41,2025-05-09 23:42:54,False
Glove Case,10.5,15.41,2025-05-09 23:43:06,False
Glove Case,10.5,15.41,2025-05-09 23:43:23,False
Glove Case,10.5,15.41,2025-05-09 23:43:38,False
Glove Case,10.5,15.41,2025-05-09 23:43:54,False
Glove Case,10.5,15.41,2025-05-09 23:44:15,False
Glove Case,10.5,15.41,2025-05-09 23:44:34,False
Glove Case,10.5,15.41,2025-05-09 23:45:08,False
Glove Case,10.5,15.41,2025-05-09 23:45:35,False
Glove Case,10.5,15.41,2025-05-09 23:46:11,False
UMP-45 | K.O. Factory (Field-Tested),4.24,6.28,2025-05-11 00:31:42,False
UMP-45 | K.O. Factory (Field-Tested),4.24,6.28,2025-05-11 00:31:51,False
Glock-18 | Umbral Rabbit (Minimal Wear),0.63,1.55,2025-05-11 00:39:30,True
MP7 | Bloodsport (Field-Tested),1.12,1.78,2025-05-11 00:40:12,False
MP7 | Bloodsport (Field-Tested),1.13,1.78,2025-05-11 00:40:21,False
MP7 | Bloodsport (Field-Tested),1.14,1.78,2025-05-11 00:40:30,False
Shanghai 2024 Challengers Autograph Capsule,0.4,0.85,2025-05-11 00:42:40,True
Shanghai 2024 Challengers Autograph Capsule,0.4,0.85,2025-05-11 00:42:50,True
Shanghai 2024 Challengers Autograph Capsule,0.4,0.85,2025-05-11 00:42:59,True
Shanghai 2024 Challengers Autograph Capsule,0.4,0.85,2025-05-11 00:43:08,True
Shanghai 2024 Challengers Autograph Capsule,0.4,0.85,2025-05-11 00:43:17,True
Shanghai 2024 Challengers Autograph Capsule,0.4,0.85,2025-05-11 00:43:26,True
Shanghai 2024 Challengers Autograph Capsule,0.4,0.85,2025-05-11 00:43:35,True
Shanghai 2024 Challengers Autograph Capsule,0.4,0.85,2025-05-11 00:43:44,True
Shanghai 2024 Challengers Autograph Capsule,0.4,0.85,2025-05-11 00:43:53,True
Shanghai 2024 Challengers Autograph Capsule,0.4,0.85,2025-05-11 00:44:02,True
Shanghai 2024 Challengers Autograph Capsule,0.4,0.85,2025-05-11 00:44:11,True
Shanghai 2024 Challengers Autograph Capsule,0.4,0.85,2025-05-11 00:44:20,True
Shanghai 2024 Challengers Autograph Capsule,0.4,0.85,2025-05-11 00:44:29,True
Shanghai 2024 Challengers Autograph Capsule,0.4,0.85,2025-05-11 00:44:38,True
Shanghai 2024 Challengers Autograph Capsule,0.4,0.85,2025-05-11 00:44:47,True
Sticker | Renegades (Holo) | 2020 RMR,0.13,0.39,2025-05-11 00:48:44,True
Sticker | Renegades (Holo) | 2020 RMR,0.13,0.39,2025-05-11 00:48:53,True
Sticker | Renegades (Holo) | 2020 RMR,0.13,0.39,2025-05-11 00:49:03,True
Zeus x27 | Tosai (Field-Tested),0.39,0.55,2025-05-11 02:21:19,False
USP-S | Alpine Camo (Factory New),2.59,3.32,2025-05-11 18:50:38,False
USP-S | Ticket to Hell (Factory New),1.52,2.99,2025-05-11 18:52:47,False
Shanghai 2024 Challengers Autograph Capsule,0.4,0.85,2025-05-11 18:58:07,True
Shanghai 2024 Challengers Autograph Capsule,0.4,0.85,2025-05-11 18:58:18,True
Shanghai 2024 Challengers Autograph Capsule,0.4,0.85,2025-05-11 18:58:29,True
Shanghai 2024 Challengers Autograph Capsule,0.4,0.85,2025-05-11 18:58:40,True
Shanghai 2024 Challengers Autograph Capsule,0.4,0.85,2025-05-11 18:58:52,True
Shanghai 2024 Challengers Autograph Capsule,0.4,0.85,2025-05-11 18:59:05,True
Shanghai 2024 Challengers Autograph Capsule,0.4,0.85,2025-05-11 18:59:16,True
Shanghai 2024 Challengers Autograph Capsule,0.4,0.85,2025-05-11 18:59:32,True
Shanghai 2024 Challengers Autograph Capsule,0.4,0.85,2025-05-11 18:59:44,True
Shanghai 2024 Challengers Autograph Capsule,0.4,0.85,2025-05-11 18:59:54,True
Shanghai 2024 Challengers Autograph Capsule,0.4,0.85,2025-05-11 19:00:06,True
Shanghai 2024 Challengers Autograph Capsule,0.4,0.85,2025-05-11 19:00:18,True
Shanghai 2024 Challengers Autograph Capsule,0.4,0.85,2025-05-11 19:00:32,True
Shanghai 2024 Challengers Autograph Capsule,0.4,0.85,2025-05-11 19:00:44,True
Shanghai 2024 Challengers Autograph Capsule,0.4,0.85,2025-05-11 19:00:57,True
Zeus x27 | Tosai (Field-Tested),0.4,0.55,2025-05-11 19:04:01,False
Zeus x27 | Tosai (Field-Tested),0.4,0.55,2025-05-11 19:04:12,False
Zeus x27 | Tosai (Field-Tested),0.4,0.55,2025-05-11 19:04:24,False
Zeus x27 | Tosai (Field-Tested),0.4,0.55,2025-05-11 19:04:36,False
Zeus x27 | Tosai (Field-Tested),0.41,0.55,2025-05-11 20:09:18,False
Sticker | 3DMAX (Glitter) | Shanghai 2024,0.17,0.49,2025-05-11 20:10:03,True
Sticker | Bolt Strike (Foil),1.73,3.02,2025-05-11 20:42:22,True
Sticker | High Heat,0.75,1.11,2025-05-11 22:54:05,False
Sticker | Boom Detonation (Glitter),0.16,0.63,2025-05-11 22:58:35,True
AWP | Duality (Field-Tested),1.7,2.02,2025-05-12 16:08:23,False
Desert Eagle | Meteorite (Minimal Wear),0.96,2.02,2025-05-12 16:10:21,False
Glock-18 | Umbral Rabbit (Minimal Wear),1.1,1.55,2025-05-12 16:10:33,False
Sticker | Vitality (Holo) | Paris 2023,0.69,0.96,2025-05-12 16:13:06,False
USP-S | Ticket to Hell (Minimal Wear),0.66,0.86,2025-05-12 16:13:21,False
USP-S | Ticket to Hell (Minimal Wear),0.66,0.86,2025-05-12 16:13:30,False
Zeus x27 | Tosai (Field-Tested),0.41,0.55,2025-05-12 16:15:10,False
Sticker | 3DMAX (Glitter) | Shanghai 2024,0.19,0.49,2025-05-12 16:15:55,True
MAG-7 | Foresight (Minimal Wear),0.1,0.24,2025-05-12 16:20:46,False
AWP | Duality (Field-Tested),1.7,2.02,2025-05-12 16:47:11,False
AK-47 | The Empress (Minimal Wear),52.45,70.03125,2025-05-12 17:03:39,False
Dual Berettas | Melondrama (Field-Tested),1.51,1.93,2025-05-12 18:12:29,False
UMP-45 | K.O. Factory (Field-Tested),4.02,6.28,2025-05-12 19:58:46,False
UMP-45 | K.O. Factory (Field-Tested),4.02,6.28,2025-05-12 19:58:57,False
Sticker | 3DMAX (Glitter) | Shanghai 2024,0.18,0.49,2025-05-12 20:15:32,True
Operation Broken Fang Case,7.5,9.09,2025-05-12 21:08:59,False
Operation Broken Fang Case,7.5,9.09,2025-05-12 21:09:08,False
Operation Broken Fang Case,7.5,9.09,2025-05-12 21:09:17,False
Operation Broken Fang Case,7.5,9.09,2025-05-12 21:09:27,False
Operation Broken Fang Case,7.5,9.09,2025-05-12 21:09:50,False
Operation Broken Fang Case,7.5,9.09,2025-05-12 21:09:59,False
Operation Broken Fang Case,7.5,9.09,2025-05-12 21:10:26,False
Operation Broken Fang Case,7.5,9.09,2025-05-12 21:10:35,False
Operation Broken Fang Case,7.5,9.09,2025-05-12 21:10:45,False
Operation Broken Fang Case,7.5,9.09,2025-05-12 21:10:53,False
StatTrak™ USP-S | Ticket to Hell (Minimal Wear),2.95,4.74,2025-05-12 21:20:48,False
AWP | Duality (Field-Tested),1.7,2.02,2025-05-12 21:32:10,False
Operation Riptide Case,9.5,11.16,2025-05-12 21:53:50,False
Operation Riptide Case,9.5,11.16,2025-05-12 21:53:59,False
Operation Riptide Case,9.5,11.16,2025-05-12 21:54:09,False
Operation Riptide Case,9.5,11.16,2025-05-12 21:54:18,False
Operation Riptide Case,9.5,11.16,2025-05-12 21:54:27,False
Patch | Phoenix,0.33,0.98,2025-05-12 23:00:34,True
Glock-18 | Candy Apple (Field-Tested),0.29,0.78,2025-05-12 23:01:33,False
AWP | Black Nile (Factory New),6.07,8.37,2025-05-13 19:33:00,False
UMP-45 | K.O. Factory (Field-Tested),4.29,6.28,2025-05-13 19:35:53,False
Sticker | Bolt Energy (Foil),0.99,1.59,2025-05-13 19:43:13,False
Sticker | Bolt Energy (Foil),0.99,1.59,2025-05-13 19:43:22,False
Sticker | Bolt Energy (Foil),0.99,1.59,2025-05-13 19:43:31,False
Sticker | Bolt Energy (Foil),0.99,1.59,2025-05-13 19:43:40,False
Sticker | Bolt Energy (Foil),0.99,1.59,2025-05-13 19:43:49,False
Sticker | Bolt Energy (Foil),0.99,1.59,2025-05-13 19:43:58,False
USP-S | Alpine Camo (Field-Tested),0.76,1.19,2025-05-13 19:46:42,False
Galil AR | Tuxedo (Minimal Wear),0.68,1.18,2025-05-13 19:47:04,False
Zeus x27 | Tosai (Field-Tested),0.41,0.55,2025-05-13 19:48:46,False
Shattered Web Case,5.0,6.18,2025-05-13 20:10:12,False
Shattered Web Case,5.0,6.18,2025-05-13 20:10:29,False
Shattered Web Case,5.0,6.18,2025-05-13 20:10:41,False
Shattered Web Case,5.0,6.18,2025-05-13 20:11:03,False
Shattered Web Case,5.0,6.18,2025-05-13 20:11:20,False
Shattered Web Case,5.0,6.18,2025-05-13 20:11:35,False
Shattered Web Case,5.0,6.18,2025-05-13 20:11:56,False
Shattered Web Case,5.0,6.18,2025-05-13 20:12:11,False
AWP | Acheron (Minimal Wear),0.78,1.58,2025-05-13 20:55:34,False
MAG-7 | Foresight (Minimal Wear),0.1,0.24,2025-05-13 21:06:03,False
USP-S | Cortex (Field-Tested),1.87,3.23,2025-05-13 22:55:52,False
MP9 | Goo (Minimal Wear),0.71,1.37,2025-05-13 23:00:56,False
Five-SeveN | Urban Hazard (Minimal Wear),0.93,2.17,2025-06-14 16:52:00,True
UMP-45 | K.O. Factory (Field-Tested),3.91,5.26,2025-06-15 11:22:03,False
P2000 | Amber Fade (Field-Tested),2.73,3.9,2025-06-15 11:25:03,False
P2000 | Amber Fade (Field-Tested),2.73,3.9,2025-06-15 11:29:03,False
P2000 | Amber Fade (Field-Tested),2.79,3.9,2025-06-15 11:32:03,False
StatTrak™ M4A1-S | Emphorosaur-S (Field-Tested),1.7,2.86,2025-06-15 11:35:03,False
USP-S | PC-GRN (Factory New),1.17,1.86,2025-06-15 11:40:03,False
USP-S | PC-GRN (Factory New),1.24,1.86,2025-06-15 11:44:03,False
MP7 | Bloodsport (Field-Tested),1.12,1.74,2025-06-15 11:44:03,False
MP7 | Bloodsport (Field-Tested),1.12,1.74,2025-06-15 12:18:09,False
MP7 | Bloodsport (Field-Tested),1.12,1.74,2025-06-15 12:22:41,False
USP-S | Check Engine (Factory New),1.2,1.81,2025-06-15 12:32:08,False
USP-S | Check Engine (Factory New),1.2,1.81,2025-06-15 12:32:18,False
USP-S | Check Engine (Factory New),1.2,1.81,2025-06-15 12:32:29,False
USP-S | Check Engine (Factory New),1.2,1.81,2025-06-15 12:32:39,False
Desert Eagle | Tilted (Factory New),1.79,2.54,2025-06-15 12:33:13,False
Copenhagen 2024 Legends Autograph Capsule,0.33,0.55,2025-06-15 12:42:56,False
Copenhagen 2024 Legends Autograph Capsule,0.33,0.55,2025-06-15 12:43:06,False
Copenhagen 2024 Legends Autograph Capsule,0.33,0.55,2025-06-15 12:43:16,False
Copenhagen 2024 Legends Autograph Capsule,0.33,0.55,2025-06-15 12:43:26,False
Rio 2022 Legends Sticker Capsule,0.23,0.36,2025-06-15 12:47:41,False
Shanghai 2024 Challengers Sticker Capsule,0.32,0.49,2025-06-15 12:48:13,False
Shanghai 2024 Challengers Sticker Capsule,0.32,0.49,2025-06-15 12:48:23,False
Shanghai 2024 Challengers Sticker Capsule,0.32,0.49,2025-06-15 12:48:34,False
Shanghai 2024 Challengers Sticker Capsule,0.32,0.49,2025-06-15 12:48:44,False
Charm | Glamour Shot,1.5,1.83,2025-06-15 13:24:43,False
Charm | Glamour Shot,1.5,1.83,2025-06-15 13:24:54,False
Charm | Glamour Shot,1.5,1.83,2025-06-15 13:25:04,False
Charm | Glamour Shot,1.5,1.83,2025-06-15 13:25:14,False
AK-47 | Nightwish (Minimal Wear),13.2,16.16,2025-06-15 14:12:39,False
AK-47 | Searing Rage (Field-Tested),4.0,4.69,2025-06-15 14:18:01,False
UMP-45 | K.O. Factory (Field-Tested),4.0,5.26,2025-06-15 14:28:21,False
StatTrak™ Glock-18 | Moonrise (Minimal Wear),2.18,3.18,2025-06-15 14:28:59,False
Desert Eagle | Printstream (Field-Tested),25.49,31.72,2025-06-15 15:05:23,False
Galil AR | Chromatic Aberration (Field-Tested),1.85,2.52,2025-06-15 15:22:59,False
Glock-18 | Shinobu (Minimal Wear),8.5,11.45,2025-06-15 15:41:18,False
Zeus x27 | Tosai (Minimal Wear),0.5,0.98,2025-06-15 16:36:00,True
MP7 | Bloodsport (Field-Tested),1.14,1.74,2025-06-15 18:11:43,False
Sticker | Scorch Loop,0.3,1.31,2025-06-15 18:12:34,True
Sticker | Boom Detonation (Glitter),0.2,0.7,2025-06-15 18:13:05,True
AK-47 | Inheritance (Field-Tested),65.0,76.79,2025-06-15 18:15:21,False
Sticker | Spirit (Holo) | 2020 RMR,0.23,0.36,2025-06-15 18:28:38,False
Shadow Case,0.85,1.3,2025-06-15 19:11:06,False
Shadow Case,0.85,1.3,2025-06-15 19:11:17,False
Seal Team 6 Soldier | NSWC SEAL,7.25,8.98,2025-06-15 19:15:11,False
Name Tag,1.22,1.7,2025-06-15 19:46:26,False
Name Tag,1.22,1.7,2025-06-15 19:46:36,False
Dreams & Nightmares Case,1.52,1.84,2025-06-15 19:47:50,False
USP-S | Ticket to Hell (Factory New),1.48,2.14,2025-06-15 20:15:03,False
Sticker | Scorch Loop,0.26,1.31,2025-06-15 20:15:44,True
Sticker | High Heat,0.74,1.02,2025-06-15 20:27:52,False
AK-47 | Phantom Disruptor (Field-Tested),3.39,4.78,2025-06-15 21:32:15,False
AK-47 | Crossfade (Minimal Wear),1.62,2.74,2025-06-15 21:54:15,False
StatTrak™ M4A1-S | Emphorosaur-S (Field-Tested),1.5,2.86,2025-06-15 23:10:12,True
Sticker | Rainbow Route (Holo),0.77,1.01,2025-06-15 23:20:35,False
StatTrak™ M4A1-S | Night Terror (Field-Tested),2.14,3.36,2025-06-15 23:37:18,False
StatTrak™ M4A1-S | Emphorosaur-S (Minimal Wear),3.41,4.98,2025-06-16 13:58:18,False
StatTrak™ M4A1-S | Night Terror (Field-Tested),2.28,3.36,2025-06-16 13:59:38,False
USP-S | Check Engine (Factory New),0.78,1.81,2025-06-16 14:01:01,True
StatTrak™ USP-S | Ticket to Hell (Field-Tested),0.97,1.46,2025-06-16 14:01:43,False
AWP | Pit Viper (Minimal Wear),0.49,0.96,2025-06-16 14:02:09,False
AK-47 | Head Shot (Minimal Wear),13.28,15.33,2025-06-16 14:05:16,False
Glock-18 | Shinobu (Well-Worn),3.68,4.68,2025-06-16 14:22:29,False
Sticker | 3DMAX (Glitter) | Shanghai 2024,0.17,0.49,2025-06-16 14:30:24,True
Sticker | 3DMAX (Glitter) | Shanghai 2024,0.17,0.49,2025-06-16 14:30:34,True
Sticker | 3DMAX (Glitter) | Shanghai 2024,0.17,0.49,2025-06-16 14:30:44,True
Sticker | KOI (Glitter) | Copenhagen 2024,0.52,0.71,2025-06-16 14:31:29,False
Sticker | KOI (Glitter) | Copenhagen 2024,0.52,0.71,2025-06-16 14:31:39,False
Sticker | KOI (Glitter) | Copenhagen 2024,0.52,0.71,2025-06-16 14:31:49,False
Sticker | KOI (Glitter) | Copenhagen 2024,0.52,0.71,2025-06-16 14:31:59,False
AK-47 | Nightwish (Field-Tested),6.38,9.08,2025-06-16 14:34:41,False
Glock-18 | Shinobu (Field-Tested),4.16,5.97,2025-06-16 14:36:02,False
M4A4 | Temukau (Minimal Wear),32.19,40.34,2025-06-16 14:41:04,False
AWP | Pit Viper (Minimal Wear),0.41,0.96,2025-06-16 15:02:07,True
Desert Eagle | Heat Treated (Minimal Wear),1.99,3.51,2025-06-16 15:22:32,False
M4A1-S | Black Lotus (Field-Tested),6.7,9.76,2025-06-16 16:11:13,False
Falchion Case,0.75,1.6,2025-06-16 16:52:40,True
AK-47 | Legion of Anubis (Minimal Wear),8.0,9.47,2025-06-16 16:56:52,False
P250 | See Ya Later (Field-Tested),1.87,2.6,2025-06-16 17:33:49,False
USP-S | Cortex (Field-Tested),1.67,2.6,2025-06-16 17:34:53,False
Sticker | Scorch Loop,0.25,1.31,2025-06-16 17:35:07,True
M4A1-S | Black Lotus (Minimal Wear),11.84,13.47,2025-06-16 17:40:04,False
Sticker | Rainbow Route (Holo),0.65,1.01,2025-06-16 17:44:06,False
Sticker | High Heat,0.79,1.02,2025-06-16 17:47:35,False
Stockholm 2021 Contenders Sticker Capsule,1.31,2.22,2025-06-16 17:49:14,True
Sticker | Coiled Strike,0.19,0.32,2025-06-16 17:51:04,False
Sticker | Coiled Strike,0.19,0.32,2025-06-16 17:51:14,False
Sticker | Coiled Strike,0.19,0.32,2025-06-16 17:51:25,False
CS:GO Weapon Case,80.0,98.88,2025-06-16 17:59:40,False
Nova | Candy Apple (Factory New),0.08,0.27,2025-06-16 18:09:29,True
AK-47 | Crossfade (Field-Tested),1.21,1.8,2025-06-16 18:19:18,False
AWP | Printstream (Field-Tested),75.0,84.72,2025-06-16 18:43:01,False
Galil AR | Chromatic Aberration (Field-Tested),1.85,2.52,2025-06-16 19:25:22,False
UMP-45 | K.O. Factory (Field-Tested),3.8,5.26,2025-06-16 20:11:07,False
UMP-45 | K.O. Factory (Field-Tested),4.0,5.26,2025-06-16 20:11:17,False
Revolution Case,0.37,0.51,2025-06-16 21:18:03,False
Desert Eagle | Heat Treated (Minimal Wear),2.32,3.51,2025-06-16 21:24:15,False
Galil AR | Chromatic Aberration (Field-Tested),1.78,2.52,2025-06-16 21:46:20,False
Glock-18 | Shinobu (Field-Tested),4.16,5.97,2025-06-16 22:32:48,False
Sticker | Hydro Stream,0.12,0.25,2025-06-16 22:47:17,False
Nova | Candy Apple (Factory New),0.1,0.27,2025-06-16 23:14:09,False
Revolution Case,0.37,0.51,2025-06-16 23:49:06,False
StatTrak™ M4A1-S | Emphorosaur-S (Minimal Wear),3.41,4.98,2025-06-17 11:54:32,False
"Music Kit | The Verkkars, EZ4ENCE",2.99,4.04,2025-06-17 11:55:11,False
M4A1-S | Emphorosaur-S (Minimal Wear),0.93,1.37,2025-06-17 12:05:47,False
M4A1-S | Emphorosaur-S (Minimal Wear),0.93,1.37,2025-06-17 12:05:57,False
M4A1-S | Emphorosaur-S (Minimal Wear),0.93,1.37,2025-06-17 12:06:08,False
M4A1-S | Emphorosaur-S (Minimal Wear),0.93,1.37,2025-06-17 12:06:18,False
AK-47 | Searing Rage (Field-Tested),3.98,4.69,2025-06-17 12:14:03,False
Desert Eagle | Tilted (Factory New),1.76,2.54,2025-06-17 13:08:34,False
M4A1-S | Black Lotus (Minimal Wear),11.09,13.47,2025-06-17 13:13:22,False
Glock-18 | Vogue (Field-Tested),2.43,2.79,2025-06-17 13:41:25,False
AWP | Atheris (Factory New),11.1,17.46,2025-06-17 14:04:46,False
StatTrak™ M4A1-S | Night Terror (Field-Tested),2.49,3.36,2025-06-17 14:28:57,False
USP-S | PC-GRN (Factory New),1.1,1.86,2025-06-17 14:29:48,False
AK-47 | Searing Rage (Field-Tested),3.98,4.69,2025-06-17 15:21:57,False
AK-47 | Searing Rage (Field-Tested),3.98,4.69,2025-06-17 15:22:07,False
Dreams & Nightmares Case,1.52,1.84,2025-06-17 15:28:01,False
AK-47 | Searing Rage (Minimal Wear),7.48,9.31,2025-06-17 15:45:28,False
AWP | Printstream (Field-Tested),75.0,84.72,2025-06-17 16:25:29,False
Glock-18 | Shinobu (Well-Worn),3.89,4.68,2025-06-17 16:29:57,False
AWP | Duality (Field-Tested),1.5,1.81,2025-06-17 16:35:31,False
MP9 | Starlight Protector (Field-Tested),1.99,2.77,2025-06-17 16:43:16,False
USP-S | Ticket to Hell (Factory New),1.3,2.14,2025-06-17 16:54:26,False
USP-S | Ticket to Hell (Factory New),1.48,2.14,2025-06-17 16:54:37,False
StatTrak™ M4A1-S | Night Terror (Field-Tested),2.0,3.36,2025-06-17 17:14:53,False
USP-S | Check Engine (Factory New),0.7,1.81,2025-06-17 17:16:19,True
Galil AR | Tuxedo (Factory New),1.8,3.04,2025-06-17 18:09:38,False
Desert Eagle | Serpent Strike (Factory New),1.83,2.62,2025-06-17 19:00:08,False
SSG 08 | Fever Dream (Minimal Wear),0.88,1.53,2025-06-17 19:00:20,False
M4A1-S | Emphorosaur-S (Factory New),2.2,3.29,2025-06-17 19:22:08,False
Desert Eagle | Printstream (Field-Tested),26.56,31.72,2025-06-17 20:54:46,False
AK-47 | Crossfade (Factory New),2.72,3.68,2025-06-17 21:35:15,False
Sticker | Spirit (Holo) | 2020 RMR,0.23,0.36,2025-06-17 21:53:45,False
Sticker | Team Liquid (Holo) | Paris 2023,0.49,0.75,2025-06-17 22:07:30,False
Sticker | FaZe Clan (Holo) | Paris 2023,0.57,0.92,2025-06-17 22:07:43,False
AWP | Printstream (Field-Tested),75.0,84.72,2025-06-17 22:25:40,False
AK-47 | Slate (Minimal Wear),4.72,6.13,2025-06-17 22:28:53,False
AK-47 | Slate (Minimal Wear),4.72,6.13,2025-06-17 22:29:03,False
Glock-18 | Umbral Rabbit (Factory New),1.22,1.95,2025-06-17 22:43:26,False
Desert Eagle | Conspiracy (Minimal Wear),5.92,8.93,2025-06-17 23:23:16,False
AK-47 | Legion of Anubis (Minimal Wear),8.2,9.47,2025-06-17 23:53:07,False
M4A4 | Temukau (Field-Tested),8.38,11.51,2025-06-18 11:34:29,False
UMP-45 | K.O. Factory (Field-Tested),3.87,5.26,2025-06-18 11:36:10,False
StatTrak™ M4A1-S | Night Terror (Field-Tested),2.17,3.36,2025-06-18 11:37:03,False
MP7 | Bloodsport (Field-Tested),1.14,1.74,2025-06-18 11:38:01,False
Desert Eagle | Tilted (Factory New),1.89,2.54,2025-06-18 11:39:02,False
AK-47 | Asiimov (Minimal Wear),47.49,58.03,2025-06-18 11:41:01,False
AWP | Chrome Cannon (Minimal Wear),39.19,48.01,2025-06-18 11:41:25,False
AK-47 | Inheritance (Field-Tested),65.0,76.79,2025-06-18 11:41:48,False
Copenhagen 2024 Legends Autograph Capsule,0.36,0.55,2025-06-18 11:49:14,False
Shanghai 2024 Challengers Sticker Capsule,0.32,0.49,2025-06-18 11:53:50,False
M4A4 | Tooth Fairy (Field-Tested),2.07,2.45,2025-06-18 11:54:36,False
AWP | Duality (Field-Tested),1.5,1.81,2025-06-18 13:36:38,False
MP9 | Starlight Protector (Minimal Wear),5.0,6.83,2025-06-18 15:06:43,False
AWP | Printstream (Field-Tested),75.0,84.72,2025-06-18 15:35:45,False
M4A1-S | Black Lotus (Minimal Wear),11.18,13.47,2025-06-18 15:38:24,False
Zeus x27 | Olympus (Field-Tested),5.0,5.85,2025-06-18 15:39:13,False
Glock-18 | Shinobu (Minimal Wear),8.0,11.45,2025-06-18 15:51:19,False
StatTrak™ M4A1-S | Emphorosaur-S (Minimal Wear),3.41,4.98,2025-06-18 16:29:09,False
StatTrak™ M4A1-S | Night Terror (Field-Tested),2.17,3.36,2025-06-18 16:30:32,False
AK-47 | Head Shot (Field-Tested),6.18,7.5,2025-06-18 16:37:18,False
AK-47 | Legion of Anubis (Minimal Wear),7.99,9.47,2025-06-18 16:38:06,False
StatTrak™ USP-S | Ticket to Hell (Field-Tested),0.79,1.46,2025-06-18 17:36:49,False
AK-47 | Searing Rage (Battle-Scarred),2.71,4.19,2025-06-18 18:16:13,False
CS:GO Weapon Case,80.0,98.88,2025-06-18 18:41:05,False
USP-S | Check Engine (Minimal Wear),0.42,0.86,2025-06-18 19:43:27,False
Dreams & Nightmares Case,1.55,1.84,2025-06-18 19:57:41,False
StatTrak™ USP-S | Ticket to Hell (Minimal Wear),2.23,3.3,2025-06-18 20:03:06,False
Sticker | Rainbow Route (Holo),0.61,1.01,2025-06-18 20:55:20,False
Sticker | Rainbow Route (Holo),0.68,1.01,2025-06-18 21:58:21,False
MP9 | Army Sheen (Factory New),0.64,0.87,2025-06-18 22:20:06,False
M4A1-S | Black Lotus (Minimal Wear),11.23,13.47,2025-06-18 22:36:42,False
AK-47 | Head Shot (Field-Tested),5.78,7.5,2025-06-18 23:18:40,False
USP-S | PC-GRN (Factory New),0.98,1.86,2025-06-18 23:55:56,False
Five-SeveN | Boost Protocol (Factory New),4.74,7.79,2025-06-19 16:50:06,False
USP-S | PC-GRN (Factory New),1.1,1.86,2025-06-19 16:51:52,False
USP-S | PC-GRN (Factory New),1.1,1.86,2025-06-19 16:52:03,False
Sticker | Scorch Loop,0.26,1.3,2025-06-19 16:53:01,True
AK-47 | Inheritance (Field-Tested),63.0,73.58,2025-06-19 16:54:40,False
AK-47 | Head Shot (Field-Tested),6.25,7.31,2025-06-19 17:00:45,False
AK-47 | Head Shot (Field-Tested),6.3,7.31,2025-06-19 17:00:55,False
"Music Kit | The Verkkars, EZ4ENCE",3.06,3.91,2025-06-19 17:01:27,False
"Music Kit | The Verkkars, EZ4ENCE",3.06,3.91,2025-06-19 17:01:37,False
AK-47 | Crossfade (Factory New),2.56,3.31,2025-06-19 17:03:11,False
M4A1-S | Nitro (Minimal Wear),0.84,1.18,2025-06-19 17:05:25,False
Anubis Collection Package,1.35,1.89,2025-06-19 17:08:41,False
Anubis Collection Package,1.35,1.89,2025-06-19 17:08:52,False
Anubis Collection Package,1.35,1.89,2025-06-19 17:09:02,False
Anubis Collection Package,1.35,1.89,2025-06-19 17:09:12,False
Anubis Collection Package,1.35,1.89,2025-06-19 17:09:22,False
Sticker | 3DMAX (Glitter) | Shanghai 2024,0.25,0.49,2025-06-19 17:12:19,True
AK-47 | Legion of Anubis (Minimal Wear),7.92,9.57,2025-06-19 17:42:33,False
Sticker | Rainbow Route (Holo),0.62,0.87,2025-06-19 19:12:57,False
AK-47 | Slate (Field-Tested),2.93,3.43,2025-06-19 20:14:16,False
Sticker | KOI (Glitter) | Copenhagen 2024,0.52,0.74,2025-06-19 21:40:08,False
Operation Wildfire Case,1.63,3.06,2025-06-19 21:47:47,False
Operation Wildfire Case,1.63,3.06,2025-06-19 21:47:58,False
Operation Wildfire Case,1.63,3.06,2025-06-19 21:48:12,False
Desert Eagle | Serpent Strike (Factory New),1.8,2.13,2025-06-19 22:43:54,False
AK-47 | Crossfade (Field-Tested),1.2,2.02,2025-06-20 15:01:06,False
AK-47 | Head Shot (Minimal Wear),11.52,15.1,2025-06-20 15:05:49,False
M4A1-S | Black Lotus (Minimal Wear),11.22,13.14,2025-06-20 15:07:05,False
"Music Kit | The Verkkars, EZ4ENCE",2.82,3.91,2025-06-20 15:10:04,False
Sticker | Hydro Stream,0.14,0.27,2025-06-20 15:17:55,False
Charm | Whittle Knife,0.34,0.48,2025-06-20 15:20:22,False
Charm | Whittle Knife,0.34,0.48,2025-06-20 15:20:32,False
StatTrak™ M4A1-S | Emphorosaur-S (Minimal Wear),2.65,4.19,2025-06-20 15:31:48,False
MP9 | Starlight Protector (Field-Tested),1.95,2.31,2025-06-20 16:17:31,False
Glock-18 | Shinobu (Minimal Wear),8.31,10.01,2025-06-20 16:32:11,False
USP-S | Jawbreaker (Field-Tested),4.88,6.07,2025-06-20 16:35:14,False
M4A1-S | Wash me plz (Factory New),0.15,0.34,2025-06-20 16:43:11,True
Charm | Baby's AK,0.5,0.71,2025-06-20 18:29:20,False
Winter Offensive Weapon Case,6.54,8.16,2025-06-20 18:38:16,False
Desert Eagle | Printstream (Field-Tested),25.5,29.98,2025-06-20 19:39:43,False
M4A1-S | Black Lotus (Field-Tested),6.69,8.52,2025-06-20 22:30:59,False
StatTrak™ USP-S | Ticket to Hell (Minimal Wear),1.95,2.74,2025-06-20 22:35:27,False
USP-S | Jawbreaker (Minimal Wear),7.96,9.8,2025-06-20 22:51:36,False
Glock-18 | Vogue (Field-Tested),2.24,2.65,2025-06-21 19:19:42,False
Dual Berettas | Melondrama (Field-Tested),1.14,1.46,2025-06-21 19:20:19,False
FAMAS | Rapid Eye Movement (Field-Tested),1.21,1.69,2025-06-21 19:26:29,False
FAMAS | Rapid Eye Movement (Field-Tested),1.21,1.69,2025-06-21 19:26:39,False
FAMAS | Rapid Eye Movement (Field-Tested),1.21,1.69,2025-06-21 19:26:49,False
Glock-18 | Shinobu (Field-Tested),4.16,5.14,2025-06-21 21:01:47,False
Sticker | High Heat,0.74,1.0,2025-06-21 21:53:44,False
Sticker | Rainbow Route (Holo),0.61,0.87,2025-06-21 22:10:19,False
Glock-18 | Block-18 (Factory New),1.74,2.27,2025-06-21 23:09:41,False
Desert Eagle | Trigger Discipline (Minimal Wear),1.09,1.43,2025-06-21 23:53:32,False
AK-47 | Head Shot (Field-Tested),6.16,7.36,2025-06-22 00:11:28,False
AWP | Duality (Field-Tested),1.52,1.89,2025-06-22 15:13:40,False
Sticker | Hydro Wave,0.25,0.4,2025-06-22 15:34:33,False
Sticker | Scorch Loop,0.27,1.33,2025-06-22 15:41:40,True
Sticker | Scorch Loop,0.27,1.33,2025-06-22 15:41:50,True
Sticker | Boom Trail (Glitter),0.24,0.64,2025-06-22 15:42:39,False
Glock-18 | Candy Apple (Factory New),1.28,2.02,2025-06-22 16:03:19,False
AK-47 | Crossfade (Factory New),2.55,3.31,2025-06-22 16:12:17,False
Galil AR | Chromatic Aberration (Minimal Wear),3.89,5.38,2025-06-22 16:32:06,False
Glock-18 | Shinobu (Field-Tested),4.16,5.14,2025-06-22 17:36:23,False
Glock-18 | Shinobu (Field-Tested),4.16,5.14,2025-06-22 17:36:33,False
Glock-18 | Nuclear Garden (Field-Tested),0.88,1.62,2025-06-22 19:12:26,False
AWP | Black Nile (Field-Tested),1.77,2.67,2025-06-22 19:22:21,False
Sticker | Boom Trail (Glitter),0.24,0.64,2025-06-22 19:34:34,False
Dual Berettas | Melondrama (Field-Tested),1.14,1.46,2025-06-22 21:09:32,False
MP9 | Food Chain (Field-Tested),1.85,2.3,2025-06-22 22:10:52,False
Dreams & Nightmares Case,1.44,1.73,2025-06-22 22:37:10,False
USP-S | Alpine Camo (Field-Tested),0.76,0.94,2025-06-22 23:00:22,False
StatTrak™ M4A1-S | Emphorosaur-S (Field-Tested),1.33,2.61,2025-06-22 23:02:58,False
Sticker | Scorch Loop,0.35,1.33,2025-06-23 18:50:34,True
Sticker | Scorch Loop,0.35,1.33,2025-06-23 18:50:44,True
Sticker | Scorch Loop,0.35,1.33,2025-06-23 18:50:54,True
Sticker | Scorch Loop,0.35,1.33,2025-06-23 18:51:04,True
Sticker | Scorch Loop,0.35,1.33,2025-06-23 18:51:14,True
Sticker | Scorch Loop,0.35,1.33,2025-06-23 18:51:24,True
Sticker | Scorch Loop,0.35,1.33,2025-06-23 18:51:35,True
Sticker | Boom Detonation (Glitter),0.2,0.82,2025-06-23 18:51:59,True
Sticker | Boom Detonation (Glitter),0.2,0.82,2025-06-23 18:52:09,True
Sticker | Boom Detonation (Glitter),0.2,0.82,2025-06-23 18:52:19,True
Sticker | Boom Detonation (Glitter),0.2,0.82,2025-06-23 18:52:30,True
Sticker | Boom Detonation (Glitter),0.2,0.82,2025-06-23 18:52:40,True
Sticker | Boom Detonation (Glitter),0.2,0.82,2025-06-23 18:52:50,True
Sticker | Boom Detonation (Glitter),0.2,0.82,2025-06-23 18:53:00,True
Sticker | Boom Detonation (Glitter),0.2,0.82,2025-06-23 18:53:10,True
M4A1-S | Black Lotus (Minimal Wear),10.95,13.14,2025-06-23 18:58:18,False
M4A4 | Tooth Fairy (Minimal Wear),3.98,5.0,2025-06-23 19:00:38,False
AWP | Black Nile (Field-Tested),1.84,2.67,2025-06-23 19:03:05,False
USP-S | Ticket to Hell (Factory New),1.33,1.79,2025-06-23 19:04:54,False
Dual Berettas | Melondrama (Field-Tested),1.14,1.46,2025-06-23 19:05:57,False
USP-S | Ticket to Hell (Minimal Wear),0.52,0.73,2025-06-23 19:07:20,False
AK-47 | Slate (Minimal Wear),5.0,5.91,2025-06-23 19:23:26,False
Desert Eagle | Conspiracy (Minimal Wear),6.05,9.63,2025-06-23 19:55:24,False
M4A4 | Desolate Space (Minimal Wear),10.41,13.14,2025-06-23 20:01:39,False
Glock-18 | Bullet Queen (Field-Tested),4.12,5.14,2025-06-23 20:04:36,False
AWP | Black Nile (Minimal Wear),3.0,3.74,2025-06-23 20:05:48,False
Sticker | Fluxo (Holo) | Paris 2023,1.33,1.88,2025-06-27 01:03:10,False
Sticker | 3DMAX (Glitter) | Shanghai 2024,0.16,0.34,2025-06-27 01:04:12,False
Sticker | Cloud9 | Copenhagen 2024,0.1,0.27,2025-06-27 01:05:16,False
Sticker | Cloud9 | Copenhagen 2024,0.1,0.27,2025-06-27 01:05:32,False
Sticker | Cloud9 | Copenhagen 2024,0.1,0.27,2025-06-27 01:05:48,False
Sticker | Cloud9 | Copenhagen 2024,0.1,0.27,2025-06-27 01:06:04,False
Sticker | Cloud9 | Copenhagen 2024,0.1,0.27,2025-06-27 01:06:21,False
MP5-SD | Kitbash (Minimal Wear),0.5,0.7,2025-06-27 01:07:01,False
MP5-SD | Kitbash (Minimal Wear),0.5,0.7,2025-06-27 01:07:15,False
MP5-SD | Kitbash (Minimal Wear),0.5,0.7,2025-06-27 01:07:29,False
Stockholm 2021 Legends Sticker Capsule,0.68,0.93,2025-06-27 01:09:01,False
Stockholm 2021 Legends Sticker Capsule,0.68,0.93,2025-06-27 01:09:17,False
Stockholm 2021 Legends Sticker Capsule,0.68,0.93,2025-06-27 01:09:35,False
Stockholm 2021 Legends Sticker Capsule,0.68,0.93,2025-06-27 01:09:51,False
Stockholm 2021 Legends Sticker Capsule,0.68,0.93,2025-06-27 01:10:08,False
AK-47 | Ice Coaled (Minimal Wear),6.43,7.63,2025-06-27 11:44:41,False
Desert Eagle | Tilted (Minimal Wear),0.5,0.67,2025-06-27 11:54:15,False
MAC-10 | Candy Apple (Factory New),0.48,0.65,2025-06-27 11:55:02,False
Sticker | Team Liquid (Holo) | Paris 2023,0.55,0.76,2025-06-27 15:50:56,False
M4A1-S | Night Terror (Minimal Wear),0.43,0.61,2025-06-27 17:32:50,False
Desert Eagle | Tilted (Minimal Wear),0.42,0.67,2025-06-27 17:35:59,False
AK-47 | Legion of Anubis (Minimal Wear),7.22,9.1,2025-06-27 19:49:13,False
USP-S | Cortex (Minimal Wear),3.82,4.59,2025-06-27 19:50:07,False
Desert Eagle | Tilted (Minimal Wear),0.5,0.67,2025-06-27 19:59:05,False
AWP | Acheron (Minimal Wear),0.69,1.25,2025-06-27 20:03:26,False
Desert Eagle | Tilted (Minimal Wear),0.45,0.67,2025-06-27 22:22:12,False
M4A4 | Temukau (Field-Tested),8.0,9.7,2025-06-27 22:33:07,False
Desert Eagle | Tilted (Minimal Wear),0.44,0.67,2025-06-28 09:25:31,False
AK-47 | Ice Coaled (Minimal Wear),6.21,7.63,2025-06-28 09:36:59,False
Sticker | Gold Web (Foil),2.6,3.39,2025-06-28 09:41:03,False
Sticker | Winding Scorch (Foil),3.35,4.74,2025-06-28 12:19:47,False
Sticker | Bolt Energy (Foil),0.98,1.27,2025-06-28 12:25:52,False
Sticker | Bolt Strike,0.22,0.37,2025-06-28 12:28:17,False
Sticker | Bolt Strike,0.22,0.37,2025-06-28 12:28:28,False
Sticker | High Heat,0.7,1.09,2025-06-28 12:31:00,False
Sticker | High Heat,0.7,1.09,2025-06-28 12:31:10,False
Sticker | High Heat,0.7,1.09,2025-06-28 12:31:20,False
Sticker | High Heat,0.7,1.09,2025-06-28 12:31:30,False
Charm | Baby's AK,0.41,0.7,2025-06-28 12:31:53,False
Stockholm 2021 Contenders Sticker Capsule,1.68,2.2,2025-06-28 13:06:27,False
Stockholm 2021 Contenders Sticker Capsule,1.68,2.2,2025-06-28 13:06:37,False
Stockholm 2021 Contenders Sticker Capsule,1.68,2.2,2025-06-28 13:06:48,False
M4A4 | Neo-Noir (Field-Tested),5.75,8.77,2025-06-28 14:37:40,False
Sticker | Cloud9 | Copenhagen 2024,0.08,0.27,2025-06-28 15:53:03,True
Sticker | Cloud9 | Copenhagen 2024,0.08,0.27,2025-06-28 15:53:13,True
Sticker | Flex,0.34,0.6,2025-06-28 15:53:54,False
Sticker | Chompers,0.18,0.36,2025-06-28 15:56:55,False
P2000 | Amber Fade (Field-Tested),2.26,3.52,2025-06-28 20:14:50,False
AK-47 | Emerald Pinstripe (Field-Tested),2.23,3.4,2025-06-29 01:21:30,False
Sticker Capsule 2,9.61,11.85,2025-06-29 09:30:54,False
UMP-45 | Wild Child (Field-Tested),1.0,1.59,2025-06-29 09:54:53,False
AK-47 | Slate (Minimal Wear),5.04,5.93,2025-06-29 11:36:36,False
Glock-18 | Shinobu (Minimal Wear),8.06,10.06,2025-06-29 13:38:28,False
AK-47 | Searing Rage (Field-Tested),3.87,4.52,2025-06-29 13:59:56,False
Rio 2022 Legends Sticker Capsule,0.21,0.36,2025-06-29 14:28:58,False
AK-47 | Crossfade (Minimal Wear),1.65,2.67,2025-06-29 14:53:31,False
"Music Kit | bbno$, u mad!",2.53,4.44,2025-06-29 15:31:42,False
Sticker | Hydro Wave,0.25,0.4,2025-06-29 16:09:43,False
Sticker | Hydro Stream,0.15,0.28,2025-06-29 16:10:11,False
Sticker | Hydro Stream,0.15,0.28,2025-06-29 16:10:21,False
Glock-18 | Shinobu (Minimal Wear),8.06,10.06,2025-06-29 16:41:20,False
USP-S | Cortex (Field-Tested),1.99,2.34,2025-06-29 17:29:10,False
AK-47 | Slate (Minimal Wear),5.01,5.93,2025-06-29 19:04:55,False
Glock-18 | Shinobu (Field-Tested),4.14,4.85,2025-06-29 19:05:16,False
StatTrak™ USP-S | Ticket to Hell (Factory New),5.18,9.27,2025-06-29 19:16:28,False
M4A4 | Tooth Fairy (Minimal Wear),3.38,4.39,2025-06-29 19:47:21,False
Sticker | Gold Web (Foil),2.73,3.39,2025-06-29 20:10:23,False
Sticker | Gold Web (Foil),2.73,3.39,2025-06-29 20:10:33,False
Sticker | Gold Web (Foil),2.73,3.39,2025-06-29 20:10:43,False
AWP | Duality (Field-Tested),1.43,1.8,2025-06-29 20:16:34,False
M4A4 | Neo-Noir (Field-Tested),6.0,8.77,2025-06-29 22:46:10,False
Sticker | Natus Vincere (Holo) | Paris 2023,1.52,2.71,2025-06-29 23:38:25,True
Sticker | Vitality (Holo) | Paris 2023,0.69,1.31,2025-06-29 23:38:56,True
Desert Eagle | Heat Treated (Minimal Wear),3.2,5.48,2025-06-30 05:52:18,False
AUG | Surveillance (Factory New),0.78,1.3,2025-06-30 05:54:34,False
USP-S | Jawbreaker (Field-Tested),4.7,5.74,2025-06-30 11:25:03,False
AK-47 | Slate (Field-Tested),2.83,3.33,2025-06-30 15:44:18,False
SSG 08 | Acid Fade (Factory New),0.83,2.21,2025-06-30 15:54:26,True
Sticker | Hydro Stream,0.11,0.27,2025-06-30 16:11:57,False
StatTrak™ M4A1-S | Emphorosaur-S (Minimal Wear),2.53,4.71,2025-07-01 02:09:20,False
MAC-10 | Neon Rider (Minimal Wear),8.66,12.0,2025-07-01 02:15:02,False
Sticker | KOI (Glitter) | Copenhagen 2024,0.49,0.72,2025-07-01 02:22:05,False
Sticker | Gold Web (Foil),2.74,3.38,2025-07-01 02:22:44,False
Desert Eagle | Meteorite (Factory New),1.82,2.47,2025-07-01 02:25:44,False
Desert Eagle | Printstream (Minimal Wear),37.36,45.37,2025-07-01 05:08:19,False
SCAR-20 | Carbon Fiber (Factory New),0.16,0.37,2025-07-01 09:13:48,True
Tec-9 | Fuel Injector (Field-Tested),3.83,4.74,2025-07-01 09:26:39,False
Sticker | Vitality (Holo) | Paris 2023,0.56,1.43,2025-07-01 09:50:17,True
Desert Eagle | Mecha Industries (Minimal Wear),4.36,5.57,2025-07-01 11:42:47,False
AK-47 | Ice Coaled (Field-Tested),3.37,4.03,2025-07-01 11:46:47,False
USP-S | Printstream (Minimal Wear),47.5,56.94,2025-07-01 12:37:31,False
Glock-18 | Shinobu (Minimal Wear),8.01,9.88,2025-07-01 12:41:37,False
"Music Kit | bbno$, u mad!",2.7,4.44,2025-07-01 13:32:04,False
Desert Eagle | Heat Treated (Minimal Wear),2.38,3.56,2025-07-02 00:00:34,False
AWP | Hyper Beast (Minimal Wear),38.0,47.12,2025-07-02 00:04:01,False
Huntsman Weapon Case,9.32,10.99,2025-07-02 00:08:18,False
Huntsman Weapon Case,9.32,10.99,2025-07-02 00:08:29,False
USP-S | Cortex (Field-Tested),1.97,2.31,2025-07-02 00:15:38,False
Sticker | High Heat,0.86,1.1,2025-07-02 00:18:45,False
Winter Offensive Weapon Case,5.87,8.1,2025-07-02 08:31:14,False
Huntsman Weapon Case,8.41,10.99,2025-07-02 08:31:49,False
MAC-10 | Pipsqueak (Minimal Wear),0.91,1.4,2025-07-02 14:34:41,False
Glock-18 | Moonrise (Minimal Wear),0.74,1.34,2025-07-02 15:14:22,False
Sticker | Fnatic (Holo) | Paris 2023,0.5,0.98,2025-07-02 15:47:09,True
MP9 | Starlight Protector (Field-Tested),2.0,2.35,2025-07-02 16:08:46,False
AK-47 | Phantom Disruptor (Field-Tested),2.83,4.22,2025-07-02 18:09:25,False
Dragomir | Sabre,3.96,4.71,2025-07-02 18:38:08,False
Desert Eagle | Meteorite (Factory New),1.56,2.47,2025-07-02 18:44:54,True
P250 | Visions (Field-Tested),2.13,2.67,2025-07-02 19:38:41,False
Glock-18 | Moonrise (Minimal Wear),0.79,1.34,2025-07-02 20:26:37,False
AK-47 | Legion of Anubis (Minimal Wear),7.0,8.57,2025-07-02 22:10:48,False
Glock-18 | Shinobu (Minimal Wear),8.0,9.88,2025-07-02 22:49:25,False
AK-47 | Redline (Field-Tested),31.0,37.73,2025-07-03 00:43:05,False
AK-47 | Redline (Field-Tested),31.14,36.73,2025-07-03 07:01:50,False
AWP | Chrome Cannon (Field-Tested),21.45,25.96,2025-07-03 07:02:25,False
StatTrak™ M4A1-S | Emphorosaur-S (Factory New),9.79,12.67,2025-07-03 07:03:40,False
MAC-10 | Neon Rider (Minimal Wear),9.3,11.81,2025-07-03 07:05:07,False
MAC-10 | Neon Rider (Minimal Wear),9.3,11.81,2025-07-03 07:05:27,False
StatTrak™ Glock-18 | Vogue (Minimal Wear),8.5,10.16,2025-07-03 07:06:48,False
Sticker | Blue Gem (Glitter),2.99,3.72,2025-07-03 07:10:39,False
Galil AR | Eco (Field-Tested),5.26,8.22,2025-07-03 07:40:18,False
USP-S | Ticket to Hell (Factory New),1.33,1.89,2025-07-03 08:59:28,False
AWP | Atheris (Factory New),14.15,18.89,2025-07-03 09:04:54,False
StatTrak™ USP-S | Ticket to Hell (Minimal Wear),1.85,2.96,2025-07-03 11:22:49,False
Five-SeveN | Boost Protocol (Factory New),5.68,7.85,2025-07-03 17:39:01,False
AK-47 | Neon Rider (Field-Tested),35.0,40.48,2025-07-03 17:43:54,False
AWP | Chrome Cannon (Field-Tested),22.44,25.96,2025-07-03 17:45:06,False
M4A1-S | Emphorosaur-S (Minimal Wear),0.79,1.08,2025-07-03 17:54:38,False
Sticker | KOI (Glitter) | Copenhagen 2024,0.47,0.72,2025-07-03 17:55:09,False
USP-S | The Traitor (Field-Tested),9.95,11.84,2025-07-03 19:12:55,False
AWP | Chrome Cannon (Field-Tested),22.0,25.96,2025-07-03 23:38:33,False
M4A1-S | Black Lotus (Minimal Wear),10.99,13.1,2025-07-03 23:40:03,False
Glock-18 | Block-18 (Minimal Wear),1.03,1.35,2025-07-04 00:49:22,False
USP-S | Jawbreaker (Field-Tested),4.83,5.76,2025-07-04 01:01:48,False
AWP | Neo-Noir (Minimal Wear),19.74,24.01,2025-07-04 01:16:48,False
FAMAS | Bad Trip (Field-Tested),2.29,2.65,2025-07-04 02:07:02,False
M4A1-S | Black Lotus (Minimal Wear),10.5,13.1,2025-07-04 03:31:24,False
Trapper Aggressor | Guerrilla Warfare,17.37,25.07,2025-07-04 05:18:50,False
Desert Eagle | Heat Treated (Minimal Wear),2.7,3.56,2025-07-04 09:28:37,False
StatTrak™ USP-S | Ticket to Hell (Factory New),4.62,7.38,2025-07-04 11:03:00,False
M4A1-S | Player Two (Minimal Wear),41.45,47.66,2025-07-04 11:46:31,False
M4A4 | In Living Color (Field-Tested),4.45,5.24,2025-07-04 14:05:07,False
Sir Bloody Miami Darryl | The Professionals,98.0,114.34,2025-07-04 15:14:54,False
AK-47 | Legion of Anubis (Minimal Wear),6.92,8.38,2025-07-04 16:54:28,False
StatTrak™ USP-S | Ticket to Hell (Field-Tested),0.78,1.02,2025-07-04 19:12:44,False
StatTrak™ USP-S | Ticket to Hell (Field-Tested),0.78,1.02,2025-07-04 19:12:54,False
AK-47 | Asiimov (Field-Tested),23.67,27.35,2025-07-04 20:03:42,False
Huntsman Weapon Case,8.31,10.96,2025-07-04 20:05:31,False
Desert Eagle | Meteorite (Factory New),1.9,2.72,2025-07-04 20:57:30,False
Ground Rebel  | Elite Crew,4.55,7.05,2025-07-04 23:20:14,True
AK-47 | Ice Coaled (Field-Tested),3.2,4.0,2025-07-04 23:22:41,False
AWP | Chromatic Aberration (Field-Tested),5.36,7.6,2025-07-04 23:30:56,False
Sticker | Winding Scorch (Foil),3.64,4.69,2025-07-04 23:41:51,False
SSG 08 | Dragonfire (Minimal Wear),20.0,27.14,2025-07-05 09:47:17,False
SSG 08 | Dragonfire (Minimal Wear),20.84,27.14,2025-07-05 09:47:27,False
Zeus x27 | Electric Blue (Factory New),1.9,2.71,2025-07-05 09:49:39,False
Zeus x27 | Electric Blue (Factory New),1.9,2.71,2025-07-05 09:49:49,False
XM1014 | Entombed (Field-Tested),2.04,2.83,2025-07-05 09:50:28,False
XM1014 | Entombed (Field-Tested),2.11,2.83,2025-07-05 09:50:39,False
XM1014 | Entombed (Field-Tested),2.16,2.83,2025-07-05 09:50:49,False
Glock-18 | Ocean Topo (Factory New),1.06,1.74,2025-07-05 09:52:01,False
StatTrak™ Glock-18 | Moonrise (Field-Tested),0.95,1.53,2025-07-05 09:52:26,False
Desert Eagle | Heat Treated (Field-Tested),1.15,1.66,2025-07-05 09:53:09,False
Antwerp 2022 Contenders Sticker Capsule,0.32,0.47,2025-07-05 10:04:32,False
Antwerp 2022 Contenders Sticker Capsule,0.32,0.47,2025-07-05 10:04:42,False
Antwerp 2022 Contenders Sticker Capsule,0.32,0.47,2025-07-05 10:04:53,False
Antwerp 2022 Contenders Sticker Capsule,0.32,0.47,2025-07-05 10:05:03,False
Antwerp 2022 Contenders Sticker Capsule,0.32,0.47,2025-07-05 10:05:13,False
Sticker | Fluxo (Holo) | Paris 2023,1.59,1.97,2025-07-05 10:11:12,False
M4A1-S | Black Lotus (Field-Tested),6.36,7.84,2025-07-05 10:22:04,False
M4A1-S | Black Lotus (Field-Tested),6.36,7.84,2025-07-05 10:22:14,False
USP-S | Jawbreaker (Field-Tested),4.84,5.8,2025-07-05 10:23:29,False
USP-S | Jawbreaker (Battle-Scarred),3.76,5.02,2025-07-05 10:24:16,False
M4A4 | Buzz Kill (Field-Tested),9.17,14.49,2025-07-05 10:34:26,False
AWP | Chrome Cannon (Field-Tested),19.74,24.44,2025-07-05 12:31:34,False
"Music Kit | bbno$, u mad!",3.0,4.09,2025-07-05 12:47:49,False
Sticker | donk | Shanghai 2024,0.03,0.24,2025-07-05 13:06:40,True
Glock-18 | Ocean Topo (Factory New),0.94,1.74,2025-07-05 13:35:06,True
StatTrak™ USP-S | Ticket to Hell (Minimal Wear),2.09,2.99,2025-07-05 13:57:46,False
MP9 | Starlight Protector (Field-Tested),2.08,2.42,2025-07-05 14:35:00,False
Dual Berettas | Melondrama (Minimal Wear),2.0,3.06,2025-07-05 14:42:29,False
Ground Rebel  | Elite Crew,5.2,7.47,2025-07-05 15:46:13,False
MP7 | Anodized Navy (Factory New),1.32,1.73,2025-07-05 16:00:08,False
StatTrak™ USP-S | Ticket to Hell (Field-Tested),0.8,1.0,2025-07-05 16:04:24,False
StatTrak™ Glock-18 | Moonrise (Field-Tested),0.95,1.53,2025-07-05 16:11:19,False
M4A1-S | Player Two (Field-Tested),17.5,20.53,2025-07-05 17:41:54,False
M4A4 | Neo-Noir (Field-Tested),6.64,8.76,2025-07-05 17:57:12,False
"Music Kit | bbno$, u mad!",2.95,4.09,2025-07-05 17:58:25,False
Glock-18 | Shinobu (Field-Tested),4.0,4.66,2025-07-05 18:08:54,False
MP9 | Starlight Protector (Minimal Wear),5.21,7.21,2025-07-05 18:20:11,False
USP-S | Alpine Camo (Minimal Wear),1.25,1.77,2025-07-05 18:23:15,False
Glock-18 | Shinobu (Field-Tested),4.0,4.66,2025-07-05 18:31:11,False
Sticker | 9INE (Holo) | Paris 2023,0.8,1.48,2025-07-05 19:37:40,True
AK-47 | Wintergreen (Minimal Wear),9.77,11.37,2025-07-05 20:19:10,False
AWP | Atheris (Minimal Wear),5.78,7.03,2025-07-05 22:31:42,False
StatTrak™ Glock-18 | Block-18 (Field-Tested),1.42,1.78,2025-07-05 23:48:33,False
AK-47 | Inheritance (Field-Tested),61.0,70.94,2025-07-06 00:41:14,False
M4A1-S | Decimator (Field-Tested),11.47,13.3,2025-07-06 01:28:00,False
Galil AR | Eco (Field-Tested),5.2,7.56,2025-07-06 18:45:58,False
"Music Kit | bbno$, u mad!",3.1,4.09,2025-07-06 18:47:18,False
Glock-18 | Ocean Topo (Factory New),1.06,1.74,2025-07-06 18:49:19,False
StatTrak™ Glock-18 | Moonrise (Field-Tested),0.95,1.53,2025-07-06 18:49:44,False
AWP | Atheris (Factory New),14.52,18.76,2025-07-06 18:53:44,False
M4A1-S | Black Lotus (Minimal Wear),11.0,13.13,2025-07-06 18:55:12,False
USP-S | Jawbreaker (Field-Tested),4.88,5.8,2025-07-06 18:57:51,False
Glock-18 | Shinobu (Field-Tested),4.0,4.66,2025-07-06 18:58:40,False
MP9 | Starlight Protector (Field-Tested),1.96,2.42,2025-07-06 19:03:28,False
StatTrak™ USP-S | Ticket to Hell (Field-Tested),0.78,1.0,2025-07-06 19:05:35,False
StatTrak™ Glock-18 | Umbral Rabbit (Minimal Wear),1.43,2.37,2025-07-06 19:06:57,True
Sticker | Fnatic (Holo) | Paris 2023,0.5,0.98,2025-07-06 19:49:59,True
Sticker | Fnatic (Holo) | Paris 2023,0.5,0.98,2025-07-06 19:50:09,True
Sticker | Loving Eyes (Holo),3.7,6.78,2025-07-06 19:53:51,True
Sticker | Loving Eyes (Holo),3.7,6.78,2025-07-06 19:54:01,True
Sticker | Loving Eyes (Holo),3.7,6.78,2025-07-06 19:54:11,True
"Music Kit | bbno$, u mad!",2.57,4.09,2025-07-06 20:58:56,False
USP-S | Cyrex (Factory New),2.4,3.75,2025-07-06 20:59:14,False
Guardian 3 Pin,1.95,3.18,2025-07-06 20:59:49,False
USP-S | Jawbreaker (Field-Tested),4.85,5.8,2025-07-06 22:36:17,False
Sticker Capsule 2,9.8,11.49,2025-07-06 23:17:16,False
Glock-18 | Shinobu (Minimal Wear),8.04,10.73,2025-07-07 01:34:48,False
FAMAS | Mecha Industries (Minimal Wear),4.2,7.49,2025-07-07 01:35:17,True
Desert Eagle | Heat Treated (Field-Tested),1.3,2.31,2025-07-07 01:37:59,True
Desert Eagle | Heat Treated (Field-Tested),1.38,2.31,2025-07-07 01:38:09,False
Sticker | Bolt Charge (Foil),3.99,4.63,2025-07-07 01:47:17,False
P250 | See Ya Later (Field-Tested),2.53,3.0,2025-07-07 01:54:30,False
P250 | See Ya Later (Field-Tested),2.53,3.0,2025-07-07 01:54:40,False
AWP | Chrome Cannon (Field-Tested),20.77,24.32,2025-07-07 02:04:40,False
AWP | Asiimov (Field-Tested),110.0,132.61,2025-07-07 05:38:22,False
M4A1-S | Mud-Spec (Factory New),0.96,1.51,2025-07-07 08:30:43,False
Glock-18 | Ocean Topo (Factory New),1.1,1.68,2025-07-07 08:31:31,False
Glock-18 | Ocean Topo (Factory New),1.1,1.68,2025-07-07 08:31:41,False
Glock-18 | Ocean Topo (Factory New),1.1,1.68,2025-07-07 08:31:51,False
StatTrak™ Glock-18 | Moonrise (Minimal Wear),1.98,3.31,2025-07-07 09:34:28,False
Sticker | FaZe Clan (Holo) | Paris 2023,0.53,0.98,2025-07-07 11:55:34,True
AWP | Printstream (Minimal Wear),119.86,134.31,2025-07-07 13:36:33,False
AK-47 | Inheritance (Field-Tested),59.06,70.11,2025-07-07 13:37:40,False
FAMAS | Bad Trip (Field-Tested),2.0,2.79,2025-07-07 13:55:41,False
USP-S | Jawbreaker (Field-Tested),4.84,5.65,2025-07-07 14:05:17,False
Sticker | Bolt Strike,0.23,0.37,2025-07-07 14:59:45,False
AWP | Atheris (Well-Worn),0.4,3.13,2025-07-07 15:02:02,True
Desert Eagle | Heat Treated (Field-Tested),1.15,2.31,2025-07-07 16:08:40,True
AK-47 | Crossfade (Field-Tested),1.33,1.82,2025-07-07 17:15:19,False
M4A1-S | Nightmare (Minimal Wear),17.73,22.55,2025-07-07 17:41:03,False
SSG 08 | Dragonfire (Minimal Wear),17.99,26.72,2025-07-07 18:18:04,False
AK-47 | The Outsiders (Field-Tested),5.5,7.28,2025-07-07 19:25:03,False
AK-47 | Wintergreen (Minimal Wear),9.35,11.18,2025-07-07 19:55:43,False
USP-S | Neo-Noir (Minimal Wear),19.06,24.95,2025-07-07 20:08:08,False
MP9 | Starlight Protector (Minimal Wear),5.47,7.58,2025-07-07 20:09:07,False
AWP | Printstream (Well-Worn),44.0,50.19,2025-07-07 20:15:15,False
Desert Eagle | Meteorite (Factory New),1.9,2.74,2025-07-07 21:16:35,False
Desert Eagle | Serpent Strike (Factory New),2.0,2.66,2025-07-07 22:01:29,False
MAC-10 | Disco Tech (Minimal Wear),4.87,6.24,2025-07-07 22:10:23,False
AK-47 | Ice Coaled (Field-Tested),3.18,4.04,2025-07-07 22:12:31,False
AK-47 | Slate (Field-Tested),2.91,3.41,2025-07-07 22:13:22,False
Desert Eagle | Heat Treated (Minimal Wear),2.23,3.23,2025-07-07 22:23:41,False
Sticker | Blue Gem (Glitter),2.64,3.72,2025-07-07 22:35:28,False
M4A4 | Neo-Noir (Field-Tested),5.97,7.57,2025-07-07 22:55:17,False
Sticker | donk | Shanghai 2024,0.03,0.24,2025-07-07 23:44:12,True
Sticker | donk | Shanghai 2024,0.03,0.24,2025-07-07 23:44:22,True
Sticker | Flex,0.36,0.56,2025-07-07 23:47:42,False
Glock-18 | Ocean Topo (Factory New),1.1,1.62,2025-07-08 00:33:13,False
AK-47 | Crossfade (Field-Tested),1.28,1.82,2025-07-08 00:33:25,False
StatTrak™ USP-S | Black Lotus (Minimal Wear),10.13,11.87,2025-07-08 00:39:22,False
USP-S | Jawbreaker (Field-Tested),4.71,5.71,2025-07-08 00:41:57,False
Glock-18 | Shinobu (Field-Tested),4.0,4.71,2025-07-08 00:43:17,False
M4A1-S | Mud-Spec (Factory New),1.16,1.42,2025-07-08 00:47:24,False
Stockholm 2021 Legends Sticker Capsule,0.68,0.86,2025-07-08 00:53:50,False
Sir Bloody Miami Darryl | The Professionals,98.52,114.55,2025-07-08 01:20:00,False
Rezan the Redshirt | Sabre,5.8,6.75,2025-07-08 04:11:50,False
AK-47 | Slate (Minimal Wear),4.63,5.52,2025-07-08 09:31:32,False
AK-47 | Crossfade (Factory New),2.85,3.88,2025-07-08 09:33:31,False
Desert Eagle | Tilted (Factory New),1.9,2.23,2025-07-08 09:35:34,False
Glock-18 | Block-18 (Minimal Wear),1.04,1.29,2025-07-08 10:01:44,False
Sticker | donk | Shanghai 2024,0.04,0.24,2025-07-08 10:42:13,True
P250 | Visions (Field-Tested),2.15,2.53,2025-07-08 11:03:11,False
MAC-10 | Neon Rider (Minimal Wear),8.97,11.56,2025-07-08 11:39:40,False
USP-S | Black Lotus (Field-Tested),0.89,1.46,2025-07-08 13:23:55,False
Antwerp 2022 Contenders Sticker Capsule,0.32,0.47,2025-07-08 15:04:11,False
AWP | Atheris (Minimal Wear),6.04,7.17,2025-07-08 16:03:15,False
AK-47 | Crossfade (Minimal Wear),1.65,2.31,2025-07-08 16:39:21,False
Sticker | donk | Shanghai 2024,0.03,0.24,2025-07-08 17:36:43,True
Name Tag,1.3,1.66,2025-07-08 20:14:41,False
FAMAS | Mecha Industries (Minimal Wear),4.61,7.49,2025-07-08 20:20:44,False
StatTrak™ M4A1-S | Night Terror (Factory New),5.66,8.31,2025-07-08 21:05:38,False
P250 | See Ya Later (Field-Tested),2.54,3.0,2025-07-08 22:03:11,False
Galil AR | Tuxedo (Factory New),1.85,2.57,2025-07-08 22:13:24,False
Desert Eagle | Meteorite (Factory New),1.95,2.74,2025-07-08 22:35:34,False
Sticker | The MongolZ (Holo) | Paris 2023,0.26,0.46,2025-07-08 22:48:59,False
AK-47 | Slate (Minimal Wear),4.63,5.52,2025-07-08 23:50:14,False
StatTrak™ USP-S | Ticket to Hell (Factory New),5.49,7.42,2025-07-09 01:41:13,False
Desert Eagle | Printstream (Minimal Wear),38.07,44.38,2025-07-09 01:45:33,False
USP-S | Jawbreaker (Minimal Wear),8.58,9.99,2025-07-09 01:49:29,False
MP9 | Starlight Protector (Field-Tested),2.09,2.43,2025-07-09 01:58:26,False
Sticker | Say Cheese (Holo),0.38,0.84,2025-07-09 03:20:59,True
Shanghai 2024 Legends Autograph Capsule,0.25,0.45,2025-07-09 03:21:16,False
Shanghai 2024 Legends Autograph Capsule,0.25,0.45,2025-07-09 03:21:26,False
Shanghai 2024 Legends Autograph Capsule,0.25,0.45,2025-07-09 03:21:36,False
Shanghai 2024 Legends Autograph Capsule,0.25,0.45,2025-07-09 03:21:46,False
Shanghai 2024 Legends Autograph Capsule,0.25,0.45,2025-07-09 03:21:57,False
Shanghai 2024 Legends Autograph Capsule,0.25,0.45,2025-07-09 03:22:07,False
StatTrak™ Desert Eagle | Printstream (Field-Tested),50.0,60.85,2025-07-09 10:09:13,False
AWP | Atheris (Factory New),16.12,18.57,2025-07-09 10:34:09,False
Sticker | Fluxo (Holo) | Paris 2023,0.88,1.92,2025-07-09 11:55:48,True
USP-S | Cortex (Field-Tested),1.89,2.33,2025-07-09 12:57:57,False
Dreams & Nightmares Case,1.56,1.87,2025-07-09 13:44:33,False
USP-S | Jawbreaker (Well-Worn),4.0,4.87,2025-07-09 15:08:09,False
UMP-45 | Momentum (Field-Tested),3.02,3.8,2025-07-09 17:55:27,False
Sticker | Vitality (Holo) | Paris 2023,0.9,1.83,2025-07-09 17:58:56,True
AK-47 | Frontside Misty (Field-Tested),12.15,14.23,2025-07-09 19:17:42,False
USP-S | Jawbreaker (Well-Worn),4.1,4.87,2025-07-09 20:27:14,False
Enforcer | Phoenix,4.54,5.39,2025-07-09 22:59:53,False
AK-47 | Frontside Misty (Field-Tested),12.15,14.23,2025-07-09 23:18:35,False
AK-47 | Inheritance (Minimal Wear),100.95,124.31,2025-07-10 05:26:47,False
MAC-10 | Candy Apple (Factory New),0.48,0.7,2025-07-10 08:57:24,False
Enforcer | Phoenix,4.54,5.39,2025-07-10 09:34:50,False
Fever Case,0.64,0.82,2025-07-10 10:47:05,False
Fever Case,0.64,0.82,2025-07-10 10:47:15,False
Fever Case,0.64,0.82,2025-07-10 10:47:25,False
Fever Case,0.64,0.82,2025-07-10 10:47:35,False
Fever Case,0.64,0.82,2025-07-10 10:47:46,False
AWP | Printstream (Minimal Wear),113.0,131.4,2025-07-10 12:02:53,False
Desert Eagle | Heat Treated (Field-Tested),1.2,2.27,2025-07-10 16:03:08,True
FAMAS | Mecha Industries (Minimal Wear),4.3,7.38,2025-07-10 16:23:30,False
MAC-10 | Neon Rider (Minimal Wear),7.77,12.46,2025-07-10 18:14:12,False
Huntsman Weapon Case,9.2,10.85,2025-07-10 18:44:24,False
FAMAS | Rapid Eye Movement (Field-Tested),0.4,1.12,2025-07-10 19:59:06,True
Charm | Glamour Shot,1.45,1.78,2025-07-10 20:00:09,False
StatTrak™ Glock-18 | Umbral Rabbit (Minimal Wear),1.7,2.48,2025-07-10 21:11:11,False
StatTrak™ USP-S | Black Lotus (Minimal Wear),8.53,11.72,2025-07-10 21:17:06,False
Huntsman Weapon Case,9.2,10.85,2025-07-10 21:17:57,False
Huntsman Weapon Case,9.2,10.85,2025-07-10 21:18:07,False
AWP | Atheris (Factory New),15.58,18.57,2025-07-10 22:47:35,False
Tec-9 | Fuel Injector (Field-Tested),4.01,6.0,2025-07-12 02:09:52,False
Glock-18 | Ocean Topo (Factory New),0.8,1.5,2025-07-12 02:12:13,True
Sticker | The MongolZ (Holo) | Paris 2023,0.17,0.46,2025-07-12 02:23:36,True
Desert Eagle | Printstream (Field-Tested),24.42,29.48,2025-07-12 08:04:19,False
Name Tag,1.22,1.65,2025-07-12 08:43:46,False
Sticker | Bolt Charge (Foil),3.12,4.52,2025-07-12 08:55:23,False
MP7 | Fade (Factory New),4.5,5.31,2025-07-12 11:28:17,False
AWP | Chrome Cannon (Field-Tested),19.73,24.12,2025-07-12 12:29:28,False
Glock-18 | Block-18 (Minimal Wear),1.04,1.32,2025-07-12 12:39:43,False
USP-S | The Traitor (Field-Tested),10.0,12.11,2025-07-12 13:16:33,False
Sticker | Vitality (Holo) | Paris 2023,0.54,1.74,2025-07-13 02:06:05,True
Sticker | Vitality (Holo) | Paris 2023,0.54,1.74,2025-07-13 02:06:16,True
Sticker | Vitality (Holo) | Paris 2023,0.54,1.74,2025-07-13 02:06:26,True
Sticker | Vitality (Holo) | Paris 2023,0.54,1.74,2025-07-13 02:06:36,True
Sticker | Vitality (Holo) | Paris 2023,0.54,1.74,2025-07-13 02:06:46,True
StatTrak™ AK-47 | Slate (Field-Tested),10.52,13.06,2025-07-13 08:18:43,False
Desert Eagle | Tilted (Minimal Wear),0.47,0.87,2025-07-13 08:36:31,False
M4A1-S | Black Lotus (Field-Tested),6.4,7.57,2025-07-13 09:48:53,False
StatTrak™ USP-S | Black Lotus (Minimal Wear),7.5,11.27,2025-07-13 12:40:50,False
M4A1-S | Black Lotus (Field-Tested),6.4,7.57,2025-07-13 12:44:16,False
Name Tag,1.27,1.65,2025-07-13 14:01:53,False
Name Tag,1.27,1.65,2025-07-13 14:02:03,False
Name Tag,1.27,1.65,2025-07-13 14:02:13,False
Name Tag,1.27,1.65,2025-07-13 14:02:23,False
AK-47 | Head Shot (Minimal Wear),13.0,15.46,2025-07-13 14:31:53,False
MP9 | Arctic Tri-Tone (Minimal Wear),5.25,6.18,2025-07-13 14:35:40,False
Zeus x27 | Electric Blue (Factory New),1.42,2.04,2025-07-13 15:11:10,False
Five-SeveN | Monkey Business (Field-Tested),2.75,3.55,2025-07-13 15:22:59,False
AWP | Printstream (Field-Tested),60.0,74.67,2025-07-13 15:35:33,False
Dual Berettas | Hydro Strike (Minimal Wear),1.36,2.31,2025-07-13 16:39:09,False
Sir Bloody Darryl Royale | The Professionals,40.0,47.72,2025-07-13 16:43:18,False
MP9 | Starlight Protector (Minimal Wear),4.99,6.9,2025-07-13 17:33:40,False
Glock-18 | Candy Apple (Factory New),2.07,3.02,2025-07-13 17:47:10,False
AK-47 | Asiimov (Field-Tested),23.0,27.12,2025-07-13 17:51:11,False
USP-S | Jawbreaker (Minimal Wear),8.43,10.04,2025-07-13 17:54:37,False
AK-47 | Neon Rider (Field-Tested),34.99,41.34,2025-07-13 18:12:55,False
FAMAS | Mecha Industries (Field-Tested),2.82,3.67,2025-07-13 18:21:00,False
StatTrak™ M4A1-S | Night Terror (Minimal Wear),2.75,3.95,2025-07-13 18:42:29,False
StatTrak™ AK-47 | Ice Coaled (Field-Tested),8.21,10.04,2025-07-13 19:01:01,False
Sticker | Boom Trail (Glitter),0.25,0.39,2025-07-13 19:32:03,False
UMP-45 | Momentum (Field-Tested),3.0,3.83,2025-07-13 19:48:35,False
StatTrak™ USP-S | Black Lotus (Minimal Wear),9.06,11.27,2025-07-13 20:05:48,False
MAC-10 | Disco Tech (Minimal Wear),4.59,5.93,2025-07-13 21:36:55,False
AK-47 | The Empress (Minimal Wear),50.0,57.65,2025-07-14 02:20:08,False
MAC-10 | Neon Rider (Minimal Wear),9.0,10.89,2025-07-14 02:23:18,False
Glock-18 | Shinobu (Well-Worn),3.39,4.13,2025-07-14 02:26:55,False
Sticker | Gold Web (Foil),2.92,3.48,2025-07-14 02:27:39,False
Sticker | Gold Web (Foil),2.92,3.48,2025-07-14 02:27:49,False
Sticker | Gold Web (Foil),2.92,3.48,2025-07-14 02:27:59,False
Sticker | Gold Web (Foil),2.92,3.48,2025-07-14 02:28:10,False
Community Sticker Capsule 1,1.8,2.51,2025-07-14 02:30:22,False
Anubis Collection Package,1.44,1.77,2025-07-14 02:32:35,False
Anubis Collection Package,1.44,1.77,2025-07-14 02:32:45,False
Anubis Collection Package,1.44,1.77,2025-07-14 02:32:55,False
Anubis Collection Package,1.44,1.77,2025-07-14 02:33:06,False
Anubis Collection Package,1.44,1.77,2025-07-14 02:33:16,False
Anubis Collection Package,1.44,1.77,2025-07-14 02:33:26,False
Sticker | Loving Eyes (Holo),4.31,7.15,2025-07-14 08:56:40,True
M4A4 | Temukau (Field-Tested),8.05,11.78,2025-07-14 09:18:32,False
AK-47 | Redline (Field-Tested),31.7,43.39,2025-07-14 09:40:06,False
Bloody Darryl The Strapped | The Professionals,31.0,36.41,2025-07-14 09:46:01,False
Sticker | Say Cheese (Holo),0.4,0.84,2025-07-14 09:53:56,True
StatTrak™ USP-S | Ticket to Hell (Minimal Wear),2.26,2.94,2025-07-14 11:43:19,False
USP-S | Ticket to Hell (Factory New),1.17,1.87,2025-07-14 11:54:42,False
SSG 08 | Dragonfire (Minimal Wear),16.67,24.71,2025-07-14 14:11:41,False
StatTrak™ AWP | Capillary (Minimal Wear),1.97,3.17,2025-07-14 14:13:13,False
M4A1-S | Night Terror (Factory New),1.28,1.94,2025-07-14 14:13:59,False
AWP | Atheris (Minimal Wear),5.98,7.27,2025-07-14 14:22:26,False
AWP | Printstream (Well-Worn),40.0,46.11,2025-07-14 15:04:30,False
AK-47 | Olive Polycam (Factory New),0.45,1.11,2025-07-14 16:28:56,True
AWP | Black Nile (Field-Tested),1.5,2.78,2025-07-14 16:57:19,True
AK-47 | Olive Polycam (Factory New),0.45,1.11,2025-07-14 17:14:35,True
Sticker | Scorch Loop,0.3,1.12,2025-07-14 17:43:20,True
Sticker | Scorch Loop,0.3,1.12,2025-07-14 17:43:31,True
AWP | Printstream (Well-Worn),40.0,46.11,2025-07-15 00:39:25,False
Sticker | Loving Eyes (Holo),3.73,7.15,2025-07-15 02:27:53,True
AWP | Printstream (Well-Worn),40.0,46.11,2025-07-15 14:23:11,False
Bloody Darryl The Strapped | The Professionals,30.78,36.41,2025-07-15 14:23:32,False
Glock-18 | Ocean Topo (Factory New),0.81,1.5,2025-07-15 16:15:22,True
UMP-45 | Momentum (Field-Tested),3.0,3.87,2025-07-15 16:24:17,False
UMP-45 | Momentum (Field-Tested),3.0,3.87,2025-07-15 16:24:27,False
UMP-45 | K.O. Factory (Field-Tested),3.4,4.17,2025-07-15 16:25:26,False
Sticker | Gold Web (Foil),2.92,3.48,2025-07-15 16:26:23,False
Sticker | Gold Web (Foil),2.92,3.48,2025-07-15 16:26:34,False
Desert Eagle | Serpent Strike (Factory New),2.04,2.47,2025-07-15 16:29:14,False
AWP | Printstream (Field-Tested),63.0,75.27,2025-07-15 17:26:03,False
Sticker | Vitality (Holo) | Paris 2023,0.66,1.2,2025-07-15 18:28:43,True
Guardian 3 Pin,1.92,3.16,2025-07-15 21:59:35,False
MP9 | Arctic Tri-Tone (Minimal Wear),5.1,6.1,2025-07-15 22:08:40,False
Desert Eagle | Serpent Strike (Factory New),2.1,2.47,2025-07-15 22:13:48,False
Desert Eagle | Serpent Strike (Factory New),2.1,2.47,2025-07-15 22:13:59,False
Desert Eagle | Serpent Strike (Factory New),2.1,2.47,2025-07-15 22:14:10,False
Sticker | Boom Trail (Glitter),0.23,0.39,2025-07-15 22:16:36,False
Sticker | Boom Trail (Glitter),0.23,0.39,2025-07-15 22:16:46,False
Sticker | Boom Trail (Glitter),0.23,0.39,2025-07-15 22:16:57,False
AK-47 | Olive Polycam (Factory New),0.8,1.11,2025-07-15 22:18:32,False
AK-47 | Olive Polycam (Factory New),0.8,1.11,2025-07-15 22:18:43,False
Stockholm 2021 Champions Autograph Capsule,0.48,0.72,2025-07-15 22:19:46,False
Desert Eagle | Conspiracy (Minimal Wear),6.85,8.56,2025-07-15 23:17:35,False
FAMAS | Bad Trip (Field-Tested),2.13,3.19,2025-07-16 02:22:52,False
AK-47 | Neon Rider (Field-Tested),35.0,41.25,2025-07-16 02:26:43,False
Sticker | MOUZ (Glitter) | Copenhagen 2024,0.18,0.39,2025-07-16 02:35:56,False
Sticker | MOUZ (Glitter) | Copenhagen 2024,0.18,0.39,2025-07-16 02:36:07,False
Sticker | MOUZ (Glitter) | Copenhagen 2024,0.18,0.39,2025-07-16 02:36:17,False
Sticker | MOUZ (Glitter) | Copenhagen 2024,0.18,0.39,2025-07-16 02:36:27,False
Sticker | MOUZ (Glitter) | Copenhagen 2024,0.18,0.39,2025-07-16 02:36:37,False
AK-47 | Olive Polycam (Factory New),0.47,1.1,2025-07-16 02:42:59,True
Fever Case,0.63,0.83,2025-07-16 03:01:30,False
Rezan The Ready | Sabre,6.0,7.14,2025-07-16 16:08:15,False
Glock-18 | Shinobu (Field-Tested),3.9,4.73,2025-07-16 16:09:22,False
AK-47 | Phantom Disruptor (Field-Tested),2.74,3.94,2025-07-16 16:44:05,False
SSG 08 | Acid Fade (Factory New),1.67,1.99,2025-07-16 19:32:14,False
USP-S | Black Lotus (Minimal Wear),2.0,2.61,2025-07-16 20:34:39,False
StatTrak™ M4A1-S | Night Terror (Minimal Wear),2.37,4.34,2025-07-16 21:05:21,True
AWP | Printstream (Well-Worn),38.16,44.83,2025-07-17 00:37:56,False
AWP | Atheris (Field-Tested),3.06,3.78,2025-07-17 02:56:06,False
AK-47 | Olive Polycam (Factory New),0.89,1.1,2025-07-17 03:02:09,False
MP9 | Starlight Protector (Field-Tested),2.02,2.93,2025-07-17 10:03:36,False
AK-47 | Searing Rage (Field-Tested),3.3,4.14,2025-07-17 12:03:03,False
M4A4 | Evil Daimyo (Field-Tested),1.1,1.72,2025-07-17 16:36:07,False
M4A1-S | Night Terror (Minimal Wear),0.4,0.57,2025-07-17 19:05:47,False
P250 | See Ya Later (Field-Tested),2.21,2.78,2025-07-17 20:30:18,False
Glock-18 | Shinobu (Well-Worn),3.2,3.91,2025-07-18 13:42:00,False
M4A4 | The Emperor (Minimal Wear),42.0,48.97,2025-07-19 11:33:28,False
AWP | Atheris (Field-Tested),3.0,3.83,2025-07-19 11:40:36,False
Glock-18 | Shinobu (Well-Worn),3.4,3.99,2025-07-20 01:47:36,False
StatTrak™ M4A1-S | Night Terror (Field-Tested),1.35,2.27,2025-07-20 22:05:37,True
USP-S | Tropical Breeze (Field-Tested),2.99,3.89,2025-07-21 09:54:17,False
USP-S | Tropical Breeze (Field-Tested),2.99,3.89,2025-07-21 09:54:27,False
USP-S | Tropical Breeze (Field-Tested),2.99,3.89,2025-07-21 09:54:37,False
USP-S | Tropical Breeze (Field-Tested),2.99,3.89,2025-07-21 09:54:47,False
Five-SeveN | Monkey Business (Field-Tested),2.69,3.56,2025-07-21 09:55:21,False
CS:GO Weapon Case 3,6.57,8.42,2025-07-21 10:47:52,False
Blackwolf | Sabre,5.98,7.36,2025-07-21 22:18:13,False
CS:GO Weapon Case,94.0,112.29,2025-07-22 09:22:44,False
Special Agent Ava | FBI,13.23,20.42,2025-07-22 14:05:54,True
"Music Kit | bbno$, u mad!",2.87,4.05,2025-07-22 18:17:25,False
Operation Hydra Case,29.0,38.22,2025-07-22 20:18:45,False
Operation Hydra Case,29.0,38.22,2025-07-22 20:18:56,False
Operation Hydra Case,29.0,38.22,2025-07-22 20:19:07,False
AK-47 | Slate (Factory New),14.94,17.18,2025-07-23 08:22:48,False
Galil AR | Eco (Field-Tested),5.8,6.39,2025-07-23 08:28:26,False
Galil AR | Eco (Field-Tested),5.84,6.39,2025-07-23 08:28:45,False
P250 | Franklin (Field-Tested),0.63,0.84,2025-07-23 08:37:50,False
P250 | Franklin (Field-Tested),0.63,0.84,2025-07-23 08:38:10,False
P250 | Franklin (Field-Tested),0.64,0.84,2025-07-23 08:38:30,False
Desert Eagle | Printstream (Minimal Wear),39.19,44.85,2025-07-23 09:22:25,False
XM1014 | Entombed (Minimal Wear),3.07,3.66,2025-07-23 09:28:41,False
Galil AR | Chromatic Aberration (Field-Tested),2.17,2.49,2025-07-23 09:30:30,False
StatTrak™ USP-S | Ticket to Hell (Minimal Wear),2.52,2.92,2025-07-23 11:25:04,False
AK-47 | Head Shot (Field-Tested),5.6,7.36,2025-07-23 11:41:29,False
Gallery Case,0.68,0.84,2025-07-24 09:19:45,False
Gallery Case,0.68,0.84,2025-07-24 09:19:55,False
Gallery Case,0.68,0.84,2025-07-24 09:20:05,False
Gallery Case,0.68,0.84,2025-07-24 09:20:15,False
Gallery Case,0.68,0.84,2025-07-24 09:20:26,False
Gallery Case,0.68,0.84,2025-07-24 09:20:36,False
Lt. Commander Ricksaw | NSWC SEAL,13.95,16.62,2025-07-24 12:43:53,False
AK-47 | Slate (Well-Worn),2.5,2.99,2025-07-24 17:20:51,False
AK-47 | Slate (Well-Worn),2.6,2.99,2025-07-24 17:21:02,False
UMP-45 | Carbon Fiber (Factory New),0.1,0.29,2025-07-24 20:37:47,True
Revolution Case,0.56,0.73,2025-07-24 22:36:17,False
Revolution Case,0.56,0.73,2025-07-24 22:36:27,False
Revolution Case,0.56,0.73,2025-07-24 22:36:37,False
Revolution Case,0.56,0.73,2025-07-24 22:36:47,False
Revolution Case,0.56,0.73,2025-07-24 22:36:57,False
Revolution Case,0.56,0.73,2025-07-24 22:37:08,False
MP9 | Starlight Protector (Field-Tested),2.62,3.69,2025-07-25 01:18:12,False
MP9 | Starlight Protector (Field-Tested),2.62,3.69,2025-07-25 01:18:23,False
MP9 | Starlight Protector (Field-Tested),2.62,3.69,2025-07-25 01:18:33,False
Ground Rebel  | Elite Crew,7.88,8.95,2025-07-25 01:24:11,False
MP9 | Food Chain (Minimal Wear),4.75,5.53,2025-07-25 01:26:29,False
Revolution Case,0.56,0.74,2025-07-25 01:33:21,False
Revolution Case,0.56,0.74,2025-07-25 01:33:31,False
Revolution Case,0.56,0.74,2025-07-25 01:33:41,False
Revolution Case,0.56,0.74,2025-07-25 01:33:52,False
Revolution Case,0.56,0.74,2025-07-25 01:34:02,False
Revolution Case,0.56,0.74,2025-07-25 01:34:12,False
Operation Hydra Case,29.04,39.58,2025-07-25 01:38:41,False
Operation Hydra Case,29.04,39.58,2025-07-25 01:38:52,False
Operation Hydra Case,29.04,39.58,2025-07-25 01:39:02,False
Desert Eagle | Meteorite (Factory New),1.97,2.75,2025-07-25 01:53:06,False
USP-S | Cortex (Minimal Wear),4.85,5.42,2025-07-25 02:01:06,False
USP-S | Cortex (Minimal Wear),4.85,5.42,2025-07-25 02:01:17,False
Operation Hydra Case,29.06,39.58,2025-07-25 04:25:04,False
Operation Hydra Case,29.07,39.58,2025-07-25 04:25:15,False
Operation Hydra Case,29.07,39.58,2025-07-25 04:25:25,False
3rd Commando Company | KSK,10.38,11.92,2025-07-25 09:00:56,False
Operator | FBI SWAT,8.85,10.86,2025-07-25 09:01:32,False
Operator | FBI SWAT,9.22,10.86,2025-07-25 09:01:51,False
Operator | FBI SWAT,9.0,10.86,2025-07-25 09:02:02,False
The Elite Mr. Muhlik | Elite Crew,8.3,9.78,2025-07-25 09:02:16,False
Ground Rebel  | Elite Crew,4.68,8.95,2025-07-25 09:02:32,True
Shattered Web Case,5.32,6.11,2025-07-25 09:03:27,False
Shattered Web Case,5.32,6.11,2025-07-25 09:03:37,False
Shattered Web Case,5.32,6.11,2025-07-25 09:03:48,False
Shattered Web Case,5.32,6.11,2025-07-25 09:03:58,False
Shattered Web Case,5.32,6.11,2025-07-25 09:04:08,False
Shattered Web Case,5.32,6.11,2025-07-25 09:04:18,False
"Music Kit | Denzel Curry, ULTIMATE",3.07,4.27,2025-07-25 09:04:41,False
Enforcer | Phoenix,4.44,4.89,2025-07-25 09:05:32,False
"Music Kit | bbno$, u mad!",2.69,4.06,2025-07-25 09:06:38,True
"Music Kit | bbno$, u mad!",3.55,4.06,2025-07-25 09:06:48,False
Clutch Case,0.85,1.09,2025-07-25 09:08:29,False
Clutch Case,0.85,1.09,2025-07-25 09:08:39,False
Clutch Case,0.85,1.09,2025-07-25 09:08:50,False
Clutch Case,0.85,1.09,2025-07-25 09:09:00,False
Clutch Case,0.85,1.09,2025-07-25 09:09:10,False
Clutch Case,0.85,1.09,2025-07-25 09:09:21,False
Dreams & Nightmares Case,1.56,2.03,2025-07-25 09:10:49,False
Dreams & Nightmares Case,1.58,2.03,2025-07-25 09:10:59,False
Dreams & Nightmares Case,1.59,2.03,2025-07-25 09:11:10,False
Dreams & Nightmares Case,1.59,2.03,2025-07-25 09:11:20,False
Dreams & Nightmares Case,1.59,2.03,2025-07-25 09:11:30,False
Dreams & Nightmares Case,1.59,2.03,2025-07-25 09:11:40,False
Prisma Case,1.27,1.47,2025-07-25 09:12:24,False
Prisma Case,1.27,1.47,2025-07-25 09:12:34,False
Prisma Case,1.27,1.47,2025-07-25 09:12:44,False
Prisma Case,1.27,1.47,2025-07-25 09:12:54,False
Prisma Case,1.27,1.47,2025-07-25 09:13:04,False
Operation Riptide Case,12.5,15.63,2025-07-25 09:17:56,False
Operation Riptide Case,12.5,15.63,2025-07-25 09:18:06,False
Operation Riptide Case,12.5,15.63,2025-07-25 09:18:20,False
Operation Riptide Case,12.5,15.63,2025-07-25 09:18:31,False
Operation Riptide Case,12.5,15.63,2025-07-25 09:18:41,False
Operation Riptide Case,12.5,15.63,2025-07-25 09:18:51,False
Maximus | Sabre,5.4,7.28,2025-07-25 09:19:26,False
Markus Delrow | FBI HRT,6.35,8.89,2025-07-25 09:19:38,False
'Two Times' McCoy | USAF TACP,6.01,8.19,2025-07-25 09:20:05,False
D Squadron Officer | NZSAS,61.37,84.05,2025-07-25 09:24:34,False
Sir Bloody Skullhead Darryl | The Professionals,33.34,40.13,2025-07-25 09:25:13,False
Special Agent Ava | FBI,17.51,20.28,2025-07-25 09:26:41,False
'The Doctor' Romanov | Sabre,10.04,12.88,2025-07-25 09:27:36,False
3rd Commando Company | KSK,10.36,11.92,2025-07-25 09:27:55,False
AK-47 | Legion of Anubis (Factory New),15.56,18.37,2025-07-25 11:57:11,False
USP-S | The Traitor (Field-Tested),10.56,11.72,2025-07-25 12:35:23,False
M4A4 | Neo-Noir (Field-Tested),7.34,8.29,2025-07-25 12:36:04,False
AK-47 | Slate (Minimal Wear),5.09,5.59,2025-07-25 12:37:28,False
USP-S | Cortex (Minimal Wear),4.71,5.42,2025-07-25 12:37:50,False
AK-47 | Ice Coaled (Field-Tested),3.81,4.78,2025-07-25 12:38:12,False
Five-SeveN | Heat Treated (Field-Tested),4.2,4.94,2025-07-25 12:38:29,False
AK-47 | Wintergreen (Field-Tested),2.99,3.84,2025-07-25 12:48:57,False
AK-47 | Inheritance (Field-Tested),61.66,73.29,2025-07-25 12:53:15,False
AK-47 | Frontside Misty (Field-Tested),12.37,15.08,2025-07-25 12:54:04,False
M4A1-S | Nightmare (Minimal Wear),18.91,22.29,2025-07-25 12:54:29,False
USP-S | Cortex (Minimal Wear),4.63,5.42,2025-07-25 12:57:47,False
USP-S | Cortex (Minimal Wear),4.64,5.42,2025-07-25 13:16:34,False
Sir Bloody Darryl Royale | The Professionals,39.0,45.41,2025-07-25 17:35:10,False
Street Soldier | Phoenix,9.62,11.36,2025-07-25 17:38:12,False
AK-47 | Wintergreen (Field-Tested),2.98,3.84,2025-07-25 22:16:13,False
AK-47 | Wintergreen (Field-Tested),2.98,3.84,2025-07-25 22:16:23,False
AK-47 | Wintergreen (Field-Tested),2.98,3.84,2025-07-25 22:16:33,False
AK-47 | Wintergreen (Field-Tested),2.98,3.84,2025-07-25 22:16:44,False
AK-47 | Redline (Field-Tested),32.93,35.48,2025-07-26 00:22:11,False
AK-47 | Redline (Field-Tested),32.99,35.48,2025-07-26 00:22:21,False
AK-47 | Redline (Field-Tested),32.99,35.48,2025-07-26 00:22:31,False
AK-47 | Redline (Field-Tested),33.0,35.48,2025-07-26 00:22:42,False
Michael Syfers  | FBI Sniper,13.48,15.99,2025-07-26 00:23:22,False
Michael Syfers  | FBI Sniper,13.48,15.99,2025-07-26 00:23:32,False
Michael Syfers  | FBI Sniper,13.48,15.99,2025-07-26 00:23:42,False
Michael Syfers  | FBI Sniper,13.48,15.99,2025-07-26 00:23:53,False
Michael Syfers  | FBI Sniper,13.48,15.99,2025-07-26 00:24:03,False
Michael Syfers  | FBI Sniper,13.48,15.99,2025-07-26 00:24:13,False
AK-47 | Wintergreen (Field-Tested),3.15,3.51,2025-07-26 00:30:13,False
Revolution Case,0.66,0.8,2025-07-26 01:17:13,False
Revolution Case,0.66,0.8,2025-07-26 01:17:24,False
Revolution Case,0.66,0.8,2025-07-26 01:17:35,False
Revolution Case,0.66,0.8,2025-07-26 01:17:46,False
Revolution Case,0.66,0.8,2025-07-26 01:17:56,False
Revolution Case,0.66,0.8,2025-07-26 01:18:07,False
Galil AR | Eco (Field-Tested),5.24,6.6,2025-07-26 04:24:49,False
AK-47 | Wintergreen (Field-Tested),2.99,3.51,2025-07-26 04:27:46,False
M4A4 | Temukau (Minimal Wear),31.34,37.19,2025-07-26 04:39:43,False
Glock-18 | Water Elemental (Field-Tested),3.63,4.29,2025-07-26 04:45:03,False
StatTrak™ Glock-18 | Umbral Rabbit (Minimal Wear),1.47,2.1,2025-07-26 04:46:21,False
USP-S | Tropical Breeze (Field-Tested),2.47,3.51,2025-07-26 08:13:41,True
AK-47 | Crossfade (Field-Tested),1.32,1.83,2025-07-26 08:23:13,False
AK-47 | Inheritance (Field-Tested),66.16,73.29,2025-07-26 08:25:08,False
AK-47 | Inheritance (Field-Tested),67.58,73.29,2025-07-26 08:25:18,False
AK-47 | Legion of Anubis (Minimal Wear),7.75,8.77,2025-07-26 08:29:33,False
Galil AR | Chromatic Aberration (Minimal Wear),5.0,5.77,2025-07-26 08:30:47,False
AK-47 | Wintergreen (Field-Tested),2.99,3.51,2025-07-26 08:33:26,False
AK-47 | Elite Build (Minimal Wear),1.96,2.2,2025-07-26 08:38:16,False
M4A1-S | Nitro (Minimal Wear),0.94,1.19,2025-07-26 08:38:50,False
M4A1-S | Decimator (Factory New),47.95,54.7,2025-07-26 09:03:56,False
Krakow 2017 Legends Autograph Capsule,25.0,28.11,2025-07-26 09:04:46,False
Operation Bravo Case,55.0,60.81,2025-07-26 09:05:00,False
Operation Bravo Case,55.0,60.81,2025-07-26 09:05:10,False
Number K | The Professionals,47.58,58.18,2025-07-26 09:05:26,False
AWP | Duality (Minimal Wear),4.17,5.84,2025-07-26 11:21:38,True
Number K | The Professionals,46.0,58.18,2025-07-26 11:55:09,False
Number K | The Professionals,47.58,58.18,2025-07-26 11:55:19,False
CS:GO Weapon Case 2,10.9,13.92,2025-07-26 11:56:53,False
MP9 | Food Chain (Field-Tested),1.94,2.81,2025-07-26 16:14:28,False
Desert Eagle | Heat Treated (Minimal Wear),2.6,3.52,2025-07-26 16:14:40,False
AWP | Printstream (Field-Tested),59.99,69.7,2025-07-26 16:16:47,False
AWP | Printstream (Field-Tested),59.99,69.7,2025-07-26 16:16:57,False
AWP | Printstream (Well-Worn),40.0,44.69,2025-07-26 16:17:46,False
Desert Eagle | Printstream (Battle-Scarred),22.34,25.98,2025-07-26 21:59:12,False
AWP | Atheris (Factory New),13.97,16.31,2025-07-27 01:17:09,False
CS:GO Weapon Case 2,10.9,13.89,2025-07-27 01:18:08,False
CS:GO Weapon Case 2,12.27,13.89,2025-07-27 01:18:19,False
StatTrak™ USP-S | Ticket to Hell (Factory New),5.58,7.42,2025-07-27 01:19:12,False
Galil AR | Eco (Field-Tested),5.03,6.57,2025-07-27 01:19:41,False
M4A4 | Neo-Noir (Field-Tested),7.06,8.6,2025-07-27 05:03:35,False
Revolution Case,0.47,0.78,2025-07-27 09:04:19,True
Operation Hydra Case,21.0,62.75,2025-07-27 09:09:40,True
Maximus | Sabre,4.21,8.0,2025-07-27 09:10:01,True
Operation Bravo Case,39.61,60.64,2025-07-27 09:12:12,True
"Music Kit | bbno$, u mad!",2.7,3.96,2025-07-27 09:19:15,True
Sticker | Fnatic (Holo) | Paris 2023,0.53,0.93,2025-07-27 09:21:13,True
MP9 | Starlight Protector (Field-Tested),2.01,3.78,2025-07-27 12:21:42,True
Galil AR | Chromatic Aberration (Minimal Wear),3.71,5.53,2025-07-27 12:29:20,True
AK-47 | Ice Coaled (Field-Tested),3.13,4.73,2025-07-27 12:29:46,True
Operation Hydra Case,39.58,62.75,2025-07-27 21:20:13,False
Operation Hydra Case,39.58,62.75,2025-07-27 21:20:23,False
Operation Hydra Case,39.58,62.75,2025-07-27 21:20:33,False
Operation Hydra Case,39.58,62.75,2025-07-27 21:20:43,False
AWP | Printstream (Field-Tested),60.23,68.03,2025-07-27 21:22:55,False
Operation Hydra Case,39.58,62.75,2025-07-28 02:06:48,False
AK-47 | Wintergreen (Minimal Wear),8.14,10.92,2025-07-28 02:11:22,False
Five-SeveN | Heat Treated (Field-Tested),4.38,5.05,2025-07-28 02:15:21,False
AK-47 | Searing Rage (Field-Tested),3.62,4.64,2025-07-28 02:15:48,False
AK-47 | Crossfade (Field-Tested),1.35,1.64,2025-07-28 02:18:08,False
AWP | Acheron (Factory New),2.07,2.33,2025-07-28 02:19:18,False
Charm | Lil' SAS,0.51,0.7,2025-07-28 02:20:50,False
Glock-18 | Shinobu (Well-Worn),3.12,3.86,2025-07-28 04:14:08,False
FAMAS | Rapid Eye Movement (Field-Tested),1.11,1.66,2025-07-28 08:33:09,False
AWP | Atheris (Field-Tested),2.94,4.12,2025-07-28 09:00:24,False
Chroma 3 Case,3.07,3.48,2025-07-28 09:00:59,False
Chroma 3 Case,3.07,3.48,2025-07-28 09:01:10,False
Chroma 3 Case,3.07,3.48,2025-07-28 09:01:29,False
Chroma 3 Case,3.07,3.48,2025-07-28 09:01:39,False
Chroma 3 Case,3.07,3.48,2025-07-28 09:01:50,False
Chroma 3 Case,3.07,3.48,2025-07-28 09:02:00,False
Spectrum 2 Case,2.77,3.21,2025-07-28 09:02:51,False
Spectrum 2 Case,2.77,3.21,2025-07-28 09:03:01,False
Spectrum 2 Case,2.77,3.21,2025-07-28 09:03:11,False
USP-S | Black Lotus (Minimal Wear),2.19,2.76,2025-07-28 09:05:42,False
AK-47 | Elite Build (Minimal Wear),1.77,2.09,2025-07-28 09:06:58,False
Galil AR | Chromatic Aberration (Field-Tested),1.67,2.31,2025-07-28 09:07:15,False
USP-S | Black Lotus (Field-Tested),1.11,1.44,2025-07-28 09:09:47,False
USP-S | Black Lotus (Field-Tested),1.11,1.44,2025-07-28 09:09:58,False
Stockholm 2021 Legends Sticker Capsule,0.61,0.86,2025-07-28 09:10:45,False
Stockholm 2021 Legends Sticker Capsule,0.61,0.86,2025-07-28 09:10:56,False
Stockholm 2021 Legends Sticker Capsule,0.61,0.86,2025-07-28 09:11:06,False
Stockholm 2021 Legends Sticker Capsule,0.61,0.86,2025-07-28 09:11:17,False
Stockholm 2021 Legends Sticker Capsule,0.61,0.86,2025-07-28 09:11:27,False
Stockholm 2021 Legends Sticker Capsule,0.61,0.86,2025-07-28 09:11:37,False
Clutch Case,0.9,1.11,2025-07-28 09:16:13,False
Clutch Case,0.9,1.11,2025-07-28 09:16:23,False
Clutch Case,0.9,1.11,2025-07-28 09:16:33,False
Clutch Case,0.9,1.11,2025-07-28 09:16:44,False
Clutch Case,0.9,1.11,2025-07-28 09:16:54,False
Clutch Case,0.9,1.11,2025-07-28 09:17:06,False
Revolution Case,0.5,0.78,2025-07-28 09:17:33,True
Revolution Case,0.5,0.78,2025-07-28 09:17:44,True
Revolution Case,0.5,0.78,2025-07-28 09:17:54,True
Name Tag,1.2,1.63,2025-07-28 09:18:37,False
USP-S | Ticket to Hell (Factory New),1.16,1.76,2025-07-28 09:19:34,True
Operation Hydra Case,29.45,62.75,2025-07-28 09:22:23,True
Maximus | Sabre,4.16,8.0,2025-07-28 09:22:44,True
MP9 | Mount Fuji (Field-Tested),4.48,7.06,2025-07-28 09:28:56,True
P250 | Asiimov (Field-Tested),2.76,4.34,2025-07-28 09:31:37,True
P250 | Asiimov (Field-Tested),2.77,4.34,2025-07-28 09:31:48,True
AWP | Black Nile (Field-Tested),1.4,2.06,2025-07-28 12:27:42,True
MP9 | Starlight Protector (Field-Tested),2.03,3.78,2025-07-28 12:34:23,True
AK-47 | Olive Polycam (Factory New),0.51,1.11,2025-07-28 12:52:50,True
AK-47 | Wintergreen (Minimal Wear),7.0,10.92,2025-07-28 12:57:35,True
MAC-10 | Pipsqueak (Minimal Wear),0.9,1.41,2025-07-28 15:46:25,False
AK-47 | The Empress (Minimal Wear),49.02,57.67,2025-07-28 15:48:06,False
AWP | Duality (Minimal Wear),3.75,5.83,2025-07-28 16:33:13,True
AWP | Black Nile (Minimal Wear),2.93,4.48,2025-07-29 07:46:02,True
Desert Eagle | Tilted (Minimal Wear),0.56,1.05,2025-07-29 09:57:38,True
Sticker | High Heat,0.86,1.32,2025-07-29 10:00:58,True
Operation Hydra Case,33.0,63.19,2025-07-29 10:01:39,True
Operation Hydra Case,33.0,63.19,2025-07-29 10:01:50,True
Operation Hydra Case,33.0,63.19,2025-07-29 10:02:01,True
Operation Hydra Case,33.0,63.19,2025-07-29 10:02:14,True
Operation Hydra Case,33.0,63.19,2025-07-29 10:02:24,True
M4A4 | Desolate Space (Field-Tested),5.82,8.9,2025-07-29 12:22:28,True
M4A4 | Desolate Space (Field-Tested),6.15,8.9,2025-07-29 12:22:38,True
AWP | Black Nile (Minimal Wear),2.94,4.48,2025-07-29 12:24:26,True
AK-47 | Wintergreen (Field-Tested),2.1,3.18,2025-07-29 12:45:36,True
AWP | Pit Viper (Minimal Wear),0.77,1.37,2025-07-29 16:23:22,False
AK-47 | Olive Polycam (Factory New),0.51,0.99,2025-07-29 16:23:35,False
Operation Bravo Case,54.99,63.65,2025-07-29 16:24:56,False
Operation Bravo Case,55.0,63.65,2025-07-29 16:25:05,False
Operation Bravo Case,55.49,63.65,2025-07-29 16:25:15,False
AK-47 | Ice Coaled (Factory New),12.49,15.29,2025-07-29 16:27:35,False
P250 | Franklin (Field-Tested),0.5,0.84,2025-07-30 00:23:53,True
Operation Bravo Case,55.0,63.65,2025-07-30 01:31:15,False
Shanghai 2024 Contenders Sticker Capsule,0.25,0.52,2025-07-30 09:27:02,True
Shanghai 2024 Contenders Sticker Capsule,0.25,0.52,2025-07-30 09:27:12,True
Shanghai 2024 Contenders Sticker Capsule,0.25,0.52,2025-07-30 09:27:24,True
Shanghai 2024 Contenders Sticker Capsule,0.25,0.52,2025-07-30 09:27:34,True
Shanghai 2024 Contenders Sticker Capsule,0.25,0.52,2025-07-30 09:27:44,True
Shanghai 2024 Contenders Sticker Capsule,0.25,0.52,2025-07-30 09:27:54,True
Shanghai 2024 Contenders Sticker Capsule,0.25,0.52,2025-07-30 09:28:05,True
Shanghai 2024 Contenders Sticker Capsule,0.25,0.52,2025-07-30 09:28:15,True
Shanghai 2024 Contenders Sticker Capsule,0.25,0.52,2025-07-30 09:28:25,True
Shanghai 2024 Contenders Sticker Capsule,0.25,0.52,2025-07-30 09:28:35,True
Shanghai 2024 Legends Sticker Capsule,0.25,0.5,2025-07-30 09:28:50,True
Shanghai 2024 Legends Sticker Capsule,0.25,0.5,2025-07-30 09:29:00,True
Shanghai 2024 Legends Sticker Capsule,0.25,0.5,2025-07-30 09:29:10,True
Shanghai 2024 Legends Sticker Capsule,0.25,0.5,2025-07-30 09:29:20,True
Shanghai 2024 Legends Sticker Capsule,0.25,0.5,2025-07-30 09:29:30,True
Shanghai 2024 Legends Sticker Capsule,0.25,0.5,2025-07-30 09:29:42,True
Shanghai 2024 Legends Sticker Capsule,0.25,0.5,2025-07-30 09:29:52,True
Shanghai 2024 Legends Sticker Capsule,0.25,0.5,2025-07-30 09:30:02,True
Shanghai 2024 Legends Sticker Capsule,0.25,0.5,2025-07-30 09:30:12,True
Shanghai 2024 Legends Sticker Capsule,0.25,0.5,2025-07-30 09:30:22,True
Shanghai 2024 Legends Sticker Capsule,0.25,0.5,2025-07-30 09:30:33,True
Operation Bravo Case,55.49,63.65,2025-07-30 21:32:13,False
StatTrak™ M4A1-S | Night Terror (Field-Tested),1.53,2.37,2025-07-31 10:06:03,True
M4A1-S | Emphorosaur-S (Minimal Wear),0.63,1.11,2025-07-31 10:12:47,True
Desert Eagle | Tilted (Minimal Wear),0.56,1.2,2025-07-31 12:25:35,True
AWP | Pit Viper (Minimal Wear),0.65,1.41,2025-07-31 12:44:19,True
CS:GO Weapon Case 2,11.3,13.67,2025-07-31 14:22:22,False
CS:GO Weapon Case 2,11.3,13.67,2025-07-31 16:32:49,False
CS:GO Weapon Case 2,11.3,13.67,2025-07-31 16:32:59,False
Zeus x27 | Olympus (Minimal Wear),8.05,9.4,2025-07-31 16:34:50,False
M4A4 | Tooth Fairy (Minimal Wear),3.79,4.56,2025-07-31 16:36:12,False
Operation Vanguard Weapon Case,3.54,4.21,2025-07-31 16:37:46,False
Operation Vanguard Weapon Case,3.54,4.21,2025-07-31 19:44:05,False
Operation Vanguard Weapon Case,3.54,4.21,2025-07-31 20:21:32,False
Operation Vanguard Weapon Case,3.54,4.21,2025-07-31 20:58:51,False
Operation Vanguard Weapon Case,3.7,4.21,2025-07-31 22:32:00,False
Operation Vanguard Weapon Case,3.7,4.21,2025-07-31 22:32:11,False
USP-S | Cyrex (Factory New),3.21,3.74,2025-07-31 22:32:37,False
USP-S | Cyrex (Factory New),3.28,3.74,2025-07-31 22:32:48,False
FAMAS | Rapid Eye Movement (Field-Tested),1.11,1.39,2025-07-31 22:34:46,False
Glock-18 | Moonrise (Field-Tested),0.41,0.62,2025-07-31 22:56:41,False
AK-47 | Uncharted (Factory New),1.04,1.24,2025-07-31 22:58:22,False
FAMAS | Rapid Eye Movement (Field-Tested),1.09,1.39,2025-08-01 04:46:41,False
CS:GO Weapon Case 2,10.69,13.67,2025-08-01 10:04:12,False
3rd Commando Company | KSK,10.23,12.24,2025-08-01 10:04:42,False
Glove Case,10.12,11.77,2025-08-01 10:04:59,False
Blackwolf | Sabre,6.13,7.23,2025-08-01 10:06:19,False
Blackwolf | Sabre,6.31,7.23,2025-08-01 10:06:30,False
Zeus x27 | Olympus (Field-Tested),4.0,5.05,2025-08-01 10:07:48,False
Sticker | Rainbow Route (Holo),1.15,1.64,2025-08-01 10:10:38,False
Prisma 2 Case,1.28,1.46,2025-08-01 10:15:00,False
Prisma 2 Case,1.28,1.46,2025-08-01 10:15:12,False
M4A1-S | Emphorosaur-S (Factory New),2.3,2.75,2025-08-01 12:23:06,False
P250 | Franklin (Field-Tested),0.52,0.79,2025-08-01 12:24:03,False
USP-S | Ticket to Hell (Factory New),1.37,1.74,2025-08-01 12:25:39,False
USP-S | Ticket to Hell (Minimal Wear),0.52,0.72,2025-08-01 12:29:33,False
Zeus x27 | Olympus (Minimal Wear),7.99,9.4,2025-08-01 12:37:32,False
AK-47 | The Outsiders (Field-Tested),5.32,6.16,2025-08-01 12:39:09,False
AK-47 | Searing Rage (Field-Tested),3.98,4.65,2025-08-01 12:40:19,False
USP-S | Tropical Breeze (Field-Tested),1.86,2.7,2025-08-01 12:43:06,True
USP-S | Ticket to Hell (Factory New),1.52,1.74,2025-08-01 12:45:23,False
Gamma 2 Case,2.86,3.46,2025-08-01 13:37:57,False
Gamma 2 Case,2.86,3.46,2025-08-01 13:38:07,False
Gamma Case,2.95,3.58,2025-08-01 13:38:21,False
CS20 Case,1.23,1.42,2025-08-01 13:45:21,False
CS20 Case,1.23,1.42,2025-08-01 13:45:31,False
CS20 Case,1.23,1.42,2025-08-01 13:45:42,False
Nova | Candy Apple (Factory New),0.23,0.37,2025-08-01 14:02:11,False
AK-47 | Nightwish (Minimal Wear),13.0,15.82,2025-08-01 15:26:00,False
USP-S | Jawbreaker (Minimal Wear),8.16,10.0,2025-08-01 16:23:40,False
USP-S | Jawbreaker (Field-Tested),5.21,5.94,2025-08-01 16:26:22,False
Sticker | High Heat,0.98,1.62,2025-08-01 19:27:50,False
Sticker | High Heat,0.98,1.62,2025-08-01 19:28:01,False
Sticker | High Heat,0.98,1.62,2025-08-01 19:28:11,False
Sticker | High Heat,0.98,1.62,2025-08-01 19:28:21,False
Sticker | High Heat,0.99,1.62,2025-08-01 19:28:31,False
AK-47 | Asiimov (Field-Tested),24.0,29.41,2025-08-01 22:01:07,False
StatTrak™ M4A1-S | Night Terror (Factory New),5.93,7.23,2025-08-02 01:19:21,False
Sticker Capsule 2,10.1,11.78,2025-08-02 10:04:59,False
Welcome to the Clutch Pin,3.05,3.91,2025-08-02 10:07:41,False
Sticker | Rainbow Route (Holo),1.02,1.63,2025-08-02 10:10:17,False
Sticker | Rainbow Route (Holo),1.02,1.63,2025-08-02 10:10:28,False
Sticker | Rainbow Route (Holo),1.02,1.63,2025-08-02 10:10:38,False
Shanghai 2024 Contenders Sticker Capsule,0.49,0.64,2025-08-02 10:16:58,False
Shanghai 2024 Contenders Sticker Capsule,0.49,0.64,2025-08-02 10:17:08,False
Shanghai 2024 Contenders Sticker Capsule,0.49,0.64,2025-08-02 10:17:19,False
Shanghai 2024 Contenders Sticker Capsule,0.49,0.64,2025-08-02 10:17:29,False
Shanghai 2024 Contenders Sticker Capsule,0.49,0.64,2025-08-02 10:17:39,False
Shanghai 2024 Contenders Sticker Capsule,0.49,0.64,2025-08-02 10:17:50,False
Sticker | Bolt Charge,0.49,0.68,2025-08-02 10:18:20,False
Sticker | Bolt Charge,0.49,0.68,2025-08-02 10:18:30,False
USP-S | Jawbreaker (Field-Tested),4.9,5.88,2025-08-02 12:21:47,False
AK-47 | Head Shot (Minimal Wear),12.03,15.05,2025-08-02 12:36:53,False
USP-S | PC-GRN (Factory New),0.63,0.93,2025-08-02 16:28:04,False
Galil AR | Eco (Field-Tested),4.98,6.18,2025-08-03 08:23:16,False
AK-47 | Uncharted (Factory New),1.08,1.24,2025-08-03 08:35:41,False
Charm | Pinch O' Salt,0.4,0.56,2025-08-03 09:08:32,False
Charm | Pinch O' Salt,0.4,0.56,2025-08-03 09:08:42,False
Charm | Pocket AWP,0.26,0.38,2025-08-03 09:11:46,False
Charm | Pocket AWP,0.26,0.38,2025-08-03 09:11:56,False
Charm | Baby's AK,0.38,0.64,2025-08-03 09:12:13,True
Charm | Baby's AK,0.38,0.64,2025-08-03 09:12:23,True
Charm | Baby's AK,0.38,0.64,2025-08-03 09:12:33,True
Ground Rebel  | Elite Crew,5.2,8.89,2025-08-03 09:20:21,True
"Music Kit | The Verkkars, EZ4ENCE",3.06,3.85,2025-08-03 09:23:35,False
Sticker | Rainbow Route (Holo),1.13,1.63,2025-08-03 09:24:57,False
XM1014 | Entombed (Minimal Wear),2.0,3.67,2025-08-03 10:36:13,True
M4A1-S | Black Lotus (Minimal Wear),11.23,13.11,2025-08-03 12:25:10,False
AK-47 | Wintergreen (Minimal Wear),7.81,10.98,2025-08-03 12:25:51,False
Ground Rebel  | Elite Crew,5.35,8.89,2025-08-03 12:26:28,True
AWP | Duality (Minimal Wear),4.25,5.74,2025-08-03 12:27:51,False
M4A4 | Choppa (Factory New),0.53,1.75,2025-08-03 12:32:09,True
MAC-10 | Disco Tech (Field-Tested),2.17,2.75,2025-08-03 12:32:21,False
Glock-18 | Moonrise (Minimal Wear),0.73,1.02,2025-08-03 12:32:50,False
M4A4 | Tooth Fairy (Field-Tested),1.85,2.23,2025-08-03 12:33:16,False
M4A1-S | Mud-Spec (Factory New),1.02,1.4,2025-08-03 12:33:41,False
USP-S | Check Engine (Factory New),0.89,1.11,2025-08-03 12:39:33,False
AWP | Pit Viper (Minimal Wear),0.61,1.41,2025-08-03 12:41:33,True
M4A1-S | Emphorosaur-S (Minimal Wear),0.78,1.1,2025-08-03 13:17:48,False
AWP | Duality (Minimal Wear),4.7,5.74,2025-08-03 13:24:57,False
Glock-18 | Shinobu (Field-Tested),4.1,4.68,2025-08-03 16:13:44,False
M4A4 | Choppa (Factory New),0.49,1.75,2025-08-03 16:16:34,True
AWP | Duality (Minimal Wear),4.13,5.74,2025-08-03 16:31:12,False
AWP | Neo-Noir (Field-Tested),18.0,20.95,2025-08-03 17:42:48,False
Desert Eagle | Heat Treated (Minimal Wear),2.99,3.63,2025-08-04 01:22:17,False
MP9 | Starlight Protector (Field-Tested),2.34,3.53,2025-08-04 03:54:25,False
Spectrum Case,4.0,4.47,2025-08-04 04:02:53,False
Spectrum Case,4.0,4.47,2025-08-04 04:03:03,False
Spectrum Case,4.0,4.47,2025-08-04 04:03:13,False
Gamma Case,3.0,3.56,2025-08-04 04:05:06,False
Gamma Case,3.0,3.56,2025-08-04 04:05:16,False
Gamma 2 Case,3.0,3.45,2025-08-04 04:05:41,False
Gamma 2 Case,3.0,3.45,2025-08-04 04:05:51,False
Sticker | Boom Trail,0.1,0.41,2025-08-04 09:03:25,True
"Music Kit | The Verkkars, EZ4ENCE",3.18,3.87,2025-08-04 09:14:31,False
Community Sticker Capsule 1,1.41,2.44,2025-08-04 09:15:00,True
Sticker | MOUZ (Holo) | Paris 2023,1.31,2.34,2025-08-04 09:18:35,True
Sticker | Boom Trail,0.1,0.41,2025-08-04 09:22:53,True
Sticker | Rainbow Route (Holo),1.13,1.62,2025-08-04 09:25:13,False
Sticker Capsule 2,9.08,11.78,2025-08-04 09:30:14,False
AK-47 | Elite Build (Minimal Wear),1.86,2.15,2025-08-04 12:23:23,False
R8 Revolver | Blaze (Factory New),1.48,2.18,2025-08-04 12:28:41,False
USP-S | Jawbreaker (Field-Tested),4.9,5.75,2025-08-04 12:36:41,False
AK-47 | Searing Rage (Field-Tested),3.59,4.63,2025-08-04 12:37:20,False
AK-47 | Searing Rage (Field-Tested),3.59,4.63,2025-08-04 12:37:31,False
AK-47 | Searing Rage (Well-Worn),2.93,3.49,2025-08-04 12:38:29,False
Glock-18 | Shinobu (Well-Worn),3.0,3.45,2025-08-04 12:39:55,False
StatTrak™ M4A1-S | Emphorosaur-S (Minimal Wear),2.81,3.47,2025-08-04 12:40:20,False
Glock-18 | Shinobu (Field-Tested),4.1,4.67,2025-08-04 12:56:43,False
M4A4 | The Emperor (Minimal Wear),43.0,48.51,2025-08-04 14:07:13,False
AK-47 | Wintergreen (Field-Tested),2.08,3.13,2025-08-04 16:22:50,True
AK-47 | Inheritance (Minimal Wear),105.0,116.27,2025-08-04 16:32:31,False
AK-47 | Ice Coaled (Factory New),12.59,14.62,2025-08-04 16:34:59,False
P90 | Wave Breaker (Minimal Wear),0.69,0.97,2025-08-04 21:32:12,False
FAMAS | Rapid Eye Movement (Field-Tested),1.02,1.62,2025-08-05 04:28:06,False
AWP | Chrome Cannon (Well-Worn),14.47,16.07,2025-08-05 07:22:55,False
CS:GO Weapon Case,80.65,111.08,2025-08-05 09:26:10,False
CS:GO Weapon Case,80.65,111.08,2025-08-05 09:26:29,False
CS:GO Weapon Case,80.65,111.08,2025-08-05 09:26:49,False
CS:GO Weapon Case,80.65,111.08,2025-08-05 09:27:08,False
CS:GO Weapon Case,85.4,111.08,2025-08-05 09:27:37,False
Sticker Capsule 2,9.07,11.78,2025-08-05 09:31:02,False
Desert Eagle | Conspiracy (Minimal Wear),5.99,7.49,2025-08-05 09:31:53,False
Sticker | Bolt Charge (Foil),4.06,4.96,2025-08-05 09:34:11,False
Sticker | Bolt Charge (Foil),4.06,4.96,2025-08-05 09:34:22,False
Sticker | Bolt Charge (Foil),4.06,4.96,2025-08-05 09:34:32,False
Sticker | Bolt Charge (Foil),4.06,4.96,2025-08-05 09:34:42,False
Chroma 2 Case,3.03,3.63,2025-08-05 09:37:07,False
Chroma 2 Case,3.03,3.63,2025-08-05 09:37:17,False
Chroma 2 Case,3.03,3.63,2025-08-05 09:37:27,False
Chroma 2 Case,3.03,3.63,2025-08-05 09:37:37,False
Chroma 2 Case,3.03,3.63,2025-08-05 09:37:48,False
Chroma 2 Case,3.03,3.63,2025-08-05 09:37:58,False
Charm | Lil' SAS,0.5,0.72,2025-08-05 09:38:56,False
Sticker | Web Stuck,0.47,0.66,2025-08-05 09:41:26,False
Sticker | Web Stuck,0.47,0.66,2025-08-05 09:41:36,False
Sticker | Web Stuck,0.47,0.66,2025-08-05 09:41:46,False
Sticker | Fluxo (Holo) | Paris 2023,1.79,2.17,2025-08-05 09:42:01,False
Sticker | Boom Trail,0.14,0.41,2025-08-05 09:44:52,True
Operation Broken Fang Case,7.3,8.19,2025-08-05 12:14:27,False
Operation Broken Fang Case,7.3,8.19,2025-08-05 12:14:38,False
Operation Broken Fang Case,7.3,8.19,2025-08-05 12:14:48,False
Operation Broken Fang Case,7.3,8.19,2025-08-05 12:14:58,False
AK-47 | Slate (Well-Worn),2.39,2.81,2025-08-05 12:19:44,False
StatTrak™ M4A1-S | Emphorosaur-S (Field-Tested),1.3,1.8,2025-08-05 12:24:38,False
AWP | Black Nile (Field-Tested),1.7,1.97,2025-08-05 12:24:55,False
AWP | Black Nile (Field-Tested),1.7,1.97,2025-08-05 12:25:05,False
FAMAS | Rapid Eye Movement (Field-Tested),1.09,1.62,2025-08-05 12:27:28,False
AK-47 | Searing Rage (Minimal Wear),6.5,9.81,2025-08-05 12:32:38,True
USP-S | Tropical Breeze (Factory New),6.75,10.63,2025-08-05 14:47:44,False
USP-S | Tropical Breeze (Factory New),6.75,10.63,2025-08-05 14:47:54,False
M4A1-S | Emphorosaur-S (Minimal Wear),0.7,1.12,2025-08-05 16:53:26,False
SSG 08 | Dragonfire (Minimal Wear),17.7,20.63,2025-08-05 16:56:11,False
AK-47 | Wintergreen (Minimal Wear),9.88,11.03,2025-08-05 17:48:15,False
MP7 | Fade (Factory New),5.49,6.11,2025-08-05 21:05:18,False
M4A1-S | Night Terror (Factory New),1.69,2.29,2025-08-06 07:52:09,False
★ Moto Gloves | 3rd Commando Company (Field-Tested),71.28,84.02,2025-08-06 07:53:49,False
Zeus x27 | Tosai (Factory New),2.25,2.63,2025-08-06 08:00:21,False
M4A1-S | Mud-Spec (Factory New),1.2,1.37,2025-08-06 08:08:01,False
3rd Commando Company | KSK,9.78,12.36,2025-08-06 09:44:36,False
Sticker | Battle Scarred (Holo),7.0,8.35,2025-08-06 09:46:36,False
Welcome to the Clutch Pin,2.74,3.86,2025-08-06 09:49:19,True
AWP | Acheron (Minimal Wear),0.71,1.05,2025-08-06 12:29:43,True
Desert Eagle | Tilted (Minimal Wear),0.49,1.36,2025-08-06 12:32:38,True
AWP | Pit Viper (Minimal Wear),0.91,1.28,2025-08-06 17:07:58,False
Desert Eagle | Tilted (Minimal Wear),0.9,1.36,2025-08-06 17:08:17,False
USP-S | Neo-Noir (Field-Tested),14.99,16.19,2025-08-06 17:12:30,False
Glock-18 | Moonrise (Field-Tested),0.41,0.62,2025-08-06 18:08:59,False
Desert Eagle | Serpent Strike (Factory New),2.05,2.29,2025-08-06 18:10:00,False
★ Driver Gloves | Black Tie (Field-Tested),255.95,284.24,2025-08-06 21:10:30,False
CS20 Sticker Capsule,0.55,0.93,2025-08-07 09:54:07,True
CS20 Sticker Capsule,0.55,0.93,2025-08-07 09:54:17,True
Sticker | Flex,0.37,0.64,2025-08-07 14:29:34,True
Sticker | Flex,0.37,0.64,2025-08-07 14:29:45,True
Sticker | Flex,0.37,0.64,2025-08-07 14:29:55,True
Sticker | Gold Web (Foil),2.63,4.06,2025-08-08 09:11:08,True
StatTrak™ M4A1-S | Night Terror (Minimal Wear),2.41,3.83,2025-08-08 19:15:44,False
Anubis Collection Package,1.49,1.82,2025-08-08 19:44:01,False
Anubis Collection Package,1.49,1.82,2025-08-08 20:02:14,False
Anubis Collection Package,1.49,1.82,2025-08-08 20:02:26,False
Desert Eagle | Meteorite (Factory New),1.85,2.12,2025-08-08 20:04:44,False
Sticker | s1mple (Holo) | Stockholm 2021,1.44,1.86,2025-08-08 20:05:59,False
USP-S | Check Engine (Factory New),0.84,1.11,2025-08-08 20:09:28,False
Glock-18 | Candy Apple (Minimal Wear),1.14,1.32,2025-08-08 20:11:27,False
Glock-18 | Candy Apple (Minimal Wear),1.16,1.32,2025-08-08 20:47:38,False
M4A4 | The Emperor (Minimal Wear),45.0,49.14,2025-08-08 21:09:26,False
MP9 | Starlight Protector (Minimal Wear),5.51,6.31,2025-08-09 04:18:20,False
USP-S | Jawbreaker (Field-Tested),5.0,5.81,2025-08-09 04:36:46,False
Five-SeveN | Sky Blue (Factory New),0.62,0.89,2025-08-09 08:56:39,False
AWP | Acheron (Minimal Wear),0.74,0.89,2025-08-09 08:59:13,False
M4A4 | Choppa (Factory New),0.73,1.74,2025-08-09 09:03:00,True
M4A4 | Choppa (Factory New),0.73,1.74,2025-08-09 09:03:11,True
M4A4 | Choppa (Factory New),0.73,1.74,2025-08-09 09:03:21,True
USP-S | PC-GRN (Factory New),0.68,0.82,2025-08-09 09:03:52,False
Glock-18 | Umbral Rabbit (Factory New),1.31,1.95,2025-08-09 09:06:33,False
AWP | Pit Viper (Minimal Wear),0.91,1.29,2025-08-09 09:06:52,False
AK-47 | Midnight Laminate (Field-Tested),12.0,15.14,2025-08-09 09:10:20,False
AK-47 | Midnight Laminate (Field-Tested),13.0,15.14,2025-08-09 09:10:30,False
Sticker | Bolt Charge (Foil),3.56,4.71,2025-08-09 09:14:11,False
Charm | Big Kev,0.41,0.58,2025-08-09 09:17:24,False
Stockholm 2021 Champions Autograph Capsule,0.58,0.74,2025-08-09 09:17:52,False
Stockholm 2021 Champions Autograph Capsule,0.58,0.74,2025-08-09 09:18:02,False
Sticker | MOUZ (Glitter) | Paris 2023,0.05,0.3,2025-08-09 09:21:28,True
Bloody Darryl The Strapped | The Professionals,31.85,36.18,2025-08-09 09:46:56,False
Zeus x27 | Olympus (Field-Tested),4.15,4.66,2025-08-09 12:19:31,False
MAC-10 | Pipsqueak (Minimal Wear),1.0,1.72,2025-08-09 12:37:14,False
MAC-10 | Pipsqueak (Minimal Wear),1.0,1.72,2025-08-09 12:37:24,False
M4A4 | In Living Color (Field-Tested),4.56,5.95,2025-08-09 12:42:26,False
StatTrak™ USP-S | Ticket to Hell (Factory New),5.99,7.11,2025-08-09 12:43:27,False
StatTrak™ USP-S | Ticket to Hell (Factory New),5.99,7.11,2025-08-09 12:43:37,False
AK-47 | Inheritance (Field-Tested),59.98,65.93,2025-08-09 13:33:24,False
M4A4 | Tooth Fairy (Minimal Wear),3.2,4.06,2025-08-09 19:38:03,False
AWP | Printstream (Field-Tested),55.0,63.75,2025-08-09 19:51:49,False
Sticker | Bolt Charge (Foil),3.06,4.71,2025-08-10 09:15:12,True
Sticker | Bolt Charge (Foil),3.06,4.71,2025-08-10 09:15:22,True
Charm | Whittle Knife,0.22,0.44,2025-08-10 09:21:10,True
Charm | Whittle Knife,0.22,0.44,2025-08-10 09:21:20,True
Charm | Whittle Knife,0.22,0.44,2025-08-10 09:21:30,True
Sticker | Bolt Charge,0.42,0.68,2025-08-10 09:25:06,True
Sticker | Bolt Charge,0.42,0.68,2025-08-10 09:25:16,True
Sticker | Bolt Charge,0.42,0.68,2025-08-10 09:25:26,True
Sticker | Bolt Charge,0.42,0.68,2025-08-10 09:25:36,True
Sticker | Bolt Charge,0.42,0.68,2025-08-10 09:26:18,True
Sticker | Bolt Charge,0.43,0.68,2025-08-10 09:26:29,True
Sticker | Bolt Charge,0.43,0.68,2025-08-10 09:26:39,True
Sticker | Boom Trail,0.08,0.4,2025-08-10 10:17:20,False
Sticker | Boom Trail,0.08,0.4,2025-08-10 10:17:31,False
AK-47 | Wintergreen (Minimal Wear),8.5,10.86,2025-08-10 10:21:09,False
Anubis Collection Package,1.63,1.84,2025-08-10 10:28:43,False
Anubis Collection Package,1.63,1.84,2025-08-10 10:28:54,False
Anubis Collection Package,1.63,1.84,2025-08-10 10:29:04,False
Name Tag,1.28,1.61,2025-08-10 10:31:28,False
Sticker | Bolt Strike,0.21,0.37,2025-08-10 10:32:58,False
Sticker | Bolt Strike,0.21,0.37,2025-08-10 10:33:08,False
Sticker | Bolt Strike,0.21,0.37,2025-08-10 10:33:19,False
Sticker | Bolt Strike,0.21,0.37,2025-08-10 10:33:29,False
Sticker | Bolt Strike,0.21,0.37,2025-08-10 10:33:39,False
Sticker | Bolt Strike,0.21,0.37,2025-08-10 10:33:49,False
Galil AR | Control (Field-Tested),0.2,0.36,2025-08-10 10:35:14,False
P250 | See Ya Later (Field-Tested),2.0,2.64,2025-08-10 11:07:41,False
AWP | Wildfire (Minimal Wear),69.5,75.77,2025-08-10 13:08:29,False
AK-47 | Midnight Laminate (Field-Tested),11.5,14.78,2025-08-11 00:19:21,False
AK-47 | Midnight Laminate (Field-Tested),11.8,14.78,2025-08-11 00:19:31,False
AK-47 | Wintergreen (Minimal Wear),9.14,10.86,2025-08-11 04:38:16,False
Copenhagen 2024 Contenders Sticker Capsule,0.23,0.41,2025-08-11 09:38:06,True
Copenhagen 2024 Contenders Sticker Capsule,0.23,0.41,2025-08-11 09:38:16,True
Copenhagen 2024 Contenders Sticker Capsule,0.23,0.41,2025-08-11 09:38:26,True
Copenhagen 2024 Contenders Sticker Capsule,0.23,0.41,2025-08-11 09:38:36,True
Copenhagen 2024 Contenders Sticker Capsule,0.23,0.41,2025-08-11 09:38:47,True
Copenhagen 2024 Contenders Sticker Capsule,0.23,0.41,2025-08-11 09:38:57,True
Copenhagen 2024 Contenders Sticker Capsule,0.23,0.41,2025-08-11 09:39:07,True
Copenhagen 2024 Contenders Sticker Capsule,0.23,0.41,2025-08-11 09:39:26,True
Copenhagen 2024 Contenders Sticker Capsule,0.23,0.41,2025-08-11 09:39:36,True
Copenhagen 2024 Contenders Sticker Capsule,0.23,0.41,2025-08-11 09:39:46,True
Sticker | Bolt Charge,0.43,0.68,2025-08-11 09:43:15,True
Desert Eagle | Serpent Strike (Field-Tested),0.3,0.44,2025-08-11 09:44:12,False
USP-S | Check Engine (Factory New),0.81,1.06,2025-08-11 09:45:54,False
Sticker | Flex,0.35,0.63,2025-08-11 09:46:19,True
M4A1-S | Night Terror (Factory New),1.3,1.92,2025-08-11 09:50:29,False
M4A1-S | Night Terror (Factory New),1.3,1.92,2025-08-11 09:50:40,False
FAMAS | Rapid Eye Movement (Field-Tested),0.97,1.53,2025-08-11 09:50:54,False
M4A4 | Choppa (Factory New),0.43,1.63,2025-08-11 09:51:06,True
Sticker | Glare,0.05,0.43,2025-08-11 09:51:40,True
AK-47 | Wintergreen (Minimal Wear),8.68,10.86,2025-08-11 09:55:49,False
AWP | Atheris (Well-Worn),2.54,2.87,2025-08-11 10:01:30,False
Glock-18 | Nuclear Garden (Factory New),4.89,6.85,2025-08-11 10:35:39,False
Desert Eagle | Mecha Industries (Minimal Wear),5.0,5.8,2025-08-11 11:55:30,False
SSG 08 | Acid Fade (Factory New),1.5,1.88,2025-08-11 12:17:19,False
M4A1-S | Mud-Spec (Factory New),1.03,1.29,2025-08-11 12:23:19,False
Glock-18 | Nuclear Garden (Factory New),4.9,6.85,2025-08-11 12:48:25,False
P90 | Wave Breaker (Field-Tested),0.21,0.35,2025-08-11 12:55:03,False
P250 | Nevermore (Minimal Wear),0.65,0.8,2025-08-11 13:17:27,False
StatTrak™ USP-S | Ticket to Hell (Factory New),5.84,7.02,2025-08-12 01:51:09,False
StatTrak™ USP-S | Ticket to Hell (Factory New),5.99,7.02,2025-08-12 01:51:19,False
StatTrak™ USP-S | Ticket to Hell (Factory New),5.99,7.02,2025-08-12 01:51:29,False
StatTrak™ USP-S | Ticket to Hell (Factory New),5.99,7.02,2025-08-12 01:51:39,False
AWP | Black Nile (Minimal Wear),3.59,4.06,2025-08-12 01:53:12,False
Desert Eagle | Heat Treated (Minimal Wear),2.9,3.3,2025-08-12 01:54:22,False
Glock-18 | Umbral Rabbit (Minimal Wear),0.5,0.66,2025-08-12 01:57:26,False
Desert Eagle | Serpent Strike (Field-Tested),0.28,0.44,2025-08-12 01:59:47,False
Sticker | Vitality (Holo) | Paris 2023,0.81,1.64,2025-08-12 09:05:59,True
Sticker | Evil Geniuses (Holo) | 2020 RMR,0.05,0.16,2025-08-12 09:07:17,False
Sticker | Evil Geniuses (Holo) | 2020 RMR,0.05,0.16,2025-08-12 09:07:28,False
Sticker | GODSENT (Holo) | 2020 RMR,0.17,0.29,2025-08-12 09:10:52,False
Sticker | GODSENT (Holo) | 2020 RMR,0.17,0.29,2025-08-12 09:11:03,False
Sticker | Into The Breach (Holo) | Paris 2023,0.66,0.94,2025-08-12 09:11:32,False
"Sticker | ZywOo (Holo, Champion) | Paris 2023",1.71,2.23,2025-08-12 09:23:22,False
Austin 2025 Legends Autograph Capsule,0.2,0.34,2025-08-12 09:30:01,False
Austin 2025 Legends Autograph Capsule,0.2,0.34,2025-08-12 09:30:11,False
Austin 2025 Legends Autograph Capsule,0.2,0.34,2025-08-12 09:30:21,False
Austin 2025 Legends Autograph Capsule,0.2,0.34,2025-08-12 09:30:34,False
Austin 2025 Legends Autograph Capsule,0.2,0.34,2025-08-12 09:30:45,False
Austin 2025 Legends Autograph Capsule,0.2,0.34,2025-08-12 09:30:56,False
Desert Eagle | Serpent Strike (Factory New),2.0,2.34,2025-08-12 12:05:28,False
Shanghai 2024 Legends Sticker Capsule,0.3,0.49,2025-08-12 12:06:10,False
Shanghai 2024 Legends Sticker Capsule,0.3,0.49,2025-08-12 12:06:20,False
M4A4 | Choppa (Factory New),0.43,1.54,2025-08-12 12:49:46,True
AWP | Acheron (Minimal Wear),0.69,1.08,2025-08-12 20:35:44,False
AK-47 | Legion of Anubis (Field-Tested),4.28,4.86,2025-08-12 20:42:37,False
Desert Eagle | Serpent Strike (Factory New),2.0,2.34,2025-08-12 20:47:19,False
Desert Eagle | Serpent Strike (Field-Tested),0.29,0.44,2025-08-12 20:50:59,False
Desert Eagle | Serpent Strike (Field-Tested),0.29,0.44,2025-08-12 20:51:09,False
Glove Case,9.5,10.72,2025-08-13 02:58:37,False
Glove Case,9.5,10.72,2025-08-13 02:58:47,False
Glove Case,9.5,10.72,2025-08-13 02:58:57,False
Glove Case,9.5,10.72,2025-08-13 02:59:08,False
Glove Case,9.5,10.72,2025-08-13 02:59:18,False
Sticker | Evil Geniuses (Holo) | 2020 RMR,0.04,0.16,2025-08-13 09:22:39,True
Sticker | Evil Geniuses (Holo) | 2020 RMR,0.04,0.16,2025-08-13 09:22:50,True
Sticker | Evil Geniuses (Holo) | 2020 RMR,0.04,0.16,2025-08-13 09:23:01,True
Charm | Hot Sauce,0.35,0.48,2025-08-13 09:24:10,False
Charm | Hot Sauce,0.35,0.48,2025-08-13 09:24:20,False
AK-47 | Searing Rage (Field-Tested),3.7,4.16,2025-08-13 11:23:20,False
AK-47 | Searing Rage (Field-Tested),3.7,4.16,2025-08-13 11:23:30,False
Desert Eagle | Serpent Strike (Field-Tested),0.29,0.44,2025-08-13 12:23:23,False
MP7 | Bloodsport (Field-Tested),1.3,1.55,2025-08-13 12:24:09,False
USP-S | Black Lotus (Field-Tested),1.12,1.3,2025-08-13 12:25:04,False
M4A4 | Choppa (Factory New),0.48,1.54,2025-08-13 12:28:03,True
M4A4 | 龍王 (Dragon King) (Minimal Wear),13.63,16.29,2025-08-13 12:31:58,False
USP-S | Jawbreaker (Field-Tested),4.82,5.8,2025-08-13 12:35:08,False
Desert Eagle | Serpent Strike (Factory New),2.0,2.34,2025-08-13 12:38:49,False
Desert Eagle | Serpent Strike (Field-Tested),0.29,0.44,2025-08-13 12:42:28,False
Desert Eagle | Tilted (Minimal Wear),0.65,1.27,2025-08-13 12:46:53,True
Desert Eagle | Tilted (Minimal Wear),0.65,1.27,2025-08-13 12:47:04,True
Zeus x27 | Tosai (Factory New),1.94,2.38,2025-08-13 12:55:59,False
AK-47 | Asiimov (Minimal Wear),44.07,50.9,2025-08-13 13:07:12,False
AK-47 | Head Shot (Minimal Wear),11.88,13.39,2025-08-13 13:09:46,False
Glock-18 | Nuclear Garden (Field-Tested),0.82,1.07,2025-08-13 16:31:51,False
AK-47 | Legion of Anubis (Minimal Wear),7.5,8.97,2025-08-13 17:20:47,False
AK-47 | Searing Rage (Field-Tested),3.7,4.16,2025-08-13 20:21:47,False
AK-47 | Searing Rage (Field-Tested),3.7,4.16,2025-08-13 21:35:55,False
AK-47 | The Outsiders (Field-Tested),4.9,5.53,2025-08-14 01:10:05,False
USP-S | Ticket to Hell (Factory New),1.27,1.52,2025-08-14 08:35:25,False
USP-S | Ticket to Hell (Factory New),1.32,1.52,2025-08-14 08:35:35,False
Sticker | Glare,0.05,0.43,2025-08-14 09:19:35,True
AK-47 | Crossfade (Field-Tested),1.5,1.7,2025-08-14 10:09:00,False
AK-47 | Crossfade (Field-Tested),1.5,1.7,2025-08-14 10:44:14,False
Sticker | Fluxo (Holo) | Paris 2023,1.99,2.44,2025-08-14 12:24:09,False
M4A1-S | Golden Coil (Field-Tested),50.0,56.61,2025-08-14 16:57:08,False
M4A1-S | Golden Coil (Field-Tested),50.0,56.61,2025-08-14 18:08:09,False
AK-47 | Legion of Anubis (Minimal Wear),8.0,9.16,2025-08-14 21:27:01,False
M4A1-S | Nitro (Minimal Wear),0.99,1.7,2025-08-15 00:13:57,False
Desert Eagle | Mulberry (Field-Tested),11.02,15.1,2025-08-15 00:17:30,False
AK-47 | Nightwish (Field-Tested),6.59,7.66,2025-08-15 00:20:00,False
AK-47 | Searing Rage (Field-Tested),3.11,4.0,2025-08-15 00:21:45,False
AK-47 | Searing Rage (Field-Tested),3.33,4.0,2025-08-15 00:21:55,False
Five-SeveN | Boost Protocol (Minimal Wear),2.89,3.77,2025-08-15 00:22:24,False
Zeus x27 | Tosai (Minimal Wear),0.83,1.0,2025-08-15 00:29:18,False
USP-S | Black Lotus (Field-Tested),1.12,1.32,2025-08-15 00:29:38,False
USP-S | Black Lotus (Field-Tested),1.12,1.32,2025-08-15 00:29:48,False
Glock-18 | Umbral Rabbit (Minimal Wear),0.5,0.66,2025-08-15 00:30:25,False
Glock-18 | Nuclear Garden (Field-Tested),0.82,1.06,2025-08-15 00:31:02,False
AWP | Printstream (Field-Tested),51.95,59.95,2025-08-15 00:34:47,False
M4A1-S | Golden Coil (Field-Tested),50.0,56.61,2025-08-15 02:58:22,False
Five-SeveN | Urban Hazard (Factory New),1.76,1.99,2025-08-15 04:36:25,False
CS:GO Weapon Case 2,9.64,11.27,2025-08-15 09:10:24,False
Sticker | Natus Vincere (Holo) | Paris 2023,1.75,2.54,2025-08-15 09:15:42,True
Sticker | Natus Vincere (Holo) | Paris 2023,1.75,2.54,2025-08-15 09:15:53,True
Sticker | Natus Vincere (Holo) | Paris 2023,1.75,2.54,2025-08-15 09:16:03,True
Sticker | Natus Vincere (Holo) | Paris 2023,1.75,2.54,2025-08-15 09:16:13,True
Sticker | Natus Vincere (Holo) | Paris 2023,1.75,2.54,2025-08-15 09:16:23,True
Sticker | Natus Vincere (Holo) | Paris 2023,1.75,2.54,2025-08-15 09:16:33,True
Sticker | Natus Vincere (Holo) | Paris 2023,1.75,2.54,2025-08-15 09:16:43,True
Sticker | Natus Vincere (Holo) | Paris 2023,1.75,2.54,2025-08-15 09:16:54,True
Sticker | Natus Vincere (Holo) | Paris 2023,1.75,2.54,2025-08-15 09:17:04,True
AK-47 | Crossfade (Factory New),2.8,3.58,2025-08-15 10:59:09,False
Desert Eagle | Tilted (Minimal Wear),0.69,1.29,2025-08-15 12:20:55,True
Desert Eagle | Tilted (Minimal Wear),0.69,1.29,2025-08-15 12:21:05,True
M4A4 | Choppa (Factory New),0.43,1.25,2025-08-15 12:21:36,True
AK-47 | Crossfade (Field-Tested),1.33,1.7,2025-08-15 12:36:05,False
StatTrak™ M4A1-S | Emphorosaur-S (Field-Tested),1.45,1.74,2025-08-15 12:36:21,False
USP-S | Alpine Camo (Factory New),2.83,4.63,2025-08-15 12:38:49,False
Desert Eagle | Tilted (Minimal Wear),0.69,1.29,2025-08-15 12:39:28,True
USP-S | Alpine Camo (Field-Tested),0.72,1.09,2025-08-15 12:39:50,False
USP-S | Alpine Camo (Field-Tested),0.72,1.09,2025-08-15 12:40:01,False
USP-S | Alpine Camo (Field-Tested),0.72,1.09,2025-08-15 12:40:11,False
M4A4 | Temukau (Minimal Wear),30.73,34.36,2025-08-15 12:43:14,False
AK-47 | Crossfade (Factory New),2.88,3.58,2025-08-15 12:46:24,False
MAC-10 | Pipsqueak (Factory New),2.85,4.33,2025-08-15 12:47:38,True
M4A1-S | Emphorosaur-S (Factory New),2.16,2.5,2025-08-15 12:49:46,False
Desert Eagle | Tilted (Minimal Wear),0.57,1.29,2025-08-15 12:58:23,True
AK-47 | Wintergreen (Minimal Wear),8.77,10.88,2025-08-15 14:48:00,False
AK-47 | Wintergreen (Minimal Wear),8.84,10.88,2025-08-15 14:48:10,False
AK-47 | Slate (Well-Worn),2.33,2.66,2025-08-15 18:26:43,False
AK-47 | Crossfade (Field-Tested),1.5,1.7,2025-08-15 18:50:10,False
AK-47 | Crossfade (Field-Tested),1.5,1.7,2025-08-15 18:50:21,False
AK-47 | Crossfade (Field-Tested),1.5,1.7,2025-08-15 18:50:31,False
AWP | Printstream (Battle-Scarred),35.99,39.25,2025-08-15 21:51:56,False
AWP | Printstream (Field-Tested),50.0,59.95,2025-08-15 22:43:23,False
Glock-18 | Candy Apple (Factory New),2.39,3.68,2025-08-15 23:34:27,False
M4A4 | In Living Color (Field-Tested),5.04,6.1,2025-08-16 01:11:53,False
Glock-18 | Umbral Rabbit (Minimal Wear),0.54,0.69,2025-08-16 01:17:34,False
Sticker Capsule 2,9.93,11.52,2025-08-16 09:27:45,False
AWP | Capillary (Minimal Wear),0.4,0.55,2025-08-16 12:17:11,False
MP9 | Buff Blue (Factory New),0.22,1.32,2025-08-16 12:24:26,True
M4A1-S | Decimator (Field-Tested),11.42,12.95,2025-08-16 12:28:42,False
AK-47 | Nightwish (Field-Tested),6.62,7.71,2025-08-16 12:30:37,False
AK-47 | Searing Rage (Well-Worn),2.67,3.19,2025-08-16 12:33:46,False
USP-S | Check Engine (Factory New),0.77,1.0,2025-08-16 12:35:02,False
Zeus x27 | Tosai (Minimal Wear),0.81,0.96,2025-08-16 12:40:16,False
Enforcer | Phoenix,5.89,7.59,2025-08-17 09:13:28,False
Sticker | Gold Web (Foil),3.27,4.05,2025-08-17 09:14:56,False
Sticker | Gold Web (Foil),3.27,4.05,2025-08-17 09:15:07,False
Sticker | Gold Web (Foil),3.27,4.05,2025-08-17 09:15:17,False
Welcome to the Clutch Pin,2.79,3.82,2025-08-17 09:15:54,False
Charm | POP Art,0.89,1.29,2025-08-17 09:17:04,False
Rio 2022 Champions Autograph Capsule,0.29,0.47,2025-08-17 09:20:39,False
Rio 2022 Champions Autograph Capsule,0.29,0.47,2025-08-17 09:20:49,False
Rio 2022 Champions Autograph Capsule,0.29,0.47,2025-08-17 09:21:00,False
Rio 2022 Champions Autograph Capsule,0.29,0.47,2025-08-17 09:21:10,False
Name Tag,1.27,1.59,2025-08-17 09:22:16,False
Charm | Pinch O' Salt,0.41,0.53,2025-08-17 09:26:03,False
Gamma Case,3.0,3.4,2025-08-17 09:35:17,False
Gamma Case,3.0,3.4,2025-08-17 09:35:27,False
MP7 | Fade (Factory New),5.13,6.16,2025-08-17 12:49:45,False
Zeus x27 | Tosai (Minimal Wear),0.77,0.96,2025-08-17 12:58:37,False
Desert Eagle | Mecha Industries (Field-Tested),3.49,4.03,2025-08-17 13:26:42,False
Number K | The Professionals,51.36,58.4,2025-08-17 13:38:56,False
AWP | Atheris (Factory New),16.98,19.13,2025-08-17 17:54:07,False
AK-47 | The Outsiders (Field-Tested),4.5,5.49,2025-08-17 20:55:32,False
USP-S | Cortex (Minimal Wear),4.77,5.38,2025-08-18 04:36:28,False
Desert Eagle | Meteorite (Factory New),1.78,2.01,2025-08-18 04:40:50,False
Desert Eagle | Meteorite (Factory New),1.78,2.01,2025-08-18 04:41:00,False
MP9 | Starlight Protector (Minimal Wear),5.56,6.36,2025-08-18 08:27:38,False
USP-S | Check Engine (Factory New),0.82,1.05,2025-08-18 08:36:30,False
Sticker | Evil Geniuses (Foil) | Stockholm 2021,1.36,1.66,2025-08-18 09:08:54,False
USP-S | Alpine Camo (Minimal Wear),1.28,1.51,2025-08-18 09:11:49,False
"Music Kit | The Verkkars, EZ4ENCE",3.42,3.92,2025-08-18 09:22:48,False
Sticker | Evil Geniuses (Foil) | Stockholm 2021,1.36,1.66,2025-08-18 09:27:12,False
Revolver Case,2.6,3.16,2025-08-18 10:17:36,False
Revolver Case,2.6,3.16,2025-08-18 10:17:46,False
Revolver Case,2.6,3.16,2025-08-18 10:17:57,False
Revolver Case,2.6,3.16,2025-08-18 10:18:07,False
Revolver Case,2.6,3.16,2025-08-18 10:18:17,False
Revolver Case,2.6,3.16,2025-08-18 10:18:27,False
Safecracker Voltzmann | The Professionals,22.0,26.56,2025-08-18 12:16:13,False
Desert Eagle | Tilted (Minimal Wear),0.57,1.09,2025-08-18 12:32:24,True
AK-47 | Asiimov (Minimal Wear),45.0,50.37,2025-08-18 13:28:28,False
Prisma 2 Case,1.2,1.37,2025-08-18 17:11:51,False
Prisma 2 Case,1.2,1.37,2025-08-18 17:12:01,False
Prisma 2 Case,1.2,1.37,2025-08-18 17:12:11,False
Prisma Case,1.2,1.37,2025-08-18 17:12:25,False
USP-S | Ticket to Hell (Factory New),1.23,1.48,2025-08-19 00:46:45,False
USP-S | Ticket to Hell (Factory New),1.23,1.48,2025-08-19 04:20:16,False
MP9 | Buff Blue (Factory New),0.26,1.25,2025-08-19 04:24:52,True
AK-47 | Searing Rage (Well-Worn),2.49,3.17,2025-08-19 04:35:38,False
Sticker | Glare,0.04,0.45,2025-08-19 09:11:58,True
Number K | The Professionals,51.11,58.27,2025-08-19 09:13:33,False
Sir Bloody Silent Darryl | The Professionals,36.41,41.33,2025-08-19 09:14:53,False
Sticker | MOUZ (Glitter) | Paris 2023,0.07,0.24,2025-08-19 09:23:08,True
Zeus x27 | Olympus (Field-Tested),3.93,4.6,2025-08-19 12:17:26,False
Glock-18 | Shinobu (Field-Tested),3.18,4.73,2025-08-19 12:27:49,False
Glock-18 | Shinobu (Field-Tested),3.18,4.73,2025-08-19 12:27:59,False
Glock-18 | Shinobu (Field-Tested),3.18,4.73,2025-08-19 12:28:09,False
Zeus x27 | Olympus (Minimal Wear),7.0,8.44,2025-08-19 15:49:52,False
AK-47 | Asiimov (Field-Tested),24.0,29.12,2025-08-19 23:37:41,False
Sticker | Evil Geniuses (Holo) | 2020 RMR,0.26,0.44,2025-08-20 09:09:37,False
Sticker | Evil Geniuses (Holo) | 2020 RMR,0.26,0.44,2025-08-20 09:09:47,False
Sticker | Evil Geniuses (Holo) | 2020 RMR,0.26,0.44,2025-08-20 09:09:57,False
Sticker | Evil Geniuses (Holo) | 2020 RMR,0.26,0.44,2025-08-20 09:10:07,False
Sticker | Evil Geniuses (Holo) | 2020 RMR,0.26,0.44,2025-08-20 09:10:18,False
Sticker | Evil Geniuses (Holo) | 2020 RMR,0.26,0.44,2025-08-20 09:10:28,False
Sticker | TYLOO (Holo) | 2020 RMR,0.65,0.85,2025-08-20 09:13:48,False
Sticker | TYLOO (Holo) | 2020 RMR,0.65,0.85,2025-08-20 09:13:59,False
Sticker | TYLOO (Holo) | 2020 RMR,0.65,0.85,2025-08-20 09:14:09,False
Sticker | TYLOO (Holo) | 2020 RMR,0.65,0.85,2025-08-20 09:14:19,False
Sticker | TYLOO (Holo) | 2020 RMR,0.65,0.85,2025-08-20 09:14:29,False
Sticker | TYLOO (Holo) | 2020 RMR,0.65,0.85,2025-08-20 09:14:39,False
Sticker | Virtus.pro (Holo) | 2020 RMR,0.12,0.25,2025-08-20 09:15:06,False
Charm | Pinch O' Salt,0.39,0.53,2025-08-20 09:17:20,False
eSports 2014 Summer Case,10.64,12.31,2025-08-20 09:22:58,False
eSports 2014 Summer Case,10.64,12.31,2025-08-20 09:23:08,False
eSports 2014 Summer Case,10.64,12.31,2025-08-20 09:23:18,False
eSports 2014 Summer Case,10.64,12.31,2025-08-20 09:23:28,False
eSports 2014 Summer Case,10.64,12.31,2025-08-20 09:23:38,False
Glock-18 | Moonrise (Factory New),1.56,1.89,2025-08-20 09:48:01,False
AK-47 | Searing Rage (Well-Worn),2.48,2.98,2025-08-20 12:26:14,False
USP-S | Ticket to Hell (Factory New),1.24,1.45,2025-08-20 12:30:57,False
Desert Eagle | Trigger Discipline (Minimal Wear),1.13,1.5,2025-08-20 12:34:06,False
Desert Eagle | Trigger Discipline (Minimal Wear),1.13,1.5,2025-08-20 12:34:16,False
Zeus x27 | Electric Blue (Factory New),1.6,2.18,2025-08-20 12:44:01,False
Zeus x27 | Electric Blue (Factory New),1.6,2.18,2025-08-20 12:44:11,False
Zeus x27 | Olympus (Field-Tested),4.0,4.51,2025-08-20 13:18:23,False
Operation Breakout Weapon Case,7.0,8.25,2025-08-20 13:52:49,False
Operation Breakout Weapon Case,7.0,8.25,2025-08-20 13:53:00,False
Operation Breakout Weapon Case,7.0,8.25,2025-08-20 13:53:10,False
Operation Breakout Weapon Case,7.0,8.25,2025-08-20 13:53:20,False
Operation Breakout Weapon Case,7.0,8.25,2025-08-20 13:53:36,False
Operation Breakout Weapon Case,7.0,8.25,2025-08-20 13:53:46,False
Zeus x27 | Olympus (Field-Tested),4.0,4.51,2025-08-21 04:29:42,False
Desert Eagle | Trigger Discipline (Factory New),3.06,3.51,2025-08-21 04:30:46,False
Charm | Whittle Knife,0.25,0.4,2025-08-21 09:21:28,False
Glock-18 | Ocean Topo (Factory New),0.89,1.15,2025-08-21 09:22:46,False
Name Tag,1.35,1.56,2025-08-21 09:23:54,False
Glock-18 | Shinobu (Field-Tested),2.89,4.34,2025-08-21 09:25:14,False
Special Agent Ava | FBI,18.0,20.37,2025-08-21 09:28:34,False
Sticker Capsule 2,10.07,11.49,2025-08-21 09:30:19,False
CS:GO Weapon Case 3,6.86,8.25,2025-08-21 09:31:51,False
MP9 | Starlight Protector (Minimal Wear),5.1,6.06,2025-08-21 09:32:49,False
Glock-18 | Shinobu (Well-Worn),3.06,3.69,2025-08-21 09:33:54,False
Sticker | Gambit Gaming (Holo) | Stockholm 2021,4.32,5.15,2025-08-21 09:34:31,False
Zeus x27 | Electric Blue (Factory New),1.6,2.18,2025-08-21 09:35:14,False
Zeus x27 | Electric Blue (Factory New),1.6,2.18,2025-08-21 09:35:25,False
Zeus x27 | Electric Blue (Factory New),1.6,2.18,2025-08-21 09:35:35,False
Zeus x27 | Electric Blue (Factory New),1.6,2.18,2025-08-21 09:35:45,False
Sticker | Natus Vincere (Holo) | Paris 2023,1.85,2.15,2025-08-21 09:38:14,False
Sticker | Web Stuck,0.49,0.68,2025-08-21 09:39:07,False
Clutch Case,0.85,1.0,2025-08-21 09:40:42,False
CS:GO Weapon Case 3,7.25,8.25,2025-08-21 10:44:49,False
StatTrak™ M4A1-S | Emphorosaur-S (Field-Tested),1.37,1.55,2025-08-21 12:42:30,False
Sticker | MOUZ (Glitter) | Paris 2023,0.06,0.2,2025-08-21 14:08:51,True
Operation Phoenix Weapon Case,3.75,4.27,2025-08-21 14:22:34,False
Operation Phoenix Weapon Case,3.75,4.27,2025-08-21 14:22:45,False
Operation Phoenix Weapon Case,3.75,4.27,2025-08-21 14:22:55,False
Operation Phoenix Weapon Case,3.75,4.27,2025-08-21 14:23:05,False
Operation Phoenix Weapon Case,3.75,4.27,2025-08-21 14:23:16,False
Operation Phoenix Weapon Case,3.75,4.27,2025-08-21 14:23:26,False
USP-S | Alpine Camo (Factory New),3.23,3.87,2025-08-21 16:31:55,False
eSports 2014 Summer Case,10.0,12.31,2025-08-21 21:01:54,False
Desert Eagle | Tilted (Minimal Wear),0.64,1.09,2025-08-22 09:06:11,False
Glock-18 | Shinobu (Well-Worn),2.51,3.53,2025-08-22 09:14:09,True
Five-SeveN | Sky Blue (Factory New),0.75,1.1,2025-08-22 09:16:37,False
Desert Eagle | Serpent Strike (Factory New),1.78,2.1,2025-08-22 09:17:27,False
Gamma 2 Case,2.9,3.25,2025-08-22 10:09:39,False
Gamma 2 Case,2.9,3.25,2025-08-22 10:09:49,False
Gamma 2 Case,2.9,3.25,2025-08-22 10:09:59,False
Gamma 2 Case,2.9,3.25,2025-08-22 10:10:10,False
Gamma 2 Case,2.9,3.25,2025-08-22 10:10:21,False
AK-47 | Wintergreen (Field-Tested),2.35,3.31,2025-08-22 16:48:53,True
Glock-18 | Shinobu (Field-Tested),3.0,3.49,2025-08-22 18:18:00,False
Sticker | MOUZ (Holo) | Paris 2023,2.15,3.56,2025-08-23 09:14:35,True
StatTrak™ USP-S | Ticket to Hell (Minimal Wear),2.38,2.75,2025-08-23 09:16:23,False
Sticker | s1mple (Holo) | Stockholm 2021,1.49,2.83,2025-08-23 09:16:44,True
Glock-18 | Nuclear Garden (Field-Tested),0.83,1.06,2025-08-23 09:17:23,False
Sticker | Evil Geniuses (Holo) | 2020 RMR,0.13,0.44,2025-08-23 09:19:06,True
Sticker | Evil Geniuses (Holo) | 2020 RMR,0.13,0.44,2025-08-23 09:19:16,True
Sticker | Evil Geniuses (Holo) | 2020 RMR,0.13,0.44,2025-08-23 09:19:26,True
Sticker | Evil Geniuses (Holo) | 2020 RMR,0.13,0.44,2025-08-23 09:19:36,True
Sticker | Evil Geniuses (Holo) | 2020 RMR,0.13,0.44,2025-08-23 09:19:47,True
Glock-18 | Ocean Topo (Factory New),0.85,1.11,2025-08-23 09:25:07,False
Desert Eagle | Tilted (Minimal Wear),0.68,1.09,2025-08-23 09:26:32,False
M4A1-S | Decimator (Field-Tested),11.19,12.59,2025-08-23 12:29:12,False
AK-47 | Midnight Laminate (Field-Tested),10.27,12.06,2025-08-23 12:29:31,False
StatTrak™ M4A1-S | Night Terror (Factory New),5.66,6.77,2025-08-23 12:31:40,False
Zeus x27 | Tosai (Factory New),1.73,2.36,2025-08-23 12:34:00,False
Desert Eagle | Tilted (Factory New),2.14,3.41,2025-08-23 12:43:17,False
AK-47 | Wintergreen (Field-Tested),2.29,3.31,2025-08-23 20:52:22,True
AK-47 | Wintergreen (Field-Tested),2.29,3.31,2025-08-23 20:52:32,True
AK-47 | Wintergreen (Field-Tested),2.29,3.31,2025-08-23 20:52:42,True
Sticker | Dragon Lore (Foil),9.0,11.95,2025-08-24 07:56:17,False
Galil AR | Tuxedo (Factory New),2.11,2.46,2025-08-24 08:01:54,False
Sticker | Spirit (Foil) | 2020 RMR,1.7,1.98,2025-08-24 08:03:06,False
P250 | Visions (Field-Tested),1.74,1.96,2025-08-24 08:03:27,False
Glock-18 | Shinobu (Well-Worn),2.51,3.38,2025-08-24 08:20:10,False
USP-S | Alpine Camo (Minimal Wear),1.24,1.48,2025-08-24 08:23:50,False
Desert Eagle | Tilted (Factory New),2.41,3.43,2025-08-24 08:31:33,False
Desert Eagle | Tilted (Factory New),2.41,3.43,2025-08-24 08:31:43,False
Desert Eagle | Tilted (Factory New),2.41,3.43,2025-08-24 08:31:53,False
Glock-18 | Ocean Topo (Factory New),0.73,1.21,2025-08-24 08:32:40,False
Glock-18 | Shinobu (Well-Worn),2.5,3.38,2025-08-24 08:40:37,False
Sticker | Dragon Lore (Foil),9.61,11.95,2025-08-24 09:15:48,False
"Music Kit | The Verkkars, EZ4ENCE",3.23,3.92,2025-08-24 09:19:20,False
Sticker | Evil Geniuses (Holo) | 2020 RMR,0.11,0.44,2025-08-24 09:23:01,True
Sticker | Evil Geniuses (Holo) | 2020 RMR,0.11,0.44,2025-08-24 09:23:11,True
Sticker | Evil Geniuses (Holo) | 2020 RMR,0.11,0.44,2025-08-24 09:23:21,True
Sticker | Evil Geniuses (Holo) | 2020 RMR,0.11,0.44,2025-08-24 09:23:31,True
Sticker | Evil Geniuses (Holo) | 2020 RMR,0.11,0.44,2025-08-24 09:23:42,True
Sticker | Evil Geniuses (Holo) | 2020 RMR,0.11,0.44,2025-08-24 09:23:52,True
Sticker | Evil Geniuses (Holo) | 2020 RMR,0.11,0.44,2025-08-24 09:24:02,True
Sticker | Ninjas in Pyjamas (Holo) | 2020 RMR,0.08,0.2,2025-08-24 09:26:05,False
Sticker | Ninjas in Pyjamas (Holo) | 2020 RMR,0.08,0.2,2025-08-24 09:26:15,False
Sticker | Ninjas in Pyjamas (Holo) | 2020 RMR,0.08,0.2,2025-08-24 09:26:25,False
Sticker | Ninjas in Pyjamas (Holo) | 2020 RMR,0.08,0.2,2025-08-24 09:26:35,False
Sticker | Ninjas in Pyjamas (Holo) | 2020 RMR,0.08,0.2,2025-08-24 09:26:46,False
Sticker | Ninjas in Pyjamas (Holo) | 2020 RMR,0.08,0.2,2025-08-24 09:26:56,False
Desert Eagle | Tilted (Minimal Wear),0.7,1.08,2025-08-24 12:47:23,False
Charm | Pinch O' Salt,0.32,0.53,2025-08-24 13:59:52,True
MP9 | Food Chain (Field-Tested),1.73,2.02,2025-08-24 17:10:16,False
AK-47 | Midnight Laminate (Factory New),59.99,67.66,2025-08-24 17:59:27,False
Spectrum 2 Case,2.5,2.83,2025-08-24 19:25:04,False
Spectrum 2 Case,2.5,2.83,2025-08-24 19:25:14,False
Spectrum 2 Case,2.5,2.83,2025-08-24 19:25:24,False
Sticker | Bolt Charge (Foil),3.39,3.88,2025-08-24 23:35:57,False
Sticker | Gold Web (Foil),3.0,3.54,2025-08-26 01:34:04,False
Antwerp 2022 Contenders Autograph Capsule,0.56,0.74,2025-08-26 01:39:28,False
Sticker | Battle Scarred (Holo),8.83,10.76,2025-08-26 09:18:43,False
Death Sentence Pin,2.77,3.47,2025-08-26 09:19:24,False
Canals Pin,2.5,3.34,2025-08-26 09:22:22,False
Antwerp 2022 Contenders Autograph Capsule,0.6,0.74,2025-08-26 09:27:31,False
Antwerp 2022 Contenders Autograph Capsule,0.6,0.74,2025-08-26 09:27:42,False
Antwerp 2022 Contenders Autograph Capsule,0.6,0.74,2025-08-26 09:27:52,False
Antwerp 2022 Contenders Autograph Capsule,0.6,0.74,2025-08-26 09:28:02,False
Antwerp 2022 Contenders Autograph Capsule,0.6,0.74,2025-08-26 09:28:12,False
Name Tag,1.25,1.52,2025-08-26 09:28:41,False
Name Tag,1.25,1.52,2025-08-26 09:28:52,False
MAC-10 | Sakkaku (Field-Tested),0.25,0.44,2025-08-26 12:07:23,True
MP9 | Buff Blue (Factory New),0.2,1.23,2025-08-26 12:30:06,True
Spectrum Case,3.8,4.28,2025-08-26 14:34:20,False
Spectrum Case,3.8,4.28,2025-08-26 14:34:31,False
Spectrum Case,3.8,4.28,2025-08-26 14:34:42,False
USP-S | Printstream (Field-Tested),28.49,32.06,2025-08-26 19:02:03,False
Sticker | Bolt Charge,0.37,0.61,2025-08-26 20:42:07,True
Charm | Whittle Knife,0.22,0.38,2025-08-26 20:44:00,False
Sticker | MOUZ (Holo) | Paris 2023,1.95,3.56,2025-08-27 09:08:14,True
Sticker | MOUZ (Holo) | Paris 2023,1.95,3.56,2025-08-27 09:08:25,True
Sticker | Bolt Charge,0.36,0.61,2025-08-27 09:13:52,False
Charm | Glamour Shot,1.34,1.8,2025-08-27 09:15:58,False
Charm | Glamour Shot,1.34,1.8,2025-08-27 09:16:08,False
Charm | Glamour Shot,1.34,1.8,2025-08-27 09:16:18,False
Sticker | Evil Geniuses (Holo) | 2020 RMR,0.17,0.44,2025-08-28 09:13:23,True
Sticker | Ouchie (Foil),2.07,5.52,2025-08-28 09:19:44,True
Sticker | Ouchie (Foil),2.07,5.52,2025-08-28 09:19:54,True
Sticker | Ouchie (Foil),2.07,5.52,2025-08-28 09:20:04,True
Sticker | Ouchie (Foil),2.07,5.52,2025-08-28 09:20:15,True
Sticker | Ouchie (Foil),2.07,5.52,2025-08-28 09:20:25,True
Zeus x27 | Electric Blue (Factory New),1.2,1.56,2025-08-28 13:01:32,False
Shattered Web Case,5.99,6.95,2025-08-29 00:26:26,False
Shattered Web Case,5.99,6.95,2025-08-29 00:26:37,False
Shattered Web Case,5.99,6.95,2025-08-29 00:26:47,False
Shattered Web Case,5.99,6.95,2025-08-29 00:26:57,False
Shattered Web Case,5.99,6.95,2025-08-29 00:27:07,False
Shattered Web Case,5.99,6.95,2025-08-29 00:27:17,False
StatTrak™ Glock-18 | Umbral Rabbit (Minimal Wear),1.81,2.26,2025-08-29 00:29:47,False
AK-47 | Wintergreen (Minimal Wear),7.41,9.59,2025-08-29 08:43:10,False
Sticker | High Heat,0.71,0.87,2025-08-29 09:12:36,False
Charm | Whittle Knife,0.22,0.37,2025-08-29 09:13:27,False
Sticker | MOUZ (Holo) | Paris 2023,1.79,3.56,2025-08-29 15:13:10,True
Five-SeveN | Sky Blue (Factory New),0.7,1.27,2025-08-30 01:22:47,False
Zeus x27 | Olympus (Field-Tested),3.6,4.33,2025-08-30 01:29:57,False
Five-SeveN | Sky Blue (Factory New),0.7,1.27,2025-08-30 08:42:43,False
Five-SeveN | Sky Blue (Factory New),0.7,1.27,2025-08-30 08:42:53,False
Five-SeveN | Sky Blue (Factory New),0.7,1.27,2025-08-30 08:43:03,False
Five-SeveN | Sky Blue (Factory New),0.7,1.27,2025-08-30 08:43:14,False
StatTrak™ USP-S | Ticket to Hell (Factory New),6.27,7.15,2025-08-30 08:49:18,False
StatTrak™ M4A1-S | Night Terror (Factory New),5.72,6.96,2025-08-30 08:49:36,False
Zeus x27 | Olympus (Field-Tested),3.81,4.33,2025-08-30 08:50:44,False
"Music Kit | bbno$, u mad!",2.68,3.53,2025-08-30 09:11:20,False
Austin 2025 Legends Sticker Capsule,0.3,0.58,2025-08-30 09:11:41,False
Austin 2025 Legends Sticker Capsule,0.3,0.58,2025-08-30 09:11:51,False
Austin 2025 Legends Sticker Capsule,0.3,0.58,2025-08-30 09:12:02,False
Austin 2025 Legends Sticker Capsule,0.3,0.58,2025-08-30 09:12:12,False
Austin 2025 Legends Sticker Capsule,0.3,0.58,2025-08-30 09:12:22,False
Austin 2025 Legends Sticker Capsule,0.3,0.58,2025-08-30 09:12:32,False
Sticker | Natus Vincere (Gold) | 2020 RMR,2.31,2.98,2025-08-30 09:13:24,False
Sticker | Natus Vincere (Gold) | 2020 RMR,2.31,2.98,2025-08-30 09:13:34,False
Sticker | Virtus.pro (Gold) | 2020 RMR,1.43,1.98,2025-08-30 09:15:15,False
Sticker | Evil Geniuses (Gold) | 2020 RMR,1.48,1.93,2025-08-30 09:16:33,False
Sticker | Evil Geniuses (Gold) | 2020 RMR,1.48,1.93,2025-08-30 09:16:43,False
Name Tag,1.25,1.49,2025-08-30 09:18:20,False
Sticker | Flex,0.35,0.65,2025-08-30 09:20:39,True
Austin 2025 Legends Sticker Capsule,0.22,0.58,2025-08-30 18:09:40,True
Austin 2025 Legends Sticker Capsule,0.22,0.58,2025-08-30 18:09:50,True
Austin 2025 Legends Sticker Capsule,0.22,0.58,2025-08-30 18:10:01,True
Austin 2025 Legends Sticker Capsule,0.22,0.58,2025-08-30 18:10:11,True
Austin 2025 Legends Sticker Capsule,0.22,0.58,2025-08-30 18:10:22,True
StatTrak™ USP-S | Ticket to Hell (Minimal Wear),2.0,2.82,2025-08-30 22:00:57,False
Sticker | Evil Geniuses (Holo) | 2020 RMR,0.22,0.44,2025-08-30 22:05:04,True
Charm | Hot Sauce,0.29,0.46,2025-08-31 09:11:20,False
Shanghai 2024 Legends Sticker Capsule,0.4,0.64,2025-08-31 09:29:03,True
Shanghai 2024 Legends Sticker Capsule,0.4,0.64,2025-08-31 09:29:13,True
Shanghai 2024 Legends Sticker Capsule,0.4,0.64,2025-08-31 09:29:24,True
Shanghai 2024 Legends Sticker Capsule,0.4,0.64,2025-08-31 09:29:34,True
Shanghai 2024 Legends Sticker Capsule,0.4,0.64,2025-08-31 09:29:44,True
Shanghai 2024 Legends Sticker Capsule,0.4,0.64,2025-08-31 09:29:54,True
Shanghai 2024 Legends Sticker Capsule,0.4,0.64,2025-08-31 09:30:05,True
Shanghai 2024 Legends Sticker Capsule,0.4,0.64,2025-08-31 09:30:15,True
Shanghai 2024 Legends Sticker Capsule,0.4,0.64,2025-08-31 09:30:25,True
Shanghai 2024 Legends Sticker Capsule,0.4,0.64,2025-08-31 09:30:35,True
Shanghai 2024 Legends Sticker Capsule,0.4,0.64,2025-08-31 09:30:45,True
Sticker | Renegades (Holo) | 2020 RMR,0.17,0.53,2025-08-31 09:31:12,True
Sticker | Renegades (Holo) | 2020 RMR,0.17,0.53,2025-08-31 09:31:22,True
Sticker | Renegades (Holo) | 2020 RMR,0.17,0.53,2025-08-31 09:31:32,True
Shanghai 2024 Legends Autograph Capsule,0.25,0.45,2025-08-31 09:31:49,True
Shanghai 2024 Legends Autograph Capsule,0.25,0.45,2025-08-31 09:31:59,True
Shanghai 2024 Legends Autograph Capsule,0.25,0.45,2025-08-31 09:32:09,True
Shanghai 2024 Legends Autograph Capsule,0.25,0.45,2025-08-31 09:32:19,True
Shanghai 2024 Legends Autograph Capsule,0.25,0.45,2025-08-31 09:32:29,True
Shanghai 2024 Legends Autograph Capsule,0.25,0.45,2025-08-31 09:32:39,True
Shanghai 2024 Legends Autograph Capsule,0.25,0.45,2025-08-31 09:32:50,True
Shanghai 2024 Legends Autograph Capsule,0.25,0.45,2025-08-31 09:33:00,True
Charm | Pinch O' Salt,0.32,0.47,2025-08-31 09:33:30,False
Charm | Whittle Knife,0.22,0.37,2025-08-31 09:34:35,False
Charm | Whittle Knife,0.22,0.37,2025-08-31 09:34:45,False
Charm | Big Kev,0.27,0.52,2025-08-31 09:35:20,True
Charm | Pocket AWP,0.2,0.33,2025-08-31 09:35:35,False
Charm | Pocket AWP,0.2,0.33,2025-08-31 09:35:45,False
Charm | Big Kev,0.35,0.52,2025-08-31 21:26:18,False
MP9 | Buff Blue (Factory New),0.2,1.25,2025-09-01 08:42:44,True
AWP | Duality (Minimal Wear),3.99,4.53,2025-09-01 08:49:47,False
Sticker | Boom Trail (Glitter),0.22,0.34,2025-09-01 09:16:15,False
Charm | Hot Sauce,0.32,0.48,2025-09-01 09:17:00,False
Charm | Whittle Knife,0.24,0.36,2025-09-01 09:17:45,False
Charm | Whittle Knife,0.24,0.36,2025-09-01 09:17:55,False
Charm | Whittle Knife,0.24,0.36,2025-09-01 09:18:05,False
Charm | Lil' Crass,0.26,0.41,2025-09-01 09:18:20,False
Charm | Pocket AWP,0.21,0.34,2025-09-01 09:18:48,False
Charm | Pocket AWP,0.22,0.34,2025-09-01 09:18:59,False
Charm | Pocket AWP,0.22,0.34,2025-09-01 09:19:09,False
Charm | Lil' Ava,0.23,0.35,2025-09-01 09:19:44,False
Charm | Lil' SAS,0.45,0.65,2025-09-01 09:19:58,False
Sticker | Copenhagen Flames (Glitter) | Antwerp 2022,0.2,0.36,2025-09-01 15:35:06,False
Sticker | Copenhagen Flames (Glitter) | Antwerp 2022,0.2,0.36,2025-09-01 15:35:16,False
AK-47 | Elite Build (Field-Tested),1.0,1.21,2025-09-02 04:35:08,False
MP9 | Buff Blue (Factory New),0.25,1.25,2025-09-02 08:24:43,True
"Music Kit | bbno$, u mad!",2.93,3.4,2025-09-02 09:11:21,False
Sticker | Rainbow Route (Holo),0.97,1.17,2025-09-02 09:16:09,False
Sticker | Rainbow Route (Holo),0.97,1.17,2025-09-02 09:16:19,False
Sticker | High Heat,0.7,0.87,2025-09-02 09:17:58,False
Sticker | Winding Scorch (Foil),4.05,5.78,2025-09-02 09:28:37,True
MP9 | Buff Blue (Factory New),0.2,1.28,2025-09-03 01:29:37,True
MP9 | Starlight Protector (Minimal Wear),4.98,5.7,2025-09-03 01:35:46,False
MP9 | Starlight Protector (Minimal Wear),5.0,5.7,2025-09-03 01:35:56,False
MP9 | Starlight Protector (Minimal Wear),5.03,5.7,2025-09-03 01:36:06,False
Desert Eagle | Heat Treated (Field-Tested),1.24,1.5,2025-09-03 01:45:45,False
StatTrak™ M4A1-S | Emphorosaur-S (Field-Tested),1.43,1.62,2025-09-03 01:47:41,False
Sticker | Ninjas in Pyjamas (Holo) | Stockholm 2021,3.97,7.58,2025-09-03 09:12:55,True
Sticker | Ninjas in Pyjamas (Holo) | Stockholm 2021,3.97,7.58,2025-09-03 09:13:09,True
Sticker | Ninjas in Pyjamas (Holo) | Stockholm 2021,3.97,7.58,2025-09-03 09:13:19,True
Sticker | Ninjas in Pyjamas (Holo) | Stockholm 2021,3.97,7.58,2025-09-03 09:13:33,True
Sticker | Ninjas in Pyjamas (Holo) | Stockholm 2021,3.97,7.58,2025-09-03 09:13:45,True
Sticker | Ninjas in Pyjamas (Holo) | Stockholm 2021,3.97,7.58,2025-09-03 09:13:56,True
Sticker | Zeusception (Holo),1.4,2.04,2025-09-03 09:17:42,False
Sticker | Vitality (Holo) | Paris 2023,1.33,1.97,2025-09-03 09:23:08,True
Charm | Hot Sauce,0.29,0.45,2025-09-03 09:25:36,False
Charm | Big Kev,0.26,0.51,2025-09-03 09:26:49,True
Sticker | Liquid (Holo) | 2020 RMR,0.6,0.79,2025-09-03 14:30:31,False
Sticker | Liquid (Holo) | 2020 RMR,0.6,0.79,2025-09-03 14:30:41,False
Sticker | Liquid (Holo) | 2020 RMR,0.6,0.79,2025-09-03 14:30:52,False
AK-47 | Wintergreen (Minimal Wear),7.0,8.46,2025-09-03 20:19:52,False
Desert Eagle | Heat Treated (Field-Tested),1.24,1.5,2025-09-03 20:30:47,False
Desert Eagle | Heat Treated (Field-Tested),1.24,1.5,2025-09-03 20:30:57,False
M4A1-S | Nitro (Minimal Wear),1.08,2.02,2025-09-04 00:14:42,True
M4A1-S | Nitro (Minimal Wear),1.1,2.02,2025-09-04 00:14:52,True
Zeus x27 | Electric Blue (Factory New),0.9,1.55,2025-09-04 00:27:35,True
Sticker | Winding Scorch (Foil),4.49,5.7,2025-09-04 09:11:04,False
Sticker | Winding Scorch (Foil),4.49,5.7,2025-09-04 09:11:15,False
Sticker | Winding Scorch (Foil),4.49,5.7,2025-09-04 09:11:26,False
Sticker | Winding Scorch (Foil),4.49,5.7,2025-09-04 09:11:37,False
Sticker | Winding Scorch (Foil),4.49,5.7,2025-09-04 09:11:48,False
Sticker | Complexity Gaming (Glitter) | Shanghai 2024,0.27,0.44,2025-09-04 09:17:25,False
Sticker | North (Holo) | 2020 RMR,0.38,0.52,2025-09-04 09:18:58,False
Austin 2025 Legends Autograph Capsule,0.3,0.48,2025-09-04 09:19:41,False
Austin 2025 Legends Autograph Capsule,0.3,0.48,2025-09-04 09:19:51,False
Austin 2025 Legends Autograph Capsule,0.3,0.48,2025-09-04 09:20:01,False
Austin 2025 Legends Autograph Capsule,0.3,0.48,2025-09-04 09:20:11,False
Austin 2025 Legends Autograph Capsule,0.3,0.48,2025-09-04 09:20:22,False
Sticker | KOI (Glitter) | Copenhagen 2024,0.74,0.99,2025-09-04 09:20:36,False
Sticker | KOI (Glitter) | Copenhagen 2024,0.74,0.99,2025-09-04 09:20:46,False
Sticker | Boom (Holo) | 2020 RMR,0.31,0.61,2025-09-04 09:21:15,True
Glock-18 | Nuclear Garden (Field-Tested),0.7,1.09,2025-09-04 12:33:24,True
M4A1-S | Nitro (Minimal Wear),0.95,2.02,2025-09-04 12:35:38,True
Desert Eagle | Mulberry (Field-Tested),9.49,11.06,2025-09-04 22:14:04,False
MP7 | Bloodsport (Minimal Wear),2.54,2.95,2025-09-05 01:43:11,False
Sticker | Evil Geniuses (Holo) | 2020 RMR,0.99,1.25,2025-09-05 01:47:17,False
Sticker | Evil Geniuses (Holo) | 2020 RMR,0.99,1.25,2025-09-05 01:47:32,False
Sticker | Evil Geniuses (Holo) | 2020 RMR,0.99,1.25,2025-09-05 01:47:42,False
Sticker | Evil Geniuses (Holo) | 2020 RMR,0.99,1.25,2025-09-05 01:47:52,False
Sticker | Evil Geniuses (Holo) | 2020 RMR,0.99,1.25,2025-09-05 01:48:03,False
Sticker | Evil Geniuses (Holo) | 2020 RMR,0.99,1.25,2025-09-05 01:48:13,False
Glock-18 | Nuclear Garden (Field-Tested),0.7,1.13,2025-09-06 00:15:42,False
Sticker | Battle Scarred (Holo),10.0,12.72,2025-09-06 00:18:35,False
Sticker | Battle Scarred (Holo),10.0,12.72,2025-09-06 00:18:46,False
Sticker | Web Stuck,0.55,0.69,2025-09-06 00:29:45,False
Sticker | Bolt Charge,0.52,0.67,2025-09-06 00:45:45,False
Sticker | Bolt Charge,0.52,0.67,2025-09-06 00:45:55,False
Sticker | Bolt Charge,0.52,0.67,2025-09-06 00:46:05,False
Sticker | Bolt Charge,0.52,0.67,2025-09-06 00:46:16,False
Sticker | Bolt Charge,0.52,0.67,2025-09-06 00:46:26,False
"Music Kit | bbno$, u mad!",2.95,3.48,2025-09-06 09:09:04,False
Stockholm 2021 Contenders Sticker Capsule,2.28,2.87,2025-09-06 09:10:00,False
Stockholm 2021 Contenders Sticker Capsule,2.28,2.87,2025-09-06 09:10:10,False
Stockholm 2021 Contenders Sticker Capsule,2.28,2.87,2025-09-06 09:10:21,False
Stockholm 2021 Contenders Sticker Capsule,2.28,2.87,2025-09-06 09:10:31,False
Stockholm 2021 Contenders Sticker Capsule,2.28,2.87,2025-09-06 09:10:41,False
Sticker | Evil Geniuses (Holo) | 2020 RMR,0.22,1.25,2025-09-06 09:15:05,True
Zeus x27 | Tosai (Minimal Wear),0.65,0.86,2025-09-06 09:17:45,False
Zeus x27 | Tosai (Minimal Wear),0.68,0.86,2025-09-06 09:17:55,False
Zeus x27 | Tosai (Minimal Wear),0.68,0.86,2025-09-06 09:18:05,False
Street Soldier | Phoenix,12.6,14.37,2025-09-06 10:03:01,False
AWP | Duality (Minimal Wear),3.99,4.51,2025-09-06 13:52:11,False
Sticker | KOI (Glitter) | Copenhagen 2024,0.83,0.99,2025-09-06 17:26:29,False
StatTrak™ USP-S | Ticket to Hell (Minimal Wear),2.42,2.92,2025-09-07 08:19:48,False
USP-S | Ticket to Hell (Factory New),1.46,1.75,2025-09-07 08:27:45,False
MP9 | Buff Blue (Factory New),0.2,1.32,2025-09-07 08:30:00,True
MP9 | Buff Blue (Factory New),0.22,1.32,2025-09-07 08:30:11,True
Glock-18 | Nuclear Garden (Field-Tested),0.72,1.13,2025-09-07 08:30:25,False
MP7 | Bloodsport (Minimal Wear),2.5,2.89,2025-09-07 08:39:41,False
Sticker | North (Holo) | 2020 RMR,0.35,0.51,2025-09-07 09:22:01,False
Sticker | Liquid (Holo) | 2020 RMR,0.5,0.79,2025-09-07 09:25:09,True
Charm | Lil' Crass,0.3,0.42,2025-09-07 09:26:09,False
MP7 | Fade (Factory New),5.33,6.39,2025-09-07 09:33:56,False
StatTrak™ M4A1-S | Night Terror (Field-Tested),1.79,2.37,2025-09-08 08:21:27,False
M4A4 | Tooth Fairy (Field-Tested),1.71,2.0,2025-09-08 08:23:14,False
M4A4 | Choppa (Factory New),0.51,0.69,2025-09-08 08:27:20,False
MP9 | Buff Blue (Factory New),0.27,1.32,2025-09-08 08:30:27,True
Sticker | HooXi (Glitter) | Copenhagen 2024,0.04,0.38,2025-09-08 09:18:08,True
Charm | Pinch O' Salt,0.31,0.5,2025-09-08 09:22:50,False
Charm | Pinch O' Salt,0.35,0.5,2025-09-08 09:23:00,False
Charm | Pinch O' Salt,0.35,0.5,2025-09-08 09:23:11,False
Charm | Pinch O' Salt,0.35,0.5,2025-09-08 09:23:21,False
Charm | Pinch O' Salt,0.35,0.5,2025-09-08 09:23:31,False
Sticker | Bolt Charge,0.35,0.61,2025-09-08 09:23:58,True
Charm | Hot Sauce,0.32,0.47,2025-09-08 09:24:14,False
Sticker | Flex,0.32,0.65,2025-09-08 09:25:09,True
Charm | Lil' Crass,0.26,0.42,2025-09-08 09:27:02,False
Charm | Lil' Crass,0.26,0.42,2025-09-08 09:27:13,False
Charm | Lil' Crass,0.26,0.42,2025-09-08 09:27:23,False
Charm | Lil' Crass,0.26,0.42,2025-09-08 09:27:33,False
Charm | Lil' Crass,0.26,0.42,2025-09-08 09:27:44,False
Sticker | Liquid (Holo) | 2020 RMR,0.45,0.79,2025-09-08 13:33:11,True
Sticker | Liquid (Holo) | 2020 RMR,0.45,0.79,2025-09-08 13:33:21,True
Sticker | North (Holo) | 2020 RMR,0.32,0.51,2025-09-08 13:49:29,False
Sticker | North (Holo) | 2020 RMR,0.32,0.51,2025-09-08 13:49:39,False
Sticker | North (Holo) | 2020 RMR,0.32,0.51,2025-09-08 13:49:49,False
Sticker | North (Holo) | 2020 RMR,0.32,0.51,2025-09-08 13:49:59,False
Sticker | North (Holo) | 2020 RMR,0.32,0.51,2025-09-08 13:50:10,False
Sticker | Boom (Holo) | 2020 RMR,0.27,0.85,2025-09-08 13:51:11,True
Charm | Glamour Shot,1.5,1.85,2025-09-08 21:04:42,False
StatTrak™ Desert Eagle | Trigger Discipline (Minimal Wear),4.16,7.59,2025-09-09 11:34:24,True
AWP | Green Energy (Field-Tested),32.0,42.54,2025-09-09 11:37:33,False
AK-47 | Wintergreen (Minimal Wear),6.98,8.17,2025-09-09 11:42:26,False
Glock-18 | Shinobu (Field-Tested),3.09,3.53,2025-09-09 11:45:42,False
Glock-18 | Shinobu (Field-Tested),3.1,3.53,2025-09-09 11:45:52,False
Desert Eagle | Heat Treated (Field-Tested),1.22,1.4,2025-09-09 11:54:21,False
Sticker | Cloud9 (Glitter) | Antwerp 2022,0.86,1.16,2025-09-09 11:56:31,False
Sticker | Cloud9 (Glitter) | Antwerp 2022,0.86,1.16,2025-09-09 11:56:41,False
Sticker | Cloud9 (Glitter) | Antwerp 2022,0.86,1.16,2025-09-09 11:56:51,False
Sticker | Cloud9 (Glitter) | Antwerp 2022,0.86,1.16,2025-09-09 11:57:02,False
3rd Commando Company | KSK,16.16,18.62,2025-09-09 21:56:40,False
StatTrak™ M4A1-S | Night Terror (Field-Tested),1.74,2.38,2025-09-10 00:27:41,False
StatTrak™ M4A1-S | Night Terror (Field-Tested),1.74,2.38,2025-09-10 00:27:51,False
SSG 08 | Hand Brake (Minimal Wear),0.38,0.55,2025-09-10 00:36:50,False
Glock-18 | Nuclear Garden (Field-Tested),0.72,1.14,2025-09-10 00:40:47,False
MAC-10 | Neon Rider (Minimal Wear),7.83,9.4,2025-09-10 00:46:16,False
Glock-18 | Vogue (Minimal Wear),3.71,4.44,2025-09-10 03:33:44,False
AWP | Black Nile (Field-Tested),1.68,1.96,2025-09-10 04:26:18,False
AWP | Acheron (Minimal Wear),0.65,0.83,2025-09-10 04:31:00,False
Sticker | m0NESY (Glitter) | Copenhagen 2024,0.67,1.58,2025-09-10 09:31:06,True
Sticker | Team Liquid (Holo) | Paris 2023,1.15,1.87,2025-09-10 09:35:28,True
Sticker | Team Liquid (Holo) | Paris 2023,1.15,1.87,2025-09-10 09:35:38,True
Austin 2025 Legends Autograph Capsule,0.26,0.48,2025-09-10 09:38:20,True
Sticker | Boom Blast (Glitter),0.09,0.46,2025-09-10 09:46:20,True
Sticker | Boom Blast (Glitter),0.12,0.46,2025-09-10 09:46:30,False
Sticker | Boom Blast (Glitter),0.12,0.46,2025-09-10 09:46:41,False
Sticker | Boom Blast (Glitter),0.12,0.46,2025-09-10 09:46:51,False
StatTrak™ Glock-18 | Umbral Rabbit (Minimal Wear),1.54,2.49,2025-09-10 12:31:10,False
USP-S | Jawbreaker (Field-Tested),4.58,5.19,2025-09-10 12:39:44,False
StatTrak™ Desert Eagle | Trigger Discipline (Minimal Wear),5.49,7.59,2025-09-10 12:54:36,False
AWP | Phobos (Minimal Wear),1.3,1.67,2025-09-10 16:23:15,False
MP5-SD | Kitbash (Minimal Wear),0.48,0.83,2025-09-11 02:39:20,False
MP5-SD | Kitbash (Minimal Wear),0.48,0.83,2025-09-11 02:39:30,False
Sticker | Perfect World (Glitter) | Shanghai 2024,0.15,0.44,2025-09-11 09:11:24,True
M4A1-S | Nitro (Minimal Wear),1.09,2.08,2025-09-11 09:13:36,True
"Music Kit | Knock2, dashstar*",10.12,14.05,2025-09-11 09:19:12,False
Desert Eagle | Serpent Strike (Factory New),1.8,2.08,2025-09-11 12:09:18,False
Tec-9 | Fuel Injector (Field-Tested),3.99,4.59,2025-09-11 15:11:50,False
M4A1-S | Nitro (Minimal Wear),1.28,2.08,2025-09-12 08:52:05,False
M4A1-S | Nitro (Minimal Wear),1.28,2.08,2025-09-12 08:52:16,False
MP9 | Buff Blue (Factory New),0.21,1.12,2025-09-12 08:53:52,True
Desert Eagle | Heat Treated (Minimal Wear),3.2,3.76,2025-09-12 09:02:30,False
Sticker | Fluxo (Holo) | Paris 2023,1.52,2.68,2025-09-12 09:53:38,True
StatTrak™ Desert Eagle | Trigger Discipline (Minimal Wear),5.74,7.64,2025-09-12 14:56:26,False
AWP | Atheris (Minimal Wear),6.3,6.97,2025-09-12 15:08:13,False
Clutch Case,0.74,0.89,2025-09-12 22:12:49,False
MP9 | Starlight Protector (Field-Tested),1.79,2.38,2025-09-13 08:39:35,False
M4A1-S | Nitro (Minimal Wear),1.55,2.06,2025-09-13 08:40:18,False
AK-47 | Ice Coaled (Minimal Wear),6.9,7.67,2025-09-13 08:47:27,False
eSports 2014 Summer Case,10.35,11.59,2025-09-13 09:10:23,False
eSports 2014 Summer Case,10.35,11.59,2025-09-13 09:10:37,False
eSports 2014 Summer Case,10.35,11.59,2025-09-13 09:10:47,False
eSports 2014 Summer Case,10.35,11.59,2025-09-13 09:10:57,False
eSports 2014 Summer Case,10.35,11.59,2025-09-13 09:11:08,False
eSports 2014 Summer Case,10.35,11.59,2025-09-13 09:11:18,False
Sticker | Winding Scorch (Foil),4.0,4.48,2025-09-13 09:14:05,False
Charm | Hot Sauce,0.3,0.48,2025-09-13 09:19:27,False
Charm | Hot Sauce,0.3,0.48,2025-09-13 09:19:37,False
Charm | Hot Sauce,0.3,0.48,2025-09-13 09:19:47,False
Charm | Hot Sauce,0.3,0.48,2025-09-13 09:19:58,False
Charm | Hot Sauce,0.3,0.48,2025-09-13 09:20:08,False
Charm | Hot Sauce,0.3,0.48,2025-09-13 09:20:18,False
Sticker | FlyQuest (Glitter) | Shanghai 2024,0.45,0.68,2025-09-13 09:20:34,False
Charm | Big Kev,0.27,0.5,2025-09-13 09:21:34,True
Charm | Big Kev,0.27,0.5,2025-09-13 09:21:44,True
Charm | Big Kev,0.27,0.5,2025-09-13 09:21:54,True
Charm | Big Kev,0.27,0.5,2025-09-13 09:22:04,True
Charm | Big Kev,0.27,0.5,2025-09-13 09:22:14,True
Charm | Big Kev,0.27,0.5,2025-09-13 09:22:25,True
Charm | Big Kev,0.27,0.5,2025-09-13 09:22:35,True
Charm | Big Kev,0.27,0.5,2025-09-13 09:22:45,True
Charm | Big Kev,0.27,0.5,2025-09-13 09:22:56,True
Charm | Big Kev,0.27,0.5,2025-09-13 09:23:06,True
Charm | Big Kev,0.27,0.5,2025-09-13 09:23:16,True
eSports 2014 Summer Case,10.35,11.59,2025-09-14 00:48:59,False
Desert Eagle | Mulberry (Field-Tested),9.0,9.99,2025-09-14 08:28:30,False
Desert Eagle | Heat Treated (Minimal Wear),3.15,4.41,2025-09-14 08:43:37,False
Sticker | Heroic (Glitter) | Copenhagen 2024,0.12,0.24,2025-09-14 09:22:01,False
Sticker | Vitality (Glitter) | Copenhagen 2024,0.15,0.36,2025-09-14 09:27:04,True
AK-47 | Midnight Laminate (Field-Tested),11.59,12.79,2025-09-14 09:42:18,False
Stockholm 2021 Legends Sticker Capsule,3.84,4.64,2025-09-15 01:47:05,False
Stockholm 2021 Legends Sticker Capsule,3.84,4.64,2025-09-15 01:47:15,False
Stockholm 2021 Legends Sticker Capsule,3.84,4.64,2025-09-15 01:47:26,False
Stockholm 2021 Legends Sticker Capsule,3.84,4.64,2025-09-15 01:47:36,False
Stockholm 2021 Legends Sticker Capsule,3.84,4.64,2025-09-15 01:47:46,False
Stockholm 2021 Legends Sticker Capsule,3.84,4.64,2025-09-15 01:47:56,False
Stockholm 2021 Legends Sticker Capsule,3.84,4.64,2025-09-15 01:48:07,False
Stockholm 2021 Legends Sticker Capsule,3.84,4.64,2025-09-15 01:48:17,False
Stockholm 2021 Legends Sticker Capsule,3.84,4.64,2025-09-15 01:48:27,False
Stockholm 2021 Legends Sticker Capsule,3.84,4.64,2025-09-15 01:48:37,False
Galil AR | Metallic Squeezer (Field-Tested),0.36,0.54,2025-09-15 09:04:20,False
3rd Commando Company | KSK,15.58,19.33,2025-09-15 09:14:15,False
Sticker | Ninjas in Pyjamas (Holo) | Stockholm 2021,4.0,5.59,2025-09-15 09:19:07,True
Sticker | Ninjas in Pyjamas (Holo) | Stockholm 2021,4.0,5.59,2025-09-15 09:19:18,True
Sticker | ZywOo (Glitter) | Copenhagen 2024,0.18,0.39,2025-09-15 09:23:17,True
Sticker | Mastermind (Holo),0.48,0.72,2025-09-15 09:24:13,False
Sticker | Liquid (Holo) | 2020 RMR,0.61,0.85,2025-09-15 09:24:52,False
AWP | Black Nile (Field-Tested),1.6,1.83,2025-09-15 09:28:51,False
Sticker | Gold Web (Foil),4.05,5.6,2025-09-15 09:34:11,False
Sticker | Renegades (Holo) | Katowice 2019,2.79,3.78,2025-09-15 09:34:44,False
Operation Riptide Case,10.5,12.05,2025-09-15 09:41:25,False
R8 Revolver | Blaze (Factory New),3.08,3.91,2025-09-15 10:09:22,False
R8 Revolver | Blaze (Factory New),3.08,3.91,2025-09-15 10:09:33,False
R8 Revolver | Blaze (Factory New),3.08,3.91,2025-09-15 10:09:43,False
StatTrak™ M4A1-S | Night Terror (Minimal Wear),3.19,3.59,2025-09-15 16:25:34,False
StatTrak™ M4A1-S | Night Terror (Minimal Wear),3.19,3.59,2025-09-15 16:25:44,False
Desert Eagle | Mecha Industries (Minimal Wear),6.0,6.75,2025-09-15 23:13:20,False
Sticker | Fnatic (Holo) | 2020 RMR,0.34,0.83,2025-09-16 09:27:37,True
Sticker | Fnatic (Holo) | 2020 RMR,0.34,0.83,2025-09-16 09:27:47,True
Sticker | GODSENT (Holo) | 2020 RMR,0.24,0.62,2025-09-16 09:29:01,True
Sticker | North (Holo) | 2020 RMR,0.34,0.59,2025-09-16 09:30:02,False
Sticker | 100 Thieves (Holo) | 2020 RMR,0.11,0.38,2025-09-16 09:30:33,True
Sticker | 100 Thieves (Holo) | 2020 RMR,0.11,0.38,2025-09-16 09:30:43,True
Sticker | PGL (Holo) | Copenhagen 2024,1.18,1.87,2025-09-16 09:31:06,True
Sticker | PGL (Holo) | Copenhagen 2024,1.18,1.87,2025-09-16 09:31:16,True
Copenhagen 2024 Legends Sticker Capsule,0.33,0.53,2025-09-16 09:31:54,False
Sticker | Evil Geniuses (Holo) | 2020 RMR,0.24,1.75,2025-09-16 09:32:08,True
Sticker | Evil Geniuses (Holo) | 2020 RMR,0.24,1.75,2025-09-16 09:32:18,True
Sticker | Evil Geniuses (Holo) | 2020 RMR,0.24,1.75,2025-09-16 09:32:29,True
Sticker | FURIA (Holo) | 2020 RMR,0.15,1.03,2025-09-16 09:33:08,True
Sticker | FURIA (Holo) | 2020 RMR,0.15,1.03,2025-09-16 09:33:18,True
Sticker | Boom (Holo) | 2020 RMR,0.31,0.98,2025-09-16 09:33:43,True
10 Year Birthday Sticker Capsule,0.6,0.93,2025-09-16 09:34:22,False
Sticker | Hypnoteyes (Holo),2.1,3.31,2025-09-16 09:39:14,True
Sticker | Hypnoteyes (Holo),2.65,3.31,2025-09-16 09:39:24,False
Sticker | SAW (Glitter) | Copenhagen 2024,0.66,0.98,2025-09-16 09:39:41,False
"Music Kit | bbno$, u mad!",2.95,3.77,2025-09-16 09:40:30,False
Sticker | Battle Scarred (Holo),11.8,15.46,2025-09-16 09:42:00,False
Sticker | Flex,0.32,0.96,2025-09-16 09:44:54,True
Sticker | Flex,0.32,0.96,2025-09-16 09:45:04,True
Sticker | Flex,0.32,0.96,2025-09-16 09:45:15,True
MP9 | Buff Blue (Factory New),0.33,1.01,2025-09-16 09:45:41,True
MP9 | Buff Blue (Factory New),0.33,1.01,2025-09-16 09:45:51,True
Sticker | Vitality (Glitter) | Copenhagen 2024,0.17,0.36,2025-09-16 11:52:40,False
Sticker | Vitality (Glitter) | Copenhagen 2024,0.17,0.36,2025-09-16 11:52:50,False
Sticker | Vitality (Glitter) | Copenhagen 2024,0.17,0.36,2025-09-16 11:53:01,False
Sticker | Vitality (Glitter) | Copenhagen 2024,0.17,0.36,2025-09-16 11:53:11,False
USP-S | Guardian (Factory New),15.0,18.95,2025-09-16 12:18:37,False
Glock-18 | Wasteland Rebel (Minimal Wear),4.4,5.68,2025-09-16 12:26:16,False
Desert Eagle | Heat Treated (Minimal Wear),2.96,4.62,2025-09-17 01:43:48,False
Sticker | Mastermind (Holo),0.51,0.72,2025-09-17 09:18:31,False
Sticker | Perfect World (Glitter) | Shanghai 2024,0.15,0.48,2025-09-17 09:20:34,True
Sticker | Perfect World (Glitter) | Shanghai 2024,0.15,0.48,2025-09-17 09:20:45,True
Operator | FBI SWAT,12.25,25.33,2025-09-17 09:24:20,True
Easy Peasy Pin,2.68,4.01,2025-09-17 09:27:20,False
StatTrak™ M4A1-S | Emphorosaur-S (Field-Tested),1.38,2.08,2025-09-17 12:24:20,False
Desert Eagle | Heat Treated (Minimal Wear),3.04,4.62,2025-09-17 12:45:27,False
Galil AR | Chromatic Aberration (Minimal Wear),4.19,5.07,2025-09-17 12:57:03,False
Stockholm 2021 Legends Sticker Capsule,3.75,5.16,2025-09-17 19:51:57,False
StatTrak™ M4A1-S | Emphorosaur-S (Field-Tested),1.38,2.08,2025-09-17 20:34:07,False
AK-47 | Slate (Battle-Scarred),2.0,2.72,2025-09-17 21:19:00,False
"Music Kit | The Verkkars, EZ4ENCE",3.75,4.69,2025-09-18 09:09:23,False
Sticker | Vitality (Holo) | Paris 2023,1.24,2.25,2025-09-18 09:12:36,True
Sticker | Perfect World (Glitter) | Shanghai 2024,0.15,0.48,2025-09-18 09:14:30,True
"Music Kit | bbno$, u mad!",3.08,3.78,2025-09-18 09:18:09,False
Sticker | Vitality (Holo) | 2020 RMR,0.18,0.38,2025-09-18 09:46:53,False
Sticker | Vitality (Holo) | 2020 RMR,0.18,0.38,2025-09-18 09:47:04,False
StatTrak™ USP-S | Ticket to Hell (Minimal Wear),2.07,2.91,2025-09-18 12:26:52,False
AWP | Pit Viper (Minimal Wear),1.05,1.86,2025-09-18 12:34:40,False
Antwerp 2022 Contenders Sticker Capsule,0.92,1.27,2025-09-18 21:38:05,False
Antwerp 2022 Contenders Sticker Capsule,0.92,1.27,2025-09-18 21:38:15,False
Antwerp 2022 Contenders Sticker Capsule,0.92,1.27,2025-09-18 21:38:26,False
Antwerp 2022 Contenders Sticker Capsule,0.92,1.27,2025-09-18 21:38:36,False
Antwerp 2022 Contenders Sticker Capsule,0.92,1.27,2025-09-18 21:38:46,False
Antwerp 2022 Contenders Sticker Capsule,0.92,1.27,2025-09-18 21:38:56,False
Antwerp 2022 Contenders Sticker Capsule,0.92,1.27,2025-09-18 21:39:07,False
Antwerp 2022 Contenders Sticker Capsule,0.92,1.27,2025-09-18 21:39:17,False
Antwerp 2022 Contenders Sticker Capsule,0.92,1.27,2025-09-18 21:39:27,False
Antwerp 2022 Contenders Sticker Capsule,0.92,1.27,2025-09-18 21:39:37,False
Antwerp 2022 Contenders Sticker Capsule,0.92,1.27,2025-09-18 21:39:48,False
Sticker | Fnatic (Holo) | 2020 RMR,0.37,0.81,2025-09-19 09:21:04,True
Sticker | Evil Geniuses (Holo) | 2020 RMR,0.78,1.27,2025-09-19 09:21:56,True
Sticker | Liquid (Holo) | 2020 RMR,0.59,0.86,2025-09-19 09:27:41,False
Sticker | Liquid (Holo) | 2020 RMR,0.59,0.86,2025-09-19 09:27:56,False
Sticker | Battle Scarred (Holo),11.49,15.53,2025-09-19 09:34:23,False
Sticker | m0NESY (Glitter) | Copenhagen 2024,0.72,1.58,2025-09-19 09:48:13,True
Easy Peasy Pin,2.72,3.99,2025-09-19 12:12:46,False
MP9 | Buff Blue (Factory New),0.21,0.64,2025-09-19 12:15:08,False
Stockholm 2021 Legends Sticker Capsule,2.75,5.32,2025-09-19 12:23:42,True
Stockholm 2021 Legends Sticker Capsule,2.75,5.32,2025-09-19 12:23:52,True
Stockholm 2021 Legends Sticker Capsule,2.75,5.32,2025-09-19 12:24:02,True
Stockholm 2021 Legends Sticker Capsule,2.75,5.32,2025-09-19 12:24:12,True
Stockholm 2021 Legends Sticker Capsule,2.75,5.32,2025-09-19 12:24:23,True
Stockholm 2021 Legends Sticker Capsule,2.75,5.32,2025-09-19 12:24:33,True
Stockholm 2021 Legends Sticker Capsule,2.75,5.32,2025-09-19 12:24:44,True
Stockholm 2021 Legends Sticker Capsule,2.75,5.32,2025-09-19 12:24:54,True
Stockholm 2021 Legends Sticker Capsule,2.75,5.32,2025-09-19 12:25:04,True
Stockholm 2021 Legends Sticker Capsule,2.75,5.32,2025-09-19 12:25:14,True
Sticker | Battle Scarred (Holo),12.02,15.53,2025-09-19 22:51:41,False
AK-47 | Inheritance (Minimal Wear),106.73,116.61,2025-09-19 22:56:37,False
AWP | Printstream (Field-Tested),45.01,51.72,2025-09-19 22:57:39,False
Sticker | BIG (Holo) | 2020 RMR,0.24,0.37,2025-09-19 23:10:48,False
Glock-18 | Water Elemental (Minimal Wear),7.96,9.34,2025-09-20 00:37:49,False
Stockholm 2021 Contenders Sticker Capsule,3.75,4.43,2025-09-20 04:27:04,False
Stockholm 2021 Contenders Sticker Capsule,3.75,4.43,2025-09-20 04:27:14,False
Stockholm 2021 Contenders Sticker Capsule,3.5,4.43,2025-09-20 09:30:51,False
"Music Kit | The Verkkars, EZ4ENCE",3.27,4.68,2025-09-20 09:31:08,True
Sticker | FURIA (Holo) | 2020 RMR,0.36,1.42,2025-09-20 09:33:34,True
Sticker | FURIA (Holo) | 2020 RMR,0.36,1.42,2025-09-20 09:33:45,True
Sticker | Boom (Holo) | 2020 RMR,0.62,0.98,2025-09-20 09:37:42,True
Sticker | Perfect World (Glitter) | Shanghai 2024,0.22,0.49,2025-09-20 09:39:56,True
Sticker | Perfect World (Glitter) | Shanghai 2024,0.22,0.49,2025-09-20 09:40:07,True
Sticker | Perfect World (Glitter) | Shanghai 2024,0.22,0.49,2025-09-20 09:40:17,True
Sticker | Perfect World (Glitter) | Shanghai 2024,0.22,0.49,2025-09-20 09:40:28,True
Sticker | Perfect World (Glitter) | Shanghai 2024,0.22,0.49,2025-09-20 09:40:39,True
Sticker | Battle Scarred (Holo),10.9,15.53,2025-09-20 09:47:02,False
Lt. Commander Ricksaw | NSWC SEAL,18.34,20.84,2025-09-20 09:58:56,False
3rd Commando Company | KSK,15.41,18.54,2025-09-20 09:59:18,False
3rd Commando Company | KSK,15.41,18.54,2025-09-20 09:59:28,False
3rd Commando Company | KSK,15.41,18.54,2025-09-20 09:59:44,False
3rd Commando Company | KSK,15.41,18.54,2025-09-20 09:59:54,False
3rd Commando Company | KSK,15.41,18.54,2025-09-20 10:00:05,False
3rd Commando Company | KSK,15.41,18.54,2025-09-20 10:00:15,False
3rd Commando Company | KSK,15.41,18.54,2025-09-20 10:00:28,False
Welcome to the Clutch Pin,3.1,3.71,2025-09-20 10:04:34,False
Lt. Commander Ricksaw | NSWC SEAL,18.34,20.84,2025-09-20 10:25:27,False
Seal Team 6 Soldier | NSWC SEAL,12.4,15.71,2025-09-20 10:41:10,False
AK-47 | Uncharted (Factory New),1.88,2.86,2025-09-20 11:06:04,False
MAC-10 | Neon Rider (Minimal Wear),7.85,8.84,2025-09-20 18:45:32,False
MP7 | Bloodsport (Field-Tested),1.38,1.84,2025-09-21 02:10:53,False
AK-47 | Slate (Battle-Scarred),2.43,2.76,2025-09-21 02:27:04,False
Gallery Case,1.14,1.36,2025-09-21 02:27:32,False
Gallery Case,1.14,1.36,2025-09-21 02:27:43,False
Gallery Case,1.14,1.36,2025-09-21 02:28:02,False
Gallery Case,1.14,1.36,2025-09-21 02:28:12,False
Gallery Case,1.14,1.36,2025-09-21 02:28:23,False
Gallery Case,1.14,1.36,2025-09-21 02:28:33,False
Gallery Case,1.14,1.36,2025-09-21 02:28:43,False
Gallery Case,1.14,1.36,2025-09-21 02:28:53,False
Gallery Case,1.14,1.36,2025-09-21 02:29:04,False
Gallery Case,1.14,1.36,2025-09-21 02:29:14,False
Gallery Case,1.14,1.36,2025-09-21 02:29:24,False
Desert Eagle | Meteorite (Factory New),1.92,2.32,2025-09-21 08:47:32,False
Glock-18 | Candy Apple (Factory New),3.5,4.75,2025-09-21 08:52:14,False
Glock-18 | Candy Apple (Factory New),3.7,4.75,2025-09-21 08:52:24,False
Glock-18 | Candy Apple (Factory New),3.71,4.75,2025-09-21 08:52:35,False
M249 | Downtown (Factory New),1.8,3.48,2025-09-21 08:52:55,True
10 Year Birthday Sticker Capsule,0.61,0.93,2025-09-21 09:09:04,False
StatTrak™ Glock-18 | Umbral Rabbit (Minimal Wear),1.43,2.49,2025-09-21 09:23:07,True
Sticker | Boom (Holo) | 2020 RMR,0.5,0.88,2025-09-21 09:36:09,True
Sticker | Boom (Holo) | 2020 RMR,0.5,0.88,2025-09-21 09:36:24,True
Sticker | Boom (Holo) | 2020 RMR,0.5,0.88,2025-09-21 09:36:34,True
Sticker | Vitality (Holo) | 2020 RMR,0.17,0.38,2025-09-21 09:41:38,True
Sticker | Vitality (Holo) | 2020 RMR,0.17,0.38,2025-09-21 09:41:55,True
Sticker | Vitality (Holo) | 2020 RMR,0.17,0.38,2025-09-21 09:42:11,True
Sticker | Evil Geniuses (Holo) | 2020 RMR,0.81,1.27,2025-09-21 09:43:06,True
Sticker | Coiled Strike (Holo),1.36,1.65,2025-09-21 09:46:37,False
Sticker | 100 Thieves (Holo) | 2020 RMR,0.2,0.35,2025-09-21 09:48:08,False
AK-47 | Midnight Laminate (Field-Tested),9.74,11.91,2025-09-21 12:18:35,False
Glock-18 | Shinobu (Well-Worn),2.09,2.5,2025-09-21 12:21:02,False
USP-S | Cortex (Field-Tested),2.15,2.49,2025-09-21 12:27:51,False
Desert Eagle | Blue Ply (Factory New),2.05,2.78,2025-09-21 12:30:24,False
Desert Eagle | Blue Ply (Factory New),2.06,2.78,2025-09-21 12:30:34,False
Desert Eagle | Light Rail (Minimal Wear),1.52,1.8,2025-09-21 12:30:52,False
USP-S | Cyrex (Minimal Wear),1.65,1.98,2025-09-21 12:31:40,False
USP-S | Guardian (Factory New),12.44,18.71,2025-09-21 12:33:26,False
Desert Eagle | Tilted (Minimal Wear),0.6,1.04,2025-09-21 12:36:02,False
Glock-18 | Water Elemental (Field-Tested),3.67,4.52,2025-09-21 12:46:06,False
AK-47 | The Empress (Field-Tested),32.12,36.37,2025-09-21 13:02:22,False
M4A1-S | Nightmare (Field-Tested),8.13,9.86,2025-09-21 13:05:33,False
USP-S | Jawbreaker (Field-Tested),4.33,4.92,2025-09-21 14:15:49,False
AK-47 | Ice Coaled (Field-Tested),3.0,3.52,2025-09-21 14:39:47,False
AWP | Atheris (Well-Worn),2.5,3.44,2025-09-21 15:57:34,False
AWP | Atheris (Well-Worn),2.7,3.44,2025-09-21 19:41:04,False
AK-47 | Wintergreen (Minimal Wear),6.19,7.0,2025-09-21 20:59:15,False
Sticker | Hypnoteyes (Holo),2.12,3.31,2025-09-22 14:35:39,True
Antwerp 2022 Legends Sticker Capsule,0.77,0.96,2025-09-22 14:37:26,False
Antwerp 2022 Legends Sticker Capsule,0.77,0.96,2025-09-22 14:37:36,False
Antwerp 2022 Legends Sticker Capsule,0.77,0.96,2025-09-22 14:37:47,False
Antwerp 2022 Legends Sticker Capsule,0.77,0.96,2025-09-22 14:37:57,False
Antwerp 2022 Legends Sticker Capsule,0.77,0.96,2025-09-22 14:38:07,False
Antwerp 2022 Legends Sticker Capsule,0.77,0.96,2025-09-22 14:38:17,False
Antwerp 2022 Legends Sticker Capsule,0.77,0.96,2025-09-22 14:38:27,False
Antwerp 2022 Legends Sticker Capsule,0.77,0.96,2025-09-22 14:38:38,False
Antwerp 2022 Legends Sticker Capsule,0.77,0.96,2025-09-22 14:38:48,False
Antwerp 2022 Legends Sticker Capsule,0.77,0.96,2025-09-22 14:38:58,False
Sticker | Hydro Wave,0.23,0.4,2025-09-22 14:40:22,False
USP-S | Ticket to Hell (Factory New),1.7,2.14,2025-09-22 14:41:05,False
StatTrak™ Desert Eagle | Printstream (Field-Tested),50.0,59.34,2025-09-22 14:51:04,False
StatTrak™ Glock-18 | Umbral Rabbit (Factory New),4.66,6.18,2025-09-22 19:36:46,False
AWP | Phobos (Factory New),4.59,6.4,2025-09-23 01:54:51,False
Glock-18 | Candy Apple (Factory New),3.85,4.94,2025-09-23 01:55:14,False
Sticker | Natus Vincere (Holo) | Stockholm 2021,3.38,8.71,2025-09-23 02:03:45,True
Sticker | Natus Vincere (Holo) | Stockholm 2021,4.41,8.71,2025-09-23 02:03:55,True
Sticker | Natus Vincere (Holo) | Stockholm 2021,4.41,8.71,2025-09-23 02:04:05,True
Sticker | Natus Vincere (Holo) | Stockholm 2021,4.41,8.71,2025-09-23 02:04:15,True
Sticker | Natus Vincere (Holo) | Stockholm 2021,4.41,8.71,2025-09-23 02:04:25,True
Sticker | Web Stuck (Holo),0.87,1.04,2025-09-23 02:11:19,False
AWP | Acheron (Minimal Wear),0.81,1.02,2025-09-23 02:14:32,False
P250 | Asiimov (Field-Tested),4.44,5.07,2025-09-23 04:45:02,False
Welcome to the Clutch Pin,2.81,3.61,2025-09-23 09:25:46,False
Inferno 2 Pin,2.63,3.26,2025-09-23 09:26:12,False
"Music Kit | The Verkkars, EZ4ENCE",3.48,4.55,2025-09-23 09:28:27,False
Sticker | Web Stuck,0.57,0.77,2025-09-23 09:33:13,False
Sticker | Web Stuck,0.57,0.77,2025-09-23 09:33:24,False
MP7 | Bloodsport (Minimal Wear),2.54,3.07,2025-09-23 09:34:16,False
Sticker | Vitality (Holo) | 2020 RMR,0.21,0.38,2025-09-23 09:35:03,False
Sticker | Vitality (Holo) | 2020 RMR,0.21,0.38,2025-09-23 09:35:16,False
Sticker | Vitality (Holo) | 2020 RMR,0.21,0.38,2025-09-23 09:35:28,False
Sticker | Vitality (Holo) | 2020 RMR,0.21,0.38,2025-09-23 09:35:40,False
Sticker | Vitality (Holo) | 2020 RMR,0.21,0.38,2025-09-23 09:35:52,False
Sticker | Vitality (Holo) | 2020 RMR,0.21,0.38,2025-09-23 09:36:02,False
Sticker | Fnatic (Holo) | 2020 RMR,0.5,0.93,2025-09-23 09:37:15,True
Sticker | Fnatic (Holo) | 2020 RMR,0.5,0.93,2025-09-23 09:37:26,True
Sticker | Fnatic (Holo) | 2020 RMR,0.5,0.93,2025-09-23 09:37:37,True
Sticker | Fnatic (Holo) | 2020 RMR,0.5,0.93,2025-09-23 09:37:47,True
Sticker | Fnatic (Holo) | 2020 RMR,0.5,0.93,2025-09-23 09:37:59,True
Sticker | Fnatic (Holo) | 2020 RMR,0.5,0.93,2025-09-23 09:38:13,True
Sticker | Fnatic (Holo) | 2020 RMR,0.5,0.93,2025-09-23 09:38:24,True
Sticker | Fnatic (Holo) | 2020 RMR,0.5,0.93,2025-09-23 09:38:35,True
Sticker | Fnatic (Holo) | 2020 RMR,0.5,0.93,2025-09-23 09:38:46,True
Sticker | Fnatic (Holo) | 2020 RMR,0.5,0.93,2025-09-23 09:38:57,True
Sticker | Evil Geniuses (Holo) | 2020 RMR,0.93,1.27,2025-09-23 09:39:35,False
Sticker | Evil Geniuses (Holo) | 2020 RMR,1.06,1.27,2025-09-23 09:39:47,False
Sticker | Evil Geniuses (Holo) | 2020 RMR,1.06,1.27,2025-09-23 09:39:57,False
Sticker | Evil Geniuses (Holo) | 2020 RMR,1.06,1.27,2025-09-23 09:40:07,False
Sticker | Evil Geniuses (Holo) | 2020 RMR,1.06,1.27,2025-09-23 09:40:18,False
Sticker | Evil Geniuses (Holo) | 2020 RMR,1.06,1.27,2025-09-23 09:40:28,False
Sticker | FURIA (Holo) | 2020 RMR,0.44,1.42,2025-09-23 09:40:55,True
Sticker | FURIA (Holo) | 2020 RMR,0.5,1.42,2025-09-23 09:41:05,True
Sticker | FURIA (Holo) | 2020 RMR,0.5,1.42,2025-09-23 09:41:15,True
Sticker | FURIA (Holo) | 2020 RMR,0.5,1.42,2025-09-23 09:41:25,True
Sticker | FURIA (Holo) | 2020 RMR,0.5,1.42,2025-09-23 09:41:36,True
Sticker | FURIA (Holo) | 2020 RMR,0.5,1.42,2025-09-23 09:41:47,True
Sticker | FURIA (Holo) | 2020 RMR,0.5,1.42,2025-09-23 09:41:58,True
Sticker | FURIA (Holo) | 2020 RMR,0.5,1.42,2025-09-23 09:42:10,True
Sticker | FURIA (Holo) | 2020 RMR,0.5,1.42,2025-09-23 09:42:21,True
Sticker | FURIA (Holo) | 2020 RMR,0.5,1.42,2025-09-23 09:42:32,True
Sticker | FURIA (Holo) | 2020 RMR,0.5,1.42,2025-09-23 09:42:44,True
Sticker | FURIA (Holo) | 2020 RMR,0.5,1.42,2025-09-23 09:42:54,True
Sticker | FURIA (Holo) | 2020 RMR,0.5,1.42,2025-09-23 09:43:05,True
Sticker | High Heat,0.74,1.01,2025-09-23 09:43:42,False
Sticker | Perfect World (Glitter) | Shanghai 2024,0.2,0.36,2025-09-23 09:45:44,False
Name Tag,1.27,1.53,2025-09-23 09:47:28,False
Easy Peasy Pin,2.7,4.11,2025-09-23 09:50:43,False
Sticker | Boom Blast (Glitter),0.03,0.45,2025-09-23 09:52:23,True
CS:GO Weapon Case 2,9.18,10.29,2025-09-23 09:59:48,False
Sticker | Hypnoteyes (Holo),0.95,3.31,2025-09-23 11:13:03,True
M4A4 | Desolate Space (Field-Tested),6.99,8.09,2025-09-23 13:23:29,False
StatTrak™ M4A1-S | Night Terror (Field-Tested),1.76,2.41,2025-09-24 00:31:16,False
MP9 | Buff Blue (Factory New),0.21,0.67,2025-09-24 00:34:39,True
Glock-18 | Candy Apple (Factory New),3.5,4.94,2025-09-24 00:55:10,False
Glock-18 | Candy Apple (Factory New),3.64,4.94,2025-09-24 00:55:21,False
Sticker | Hypnoteyes (Holo),2.25,3.31,2025-09-24 01:09:06,True
"Music Kit | Denzel Curry, ULTIMATE",3.0,4.19,2025-09-24 09:16:30,True
"Music Kit | Denzel Curry, ULTIMATE",3.51,4.19,2025-09-24 09:16:41,False
Gallery Case,1.1,1.32,2025-09-24 09:18:47,False
Gallery Case,1.1,1.32,2025-09-24 09:18:57,False
Gallery Case,1.1,1.32,2025-09-24 09:19:07,False
Gallery Case,1.1,1.32,2025-09-24 09:19:18,False
Gallery Case,1.1,1.32,2025-09-24 09:19:28,False
Gallery Case,1.1,1.32,2025-09-24 09:19:38,False
Gallery Case,1.1,1.32,2025-09-24 09:19:49,False
Gallery Case,1.1,1.32,2025-09-24 09:19:59,False
Gallery Case,1.1,1.32,2025-09-24 09:20:09,False
Sticker | Web Stuck,0.61,0.77,2025-09-24 09:20:53,False
StatTrak™ USP-S | Ticket to Hell (Minimal Wear),1.97,2.92,2025-09-24 09:21:12,True
Sticker | Web Stuck (Holo),0.84,1.04,2025-09-24 09:22:03,False
Sticker | Web Stuck (Holo),0.84,1.04,2025-09-24 09:22:13,False
Sticker | FURIA (Holo) | 2020 RMR,0.6,1.42,2025-09-24 09:23:58,True
Sticker | FURIA (Holo) | 2020 RMR,0.6,1.42,2025-09-24 09:24:09,True
Sticker | FURIA (Holo) | 2020 RMR,0.6,1.42,2025-09-24 09:24:19,True
Sticker | FURIA (Holo) | 2020 RMR,0.6,1.42,2025-09-24 09:24:30,True
10 Year Birthday Sticker Capsule,0.62,0.93,2025-09-24 09:25:05,False
Sticker | Gold Web,0.49,0.65,2025-09-24 09:28:09,False
Sticker | Gold Web,0.49,0.65,2025-09-24 09:28:19,False
Antwerp 2022 Contenders Sticker Capsule,0.85,1.27,2025-09-24 22:40:49,True
Gallery Case,1.09,1.32,2025-09-24 23:02:14,False
Gallery Case,1.09,1.32,2025-09-24 23:02:24,False
AK-47 | Point Disarray (Field-Tested),11.5,14.11,2025-09-25 10:15:28,False
Gift Package,6.36,9.51,2025-09-25 10:16:01,False
Gift Package,6.36,9.51,2025-09-25 10:16:12,False
Gift Package,6.36,9.51,2025-09-25 10:16:22,False
Gift Package,6.36,9.51,2025-09-25 10:16:33,False
Gift Package,6.36,9.51,2025-09-25 10:16:43,False
Gift Package,6.36,9.51,2025-09-25 10:16:53,False
Gift Package,6.36,9.51,2025-09-25 10:17:03,False
Gift Package,6.36,9.51,2025-09-25 10:17:13,False
Gift Package,6.36,9.51,2025-09-25 10:17:24,False
Gift Package,6.36,9.51,2025-09-25 10:17:34,False
Gift Package,6.36,9.51,2025-09-25 10:17:44,False
Sticker | Gambit Gaming (Holo) | Stockholm 2021,6.4,22.02,2025-09-25 10:25:13,True
Sticker | Gambit Gaming (Holo) | Stockholm 2021,6.4,22.02,2025-09-25 10:25:23,True
Sticker | Gambit Gaming (Holo) | Stockholm 2021,6.4,22.02,2025-09-25 10:25:33,True
Sticker | Gambit Gaming (Holo) | Stockholm 2021,8.48,22.02,2025-09-25 10:25:43,True
Sticker | Gambit Gaming (Holo) | Stockholm 2021,12.5,22.02,2025-09-25 10:25:54,True
Sticker | Gambit Gaming (Holo) | Stockholm 2021,12.5,22.02,2025-09-25 10:26:04,True
Desert Eagle | Mulberry (Field-Tested),7.56,9.77,2025-09-25 10:28:12,False
Sticker | Apeks (Holo) | Paris 2023,2.37,3.49,2025-09-25 10:29:37,False
Sticker | Virtus.pro (Holo) | Copenhagen 2024,3.29,3.98,2025-09-25 10:30:08,False
Sticker | PGL (Holo) | Stockholm 2021,2.32,4.87,2025-09-25 10:30:49,True
M4A4 | Tooth Fairy (Minimal Wear),4.15,4.82,2025-09-25 10:31:23,False
Antwerp 2022 Legends Sticker Capsule,0.68,0.96,2025-09-25 10:35:10,False
Rio 2022 Legends Sticker Capsule,0.32,0.5,2025-09-25 10:35:43,False
Rio 2022 Legends Sticker Capsule,0.32,0.5,2025-09-25 10:35:53,False
Rio 2022 Legends Sticker Capsule,0.32,0.5,2025-09-25 10:36:04,False
Rio 2022 Legends Sticker Capsule,0.32,0.5,2025-09-25 10:36:14,False
Rio 2022 Legends Sticker Capsule,0.32,0.5,2025-09-25 10:36:25,False
Rio 2022 Legends Sticker Capsule,0.32,0.5,2025-09-25 10:36:35,False
Rio 2022 Legends Sticker Capsule,0.32,0.5,2025-09-25 10:36:46,False
Rio 2022 Legends Sticker Capsule,0.32,0.5,2025-09-25 10:36:56,False
Rio 2022 Legends Sticker Capsule,0.32,0.5,2025-09-25 10:37:07,False
Rio 2022 Legends Sticker Capsule,0.32,0.5,2025-09-25 10:37:18,False
Rio 2022 Contenders Sticker Capsule,0.29,0.43,2025-09-25 10:37:33,False
Rio 2022 Contenders Sticker Capsule,0.29,0.43,2025-09-25 10:37:43,False
Rio 2022 Contenders Sticker Capsule,0.29,0.43,2025-09-25 10:37:53,False
Rio 2022 Contenders Sticker Capsule,0.29,0.43,2025-09-25 10:38:03,False
Rio 2022 Contenders Sticker Capsule,0.29,0.43,2025-09-25 10:38:14,False
Rio 2022 Contenders Sticker Capsule,0.29,0.43,2025-09-25 10:38:24,False
Rio 2022 Contenders Sticker Capsule,0.29,0.43,2025-09-25 10:38:34,False
Rio 2022 Contenders Sticker Capsule,0.29,0.43,2025-09-25 10:38:44,False
Rio 2022 Contenders Sticker Capsule,0.29,0.43,2025-09-25 10:38:55,False
Rio 2022 Contenders Sticker Capsule,0.29,0.43,2025-09-25 10:39:05,False
Rio 2022 Challengers Sticker Capsule,0.32,0.45,2025-09-25 10:39:17,False
Rio 2022 Challengers Sticker Capsule,0.32,0.45,2025-09-25 10:39:28,False
Rio 2022 Challengers Sticker Capsule,0.32,0.45,2025-09-25 10:39:39,False
Rio 2022 Challengers Sticker Capsule,0.32,0.45,2025-09-25 10:39:49,False
Rio 2022 Challengers Sticker Capsule,0.32,0.45,2025-09-25 10:40:02,False
Rio 2022 Challengers Sticker Capsule,0.32,0.45,2025-09-25 10:40:13,False
Rio 2022 Challengers Sticker Capsule,0.32,0.45,2025-09-25 10:40:23,False
Rio 2022 Challengers Sticker Capsule,0.32,0.45,2025-09-25 10:40:34,False
Rio 2022 Challengers Sticker Capsule,0.32,0.45,2025-09-25 10:40:45,False
Rio 2022 Challengers Sticker Capsule,0.32,0.45,2025-09-25 10:40:55,False
Copenhagen 2024 Contenders Sticker Capsule,0.47,0.79,2025-09-25 10:41:22,True
Copenhagen 2024 Contenders Sticker Capsule,0.47,0.79,2025-09-25 10:41:32,True
Copenhagen 2024 Contenders Sticker Capsule,0.47,0.79,2025-09-25 10:41:42,True
Copenhagen 2024 Contenders Sticker Capsule,0.47,0.79,2025-09-25 10:41:52,True
Copenhagen 2024 Contenders Sticker Capsule,0.47,0.79,2025-09-25 10:42:03,True
Sticker | 100 Thieves (Holo) | 2020 RMR,0.21,0.35,2025-09-25 10:42:54,False
Sticker | TYLOO (Holo) | 2020 RMR,1.06,1.4,2025-09-25 10:43:35,False
Sticker | TYLOO (Holo) | 2020 RMR,1.06,1.4,2025-09-25 10:43:45,False
Sticker | TYLOO (Holo) | 2020 RMR,1.06,1.4,2025-09-25 10:43:55,False
AK-47 | Searing Rage (Field-Tested),2.5,2.85,2025-09-25 10:44:14,False
Sticker | Astralis (Holo) | 2020 RMR,0.56,0.75,2025-09-25 10:45:38,False
Sticker | Blinky,0.29,0.47,2025-09-25 10:46:45,False
Sticker | Blinky,0.29,0.47,2025-09-25 10:46:56,False
Sticker | Blinky,0.29,0.47,2025-09-25 10:47:06,False
Sticker | Blinky,0.29,0.47,2025-09-25 10:47:17,False
Sticker | Blinky,0.29,0.47,2025-09-25 10:47:27,False
Sticker | Into The Breach (Holo) | Paris 2023,1.18,2.45,2025-09-25 10:47:39,True
Zeus x27 | Electric Blue (Factory New),0.92,1.1,2025-09-25 10:47:58,False
XM1014 | Irezumi (Factory New),0.26,0.47,2025-09-25 10:49:00,True
XM1014 | Irezumi (Factory New),0.27,0.47,2025-09-25 10:49:10,True
XM1014 | Irezumi (Factory New),0.28,0.47,2025-09-25 10:49:21,False
XM1014 | Irezumi (Factory New),0.29,0.47,2025-09-25 10:49:31,False
XM1014 | Irezumi (Factory New),0.29,0.47,2025-09-25 10:49:41,False
XM1014 | Irezumi (Factory New),0.3,0.47,2025-09-25 10:49:52,False
XM1014 | Irezumi (Factory New),0.3,0.47,2025-09-25 10:50:02,False
XM1014 | Irezumi (Factory New),0.31,0.47,2025-09-25 10:50:13,False
XM1014 | Irezumi (Factory New),0.31,0.47,2025-09-25 10:50:23,False
2020 RMR Legends,0.24,0.36,2025-09-25 10:52:29,False
P2000 | Wicked Sick (Field-Tested),0.9,1.08,2025-09-25 10:53:22,False
Sticker | 100 Thieves (Foil) | 2020 RMR,0.46,0.67,2025-09-25 10:53:39,False
Sticker | 100 Thieves (Foil) | 2020 RMR,0.46,0.67,2025-09-25 10:53:49,False
Sticker | 100 Thieves (Foil) | 2020 RMR,0.46,0.67,2025-09-25 10:53:59,False
USP-S | Guardian (Factory New),11.99,19.54,2025-09-25 10:54:40,False
AK-47 | Midnight Laminate (Field-Tested),10.0,11.47,2025-09-25 12:44:59,False
AK-47 | Redline (Field-Tested),33.0,37.36,2025-09-25 15:13:31,False
Glock-18 | Candy Apple (Factory New),3.51,4.78,2025-09-25 16:23:05,False
Zeus x27 | Olympus (Field-Tested),3.6,4.59,2025-09-25 16:23:21,False
Zeus x27 | Olympus (Field-Tested),3.6,4.59,2025-09-25 16:23:32,False
M4A4 | Converter (Factory New),1.41,2.36,2025-09-25 16:24:45,True
USP-S | Check Engine (Factory New),1.19,1.87,2025-09-25 16:25:19,False
M4A1-S | Nitro (Minimal Wear),1.01,1.6,2025-09-25 16:25:48,False
AWP | Atheris (Factory New),18.83,21.61,2025-09-25 16:31:02,False
AK-47 | Ice Coaled (Factory New),16.85,19.47,2025-09-25 16:31:43,False
AK-47 | Ice Coaled (Factory New),16.86,19.47,2025-09-25 16:31:53,False
StatTrak™ Glock-18 | Vogue (Field-Tested),3.84,4.95,2025-09-25 16:35:55,False
StatTrak™ M4A1-S | Night Terror (Minimal Wear),2.51,3.22,2025-09-25 16:38:47,False
AWP | Pit Viper (Minimal Wear),1.0,1.71,2025-09-25 16:54:35,True
Shadow Case,1.45,1.68,2025-09-25 17:33:13,False
Shadow Case,1.45,1.68,2025-09-25 17:33:23,False
Shadow Case,1.45,1.68,2025-09-25 17:33:34,False
Shadow Case,1.45,1.68,2025-09-25 17:33:52,False
Shadow Case,1.45,1.68,2025-09-25 17:34:02,False
Shadow Case,1.45,1.68,2025-09-25 17:34:13,False
Shadow Case,1.45,1.68,2025-09-25 17:34:23,False
Shadow Case,1.45,1.68,2025-09-25 17:34:33,False
Shadow Case,1.45,1.68,2025-09-25 17:34:44,False
Shadow Case,1.45,1.68,2025-09-25 17:34:54,False
Shadow Case,1.45,1.68,2025-09-25 17:35:09,False
AK-47 | Midnight Laminate (Field-Tested),9.99,11.47,2025-09-25 22:05:52,False
MP9 | Food Chain (Field-Tested),1.0,2.15,2025-09-26 01:13:21,True
Sticker | Gambit Gaming (Holo) | Stockholm 2021,9.63,22.02,2025-09-26 09:43:14,True
Sticker | Natus Vincere (Holo) | Stockholm 2021,5.45,7.48,2025-09-26 09:44:58,False
CS:GO Weapon Case 2,9.11,10.41,2025-09-26 09:45:56,False
Sticker | Grayhound Gaming (Holo) | Paris 2023,0.9,1.25,2025-09-26 09:48:49,False
UMP-45 | K.O. Factory (Field-Tested),2.0,2.39,2025-09-26 09:49:33,False
Sticker | PGL (Holo) | Stockholm 2021,2.89,4.87,2025-09-26 09:49:49,True
Sticker | PGL (Holo) | Stockholm 2021,2.89,4.87,2025-09-26 09:50:05,True
Patch | Metal The Global Elite,3.18,4.88,2025-09-26 09:50:28,True
Charm | Chicken Lil',1.59,2.05,2025-09-26 09:54:53,False
Sticker | Bolt Strike (Foil),2.24,2.79,2025-09-26 09:55:30,False
Sticker | Bolt Strike (Foil),2.24,2.79,2025-09-26 09:55:40,False
Name Tag,1.15,1.54,2025-09-26 09:56:13,False
Name Tag,1.15,1.54,2025-09-26 09:56:23,False
Rio 2022 Legends Sticker Capsule,0.31,0.5,2025-09-26 09:56:52,False
Rio 2022 Contenders Sticker Capsule,0.28,0.43,2025-09-26 09:57:07,False
Sticker | Team Spirit (Glitter) | Shanghai 2024,0.24,0.45,2025-09-26 09:59:37,True
Sticker | Boombl4 (Holo) | Stockholm 2021,0.47,1.19,2025-09-26 10:01:13,True
Sticker | Boombl4 (Holo) | Stockholm 2021,0.47,1.19,2025-09-26 10:01:23,True
Sticker | Boombl4 (Holo) | Stockholm 2021,0.47,1.19,2025-09-26 10:01:33,True
Sticker | Web Stuck,0.57,0.72,2025-09-26 10:03:02,False
Sticker | Web Stuck,0.57,0.72,2025-09-26 10:03:18,False
AWP | Atheris (Factory New),18.9,21.61,2025-09-26 10:16:59,False
Sticker | Gold Web (Foil),4.45,7.28,2025-09-26 10:34:53,True
StatTrak™ M4A1-S | Emphorosaur-S (Minimal Wear),3.43,3.89,2025-09-26 10:47:55,False
M4A4 | 龍王 (Dragon King) (Minimal Wear),18.19,23.12,2025-09-26 10:59:39,False
Glock-18 | Candy Apple (Factory New),3.27,4.78,2025-09-26 11:01:43,False
MP7 | Bloodsport (Minimal Wear),2.68,3.45,2025-09-26 11:02:14,False
MP9 | Starlight Protector (Field-Tested),1.76,2.39,2025-09-26 11:03:04,False
M4A1-S | Nitro (Minimal Wear),1.09,1.6,2025-09-26 11:04:10,False
AK-47 | Olive Polycam (Factory New),0.84,1.27,2025-09-26 11:05:20,False
AK-47 | Olive Polycam (Factory New),0.84,1.27,2025-09-26 11:05:30,False
AK-47 | Searing Rage (Field-Tested),2.55,2.85,2025-09-26 11:19:35,False
USP-S | Cyrex (Minimal Wear),1.69,1.99,2025-09-26 11:21:16,False
Glock-18 | Candy Apple (Factory New),3.27,4.78,2025-09-26 11:28:16,False
M4A4 | Converter (Factory New),1.37,2.36,2025-09-26 11:29:42,True
USP-S | Check Engine (Factory New),1.19,1.87,2025-09-26 11:30:16,False
M4A1-S | Nitro (Minimal Wear),1.02,1.6,2025-09-26 11:30:45,False
AK-47 | Olive Polycam (Factory New),0.7,1.27,2025-09-26 11:31:54,True
AWP | PAW (Factory New),6.01,6.75,2025-09-26 11:39:10,False
StatTrak™ Glock-18 | Vogue (Field-Tested),4.16,4.95,2025-09-26 11:41:03,False
Sticker | Hypnoteyes (Holo),2.0,3.31,2025-09-26 12:20:48,True
Sticker | Hypnoteyes (Holo),2.0,3.31,2025-09-26 12:20:59,True
Sticker | Hypnoteyes (Holo),2.0,3.31,2025-09-26 12:21:09,True
Glock-18 | Bullet Queen (Minimal Wear),14.0,17.14,2025-09-26 12:52:52,False
Glove Case,9.02,10.29,2025-09-26 18:19:06,False
Glove Case,9.02,10.29,2025-09-26 18:19:16,False
MAC-10 | Disco Tech (Field-Tested),2.15,2.74,2025-09-27 01:59:10,False
USP-S | Check Engine (Factory New),1.24,1.72,2025-09-27 02:00:49,False
★ Driver Gloves | Black Tie (Field-Tested),255.0,277.75,2025-09-27 02:03:17,False
Gift Package,5.5,8.91,2025-09-27 08:57:31,True
Gift Package,5.5,8.91,2025-09-27 08:57:42,True
Gift Package,5.5,8.91,2025-09-27 08:57:52,True
Gift Package,5.5,8.91,2025-09-27 08:58:03,True
Gift Package,5.5,8.91,2025-09-27 08:58:13,True
Gift Package,5.5,8.91,2025-09-27 08:58:23,True
Gift Package,5.5,8.91,2025-09-27 08:58:33,True
Gift Package,5.5,8.91,2025-09-27 08:58:44,True
Gift Package,5.5,8.91,2025-09-27 08:58:53,True
Gift Package,5.5,8.91,2025-09-27 08:59:04,True
Sticker | Scorch Loop,0.22,0.43,2025-09-27 09:19:00,True
Sticker | Scorch Loop,0.22,0.43,2025-09-27 09:19:10,True
Glock-18 | Ocean Topo (Factory New),0.75,1.34,2025-09-27 10:17:05,True
Sticker | Rainbow Route (Holo),1.2,2.15,2025-09-27 16:26:35,True
Sticker | FaZe Clan (Glitter) | Copenhagen 2024,0.62,0.94,2025-09-28 09:10:23,True
Sticker | Gold Web (Foil),3.46,7.22,2025-09-28 09:11:43,True
Sticker | Hypnoteyes (Holo),1.04,3.08,2025-09-28 09:13:09,True
Sticker | Team Spirit (Glitter) | Copenhagen 2024,0.59,0.93,2025-09-28 09:35:01,True
Sticker | Evil Geniuses (Holo) | 2020 RMR,0.43,0.83,2025-09-28 09:35:13,True
Sticker | Evil Geniuses (Holo) | 2020 RMR,0.43,0.83,2025-09-28 09:35:24,True
Sticker | Evil Geniuses (Holo) | 2020 RMR,0.43,0.83,2025-09-28 09:35:34,True
AK-47 | Olive Polycam (Factory New),0.74,1.25,2025-09-28 10:25:08,True
StatTrak™ USP-S | Ticket to Hell (Minimal Wear),1.9,2.92,2025-09-28 16:56:55,True
USP-S | Alpine Camo (Factory New),4.5,5.96,2025-09-28 18:15:40,False
Glock-18 | Candy Apple (Factory New),3.28,4.69,2025-09-28 22:54:20,False
Glock-18 | Candy Apple (Factory New),3.28,4.69,2025-09-28 22:54:31,False
Sticker | Hypnoteyes (Holo),2.22,3.08,2025-09-28 22:54:57,False
Sticker | 100 Thieves (Holo) | 2020 RMR,0.17,0.34,2025-09-28 23:07:55,False
Sticker | 100 Thieves (Holo) | 2020 RMR,0.17,0.34,2025-09-28 23:08:06,False
Sticker | 100 Thieves (Holo) | 2020 RMR,0.17,0.34,2025-09-28 23:08:16,False
AWP | Mortis (Minimal Wear),3.15,3.6,2025-09-28 23:08:45,False
Austin 2025 Legends Autograph Capsule,0.27,0.46,2025-09-28 23:11:43,False
Austin 2025 Legends Autograph Capsule,0.27,0.46,2025-09-28 23:11:54,False
Austin 2025 Legends Autograph Capsule,0.27,0.46,2025-09-28 23:12:04,False
Austin 2025 Legends Autograph Capsule,0.27,0.46,2025-09-28 23:12:14,False
Austin 2025 Legends Autograph Capsule,0.27,0.46,2025-09-28 23:12:25,False
Austin 2025 Legends Autograph Capsule,0.27,0.46,2025-09-28 23:12:35,False
Austin 2025 Legends Autograph Capsule,0.27,0.46,2025-09-28 23:12:45,False
Austin 2025 Legends Autograph Capsule,0.27,0.46,2025-09-28 23:12:56,False
Austin 2025 Legends Autograph Capsule,0.27,0.46,2025-09-28 23:13:06,False
Austin 2025 Legends Autograph Capsule,0.27,0.46,2025-09-28 23:13:16,False
Austin 2025 Legends Autograph Capsule,0.27,0.46,2025-09-28 23:13:26,False
Sticker | Ninjas in Pyjamas (Holo) | 2020 RMR,0.16,0.28,2025-09-28 23:16:52,False
Sticker | Ninjas in Pyjamas (Holo) | 2020 RMR,0.16,0.28,2025-09-28 23:17:02,False
Sticker | Ninjas in Pyjamas (Holo) | 2020 RMR,0.16,0.28,2025-09-28 23:17:13,False
Sticker | Ninjas in Pyjamas (Holo) | 2020 RMR,0.16,0.28,2025-09-28 23:17:23,False
Glock-18 | Shinobu (Well-Worn),2.37,2.66,2025-09-28 23:18:39,False
AK-47 | Olive Polycam (Factory New),1.04,1.25,2025-09-28 23:20:37,False
AK-47 | Olive Polycam (Factory New),1.05,1.25,2025-09-28 23:20:48,False
AK-47 | Olive Polycam (Factory New),1.05,1.25,2025-09-28 23:20:58,False
AK-47 | Olive Polycam (Factory New),1.05,1.25,2025-09-28 23:21:08,False
AK-47 | Redline (Field-Tested),32.74,36.68,2025-09-28 23:29:41,False
AWP | Asiimov (Field-Tested),114.5,128.92,2025-09-29 08:31:25,False
Sticker | FURIA (Holo) | Paris 2023,3.34,6.64,2025-09-30 09:23:43,True
Sticker | FURIA (Holo) | Paris 2023,3.34,6.64,2025-09-30 09:24:01,True
Sticker | MOUZ (Holo) | Paris 2023,2.04,3.64,2025-09-30 09:26:57,True
Sticker | Into The Breach (Holo) | Paris 2023,0.96,2.35,2025-09-30 09:27:53,True
Sticker | Into The Breach (Holo) | Paris 2023,0.96,2.35,2025-09-30 09:28:07,True
Sticker | Into The Breach (Holo) | Paris 2023,0.96,2.35,2025-09-30 09:28:20,True
Sticker | Fnatic (Holo) | Paris 2023,1.13,1.9,2025-09-30 09:29:02,True
Sticker | FaZe Clan (Holo) | Paris 2023,1.17,2.09,2025-09-30 09:29:38,True
Sticker | Grayhound Gaming (Holo) | Paris 2023,0.64,1.25,2025-09-30 09:29:55,True
Sticker | Vitality (Holo) | Paris 2023,1.14,2.86,2025-09-30 09:30:20,True
Sticker | The MongolZ (Holo) | Paris 2023,0.67,1.43,2025-09-30 09:30:46,True
Sticker | The MongolZ (Holo) | Paris 2023,0.67,1.43,2025-09-30 09:30:56,True
Sticker | Team Liquid (Holo) | Paris 2023,1.17,1.9,2025-09-30 09:32:05,True
StatTrak™ USP-S | Ticket to Hell (Minimal Wear),2.07,2.95,2025-09-30 10:30:50,True
Austin 2025 Legends Autograph Capsule,0.27,0.47,2025-10-01 02:15:54,True
Austin 2025 Legends Autograph Capsule,0.27,0.47,2025-10-01 02:16:04,True
Austin 2025 Legends Autograph Capsule,0.27,0.47,2025-10-01 02:16:15,True
Austin 2025 Legends Autograph Capsule,0.27,0.47,2025-10-01 02:16:25,True
Austin 2025 Legends Autograph Capsule,0.27,0.47,2025-10-01 02:16:35,True
Austin 2025 Legends Autograph Capsule,0.27,0.47,2025-10-01 02:16:46,True
Austin 2025 Legends Autograph Capsule,0.27,0.47,2025-10-01 02:16:56,True
Austin 2025 Legends Autograph Capsule,0.27,0.47,2025-10-01 02:17:06,True
Austin 2025 Legends Autograph Capsule,0.27,0.47,2025-10-01 02:17:16,True
Austin 2025 Legends Autograph Capsule,0.27,0.47,2025-10-01 02:17:27,True
Sticker | Broken Fang (Holo),1.64,2.44,2025-10-01 09:11:13,True
Sticker | Broken Fang (Holo),1.64,2.44,2025-10-01 09:11:24,True
Sticker | Coiled Strike (Holo),1.25,1.86,2025-10-01 09:12:49,True
Sticker | Coiled Strike (Holo),1.25,1.86,2025-10-01 09:13:00,True
Sticker | Coiled Strike (Holo),1.25,1.86,2025-10-01 09:13:11,True
MP9 | Starlight Protector (Field-Tested),1.5,2.24,2025-10-01 09:15:05,True
Sticker | Enemy Spotted (Holo),1.07,1.89,2025-10-01 09:37:50,True
Sticker | Enemy Spotted (Holo),1.07,1.89,2025-10-01 09:38:01,True
Sticker | Broken Fang (Holo),1.43,2.44,2025-10-01 09:39:38,True
MP7 | Fade (Factory New),7.43,9.99,2025-10-01 14:19:08,False
Desert Eagle | Heat Treated (Minimal Wear),3.28,4.44,2025-10-01 17:36:17,False
Desert Eagle | Heat Treated (Minimal Wear),3.31,4.44,2025-10-01 17:36:27,False
M4A4 | Converter (Factory New),1.54,2.27,2025-10-01 17:37:06,False
USP-S | Ticket to Hell (Factory New),1.62,2.16,2025-10-01 22:33:25,False
AK-47 | Inheritance (Minimal Wear),95.0,107.57,2025-10-01 22:35:25,False
Sticker | Natus Vincere (Holo) | Stockholm 2021,3.18,7.28,2025-10-02 01:27:46,True
Sticker | Natus Vincere (Holo) | Stockholm 2021,3.18,7.28,2025-10-02 01:27:56,True
Sticker | Natus Vincere (Holo) | Stockholm 2021,3.18,7.28,2025-10-02 01:28:06,True
Sticker | Natus Vincere (Holo) | Stockholm 2021,3.18,7.28,2025-10-02 01:28:16,True
Sticker | Natus Vincere (Holo) | Stockholm 2021,3.18,7.28,2025-10-02 01:28:27,True
Sticker | Natus Vincere (Holo) | Stockholm 2021,3.18,7.28,2025-10-02 01:28:37,True
Sticker | Natus Vincere (Holo) | Stockholm 2021,3.18,7.28,2025-10-02 01:28:47,True
Sticker | Natus Vincere (Holo) | Stockholm 2021,3.18,7.28,2025-10-02 01:28:58,True
Sticker | Natus Vincere (Holo) | Stockholm 2021,3.18,7.28,2025-10-02 01:29:08,True
Sticker | Natus Vincere (Holo) | Stockholm 2021,3.18,7.28,2025-10-02 01:29:18,True
Sticker | Natus Vincere (Holo) | Stockholm 2021,3.18,7.28,2025-10-02 01:29:29,True
Sticker | Natus Vincere (Holo) | Stockholm 2021,3.18,7.28,2025-10-02 01:29:39,True
Sticker | Natus Vincere (Holo) | Stockholm 2021,3.18,7.28,2025-10-02 01:29:49,True
Sticker | Natus Vincere (Holo) | Stockholm 2021,3.18,7.28,2025-10-02 01:29:59,True
Sticker | Natus Vincere (Holo) | Stockholm 2021,3.18,7.28,2025-10-02 01:30:10,True
Sticker | Natus Vincere (Holo) | Paris 2023,2.0,3.34,2025-10-02 09:21:48,True
Sticker | Boom Detonation (Glitter),0.19,0.47,2025-10-02 09:28:48,True
Sticker | Boom Detonation (Glitter),0.26,0.47,2025-10-02 09:29:00,True
Sticker | TYLOO (Holo) | 2020 RMR,0.81,1.26,2025-10-02 09:31:55,True
Sticker | TYLOO (Holo) | 2020 RMR,0.81,1.26,2025-10-02 09:32:06,True
USP-S | Tropical Breeze (Field-Tested),1.4,2.08,2025-10-02 21:31:11,False
Sticker | SAW | Copenhagen 2024,0.17,0.41,2025-10-03 02:32:01,True
Sticker | SAW | Copenhagen 2024,0.17,0.41,2025-10-03 02:32:11,True
Sticker | SAW | Copenhagen 2024,0.17,0.41,2025-10-03 02:32:21,True
Sticker | SAW | Copenhagen 2024,0.19,0.41,2025-10-03 02:32:31,True
Sticker | SAW | Copenhagen 2024,0.2,0.41,2025-10-03 02:32:41,True
Sticker | SAW | Copenhagen 2024,0.2,0.41,2025-10-03 02:32:52,True
Sticker | SAW | Copenhagen 2024,0.2,0.41,2025-10-03 02:33:02,True
Sticker | SAW | Copenhagen 2024,0.2,0.41,2025-10-03 02:33:12,True
Sticker | SAW | Copenhagen 2024,0.2,0.41,2025-10-03 02:33:23,True
Sticker | SAW | Copenhagen 2024,0.2,0.41,2025-10-03 02:33:33,True
Sticker | SAW | Copenhagen 2024,0.2,0.41,2025-10-03 02:33:43,True
Sticker | SAW | Copenhagen 2024,0.2,0.41,2025-10-03 02:33:53,True
Sticker | SAW | Copenhagen 2024,0.2,0.41,2025-10-03 02:34:03,True
Sticker | SAW | Copenhagen 2024,0.2,0.41,2025-10-03 02:34:13,True
StatTrak™ Desert Eagle | Bronze Deco (Factory New),1.65,2.99,2025-10-03 09:20:28,True
Desert Eagle | Heat Treated (Field-Tested),1.41,2.0,2025-10-03 17:30:06,False
Desert Eagle | Heat Treated (Field-Tested),1.42,2.0,2025-10-03 17:30:17,False
Desert Eagle | Heat Treated (Field-Tested),1.48,2.0,2025-10-03 17:30:28,False
M4A1-S | Nitro (Minimal Wear),1.19,1.66,2025-10-03 17:33:00,False
AWP | Wildfire (Field-Tested),39.0,43.76,2025-10-03 17:35:23,False
Sticker | Bolt Strike,0.19,0.38,2025-10-04 09:10:47,True
Sticker | Bolt Strike,0.19,0.38,2025-10-04 09:10:58,True
Sticker | Bolt Strike,0.19,0.38,2025-10-04 09:11:08,True
Easy Peasy Pin,2.33,3.94,2025-10-04 09:17:57,True
AK-47 | Crossfade (Minimal Wear),3.17,5.3,2025-10-04 09:18:40,True
Canals Pin,2.03,3.28,2025-10-04 09:19:23,True
AWP | Black Nile (Field-Tested),1.64,2.68,2025-10-04 09:20:08,True
Sticker | Fnatic (Holo) | Paris 2023,1.06,1.88,2025-10-04 09:31:50,True
Sticker | SAW | Copenhagen 2024,0.18,0.41,2025-10-04 09:35:08,True
Sticker | SAW | Copenhagen 2024,0.18,0.41,2025-10-04 09:35:19,True
Sticker | SAW | Copenhagen 2024,0.18,0.41,2025-10-04 09:35:29,True
Sticker | Red Shades (Foil),2.51,3.56,2025-10-04 09:35:46,True
Sticker | Clown Wig,0.18,0.36,2025-10-04 09:42:24,True
StatTrak™ USP-S | Ticket to Hell (Minimal Wear),2.06,2.95,2025-10-05 09:17:33,True
P250 | See Ya Later (Field-Tested),2.33,3.94,2025-10-05 09:24:39,True
Sticker | Mustachio (Foil),1.09,2.56,2025-10-05 09:25:31,True
Desert Eagle | Mulberry (Field-Tested),6.4,9.09,2025-10-05 09:33:37,True
Sticker | Spirit (Holo) | 2020 RMR,0.46,0.88,2025-10-05 09:37:33,True
Sticker | Liquid (Holo) | 2020 RMR,0.49,0.85,2025-10-05 09:37:53,True
Sticker | Astralis (Holo) | 2020 RMR,0.42,0.75,2025-10-05 09:38:05,True
Sticker | Astralis (Holo) | 2020 RMR,0.42,0.75,2025-10-05 09:38:16,True
Sticker | Evil Geniuses (Holo) | 2020 RMR,0.26,0.69,2025-10-05 09:39:24,True
P250 | See Ya Later (Field-Tested),2.68,3.94,2025-10-05 22:02:54,False
AK-47 | Redline (Field-Tested),32.7,38.23,2025-10-05 22:08:21,False
Sticker | Ninjas in Pyjamas (Holo) | Stockholm 2021,2.25,7.56,2025-10-06 09:11:41,True
Sticker | PGL (Holo) | Stockholm 2021,1.65,4.35,2025-10-06 09:14:10,True
P250 | See Ya Later (Field-Tested),2.33,3.94,2025-10-06 09:29:28,True
P250 | See Ya Later (Field-Tested),2.33,3.94,2025-10-06 09:29:39,True
StatTrak™ Desert Eagle | Bronze Deco (Minimal Wear),1.13,2.16,2025-10-06 09:32:37,True
Sticker | Fnatic (Holo) | Paris 2023,1.06,1.89,2025-10-06 12:06:08,True
"Music Kit | The Verkkars, EZ4ENCE",3.07,4.37,2025-10-07 05:56:51,False
MP7 | Bloodsport (Field-Tested),1.19,1.79,2025-10-07 05:57:35,False
USP-S | Cyrex (Field-Tested),0.77,1.3,2025-10-07 05:58:09,False
Stockholm 2021 Contenders Sticker Capsule,3.37,4.75,2025-10-07 06:01:50,False
Stockholm 2021 Contenders Sticker Capsule,3.38,4.75,2025-10-07 06:02:10,False
Stockholm 2021 Contenders Sticker Capsule,3.38,4.75,2025-10-07 06:02:29,False
Sticker | OG (Holo) | Paris 2023,0.84,2.26,2025-10-07 09:10:25,True
M4A1-S | Nitro (Minimal Wear),0.92,1.62,2025-10-07 10:14:29,False
Sticker | Chompers,0.35,0.8,2025-10-07 10:15:47,False
Sticker | Chompers,0.35,0.8,2025-10-07 10:15:57,False
Sticker | Chompers,0.35,0.8,2025-10-07 10:16:07,False
Sticker | Chompers,0.35,0.8,2025-10-07 10:16:17,False
Sticker | Chompers,0.35,0.8,2025-10-07 10:16:28,False
Sticker | Chompers,0.35,0.8,2025-10-07 10:16:38,False
Sticker | Chompers,0.35,0.8,2025-10-07 10:16:48,False
Sticker | Chompers,0.35,0.8,2025-10-07 10:16:59,False
Sticker | Chompers,0.35,0.8,2025-10-07 10:17:09,False
Stockholm 2021 Contenders Sticker Capsule,3.38,4.75,2025-10-07 10:21:45,False
Stockholm 2021 Contenders Sticker Capsule,3.38,4.75,2025-10-07 15:01:57,False
Stockholm 2021 Contenders Sticker Capsule,3.38,4.75,2025-10-07 15:02:08,False
Stockholm 2021 Contenders Sticker Capsule,3.38,4.75,2025-10-07 15:02:18,False
Stockholm 2021 Contenders Sticker Capsule,3.38,4.75,2025-10-07 15:02:29,False
Sticker | Monte (Holo) | Paris 2023,1.56,2.44,2025-10-07 15:03:04,False
Sticker | Spirit (Holo) | 2020 RMR,0.58,0.87,2025-10-07 15:05:35,False
Sticker | Spirit (Holo) | 2020 RMR,0.58,0.87,2025-10-07 17:02:45,False
Sticker | Clown Wig,0.2,0.36,2025-10-07 17:06:04,False
Sticker | Clown Wig,0.2,0.36,2025-10-07 17:06:15,False
Sticker | Clown Wig,0.2,0.36,2025-10-07 17:06:35,False
Sticker | Clown Wig,0.2,0.36,2025-10-07 17:06:45,False
Sticker | Clown Wig,0.2,0.36,2025-10-07 17:06:56,False
Sticker | Clown Wig,0.2,0.36,2025-10-07 17:07:06,False
Sticker | Clown Wig,0.2,0.36,2025-10-07 17:07:16,False
Sticker | Clown Wig,0.2,0.36,2025-10-07 17:07:27,False
Sticker | Clown Wig,0.2,0.36,2025-10-07 17:07:37,False
Sticker | Clown Wig,0.2,0.36,2025-10-07 17:07:48,False
Sticker | Evil Geniuses (Holo) | 2020 RMR,0.24,0.66,2025-10-07 21:24:17,True
Sticker | Evil Geniuses (Holo) | 2020 RMR,0.24,0.66,2025-10-07 21:24:28,True
MAC-10 | Disco Tech (Field-Tested),1.96,2.68,2025-10-08 09:26:09,False
M4A4 | Converter (Factory New),1.01,2.0,2025-10-08 09:32:34,True
MP9 | Starlight Protector (Minimal Wear),4.74,6.22,2025-10-08 09:33:08,False
"Music Kit | The Verkkars, EZ4ENCE",3.3,4.41,2025-10-08 09:35:18,False
Sealed Graffiti | HellRaisers | London 2018,1.27,1.99,2025-10-08 09:44:42,False
Sticker | Spirit (Holo) | 2020 RMR,0.47,0.87,2025-10-08 09:47:55,False
Sticker | Astralis (Holo) | 2020 RMR,0.44,0.72,2025-10-08 09:48:36,False
Sticker | Evil Geniuses (Holo) | 2020 RMR,0.24,0.66,2025-10-08 09:49:11,True
Sticker | Evil Geniuses (Holo) | 2020 RMR,0.24,0.66,2025-10-08 09:49:24,True
AK-47 | Searing Rage (Field-Tested),2.2,2.92,2025-10-08 14:34:19,False
Sticker | The MongolZ (Holo) | Paris 2023,0.89,1.43,2025-10-08 14:56:55,False
Sticker | The MongolZ (Holo) | Paris 2023,0.89,1.43,2025-10-08 14:57:16,False
Sticker | The MongolZ (Holo) | Paris 2023,0.89,1.43,2025-10-08 14:57:36,False
Sticker | The MongolZ (Holo) | Paris 2023,0.89,1.43,2025-10-08 14:57:56,False
Sticker | The MongolZ (Holo) | Paris 2023,0.89,1.43,2025-10-08 14:58:17,False
Sticker | The MongolZ (Holo) | Paris 2023,0.89,1.43,2025-10-08 14:58:37,False
Sticker | The MongolZ (Holo) | Paris 2023,0.89,1.43,2025-10-08 14:58:57,False
Sticker | The MongolZ (Holo) | Paris 2023,0.89,1.43,2025-10-08 14:59:19,False
Sticker | The MongolZ (Holo) | Paris 2023,0.89,1.43,2025-10-08 14:59:42,False
Sticker | Evil Geniuses (Holo) | 2020 RMR,0.25,0.62,2025-10-09 09:09:38,True
Sticker | Evil Geniuses (Holo) | 2020 RMR,0.25,0.62,2025-10-09 09:09:48,True
Operation Hydra Case Key,2.19,2.85,2025-10-09 09:35:42,False
Operation Hydra Case Key,2.19,2.85,2025-10-09 09:35:52,False
AWP | Black Nile (Field-Tested),1.6,2.43,2025-10-09 09:51:04,False
M4A1-S | Nitro (Minimal Wear),0.97,1.6,2025-10-09 09:53:16,False
Sticker | MOUZ (Holo) | Paris 2023,1.78,3.64,2025-10-09 10:05:34,True
Sticker | Grayhound Gaming (Holo) | Paris 2023,0.57,1.13,2025-10-09 10:09:22,True
Sticker | 100 Thieves (Foil) | 2020 RMR,0.33,0.61,2025-10-09 10:10:58,False
M4A1-S | Nightmare (Minimal Wear),20.16,26.65,2025-10-09 11:22:26,False
Easy Peasy Pin,3.11,4.03,2025-10-11 15:31:55,False
MP9 | Goo (Minimal Wear),1.99,2.54,2025-10-11 15:34:44,False
MP9 | Goo (Minimal Wear),1.99,2.54,2025-10-11 15:34:54,False
MP9 | Goo (Minimal Wear),2.0,2.54,2025-10-11 15:35:05,False
Sealed Genesis Terminal,1.46,2.39,2025-10-11 15:36:15,True
Sealed Genesis Terminal,1.5,2.39,2025-10-11 15:36:26,True
Sealed Genesis Terminal,1.5,2.39,2025-10-11 15:36:36,True
Sealed Genesis Terminal,1.74,2.39,2025-10-11 15:36:46,False
Sealed Genesis Terminal,1.8,2.39,2025-10-11 15:36:57,False
USP-S | Cyrex (Field-Tested),0.88,1.29,2025-10-11 15:37:30,False
AK-47 | Redline (Field-Tested),31.42,37.58,2025-10-11 15:43:58,False
AK-47 | Redline (Field-Tested),32.39,37.58,2025-10-11 15:44:09,False
AK-47 | Redline (Field-Tested),32.89,37.58,2025-10-11 15:44:19,False
★ Moto Gloves | 3rd Commando Company (Field-Tested),70.0,78.18,2025-10-11 15:45:12,False
MAC-10 | Neon Rider (Minimal Wear),7.99,9.0,2025-10-11 15:50:56,False
AK-47 | Slate (Minimal Wear),6.0,6.84,2025-10-11 15:52:21,False
StatTrak™ Glock-18 | Umbral Rabbit (Factory New),4.78,5.5,2025-10-11 15:53:36,False
StatTrak™ Desert Eagle | Serpent Strike (Minimal Wear),2.5,3.64,2025-10-11 15:54:18,False
Sticker | Mastermind (Holo),6.0,8.11,2025-10-11 16:16:44,False
AK-47 | Redline (Field-Tested),30.0,37.58,2025-10-11 17:50:33,False
Sealed Genesis Terminal,1.5,2.39,2025-10-11 18:24:37,True
Sealed Genesis Terminal,1.85,2.39,2025-10-11 19:10:37,False
Sticker | Winding Scorch (Foil),4.49,6.34,2025-10-12 05:02:19,True
"Music Kit | bbno$, u mad!",2.83,3.5,2025-10-12 09:14:01,False
Welcome to the Clutch Pin,2.99,3.5,2025-10-12 09:20:58,False
AK-47 | Searing Rage (Well-Worn),2.1,2.44,2025-10-12 09:28:51,False
Sticker | Mastermind (Holo),4.49,8.11,2025-10-12 09:33:06,True
Sticker | Mastermind (Holo),4.49,8.11,2025-10-12 09:33:17,True
Easy Peasy Pin,2.8,4.03,2025-10-12 09:34:12,False
MAC-10 | Saibā Oni (Minimal Wear),2.45,3.35,2025-10-12 09:35:00,False
Guardian 3 Pin,2.19,2.88,2025-10-12 09:35:18,False
Sealed Genesis Terminal,0.79,2.39,2025-10-12 09:37:34,True
Sealed Genesis Terminal,0.79,2.39,2025-10-12 09:37:44,True
Sealed Genesis Terminal,0.79,2.39,2025-10-12 09:37:55,True
Galil AR | Green Apple (Factory New),1.2,1.67,2025-10-12 09:39:27,False
Galil AR | Green Apple (Factory New),1.2,1.67,2025-10-12 09:39:37,False
StatTrak™ M4A1-S | Emphorosaur-S (Field-Tested),1.56,2.11,2025-10-12 09:44:26,False
Dragomir | Sabre,12.0,13.55,2025-10-12 09:53:59,False
M4A1-S | Emphorosaur-S (Minimal Wear),0.86,1.06,2025-10-12 10:04:44,False
Sealed Genesis Terminal,0.79,2.39,2025-10-12 10:16:04,True
Sealed Genesis Terminal,0.79,2.39,2025-10-12 10:16:14,True
Sealed Genesis Terminal,0.79,2.39,2025-10-12 10:16:25,True
Sealed Genesis Terminal,0.79,2.39,2025-10-12 10:17:01,True
Sealed Genesis Terminal,0.79,2.39,2025-10-12 10:17:11,True
Sealed Genesis Terminal,0.9,2.39,2025-10-12 10:17:21,True
Glock-18 | Shinobu (Well-Worn),1.5,2.49,2025-10-12 17:10:35,True
M4A4 | Evil Daimyo (Minimal Wear),3.11,3.95,2025-10-13 02:00:52,False
StatTrak™ M4A1-S | Emphorosaur-S (Minimal Wear),2.8,3.68,2025-10-13 07:09:01,False
StatTrak™ Glock-18 | Umbral Rabbit (Factory New),4.0,5.48,2025-10-13 09:13:23,False
M4A1-S | Nitro (Minimal Wear),1.05,1.51,2025-10-13 09:49:14,False
M4A1-S | Nitro (Minimal Wear),1.05,1.51,2025-10-13 09:49:25,False
Desert Eagle | Tilted (Minimal Wear),0.8,1.22,2025-10-13 11:38:01,False
Sealed Genesis Terminal,0.85,1.56,2025-10-13 12:41:46,True
Name Tag,1.31,1.53,2025-10-14 09:08:03,False
Name Tag,1.31,1.53,2025-10-14 09:08:14,False
2020 RMR Contenders,0.24,0.37,2025-10-14 09:09:12,False
2020 RMR Contenders,0.22,0.37,2025-10-14 09:09:23,False
2020 RMR Contenders,0.22,0.37,2025-10-14 09:09:33,False
2020 RMR Contenders,0.22,0.37,2025-10-14 09:09:44,False
AK-47 | Searing Rage (Field-Tested),2.37,2.99,2025-10-14 09:12:26,False
Glock-18 | Shinobu (Well-Worn),2.04,2.47,2025-10-14 09:23:29,False
MP7 | Fade (Factory New),7.56,11.51,2025-10-14 09:28:39,False
StatTrak™ Desert Eagle | Trigger Discipline (Minimal Wear),4.07,6.16,2025-10-14 09:29:24,False
Sticker | Hypnoteyes (Holo),1.49,3.0,2025-10-14 09:31:32,True
StatTrak™ USP-S | Ticket to Hell (Minimal Wear),2.16,2.88,2025-10-14 09:31:50,False
AWP | Black Nile (Field-Tested),1.72,2.45,2025-10-14 09:33:21,False
USP-S | Tropical Breeze (Field-Tested),1.57,2.18,2025-10-14 09:35:19,False
Glock-18 | Winterized (Factory New),0.37,0.73,2025-10-14 09:37:16,False
StatTrak™ M4A1-S | Emphorosaur-S (Field-Tested),1.18,2.0,2025-10-14 09:38:54,True
StatTrak™ M4A1-S | Night Terror (Factory New),5.9,6.97,2025-10-14 09:54:22,False
Galil AR | Tuxedo (Minimal Wear),1.17,1.45,2025-10-14 09:56:27,False
Glock-18 | Shinobu (Field-Tested),2.84,3.37,2025-10-14 09:59:10,False
StatTrak™ M4A1-S | Night Terror (Minimal Wear),2.56,3.16,2025-10-14 10:02:28,False
2020 RMR Contenders,0.22,0.37,2025-10-14 10:06:11,False
2020 RMR Contenders,0.22,0.37,2025-10-14 10:06:21,False
2020 RMR Contenders,0.22,0.37,2025-10-14 10:06:32,False
2020 RMR Contenders,0.22,0.37,2025-10-14 10:06:42,False
2020 RMR Contenders,0.22,0.37,2025-10-14 10:06:53,False
2020 RMR Contenders,0.22,0.37,2025-10-14 10:07:03,False
2020 RMR Contenders,0.22,0.37,2025-10-14 10:07:13,False
Sticker | Mastermind,0.15,0.64,2025-10-14 10:09:00,True
AWP | Atheris (Field-Tested),3.46,4.24,2025-10-14 10:53:49,False
Sticker | Mastermind,0.15,0.64,2025-10-14 11:02:58,True
M4A1-S | Black Lotus (Minimal Wear),10.7,12.52,2025-10-14 13:24:42,False
P250 | Visions (Factory New),11.47,15.88,2025-10-15 02:24:46,False
P250 | Visions (Factory New),11.86,15.88,2025-10-15 02:24:56,False
P250 | Visions (Factory New),12.48,15.88,2025-10-15 02:25:06,False
P250 | Visions (Factory New),12.56,15.88,2025-10-15 02:25:16,False
P250 | Visions (Factory New),12.56,15.88,2025-10-15 02:25:27,False
StatTrak™ Desert Eagle | Serpent Strike (Minimal Wear),2.0,3.67,2025-10-15 09:15:45,True
P250 | Visions (Factory New),12.56,15.88,2025-10-15 12:38:59,False
P250 | Visions (Factory New),13.0,15.88,2025-10-16 00:34:40,False
Sticker | Mastermind (Holo),5.49,7.91,2025-10-17 01:50:44,False
Sticker | Mastermind (Holo),5.49,7.91,2025-10-17 01:50:54,False
Sticker | Mastermind (Holo),5.49,7.91,2025-10-17 01:51:05,False
Sticker | Mastermind (Holo),5.49,7.91,2025-10-17 01:51:15,False
Sticker | Mastermind (Holo),5.49,7.91,2025-10-17 01:51:25,False
Sticker | Mastermind (Holo),5.49,7.91,2025-10-17 01:51:35,False
Sticker | Mastermind (Holo),5.49,7.91,2025-10-17 01:51:46,False
Sticker | Mastermind (Holo),5.49,7.91,2025-10-17 01:51:56,False
Desert Eagle | Serpent Strike (Factory New),3.89,5.89,2025-10-17 01:52:54,False
Desert Eagle | Serpent Strike (Factory New),4.6,5.89,2025-10-17 01:53:04,False
"Music Kit | The Verkkars, EZ4ENCE",3.17,4.47,2025-10-17 01:53:39,False
Desert Eagle | Heat Treated (Minimal Wear),2.81,3.87,2025-10-17 01:54:18,False
Desert Eagle | Heat Treated (Minimal Wear),2.95,3.87,2025-10-17 01:54:28,False
Sticker | Web Stuck (Holo),2.49,3.75,2025-10-17 01:54:42,False
SSG 08 | Zeno (Minimal Wear),1.18,1.71,2025-10-17 02:09:02,False
SSG 08 | Zeno (Minimal Wear),1.19,1.71,2025-10-17 02:09:13,False
M4A1-S | Solitude (Minimal Wear),11.94,14.96,2025-10-17 02:15:49,False
M4A1-S | Solitude (Minimal Wear),11.94,14.96,2025-10-17 02:15:59,False
M4A1-S | Solitude (Minimal Wear),11.94,14.96,2025-10-17 02:16:09,False
Sticker | Stone Scales (Foil),9.57,11.26,2025-10-17 02:17:48,False
Sticker | Stone Scales (Foil),9.57,11.26,2025-10-17 02:17:59,False
Zeus x27 | Electric Blue (Factory New),0.83,1.93,2025-10-17 09:12:30,True
Sealed Genesis Terminal,0.82,1.45,2025-10-17 09:14:26,True
Sealed Genesis Terminal,0.82,1.45,2025-10-17 09:14:36,True
Sealed Genesis Terminal,0.82,1.45,2025-10-17 09:14:46,True
Sealed Genesis Terminal,0.82,1.45,2025-10-17 09:14:56,True
StatTrak™ M4A1-S | Emphorosaur-S (Field-Tested),1.19,2.12,2025-10-17 09:15:42,True
Desert Eagle | Heat Treated (Field-Tested),1.04,2.04,2025-10-17 09:16:09,True
MP9 | Starlight Protector (Minimal Wear),4.64,6.1,2025-10-17 15:12:23,False
Desert Eagle | Heat Treated (Field-Tested),1.42,2.04,2025-10-17 15:30:57,False
AK-47 | Frontside Misty (Field-Tested),13.32,15.29,2025-10-17 15:39:19,False
AK-47 | Frontside Misty (Field-Tested),13.39,15.29,2025-10-17 15:39:30,False
Sticker | Stone Scales (Foil),9.4,11.26,2025-10-17 15:40:03,False
Sticker | Stone Scales (Foil),9.57,11.26,2025-10-17 15:40:13,False
Sticker | Blue Gem (Glitter),3.04,3.72,2025-10-17 15:51:10,False
AK-47 | Nightwish (Minimal Wear),13.21,17.18,2025-10-17 21:36:38,False
AK-47 | Midnight Laminate (Field-Tested),7.7,10.32,2025-10-17 21:39:36,False
"Music Kit | The Verkkars, EZ4ENCE",3.25,4.26,2025-10-19 02:13:13,False
"Music Kit | bbno$, u mad!",2.8,3.7,2025-10-19 02:14:01,False
AK-47 | Frontside Misty (Field-Tested),12.46,14.57,2025-10-19 03:10:24,False
MP7 | Fade (Factory New),7.08,10.66,2025-10-19 06:35:34,False
Inferno 2 Pin,2.44,3.13,2025-10-19 09:20:10,False
Glock-18 | Moonrise (Factory New),5.0,5.77,2025-10-19 09:21:14,False
Name Tag,1.22,1.54,2025-10-19 09:24:05,False
Name Tag,1.22,1.54,2025-10-19 09:24:16,False
Name Tag,1.22,1.54,2025-10-19 09:24:26,False
Copenhagen 2024 Contenders Sticker Capsule,0.68,0.85,2025-10-19 09:28:00,False
Copenhagen 2024 Contenders Sticker Capsule,0.68,0.85,2025-10-19 09:28:10,False
Copenhagen 2024 Contenders Sticker Capsule,0.68,0.85,2025-10-19 09:28:20,False
Copenhagen 2024 Contenders Sticker Capsule,0.68,0.85,2025-10-19 09:28:31,False
Copenhagen 2024 Contenders Sticker Capsule,0.68,0.85,2025-10-19 09:28:42,False
Copenhagen 2024 Contenders Sticker Capsule,0.68,0.85,2025-10-19 09:28:52,False
Copenhagen 2024 Contenders Sticker Capsule,0.68,0.85,2025-10-19 09:29:02,False
Sticker | Shifty Tactics,0.23,0.48,2025-10-19 09:29:49,True
Sticker | Shifty Tactics,0.23,0.48,2025-10-19 09:30:00,True
Canals Pin,2.27,3.31,2025-10-19 09:38:42,False
Sticker | Hypnoteyes (Holo),1.95,2.85,2025-10-19 09:39:01,False
AK-47 | Searing Rage (Field-Tested),2.4,3.23,2025-10-19 09:39:36,False
MAC-10 | Pipsqueak (Minimal Wear),1.05,1.53,2025-10-19 09:39:59,False
SSG 08 | Fever Dream (Field-Tested),0.3,0.55,2025-10-19 12:18:23,True
Markus Delrow | FBI HRT,12.0,15.33,2025-10-19 12:21:53,False
M4A1-S | Nitro (Minimal Wear),1.0,1.47,2025-10-19 13:13:42,False
Spectrum 2 Case,2.0,2.71,2025-10-19 17:16:39,False
Spectrum 2 Case,2.0,2.71,2025-10-19 17:16:49,False
Spectrum 2 Case,2.0,2.71,2025-10-19 17:16:59,False
Name Tag,1.21,1.54,2025-10-19 22:46:54,False
Name Tag,1.21,1.54,2025-10-19 22:47:04,False
Name Tag,1.21,1.54,2025-10-19 22:47:15,False
Name Tag,1.21,1.54,2025-10-19 22:47:25,False
Name Tag,1.21,1.54,2025-10-19 22:47:35,False
Name Tag,1.21,1.54,2025-10-19 22:47:46,False
Name Tag,1.21,1.54,2025-10-19 22:47:56,False
Name Tag,1.21,1.54,2025-10-19 22:48:06,False
Canals Pin,2.33,3.31,2025-10-20 08:48:04,False
Charm | Big Kev,0.23,0.42,2025-10-20 09:09:09,True
StatTrak™ USP-S | Ticket to Hell (Field-Tested),0.82,1.18,2025-10-20 09:14:23,False
Desert Eagle | Serpent Strike (Factory New),3.22,5.84,2025-10-20 09:19:56,True
M4A4 | Evil Daimyo (Minimal Wear),3.07,4.12,2025-10-20 09:20:47,False
M4A1-S | Mud-Spec (Factory New),3.35,5.05,2025-10-20 09:21:09,True
Charm | Glamour Shot,1.5,2.67,2025-10-20 09:21:30,False
MAC-10 | Saibā Oni (Minimal Wear),2.18,3.45,2025-10-20 09:22:42,False
Sticker | Hydro Wave,0.26,0.72,2025-10-20 09:25:28,True
Sticker | Hydro Wave,0.26,0.72,2025-10-20 09:25:38,True
Sticker | Scorch Loop,0.24,0.7,2025-10-20 09:26:02,True
USP-S | Alpine Camo (Minimal Wear),1.28,1.94,2025-10-20 09:26:54,False
Glock-18 | Shinobu (Factory New),28.49,37.79,2025-10-20 09:29:43,False
Desert Eagle | Mulberry (Field-Tested),6.52,7.89,2025-10-20 09:33:09,False
StatTrak™ Glock-18 | Umbral Rabbit (Factory New),4.08,5.33,2025-10-20 09:34:10,False
M4A1-S | Emphorosaur-S (Minimal Wear),0.71,1.03,2025-10-20 09:37:54,False
USP-S | Black Lotus (Minimal Wear),2.49,3.24,2025-10-20 09:38:55,False
USP-S | Black Lotus (Minimal Wear),2.72,3.24,2025-10-20 09:39:07,False
Charm | Hot Sauce,0.35,0.51,2025-10-20 13:40:14,False
Charm | Hot Sauce,0.35,0.51,2025-10-20 13:40:25,False
Gallery Case,1.21,1.44,2025-10-20 13:43:38,False
Gallery Case,1.21,1.44,2025-10-20 13:43:49,False
Gallery Case,1.21,1.44,2025-10-20 13:43:59,False
Gallery Case,1.21,1.44,2025-10-20 13:44:10,False
Gallery Case,1.21,1.44,2025-10-20 13:44:21,False
Gallery Case,1.22,1.44,2025-10-20 13:44:31,False
Gallery Case,1.22,1.44,2025-10-20 13:44:42,False
Gallery Case,1.22,1.44,2025-10-20 13:44:52,False
Gallery Case,1.22,1.44,2025-10-20 13:45:03,False
Gallery Case,1.22,1.44,2025-10-20 13:45:14,False
Gallery Case,1.22,1.44,2025-10-20 13:45:25,False
M4A1-S | Solitude (Minimal Wear),15.0,21.61,2025-10-21 01:47:43,False
Charm | Whittle Knife,0.25,0.41,2025-10-21 02:03:01,False
AK-47 | Wintergreen (Field-Tested),2.38,2.7,2025-10-21 02:07:37,False
Chroma 2 Case,2.69,3.14,2025-10-21 08:16:08,False
M4A1-S | Black Lotus (Field-Tested),6.47,7.42,2025-10-21 08:33:46,False
P250 | Visions (Field-Tested),1.48,1.74,2025-10-21 09:10:18,False
P250 | Visions (Field-Tested),1.48,1.74,2025-10-21 09:10:29,False
StatTrak™ USP-S | Ticket to Hell (Field-Tested),0.89,1.2,2025-10-21 09:13:49,False
AWP | Chrome Cannon (Field-Tested),19.0,23.02,2025-10-21 09:16:07,False
M4A4 | Choppa (Factory New),1.53,2.85,2025-10-21 09:21:46,True
Sticker | Hydro Wave,0.26,0.76,2025-10-21 09:23:35,True
B Squadron Officer | SAS,19.32,25.84,2025-10-21 11:01:55,False
B Squadron Officer | SAS,19.32,25.84,2025-10-21 18:00:10,False
B Squadron Officer | SAS,19.32,25.84,2025-10-22 01:17:14,False
Sticker | Shifty Tactics,0.25,0.48,2025-10-22 11:24:41,True
M4A1-S | Wash me plz (Factory New),0.67,1.24,2025-10-22 12:44:23,True
Markus Delrow | FBI HRT,11.57,14.81,2025-10-22 21:50:41,False
Markus Delrow | FBI HRT,11.57,14.81,2025-10-22 21:50:51,False
Enforcer | Phoenix,10.83,15.25,2025-10-23 02:14:18,False
Enforcer | Phoenix,10.83,15.25,2025-10-23 02:14:28,False
Prof. Shahmat | Elite Crew,10.74,14.11,2025-10-23 02:15:02,False
Prof. Shahmat | Elite Crew,10.74,14.11,2025-10-23 02:15:12,False
Prof. Shahmat | Elite Crew,10.74,14.11,2025-10-23 02:15:23,False
Prof. Shahmat | Elite Crew,10.74,14.11,2025-10-23 02:38:38,False
Prof. Shahmat | Elite Crew,10.74,14.11,2025-10-23 02:38:49,False
Charm | Glamour Shot,1.74,2.52,2025-10-23 02:41:22,False
USP-S | PC-GRN (Factory New),1.36,1.93,2025-10-23 02:43:25,False
'Blueberries' Buckshot | NSWC SEAL,18.23,21.8,2025-10-23 02:48:11,False
AK-47 | Slate (Field-Tested),3.17,3.57,2025-10-23 02:54:41,False
AK-47 | Wintergreen (Field-Tested),1.46,2.67,2025-10-23 09:13:21,True
StatTrak™ M4A1-S | Night Terror (Minimal Wear),2.11,3.2,2025-10-23 09:13:46,True
Sticker | Scorch Loop,0.33,0.71,2025-10-23 09:15:37,True
"Music Kit | The Verkkars, EZ4ENCE",2.99,4.3,2025-10-23 09:21:05,False
Sticker | Hydro Wave,0.28,0.79,2025-10-23 09:23:25,True
M4A1-S | Black Lotus (Factory New),21.8,27.72,2025-10-23 09:30:20,False
3rd Commando Company | KSK,14.42,16.3,2025-10-23 09:32:01,False
M4A1-S | Black Lotus (Minimal Wear),10.69,12.09,2025-10-23 09:33:07,False
StatTrak™ M4A1-S | Emphorosaur-S (Minimal Wear),2.64,3.58,2025-10-23 09:50:13,False
Sir Bloody Skullhead Darryl | The Professionals,57.37,70.33,2025-10-23 11:06:26,False
M4A1-S | Black Lotus (Factory New),21.33,27.72,2025-10-23 11:18:13,False
Markus Delrow | FBI HRT,10.5,14.61,2025-10-23 15:05:28,False
USP-S | Alpine Camo (Factory New),5.99,8.16,2025-10-23 15:06:54,False
★ Survival Knife | Marble Fade (Factory New),199.0,228.75,2025-10-23 15:14:12,False
AK-47 | Bloodsport (Field-Tested),131.99,146.66,2025-10-23 15:15:34,False
★ Huntsman Knife | Marble Fade (Factory New),230.0,300.23,2025-10-24 05:21:56,False
SSG 08 | Zeno (Minimal Wear),1.02,1.77,2025-10-24 09:09:19,True
USP-S | Tropical Breeze (Factory New),4.87,7.82,2025-10-24 09:15:47,True
Austin 2025 Contenders Sticker Capsule,0.35,0.64,2025-10-24 09:22:06,True
Austin 2025 Contenders Sticker Capsule,0.35,0.64,2025-10-24 09:22:17,True
Austin 2025 Contenders Sticker Capsule,0.35,0.64,2025-10-24 09:22:27,True
Austin 2025 Contenders Sticker Capsule,0.35,0.64,2025-10-24 09:22:38,True
Austin 2025 Contenders Sticker Capsule,0.35,0.64,2025-10-24 09:22:48,True
Austin 2025 Contenders Sticker Capsule,0.35,0.64,2025-10-24 09:22:59,True
Austin 2025 Contenders Sticker Capsule,0.35,0.64,2025-10-24 09:23:09,True
Austin 2025 Contenders Sticker Capsule,0.35,0.64,2025-10-24 09:23:20,True
Austin 2025 Contenders Sticker Capsule,0.35,0.64,2025-10-24 09:23:30,True
Austin 2025 Contenders Sticker Capsule,0.35,0.64,2025-10-24 09:23:40,True
Austin 2025 Contenders Sticker Capsule,0.35,0.64,2025-10-24 09:23:51,True
Austin 2025 Contenders Sticker Capsule,0.35,0.64,2025-10-24 09:24:01,True
Austin 2025 Contenders Sticker Capsule,0.35,0.64,2025-10-24 09:24:12,True
Austin 2025 Contenders Sticker Capsule,0.35,0.64,2025-10-24 09:24:23,True
Austin 2025 Contenders Sticker Capsule,0.35,0.64,2025-10-24 09:24:33,True
Austin 2025 Contenders Sticker Capsule,0.35,0.64,2025-10-24 09:24:43,True
Austin 2025 Contenders Sticker Capsule,0.35,0.64,2025-10-24 09:24:53,True
Austin 2025 Contenders Sticker Capsule,0.35,0.64,2025-10-24 09:25:03,True
Austin 2025 Contenders Sticker Capsule,0.35,0.64,2025-10-24 09:25:14,True
Austin 2025 Contenders Sticker Capsule,0.35,0.64,2025-10-24 09:25:24,True
Austin 2025 Contenders Sticker Capsule,0.35,0.64,2025-10-24 09:25:35,True
Desert Eagle | Serpent Strike (Factory New),2.93,4.91,2025-10-24 09:33:37,True
Sticker | Hydro Wave,0.27,0.79,2025-10-24 09:35:51,True
Sticker | Hydro Wave,0.3,0.79,2025-10-24 09:36:02,True
MAC-10 | Pipsqueak (Factory New),4.65,7.99,2025-10-24 09:43:08,True
Ground Rebel  | Elite Crew,9.9,17.72,2025-10-24 09:55:15,True
Desert Eagle | Serpent Strike (Factory New),2.92,4.91,2025-10-24 09:57:35,True
Desert Eagle | Serpent Strike (Factory New),2.92,4.91,2025-10-24 09:57:45,True
Gallery Case,0.82,1.43,2025-10-24 10:10:54,True
Gallery Case,0.82,1.43,2025-10-24 10:11:05,True
Gallery Case,0.82,1.43,2025-10-24 10:11:15,True
Gallery Case,0.82,1.43,2025-10-24 10:11:25,True
Gallery Case,0.82,1.43,2025-10-24 10:11:36,True
Gallery Case,0.82,1.43,2025-10-24 10:11:47,True
Gallery Case,0.82,1.43,2025-10-24 10:11:57,True
Gallery Case,0.82,1.43,2025-10-24 10:12:08,True
Gallery Case,0.82,1.43,2025-10-24 10:12:21,True
Gallery Case,0.82,1.43,2025-10-24 10:12:32,True
