name,exterior,statTrak,souvenir,lowestPrice,marketHashName,quantity,dopplerClassName
Danger Zone Case,,False,False,1.06,Danger Zone Case,90409,
Prisma Case,,False,False,1.1,Prisma Case,61449,
Fever Case,,False,False,0.5,Fever Case,54599,
Recoil Case,,False,False,0.28,Recoil Case,53029,
Fracture Case,,False,False,0.4,Fracture Case,39592,
Gallery Case,,False,False,0.72,Gallery Case,37950,
Snakebite Case,,False,False,0.37,Snakebite Case,33853,
Clutch Case,,False,False,0.51,Clutch Case,27234,
Kilowatt Case,,False,False,0.14,Kilowatt Case,19461,
CS20 Case,,False,False,0.89,CS20 Case,14531,
Operation Breakout Weapon Case,,False,False,6.6,Operation Breakout Weapon Case,14149,
Spectrum 2 Case,,False,False,2.36,Spectrum 2 Case,13598,
Chroma 3 Case,,False,False,2.7,Chroma 3 Case,13371,
Dreams & Nightmares Case,,False,False,1.04,Dreams & Nightmares Case,10922,
Shadow Case,,False,False,1.47,Shadow Case,10282,
Gamma 2 Case,,False,False,2.48,Gamma 2 Case,9942,
Operation Phoenix Weapon Case,,False,False,3.36,Operation Phoenix Weapon Case,8617,
2020 RMR Legends,,False,False,0.19,2020 RMR Legends,8326,
Gamma Case,,False,False,2.56,Gamma Case,8002,
Operation Wildfire Case,,False,False,2.81,Operation Wildfire Case,7892,
Spectrum Case,,False,False,2.98,Spectrum Case,7888,
2020 RMR Challengers,,False,False,0.2,2020 RMR Challengers,7561,
Chroma 2 Case,,False,False,3.03,Chroma 2 Case,5810,
Antwerp 2022 Challengers Sticker Capsule,,False,False,0.25,Antwerp 2022 Challengers Sticker Capsule,4871,
Operation Broken Fang Case,,False,False,5.38,Operation Broken Fang Case,4524,
Glove Case,,False,False,10.9,Glove Case,3948,
Shattered Web Case,,False,False,4.4,Shattered Web Case,2766,
Sticker | s1mple | Stockholm 2021,,False,False,0.11,Sticker | s1mple | Stockholm 2021,2543,
Budapest 2025 Contenders Sticker Capsule,,False,False,0.14,Budapest 2025 Contenders Sticker Capsule,2366,
Paris 2023 Legends Autograph Capsule,,False,False,0.11,Paris 2023 Legends Autograph Capsule,2240,
Stockholm 2021 Legends Sticker Capsule,,False,False,0.99,Stockholm 2021 Legends Sticker Capsule,2074,
Stockholm 2021 Contenders Sticker Capsule,,False,False,1.4,Stockholm 2021 Contenders Sticker Capsule,2005,
Operation Riptide Case,,False,False,8.8,Operation Riptide Case,1773,
Rio 2022 Challengers Sticker Capsule,,False,False,0.25,Rio 2022 Challengers Sticker Capsule,1571,
Stockholm 2021 Finalists Autograph Capsule,,False,False,0.49,Stockholm 2021 Finalists Autograph Capsule,1519,
Stockholm 2021 Challengers Sticker Capsule,,False,False,1.64,Stockholm 2021 Challengers Sticker Capsule,1360,
Austin 2025 Challengers Sticker Capsule,,False,False,0.31,Austin 2025 Challengers Sticker Capsule,1332,
Sticker | Boom Epicenter (Glitter),,False,False,0.25,Sticker | Boom Epicenter (Glitter),1303,
Antwerp 2022 Challengers Autograph Capsule,,False,False,0.27,Antwerp 2022 Challengers Autograph Capsule,1233,
Shanghai 2024 Legends Sticker Capsule,,False,False,0.98,Shanghai 2024 Legends Sticker Capsule,1135,
Sticker | Hydro Wave,,False,False,0.13,Sticker | Hydro Wave,1047,
Sticker | Boom Trail (Glitter),,False,False,0.26,Sticker | Boom Trail (Glitter),1032,
Sticker | Hydro Geyser,,False,False,0.15,Sticker | Hydro Geyser,1024,
Antwerp 2022 Legends Autograph Capsule,,False,False,0.25,Antwerp 2022 Legends Autograph Capsule,1003,
Berlin 2019 Legends (Holo/Foil),,False,False,1.68,Berlin 2019 Legends (Holo-Foil),991,
Copenhagen 2024 Challengers Sticker Capsule,,False,False,0.55,Copenhagen 2024 Challengers Sticker Capsule,967,
Austin 2025 Legends Sticker Capsule,,False,False,0.3,Austin 2025 Legends Sticker Capsule,933,
Operation Hydra Case,,False,False,27.9,Operation Hydra Case,928,
Sticker | Winding Scorch,,False,False,0.12,Sticker | Winding Scorch,921,
Copenhagen 2024 Challengers Autograph Capsule,,False,False,0.28,Copenhagen 2024 Challengers Autograph Capsule,860,
Glock-18 | High Beam,FACTORY_NEW,False,False,0.15,Glock-18 | High Beam (Factory New),842,
Sticker | Bolt Charge,,False,False,0.27,Sticker | Bolt Charge,836,
Copenhagen 2024 Contenders Sticker Capsule,,False,False,0.35,Copenhagen 2024 Contenders Sticker Capsule,781,
Shanghai 2024 Contenders Sticker Capsule,,False,False,0.57,Shanghai 2024 Contenders Sticker Capsule,716,
Copenhagen 2024 Legends Autograph Capsule,,False,False,0.39,Copenhagen 2024 Legends Autograph Capsule,706,
Sticker | BIG (Holo) | 2020 RMR,,False,False,0.24,Sticker | BIG (Holo) | 2020 RMR,705,
Rio 2022 Legends Autograph Capsule,,False,False,0.23,Rio 2022 Legends Autograph Capsule,705,
Anubis Collection Package,,False,False,2.07,Anubis Collection Package,689,
Sticker | High Heat,,False,False,0.77,Sticker | High Heat,684,
Sticker | Scorch Loop (Reverse),,False,False,0.14,Sticker | Scorch Loop (Reverse),656,
Budapest 2025 Legends Sticker Capsule,,False,False,0.22,Budapest 2025 Legends Sticker Capsule,642,
Rio 2022 Contenders Sticker Capsule,,False,False,0.3,Rio 2022 Contenders Sticker Capsule,596,
Berlin 2019 Minor Challengers Autograph Capsule,,False,False,1.94,Berlin 2019 Minor Challengers Autograph Capsule,594,
Sticker | Scorch Loop,,False,False,0.17,Sticker | Scorch Loop,588,
Operation Vanguard Weapon Case,,False,False,4.69,Operation Vanguard Weapon Case,582,
USP-S | Black Lotus,FIELD_TESTED,False,False,0.8,USP-S | Black Lotus (Field-Tested),542,
Boston 2018 Returning Challengers Autograph Capsule,,False,False,14.0,Boston 2018 Returning Challengers Autograph Capsule,542,
Rio 2022 Dust II Souvenir Package,,False,False,2.33,Rio 2022 Dust II Souvenir Package,538,
Copenhagen 2024 Contenders Autograph Capsule,,False,False,0.23,Copenhagen 2024 Contenders Autograph Capsule,522,
Sticker | Natus Vincere | Berlin 2019,,False,False,0.5,Sticker | Natus Vincere | Berlin 2019,510,
Sticker | FURIA (Glitter) | Paris 2023,,False,False,0.11,Sticker | FURIA (Glitter) | Paris 2023,501,
Rio 2022 Challengers Autograph Capsule,,False,False,0.29,Rio 2022 Challengers Autograph Capsule,495,
Austin 2025 Champions Autograph Capsule,,False,False,0.28,Austin 2025 Champions Autograph Capsule,461,
Sticker | Natus Vincere (Holo) | 2020 RMR,,False,False,0.29,Sticker | Natus Vincere (Holo) | 2020 RMR,455,
Sticker | Stalking Prey,,False,False,0.23,Sticker | Stalking Prey,452,
Sticker | BIG | Stockholm 2021,,False,False,0.17,Sticker | BIG | Stockholm 2021,434,
MAC-10 | Candy Apple,MINIMAL_WEAR,False,False,0.18,MAC-10 | Candy Apple (Minimal Wear),429,
eSports 2014 Summer Case,,False,False,11.0,eSports 2014 Summer Case,428,
Paris 2023 Champions Autograph Capsule,,False,False,0.25,Paris 2023 Champions Autograph Capsule,422,
Austin 2025 Challengers Autograph Capsule,,False,False,0.35,Austin 2025 Challengers Autograph Capsule,419,
Berlin 2019 Legends Autograph Capsule,,False,False,0.94,Berlin 2019 Legends Autograph Capsule,417,
Berlin 2019 Returning Challengers Autograph Capsule,,False,False,0.9,Berlin 2019 Returning Challengers Autograph Capsule,416,
Sticker | ENCE | Stockholm 2021,,False,False,0.19,Sticker | ENCE | Stockholm 2021,408,
Paris 2023 Mirage Souvenir Package,,False,False,2.39,Paris 2023 Mirage Souvenir Package,406,
Rio 2022 Contenders Autograph Capsule,,False,False,0.24,Rio 2022 Contenders Autograph Capsule,397,
Sticker | VINI | Antwerp 2022,,False,False,0.16,Sticker | VINI | Antwerp 2022,396,
Sticker Capsule,,False,False,0.51,Sticker Capsule,390,
Sticker | FURIA | Berlin 2019,,False,False,0.2,Sticker | FURIA | Berlin 2019,386,
Austin 2025 Contenders Autograph Capsule,,False,False,0.3,Austin 2025 Contenders Autograph Capsule,376,
Stockholm 2021 Mirage Souvenir Package,,False,False,2.99,Stockholm 2021 Mirage Souvenir Package,374,
Antwerp 2022 Champions Autograph Capsule,,False,False,0.39,Antwerp 2022 Champions Autograph Capsule,366,
Sticker | Entropiq | Stockholm 2021,,False,False,0.17,Sticker | Entropiq | Stockholm 2021,364,
MAG-7 | Carbon Fiber,FACTORY_NEW,False,False,2.5,MAG-7 | Carbon Fiber (Factory New),356,
Sticker | Natus Vincere (Glitter) | Paris 2023,,False,False,0.12,Sticker | Natus Vincere (Glitter) | Paris 2023,348,
Shanghai 2024 Contenders Autograph Capsule,,False,False,0.36,Shanghai 2024 Contenders Autograph Capsule,345,
Huntsman Weapon Case,,False,False,7.34,Huntsman Weapon Case,337,
Sealed Dead Hand Terminal,,False,False,0.67,Sealed Dead Hand Terminal,328,
10 Year Birthday Sticker Capsule,,False,False,0.62,10 Year Birthday Sticker Capsule,320,
Sticker | Ninjas in Pyjamas (Foil) | 2020 RMR,,False,False,0.2,Sticker | Ninjas in Pyjamas (Foil) | 2020 RMR,319,
M4A1-S | Night Terror,FIELD_TESTED,False,False,0.46,M4A1-S | Night Terror (Field-Tested),315,
Sticker Capsule 2,,False,False,7.5,Sticker Capsule 2,312,
Sticker | Ancient Beast,,False,False,0.12,Sticker | Ancient Beast,308,
Shanghai 2024 Legends Autograph Capsule,,False,False,0.21,Shanghai 2024 Legends Autograph Capsule,308,
Austin 2025 Legends Autograph Capsule,,False,False,0.39,Austin 2025 Legends Autograph Capsule,307,
Pinups Capsule,,False,False,0.99,Pinups Capsule,304,
Sticker | FaZe (Holo) | 2020 RMR,,False,False,0.54,Sticker | FaZe (Holo) | 2020 RMR,302,
Sticker | Web Stuck,,False,False,0.39,Sticker | Web Stuck,300,
Desert Eagle | Tilted,MINIMAL_WEAR,False,False,0.33,Desert Eagle | Tilted (Minimal Wear),300,
Sticker | Ancient Marauder,,False,False,0.18,Sticker | Ancient Marauder,296,
Paris 2023 Vertigo Souvenir Package,,False,False,2.95,Paris 2023 Vertigo Souvenir Package,287,
FAMAS | Half Sleeve,MINIMAL_WEAR,False,False,0.12,FAMAS | Half Sleeve (Minimal Wear),287,
Katowice 2019 Minor Challengers Autograph Capsule,,False,False,7.39,Katowice 2019 Minor Challengers Autograph Capsule,273,
Sticker | Renegades (Glitter) | Antwerp 2022,,False,False,0.75,Sticker | Renegades (Glitter) | Antwerp 2022,272,
Sticker | Strike A Pose,,False,False,0.21,Sticker | Strike A Pose,271,
Sticker | FaZe Clan | Stockholm 2021,,False,False,0.15,Sticker | FaZe Clan | Stockholm 2021,268,
Sticker | Counter-Tech,,False,False,0.28,Sticker | Counter-Tech,267,
SSG 08 | Zeno,FIELD_TESTED,False,False,0.29,SSG 08 | Zeno (Field-Tested),265,
Budapest 2025 Challengers Sticker Capsule,,False,False,0.17,Budapest 2025 Challengers Sticker Capsule,265,
M4A1-S | Black Lotus,FIELD_TESTED,False,False,3.71,M4A1-S | Black Lotus (Field-Tested),263,
eSports 2013 Winter Case,,False,False,15.7,eSports 2013 Winter Case,258,
MAC-10 | Pipsqueak,FIELD_TESTED,False,False,0.24,MAC-10 | Pipsqueak (Field-Tested),246,
Sticker | Broken Fang,,False,False,0.9,Sticker | Broken Fang,244,
USP-S | Alpine Camo,FIELD_TESTED,False,False,0.27,USP-S | Alpine Camo (Field-Tested),241,
Soldier | Phoenix,,False,False,4.64,Soldier | Phoenix,235,
AK-47 | Olive Polycam,MINIMAL_WEAR,False,False,0.14,AK-47 | Olive Polycam (Minimal Wear),235,
AK-47 | Olive Polycam,FACTORY_NEW,False,False,0.41,AK-47 | Olive Polycam (Factory New),234,
Sticker | Battle Scarred (Holo),,False,False,8.0,Sticker | Battle Scarred (Holo),233,
Chroma 2 Case Key,,False,False,16.9,Chroma 2 Case Key,230,
Sticker | Green's Problem,,False,False,0.16,Sticker | Green's Problem,229,
AWP | Capillary,FIELD_TESTED,False,False,0.5,AWP | Capillary (Field-Tested),229,
Desert Eagle | Tilted,FACTORY_NEW,False,False,1.7,Desert Eagle | Tilted (Factory New),229,
MP9 | Army Sheen,MINIMAL_WEAR,False,False,1.12,MP9 | Army Sheen (Minimal Wear),221,
Sticker | Shattered Web,,False,False,0.24,Sticker | Shattered Web,220,
Charm | Whittle Knife,,False,False,0.13,Charm | Whittle Knife,219,
Sticker | BIG (Glitter) | Antwerp 2022,,False,False,0.17,Sticker | BIG (Glitter) | Antwerp 2022,218,
Antwerp 2022 Mirage Souvenir Package,,False,False,3.41,Antwerp 2022 Mirage Souvenir Package,217,
Sticker | Mastermind (Holo),,False,False,1.4,Sticker | Mastermind (Holo),217,
Charm | Big Kev,,False,False,0.17,Charm | Big Kev,216,
Krakow 2017 Challengers Autograph Capsule,,False,False,18.38,Krakow 2017 Challengers Autograph Capsule,216,
Galil AR | Metallic Squeezer,FIELD_TESTED,False,False,0.15,Galil AR | Metallic Squeezer (Field-Tested),213,
Desert Eagle | Blue Ply,FIELD_TESTED,False,False,0.28,Desert Eagle | Blue Ply (Field-Tested),212,
Sticker | FaZe | 2020 RMR,,False,False,0.16,Sticker | FaZe | 2020 RMR,211,
Sticker | Stone Scales,,False,False,0.13,Sticker | Stone Scales,211,
AK-47 | Uncharted,FIELD_TESTED,False,False,0.46,AK-47 | Uncharted (Field-Tested),211,
M4A1-S | Nitro,FIELD_TESTED,False,False,0.37,M4A1-S | Nitro (Field-Tested),211,
AUG | Surveillance,FIELD_TESTED,False,False,1.07,AUG | Surveillance (Field-Tested),210,
Sticker | Ninjas in Pyjamas (Glitter) | Antwerp 2022,,False,False,0.18,Sticker | Ninjas in Pyjamas (Glitter) | Antwerp 2022,209,
Sticker | Nemiga (Holo) | 2020 RMR,,False,False,0.23,Sticker | Nemiga (Holo) | 2020 RMR,205,
Charm | Pinch O' Salt,,False,False,0.17,Charm | Pinch O' Salt,205,
Nova | Yorkshire,FIELD_TESTED,False,False,0.31,Nova | Yorkshire (Field-Tested),204,
M4A4 | Etch Lord,FIELD_TESTED,False,False,0.33,M4A4 | Etch Lord (Field-Tested),203,
"Sticker | donk (Glitter, Champion) | Shanghai 2024",,False,False,0.28,"Sticker | donk (Glitter, Champion) | Shanghai 2024",203,
Team Kinguin (Foil) | Cologne 2015,,False,False,33.0,Sticker | Team Kinguin (Foil) | Cologne 2015,201,
Sticker | m0NESY (Glitter) | Paris 2023,,False,False,0.19,Sticker | m0NESY (Glitter) | Paris 2023,201,
Sticker | From The Deep (Glitter),,False,False,0.36,Sticker | From The Deep (Glitter),201,
Sticker | Perfecto (Holo) | Stockholm 2021,,False,False,0.16,Sticker | Perfecto (Holo) | Stockholm 2021,200,
Sticker | From The Deep,,False,False,0.25,Sticker | From The Deep,199,
Charm | Hot Sauce,,False,False,0.14,Charm | Hot Sauce,198,
Tec-9 | Red Quartz,FIELD_TESTED,False,False,0.24,Tec-9 | Red Quartz (Field-Tested),198,
SSG 08 | Acid Fade,FACTORY_NEW,False,False,0.78,SSG 08 | Acid Fade (Factory New),197,
Sticker | BIG (Foil) | 2020 RMR,,False,False,0.24,Sticker | BIG (Foil) | 2020 RMR,197,
Stockholm 2021 Dust II Souvenir Package,,False,False,3.4,Stockholm 2021 Dust II Souvenir Package,196,
Berlin 2019 Minor Challengers (Holo/Foil),,False,False,1.6,Berlin 2019 Minor Challengers (Holo-Foil),195,
CZ75-Auto | Circaetus,FIELD_TESTED,False,False,0.15,CZ75-Auto | Circaetus (Field-Tested),195,
Glock-18 | Candy Apple,FACTORY_NEW,False,False,1.99,Glock-18 | Candy Apple (Factory New),193,
USP-S | Ticket to Hell,FIELD_TESTED,False,False,0.48,USP-S | Ticket to Hell (Field-Tested),193,
AK-47 | Ice Coaled,FIELD_TESTED,False,False,3.66,AK-47 | Ice Coaled (Field-Tested),191,
Sticker | ENCE (Holo) | Katowice 2019,,False,False,2.15,Sticker | ENCE (Holo) | Katowice 2019,189,
Sticker | Eternal Fire | Antwerp 2022,,False,False,0.14,Sticker | Eternal Fire | Antwerp 2022,187,
Sticker | Team Liquid | Berlin 2019,,False,False,0.18,Sticker | Team Liquid | Berlin 2019,186,
Sticker | GODSENT | Atlanta 2017,,False,False,2.73,Sticker | GODSENT | Atlanta 2017,186,
Sawed-Off | Analog Input,FIELD_TESTED,False,False,0.3,Sawed-Off | Analog Input (Field-Tested),186,
Sticker | Rainbow Route (Holo),,False,False,1.12,Sticker | Rainbow Route (Holo),185,
Glock-18 | Block-18,FIELD_TESTED,False,False,0.35,Glock-18 | Block-18 (Field-Tested),183,
Sticker | BIG (Glitter) | Rio 2022,,False,False,0.27,Sticker | BIG (Glitter) | Rio 2022,183,
Sticker | Stone Scales (Foil),,False,False,4.98,Sticker | Stone Scales (Foil),182,
Operation Wildfire Case Key,,False,False,19.87,Operation Wildfire Case Key,182,
Charm | Baby's AK,,False,False,0.16,Charm | Baby's AK,180,
MP5-SD | Kitbash,FIELD_TESTED,False,False,0.3,MP5-SD | Kitbash (Field-Tested),178,
MAC-10 | Silver,FACTORY_NEW,False,False,0.24,MAC-10 | Silver (Factory New),178,
M4A1-S | Solitude,MINIMAL_WEAR,False,False,4.05,M4A1-S | Solitude (Minimal Wear),178,
M4A1-S | Emphorosaur-S,FIELD_TESTED,False,False,0.36,M4A1-S | Emphorosaur-S (Field-Tested),177,
Sticker | 9z Team | Antwerp 2022,,False,False,0.24,Sticker | 9z Team | Antwerp 2022,176,
Sticker | b1t (Holo) | Stockholm 2021,,False,False,0.22,Sticker | b1t (Holo) | Stockholm 2021,176,
MAC-10 | Candy Apple,FACTORY_NEW,False,False,0.38,MAC-10 | Candy Apple (Factory New),176,
SSG 08 | Mainframe 001,MINIMAL_WEAR,False,False,0.14,SSG 08 | Mainframe 001 (Minimal Wear),176,
Sticker | Flex,,False,False,0.89,Sticker | Flex,175,
P250 | Cassette,MINIMAL_WEAR,False,False,0.12,P250 | Cassette (Minimal Wear),174,
Five-SeveN | Midnight Paintover,FACTORY_NEW,False,False,0.17,Five-SeveN | Midnight Paintover (Factory New),174,
P250 | Forest Night,FIELD_TESTED,False,False,1.11,P250 | Forest Night (Field-Tested),173,
Sticker | Good Versus Evil,,False,False,0.17,Sticker | Good Versus Evil,172,
Dual Berettas | Cobalt Quartz,FIELD_TESTED,False,False,0.3,Dual Berettas | Cobalt Quartz (Field-Tested),172,
Sticker | OG (Holo) | 2020 RMR,,False,False,0.21,Sticker | OG (Holo) | 2020 RMR,170,
USP-S | Flashback,FIELD_TESTED,False,False,0.42,USP-S | Flashback (Field-Tested),169,
Sticker | Enemy Spotted,,False,False,0.12,Sticker | Enemy Spotted,169,
Galil AR | Connexion,FIELD_TESTED,False,False,0.32,Galil AR | Connexion (Field-Tested),169,
MAC-10 | Ensnared,MINIMAL_WEAR,False,False,0.12,MAC-10 | Ensnared (Minimal Wear),169,
PP-Bizon | Cold Cell,FACTORY_NEW,False,False,0.16,PP-Bizon | Cold Cell (Factory New),167,
Sticker | BIG | Krakow 2017,,False,False,1.11,Sticker | BIG | Krakow 2017,167,
Enforcer | Phoenix,,False,False,4.9,Enforcer | Phoenix,166,
Maximus | Sabre,,False,False,5.25,Maximus | Sabre,165,
Sticker | FURIA (Glitter) | Antwerp 2022,,False,False,0.14,Sticker | FURIA (Glitter) | Antwerp 2022,164,
Sticker | Gold Web (Foil),,False,False,4.29,Sticker | Gold Web (Foil),164,
CZ75-Auto | Jungle Dashed,MINIMAL_WEAR,False,False,1.31,CZ75-Auto | Jungle Dashed (Minimal Wear),163,
Autograph Capsule | Team EnVyUs | Cologne 2015,,False,False,5.0,Autograph Capsule | Team EnVyUs | Cologne 2015,163,
Slingshot | Phoenix,,False,False,7.01,Slingshot | Phoenix,162,
Galil AR | NV,FIELD_TESTED,False,False,0.18,Galil AR | NV (Field-Tested),162,
Paris 2023 Anubis Souvenir Package,,False,False,1.79,Paris 2023 Anubis Souvenir Package,161,
CS:GO Weapon Case,,False,False,108.39,CS:GO Weapon Case,159,
AUG | Surveillance,MINIMAL_WEAR,False,False,1.19,AUG | Surveillance (Minimal Wear),158,
P90 | Vent Rush,FIELD_TESTED,False,False,0.3,P90 | Vent Rush (Field-Tested),157,
Patch | Payback,,False,False,0.18,Patch | Payback,157,
Desert Eagle | Meteorite,FACTORY_NEW,False,False,1.4,Desert Eagle | Meteorite (Factory New),156,
P250 | Small Game,FIELD_TESTED,False,False,0.25,P250 | Small Game (Field-Tested),155,
CZ75-Auto | Jungle Dashed,FIELD_TESTED,False,False,1.18,CZ75-Auto | Jungle Dashed (Field-Tested),155,
M4A1-S | Solitude,FIELD_TESTED,False,False,1.98,M4A1-S | Solitude (Field-Tested),153,
Drug War Veteran,,False,False,0.71,Sticker | Drug War Veteran,152,
XM1014 | Charter,FIELD_TESTED,False,False,1.12,XM1014 | Charter (Field-Tested),150,
Name Tag,,False,False,2.52,Name Tag,150,
Sticker | ENCE (Holo) | Paris 2023,,False,False,0.18,Sticker | ENCE (Holo) | Paris 2023,148,
UMP-45 | Carbon Fiber,FACTORY_NEW,False,False,0.12,UMP-45 | Carbon Fiber (Factory New),147,
Sticker | Imperial Esports | Antwerp 2022,,False,False,0.14,Sticker | Imperial Esports | Antwerp 2022,146,
Sticker | Tyloo | Stockholm 2021,,False,False,0.17,Sticker | Tyloo | Stockholm 2021,146,
AWP | Pit Viper,FIELD_TESTED,False,False,0.73,AWP | Pit Viper (Field-Tested),146,
Sticker | asap | Cologne 2026,,False,False,0.15,Sticker | asap | Cologne 2026,146,
Charm | Die-cast AK,,False,False,2.83,Charm | Die-cast AK,145,
Sticker | Lucky (Glitter) | Shanghai 2024,,False,False,0.37,Sticker | Lucky (Glitter) | Shanghai 2024,145,
M249 | Downtown,FIELD_TESTED,False,False,0.25,M249 | Downtown (Field-Tested),144,
P90 | Wash me,FACTORY_NEW,False,False,0.15,P90 | Wash me (Factory New),144,
USP-S | Tropical Breeze,FACTORY_NEW,False,False,2.17,USP-S | Tropical Breeze (Factory New),144,
Sticker | Clown Nose,,False,False,0.31,Sticker | Clown Nose,144,
Sticker | Imperial Esports (Glitter) | Copenhagen 2024,,False,False,0.89,Sticker | Imperial Esports (Glitter) | Copenhagen 2024,143,
Five-SeveN | Scrawl,MINIMAL_WEAR,False,False,0.15,Five-SeveN | Scrawl (Minimal Wear),143,
Sticker | Astralis | Berlin 2019,,False,False,0.42,Sticker | Astralis | Berlin 2019,143,
Glock-18 | Moonrise,FIELD_TESTED,False,False,0.69,Glock-18 | Moonrise (Field-Tested),142,
Katowice 2019 Returning Challengers Autograph Capsule,,False,False,5.8,Katowice 2019 Returning Challengers Autograph Capsule,142,
SG 553 | Dragon Tech,FIELD_TESTED,False,False,0.31,SG 553 | Dragon Tech (Field-Tested),142,
M4A4 | Magnesium,FIELD_TESTED,False,False,0.35,M4A4 | Magnesium (Field-Tested),142,
Desert Eagle | Light Rail,FIELD_TESTED,False,False,0.84,Desert Eagle | Light Rail (Field-Tested),142,
USP-S | Black Lotus,MINIMAL_WEAR,False,False,2.4,USP-S | Black Lotus (Minimal Wear),140,
Sticker | Tyloo | Berlin 2019,,False,False,0.41,Sticker | Tyloo | Berlin 2019,139,
P250 | Facility Draft,MINIMAL_WEAR,False,False,0.2,P250 | Facility Draft (Minimal Wear),139,
Shadow Case Key,,False,False,12.74,Shadow Case Key,138,
UMP-45 | Oscillator,FIELD_TESTED,False,False,0.15,UMP-45 | Oscillator (Field-Tested),137,
SSG 08 | Abyss,FIELD_TESTED,False,False,0.46,SSG 08 | Abyss (Field-Tested),135,
Nova | Candy Apple,MINIMAL_WEAR,False,False,0.11,Nova | Candy Apple (Minimal Wear),135,
AK-47 | Wintergreen,FIELD_TESTED,False,False,0.56,AK-47 | Wintergreen (Field-Tested),135,
Berlin 2019 Returning Challengers (Holo/Foil),,False,False,2.78,Berlin 2019 Returning Challengers (Holo-Foil),135,
P90 | Grim,FIELD_TESTED,False,False,0.27,P90 | Grim (Field-Tested),134,
Sticker | sh1ro | Stockholm 2021,,False,False,0.11,Sticker | sh1ro | Stockholm 2021,134,
Tec-9 | Brother,FIELD_TESTED,False,False,0.33,Tec-9 | Brother (Field-Tested),134,
Desert Eagle | Trigger Discipline,FIELD_TESTED,False,False,0.56,Desert Eagle | Trigger Discipline (Field-Tested),133,
USP-S | Forest Leaves,MINIMAL_WEAR,False,False,0.2,USP-S | Forest Leaves (Minimal Wear),132,
Sawed-Off | Spirit Board,MINIMAL_WEAR,False,False,0.13,Sawed-Off | Spirit Board (Minimal Wear),132,
Sticker | donk | Copenhagen 2024,,False,False,0.34,Sticker | donk | Copenhagen 2024,132,
P250 | Metallic DDPAT,FACTORY_NEW,False,False,0.13,P250 | Metallic DDPAT (Factory New),131,
M4A1-S | Nitro,MINIMAL_WEAR,False,False,1.17,M4A1-S | Nitro (Minimal Wear),130,
USP-S | Alpine Camo,FACTORY_NEW,False,False,2.51,USP-S | Alpine Camo (Factory New),130,
P250 | Nevermore,MINIMAL_WEAR,False,False,1.1,P250 | Nevermore (Minimal Wear),130,
M249 | Spectrogram,FIELD_TESTED,False,False,0.19,M249 | Spectrogram (Field-Tested),128,
Sticker | Gen.G (Holo) | 2020 RMR,,False,False,0.13,Sticker | Gen.G (Holo) | 2020 RMR,128,
Chroma Case Key,,False,False,12.19,Chroma Case Key,128,
Falchion Case Key,,False,False,9.0,Falchion Case Key,128,
Glock-18 | Oxide Blaze,FIELD_TESTED,False,False,0.15,Glock-18 | Oxide Blaze (Field-Tested),128,
Kawaii Killer Terrorist,,False,False,0.84,Sticker | Kawaii Killer Terrorist,127,
Patch | Bravo,,False,False,0.22,Patch | Bravo,127,
Sticker | Yellow Jaggyfish,,False,False,0.74,Sticker | Yellow Jaggyfish,127,
Glock-18 | Candy Apple,MINIMAL_WEAR,False,False,0.89,Glock-18 | Candy Apple (Minimal Wear),127,
AK-47 | Elite Build,WELL_WORN,False,False,1.09,AK-47 | Elite Build (Well-Worn),126,
Sticker | Hypnoteyes (Holo),,False,False,0.85,Sticker | Hypnoteyes (Holo),126,
Galil AR | Signal,FIELD_TESTED,False,False,0.52,Galil AR | Signal (Field-Tested),126,
Sticker | Tyloo | Boston 2018,,False,False,5.62,Sticker | Tyloo | Boston 2018,126,
Osiris | Elite Crew,,False,False,8.26,Osiris | Elite Crew,126,
Sticker | Shifty Tactics,,False,False,0.19,Sticker | Shifty Tactics,125,
Sticker | Astralis (Holo) | 2020 RMR,,False,False,0.37,Sticker | Astralis (Holo) | 2020 RMR,125,
MAC-10 | Candy Apple,FIELD_TESTED,False,False,0.17,MAC-10 | Candy Apple (Field-Tested),125,
Sticker | Dirty Money,,False,False,0.48,Sticker | Dirty Money,125,
XM1014 | Charter,FACTORY_NEW,False,False,1.61,XM1014 | Charter (Factory New),125,
Sticker | PGL (Glitter) | Antwerp 2022,,False,False,0.21,Sticker | PGL (Glitter) | Antwerp 2022,124,
Five-SeveN | Hybrid,FIELD_TESTED,False,False,0.33,Five-SeveN | Hybrid (Field-Tested),124,
Sticker | Bolt Energy (Foil),,False,False,1.24,Sticker | Bolt Energy (Foil),123,
M4A1-S | Emphorosaur-S,FACTORY_NEW,True,False,5.73,StatTrak™ M4A1-S | Emphorosaur-S (Factory New),123,
P250 | Nevermore,FIELD_TESTED,False,False,0.82,P250 | Nevermore (Field-Tested),123,
ESL One Cologne 2014 Legends,,False,False,75.0,ESL One Cologne 2014 Legends,123,
Glock-18 | Umbral Rabbit,FIELD_TESTED,False,False,0.32,Glock-18 | Umbral Rabbit (Field-Tested),122,
MAG-7 | Metallic DDPAT,FACTORY_NEW,False,False,0.16,MAG-7 | Metallic DDPAT (Factory New),122,
Zeus x27 | Tosai,FIELD_TESTED,False,False,0.34,Zeus x27 | Tosai (Field-Tested),121,
Sticker | Stewie2K (Foil) | Berlin 2019,,False,False,0.76,Sticker | Stewie2K (Foil) | Berlin 2019,121,
Charm | Lil' SAS,,False,False,0.22,Charm | Lil' SAS,121,
USP-S | Cyrex,FIELD_TESTED,False,False,3.11,USP-S | Cyrex (Field-Tested),120,
Galil AR | Control,FIELD_TESTED,False,False,0.36,Galil AR | Control (Field-Tested),120,
Sticker | Tyloo | Katowice 2019,,False,False,1.2,Sticker | Tyloo | Katowice 2019,120,
Charm | Splatter Cat,,False,False,0.15,Charm | Splatter Cat,120,
Sticker | Natus Vincere (Foil) | 2020 RMR,,False,False,0.56,Sticker | Natus Vincere (Foil) | 2020 RMR,120,
Charm | Lil' Cackle,,False,False,0.19,Charm | Lil' Cackle,120,
P90 | Off World,FIELD_TESTED,False,False,0.19,P90 | Off World (Field-Tested),119,
P90 | Freight,MINIMAL_WEAR,False,False,0.14,P90 | Freight (Minimal Wear),118,
M4A4 | Magnesium,WELL_WORN,False,False,0.17,M4A4 | Magnesium (Well-Worn),118,
Desert Eagle | Serpent Strike,FIELD_TESTED,False,False,0.35,Desert Eagle | Serpent Strike (Field-Tested),118,
USP-S | Alpine Camo,MINIMAL_WEAR,False,False,0.59,USP-S | Alpine Camo (Minimal Wear),117,
AK-47 | Midnight Laminate,MINIMAL_WEAR,False,False,8.49,AK-47 | Midnight Laminate (Minimal Wear),117,
Desert Eagle | Directive,FIELD_TESTED,False,False,0.81,Desert Eagle | Directive (Field-Tested),117,
Nova | Wurst Hölle,FIELD_TESTED,False,False,0.21,Nova | Wurst Hölle (Field-Tested),116,
Stockholm 2021 Legends Patch Pack,,False,False,2.86,Stockholm 2021 Legends Patch Pack,116,
Desert Eagle | Blue Ply,MINIMAL_WEAR,False,False,0.56,Desert Eagle | Blue Ply (Minimal Wear),116,
M4A1-S | Black Lotus,MINIMAL_WEAR,False,False,6.51,M4A1-S | Black Lotus (Minimal Wear),116,
M4A1-S | Boreal Forest,MINIMAL_WEAR,False,False,0.28,M4A1-S | Boreal Forest (Minimal Wear),115,
Sticker | electroNic (Holo) | Stockholm 2021,,False,False,0.18,Sticker | electroNic (Holo) | Stockholm 2021,115,
SG 553 | Candy Apple,FIELD_TESTED,False,False,4.37,SG 553 | Candy Apple (Field-Tested),115,
Dual Berettas | Flora Carnivora,FIELD_TESTED,False,False,0.34,Dual Berettas | Flora Carnivora (Field-Tested),115,
Patch | Vanguard,,False,False,0.2,Patch | Vanguard,114,
Sticker | tabseN (Glitter) | Antwerp 2022,,False,False,0.15,Sticker | tabseN (Glitter) | Antwerp 2022,114,
M249 | O.S.I.P.R.,FIELD_TESTED,False,False,0.17,M249 | O.S.I.P.R. (Field-Tested),114,
Galil AR | Destroyer,MINIMAL_WEAR,False,False,0.11,Galil AR | Destroyer (Minimal Wear),114,
Patch | Breakout,,False,False,0.17,Patch | Breakout,113,
Galil AR | NV,MINIMAL_WEAR,False,False,0.88,Galil AR | NV (Minimal Wear),112,
FAMAS | Halftone Wash,FIELD_TESTED,False,False,0.18,FAMAS | Halftone Wash (Field-Tested),112,
P2000 | Coral Halftone,FIELD_TESTED,False,False,0.17,P2000 | Coral Halftone (Field-Tested),112,
Nova | Windblown,FIELD_TESTED,False,False,0.2,Nova | Windblown (Field-Tested),111,
MP7 | Just Smile,FIELD_TESTED,False,False,0.32,MP7 | Just Smile (Field-Tested),110,
Budapest 2025 Legends Autograph Capsule,,False,False,0.3,Budapest 2025 Legends Autograph Capsule,110,
PP-Bizon | Space Cat,FIELD_TESTED,False,False,0.47,PP-Bizon | Space Cat (Field-Tested),110,
Blackwolf | Sabre,,False,False,6.51,Blackwolf | Sabre,110,
M4A4 | Etch Lord,WELL_WORN,False,False,0.29,M4A4 | Etch Lord (Well-Worn),110,
Antwerp 2022 Inferno Souvenir Package,,False,False,3.08,Antwerp 2022 Inferno Souvenir Package,109,
SSG 08 | Halftone Whorl,FIELD_TESTED,False,False,0.29,SSG 08 | Halftone Whorl (Field-Tested),109,
Five-SeveN | Boost Protocol,FIELD_TESTED,False,False,2.99,Five-SeveN | Boost Protocol (Field-Tested),109,
Seal Team 6 Soldier | NSWC SEAL,,False,False,9.11,Seal Team 6 Soldier | NSWC SEAL,109,
XM1014 | Charter,MINIMAL_WEAR,False,False,1.3,XM1014 | Charter (Minimal Wear),109,
MP9 | Army Sheen,FIELD_TESTED,False,False,1.07,MP9 | Army Sheen (Field-Tested),109,
Espionage Sticker Capsule,,False,False,0.69,Espionage Sticker Capsule,109,
Sticker | HellRaisers (Holo) | Katowice 2019,,False,False,9.26,Sticker | HellRaisers (Holo) | Katowice 2019,108,
Winter Offensive Weapon Case,,False,False,8.99,Winter Offensive Weapon Case,107,
Sticker | Team Spirit (Glitter) | Antwerp 2022,,False,False,0.85,Sticker | Team Spirit (Glitter) | Antwerp 2022,107,
CS:GO Weapon Case 3,,False,False,10.8,CS:GO Weapon Case 3,107,
Sticker | Cloud9 | Boston 2018,,False,False,2.94,Sticker | Cloud9 | Boston 2018,107,
Budapest 2025 Challengers Autograph Capsule,,False,False,0.26,Budapest 2025 Challengers Autograph Capsule,107,
AK-47 | Elite Build,FIELD_TESTED,False,False,1.49,AK-47 | Elite Build (Field-Tested),106,
MP9 | Modest Threat,FIELD_TESTED,False,False,0.17,MP9 | Modest Threat (Field-Tested),106,
MAG-7 | Monster Call,FIELD_TESTED,False,False,0.36,MAG-7 | Monster Call (Field-Tested),106,
Katowice 2019 Legends (Holo/Foil),,False,False,8.4,Katowice 2019 Legends (Holo-Foil),106,
USP-S | Cortex,FIELD_TESTED,False,False,3.06,USP-S | Cortex (Field-Tested),105,
SG 553 | Danger Close,FIELD_TESTED,False,False,0.19,SG 553 | Danger Close (Field-Tested),105,
Tec-9 | Tiger Stencil,FACTORY_NEW,False,False,0.18,Tec-9 | Tiger Stencil (Factory New),105,
PP-Bizon | Night Riot,FIELD_TESTED,False,False,0.11,PP-Bizon | Night Riot (Field-Tested),104,
Sticker | 910 (Glitter) | Copenhagen 2024,,False,False,0.37,Sticker | 910 (Glitter) | Copenhagen 2024,104,
Sticker | Natus Vincere | Katowice 2019,,False,False,1.38,Sticker | Natus Vincere | Katowice 2019,104,
Galil AR | NV,FACTORY_NEW,False,False,0.59,Galil AR | NV (Factory New),104,
G3SG1 | Dream Glade,FIELD_TESTED,False,False,0.48,G3SG1 | Dream Glade (Field-Tested),104,
Budapest 2025 Champions Autograph Capsule,,False,False,0.3,Budapest 2025 Champions Autograph Capsule,104,
AK-47 | Slate,FIELD_TESTED,False,False,3.58,AK-47 | Slate (Field-Tested),103,
Operator | FBI SWAT,,False,False,9.42,Operator | FBI SWAT,103,
Sticker | Enemy Spotted (Holo),,False,False,1.39,Sticker | Enemy Spotted (Holo),103,
Sticker | Purple Jaggyfish,,False,False,1.8,Sticker | Purple Jaggyfish,102,
Rezan The Ready | Sabre,,False,False,6.84,Rezan The Ready | Sabre,102,
Sticker | nitr0 (Glitter) | Antwerp 2022,,False,False,0.11,Sticker | nitr0 (Glitter) | Antwerp 2022,102,
USP-S | Check Engine,FACTORY_NEW,False,False,2.5,USP-S | Check Engine (Factory New),102,
USP-S | Desert Tactical,FIELD_TESTED,False,False,0.18,USP-S | Desert Tactical (Field-Tested),101,
MAC-10 | Light Box,MINIMAL_WEAR,False,False,0.15,MAC-10 | Light Box (Minimal Wear),101,
Sticker | Grayhound Gaming | Berlin 2019,,False,False,0.28,Sticker | Grayhound Gaming | Berlin 2019,101,
Sticker | Green Lethal,,False,False,0.58,Sticker | Green Lethal,101,
M4A1-S | Wash me plz,FACTORY_NEW,False,False,0.38,M4A1-S | Wash me plz (Factory New),100,
P250 | Valence,FIELD_TESTED,False,False,0.25,P250 | Valence (Field-Tested),100,
Five-SeveN | Capillary,FIELD_TESTED,False,False,0.31,Five-SeveN | Capillary (Field-Tested),100,
XM1014 | Entombed,FIELD_TESTED,False,False,2.8,XM1014 | Entombed (Field-Tested),99,
Sticker | donk | Budapest 2025,,False,False,0.2,Sticker | donk | Budapest 2025,99,
Sticker | Virtus.pro (Glitter) | Copenhagen 2024,,False,False,0.21,Sticker | Virtus.pro (Glitter) | Copenhagen 2024,99,
Sticker | FURIA (Foil) | 2020 RMR,,False,False,0.27,Sticker | FURIA (Foil) | 2020 RMR,99,
Ground Rebel  | Elite Crew,,False,False,8.44,Ground Rebel  | Elite Crew,99,
MP9 | Arctic Tri-Tone,FIELD_TESTED,False,False,2.5,MP9 | Arctic Tri-Tone (Field-Tested),99,
SCAR-20 | Carbon Fiber,FACTORY_NEW,False,False,0.12,SCAR-20 | Carbon Fiber (Factory New),99,
Kawaii Killer CT,,False,False,0.7,Sticker | Kawaii Killer CT,98,
MAC-10 | Pipe Down,FIELD_TESTED,False,False,0.4,MAC-10 | Pipe Down (Field-Tested),98,
Sticker | Astralis (Glitter) | Antwerp 2022,,False,False,0.56,Sticker | Astralis (Glitter) | Antwerp 2022,98,
"Sticker | ropz (Glitter, Champion) | Antwerp 2022",,False,False,0.17,"Sticker | ropz (Glitter, Champion) | Antwerp 2022",98,
Sticker | ZywOo | Berlin 2019,,False,False,0.25,Sticker | ZywOo | Berlin 2019,98,
B1ad3 (Foil) | Boston 2018,,False,False,25.0,Sticker | B1ad3 (Foil) | Boston 2018,97,
Desert Eagle | The Bronze,MINIMAL_WEAR,False,False,2.91,Desert Eagle | The Bronze (Minimal Wear),97,
Sticker | Sting Like A Butterfly,,False,False,0.18,Sticker | Sting Like A Butterfly,97,
M4A1-S | Mud-Spec,FIELD_TESTED,False,False,0.24,M4A1-S | Mud-Spec (Field-Tested),97,
Sticker | Heroic (Foil) | 2020 RMR,,False,False,0.17,Sticker | Heroic (Foil) | 2020 RMR,97,
MP7 | Cirrus,FIELD_TESTED,False,False,0.76,MP7 | Cirrus (Field-Tested),96,
P250 | Cyber Shell,FIELD_TESTED,False,False,0.31,P250 | Cyber Shell (Field-Tested),96,
P90 | Neoqueen,FIELD_TESTED,False,False,0.28,P90 | Neoqueen (Field-Tested),96,
Desert Eagle | Oxide Blaze,MINIMAL_WEAR,False,False,0.5,Desert Eagle | Oxide Blaze (Minimal Wear),96,
Sticker | Incineration,,False,False,0.32,Sticker | Incineration,96,
StatTrak™ Swap Tool,,False,False,0.69,StatTrak™ Swap Tool,96,
MP7 | Astrolabe,FIELD_TESTED,False,False,0.88,MP7 | Astrolabe (Field-Tested),96,
P90 | Wave Breaker,FIELD_TESTED,False,False,0.35,P90 | Wave Breaker (Field-Tested),96,
Stockholm 2021 Nuke Souvenir Package,,False,False,3.55,Stockholm 2021 Nuke Souvenir Package,96,
M4A1-S | Emphorosaur-S,MINIMAL_WEAR,False,False,0.78,M4A1-S | Emphorosaur-S (Minimal Wear),96,
Glock-18 | Vogue,FIELD_TESTED,False,False,2.97,Glock-18 | Vogue (Field-Tested),96,
Dual Berettas | Melondrama,FIELD_TESTED,False,False,5.28,Dual Berettas | Melondrama (Field-Tested),96,
MAC-10 | Allure,FIELD_TESTED,False,False,0.33,MAC-10 | Allure (Field-Tested),96,
StatTrak™ M4A1-S | Nightmare,FIELD_TESTED,False,False,8.12,M4A1-S | Nightmare (Field-Tested),95,
M4A1-S | Night Terror,MINIMAL_WEAR,False,False,0.72,M4A1-S | Night Terror (Minimal Wear),95,
Sticker | Vitality (Glitter) | Rio 2022,,False,False,0.23,Sticker | Vitality (Glitter) | Rio 2022,95,
Desert Eagle | Oxide Blaze,MINIMAL_WEAR,True,False,1.35,StatTrak™ Desert Eagle | Oxide Blaze (Minimal Wear),95,
Katowice 2019 Minor Challengers (Holo/Foil),,False,False,7.0,Katowice 2019 Minor Challengers (Holo-Foil),94,
AK-47 | Uncharted,MINIMAL_WEAR,False,False,1.19,AK-47 | Uncharted (Minimal Wear),94,
MP5-SD | Necro Jr.,MINIMAL_WEAR,False,False,0.13,MP5-SD | Necro Jr. (Minimal Wear),94,
Tec-9 | Flash Out,FIELD_TESTED,False,False,0.33,Tec-9 | Flash Out (Field-Tested),94,
R8 Revolver | Crazy 8,FIELD_TESTED,False,False,0.34,R8 Revolver | Crazy 8 (Field-Tested),93,
M4A4 | Converter,FACTORY_NEW,False,False,2.16,M4A4 | Converter (Factory New),93,
Cologne 2016 Challengers (Holo/Foil),,False,False,32.62,Cologne 2016 Challengers (Holo-Foil),93,
P250 | Ripple,FIELD_TESTED,False,False,0.37,P250 | Ripple (Field-Tested),93,
Sticker | MIBR (Holo) | Berlin 2019,,False,False,1.4,Sticker | MIBR (Holo) | Berlin 2019,93,
Sticker | Fly High,,False,False,0.11,Sticker | Fly High,92,
AWP | Exoskeleton,FIELD_TESTED,False,False,4.45,AWP | Exoskeleton (Field-Tested),92,
Sticker | rox | Antwerp 2022,,False,False,0.31,Sticker | rox | Antwerp 2022,92,
SSG 08 | Halftone Whorl,MINIMAL_WEAR,False,False,0.23,SSG 08 | Halftone Whorl (Minimal Wear),91,
AK-47 | Slate,WELL_WORN,False,False,2.96,AK-47 | Slate (Well-Worn),91,
Galil AR | Cold Fusion,MINIMAL_WEAR,False,False,0.24,Galil AR | Cold Fusion (Minimal Wear),91,
P90 | Randy Rush,FIELD_TESTED,False,False,0.49,P90 | Randy Rush (Field-Tested),91,
Zeus x27 | Olympus,FIELD_TESTED,False,False,2.8,Zeus x27 | Olympus (Field-Tested),91,
Sticker | ropz (Embroidered) | Budapest 2025,,False,False,0.35,Sticker | ropz (Embroidered) | Budapest 2025,90,
Dual Berettas | Cobalt Quartz,MINIMAL_WEAR,False,False,0.37,Dual Berettas | Cobalt Quartz (Minimal Wear),90,
Sticker | compLexity Gaming | Berlin 2019,,False,False,0.32,Sticker | compLexity Gaming | Berlin 2019,90,
AK-47 | Wintergreen,MINIMAL_WEAR,False,False,1.67,AK-47 | Wintergreen (Minimal Wear),90,
Dual Berettas | Hideout,MINIMAL_WEAR,False,False,0.11,Dual Berettas | Hideout (Minimal Wear),90,
MP9 | Army Sheen,FACTORY_NEW,False,False,1.61,MP9 | Army Sheen (Factory New),90,
Sticker | Eyes of Farlow,,False,False,0.14,Sticker | Eyes of Farlow,89,
Galil AR | Chromatic Aberration,FIELD_TESTED,False,False,3.1,Galil AR | Chromatic Aberration (Field-Tested),89,
XM1014 | Zombie Offensive,FIELD_TESTED,False,False,0.47,XM1014 | Zombie Offensive (Field-Tested),89,
AUG | Tom Cat,FIELD_TESTED,False,False,0.18,AUG | Tom Cat (Field-Tested),89,
Five-SeveN | Flame Test,FIELD_TESTED,False,False,0.11,Five-SeveN | Flame Test (Field-Tested),89,
P2000 | Lifted Spirits,MINIMAL_WEAR,False,False,0.13,P2000 | Lifted Spirits (Minimal Wear),89,
P250 | Asiimov,FIELD_TESTED,False,False,9.39,P250 | Asiimov (Field-Tested),89,
SSG 08 | Abyss,MINIMAL_WEAR,False,False,0.82,SSG 08 | Abyss (Minimal Wear),89,
Sticker | RpK | Berlin 2019,,False,False,0.17,Sticker | RpK | Berlin 2019,89,
Glock-18 | Teal Graf,FIELD_TESTED,False,False,0.17,Glock-18 | Teal Graf (Field-Tested),89,
Sticker | GODSENT (Foil) | 2020 RMR,,False,False,0.32,Sticker | GODSENT (Foil) | 2020 RMR,88,
Sealed Graffiti | FaZe Clan | Krakow 2017,,False,False,2.68,Sealed Graffiti | FaZe Clan | Krakow 2017,88,
AK-47 | Safari Mesh,MINIMAL_WEAR,False,False,0.2,AK-47 | Safari Mesh (Minimal Wear),88,
Paris 2023 Overpass Souvenir Package,,False,False,1.73,Paris 2023 Overpass Souvenir Package,88,
G3SG1 | Keeping Tabs,FIELD_TESTED,False,False,0.7,G3SG1 | Keeping Tabs (Field-Tested),88,
Desert Eagle | Bronze Deco,MINIMAL_WEAR,True,False,0.69,StatTrak™ Desert Eagle | Bronze Deco (Minimal Wear),88,
USP-S | Royal Guard,FIELD_TESTED,False,False,0.51,USP-S | Royal Guard (Field-Tested),88,
Sticker | G2 (Holo) | 2020 RMR,,False,False,0.23,Sticker | G2 (Holo) | 2020 RMR,88,
'The Doctor' Romanov | Sabre,,False,False,11.71,'The Doctor' Romanov | Sabre,87,
FAMAS | Rapid Eye Movement,FIELD_TESTED,False,False,5.34,FAMAS | Rapid Eye Movement (Field-Tested),87,
P250 | Verdigris,FIELD_TESTED,False,False,0.21,P250 | Verdigris (Field-Tested),87,
Buckshot | NSWC SEAL,,False,False,5.81,Buckshot | NSWC SEAL,87,
Desert Eagle | Oxide Blaze,FIELD_TESTED,False,False,0.36,Desert Eagle | Oxide Blaze (Field-Tested),87,
USP-S | Cyrex,MINIMAL_WEAR,False,False,6.13,USP-S | Cyrex (Minimal Wear),87,
Desert Eagle | Bronze Deco,FIELD_TESTED,False,False,0.19,Desert Eagle | Bronze Deco (Field-Tested),86,
M4A1-S | VariCamo,FIELD_TESTED,False,False,0.18,M4A1-S | VariCamo (Field-Tested),86,
Sticker | nexa (Holo) | Stockholm 2021,,False,False,0.53,Sticker | nexa (Holo) | Stockholm 2021,86,
M4A1-S | Night Terror,BATTLE_SCARRED,False,False,0.53,M4A1-S | Night Terror (Battle-Scarred),86,
MP5-SD | Nitro,FIELD_TESTED,False,False,2.22,MP5-SD | Nitro (Field-Tested),86,
Charm | Hot Hands,,False,False,0.45,Charm | Hot Hands,86,
"StatTrak™ Music Kit | The Verkkars, EZ4ENCE",,False,False,3.16,"Music Kit | The Verkkars, EZ4ENCE",85,
Sticker | Blue Lethal,,False,False,0.75,Sticker | Blue Lethal,85,
CS:GO Weapon Case 2,,False,False,20.31,CS:GO Weapon Case 2,85,
AK-47 | Redline,FIELD_TESTED,False,False,26.0,AK-47 | Redline (Field-Tested),85,
SSG 08 | Zeno,MINIMAL_WEAR,False,False,0.63,SSG 08 | Zeno (Minimal Wear),85,
AK-47 | Elite Build,BATTLE_SCARRED,False,False,1.2,AK-47 | Elite Build (Battle-Scarred),85,
Desert Eagle | Trigger Discipline,WELL_WORN,False,False,0.44,Desert Eagle | Trigger Discipline (Well-Worn),85,
P250 | Visions,FIELD_TESTED,False,False,2.97,P250 | Visions (Field-Tested),85,
Sticker | 100 Thieves (Foil) | 2020 RMR,,False,False,0.25,Sticker | 100 Thieves (Foil) | 2020 RMR,85,
Sticker | Complexity Gaming (Glitter) | Antwerp 2022,,False,False,0.33,Sticker | Complexity Gaming (Glitter) | Antwerp 2022,84,
AUG | Surveillance,FACTORY_NEW,False,False,1.87,AUG | Surveillance (Factory New),84,
Operation Hydra Access Pass,,False,False,23.4,Operation Hydra Access Pass,84,
SG 553 | Heavy Metal,FIELD_TESTED,False,False,0.23,SG 553 | Heavy Metal (Field-Tested),84,
USP-S | Ticket to Hell,FACTORY_NEW,True,False,4.55,StatTrak™ USP-S | Ticket to Hell (Factory New),84,
Sticker | Outsiders (Glitter) | Antwerp 2022,,False,False,0.19,Sticker | Outsiders (Glitter) | Antwerp 2022,84,
Sticker | Natus Vincere (Glitter) | Rio 2022,,False,False,0.18,Sticker | Natus Vincere (Glitter) | Rio 2022,84,
Stockholm 2021 Ancient Souvenir Package,,False,False,4.5,Stockholm 2021 Ancient Souvenir Package,84,
P250 | Forest Night,MINIMAL_WEAR,False,False,1.44,P250 | Forest Night (Minimal Wear),84,
Desert Eagle | Corinthian,FIELD_TESTED,False,False,0.33,Desert Eagle | Corinthian (Field-Tested),84,
T-Rekt,,False,False,0.72,Sticker | T-Rekt,84,
MP7 | Just Smile,WELL_WORN,False,False,0.28,MP7 | Just Smile (Well-Worn),84,
Patch | Metal Distinguished Master Guardian,,False,False,0.7,Patch | Metal Distinguished Master Guardian,83,
Sticker | olofmeister | Berlin 2019,,False,False,0.16,Sticker | olofmeister | Berlin 2019,83,
M4A4 | Choppa,MINIMAL_WEAR,False,False,0.17,M4A4 | Choppa (Minimal Wear),83,
AWP | Capillary,MINIMAL_WEAR,False,False,0.85,AWP | Capillary (Minimal Wear),83,
M4A4 | Mainframe,FACTORY_NEW,False,False,0.41,M4A4 | Mainframe (Factory New),83,
UMP-45 | Crimson Foil,FIELD_TESTED,False,False,2.44,UMP-45 | Crimson Foil (Field-Tested),83,
Chroma 3 Case Key,,False,False,19.78,Chroma 3 Case Key,82,
B Squadron Officer | SAS,,False,False,8.34,B Squadron Officer | SAS,82,
MP9 | Ruby Poison Dart,FACTORY_NEW,False,False,4.75,MP9 | Ruby Poison Dart (Factory New),82,
Sticker | FaZe Clan | Berlin 2019,,False,False,0.97,Sticker | FaZe Clan | Berlin 2019,82,
Sticker | Bolt Charge (Foil),,False,False,2.91,Sticker | Bolt Charge (Foil),81,
Budapest 2025 Contenders Autograph Capsule,,False,False,0.26,Budapest 2025 Contenders Autograph Capsule,81,
Sticker | Vitality (Glitter) | Antwerp 2022,,False,False,0.11,Sticker | Vitality (Glitter) | Antwerp 2022,81,
Glock-18 | Ocean Topo,MINIMAL_WEAR,False,False,0.13,Glock-18 | Ocean Topo (Minimal Wear),81,
Phoenix (Foil),,False,False,2.03,Sticker | Phoenix (Foil),81,
Galil AR | Akoben,FIELD_TESTED,False,False,0.21,Galil AR | Akoben (Field-Tested),81,
Sticker | s1mple | Antwerp 2022,,False,False,0.24,Sticker | s1mple | Antwerp 2022,80,
AK-47 | Elite Build,MINIMAL_WEAR,False,False,2.39,AK-47 | Elite Build (Minimal Wear),80,
Rio 2022 Mirage Souvenir Package,,False,False,2.84,Rio 2022 Mirage Souvenir Package,80,
3rd Commando Company | KSK,,False,False,10.51,3rd Commando Company | KSK,80,
SSG 08 | Dezastre,MINIMAL_WEAR,False,False,0.12,SSG 08 | Dezastre (Minimal Wear),80,
Sticker | Ancient Beast (Foil),,False,False,1.88,Sticker | Ancient Beast (Foil),80,
Glock-18 | Moonrise,FACTORY_NEW,False,False,3.51,Glock-18 | Moonrise (Factory New),80,
AK-47 | Uncharted,FACTORY_NEW,False,False,3.2,AK-47 | Uncharted (Factory New),80,
AK-47 | Ice Coaled,MINIMAL_WEAR,False,False,7.16,AK-47 | Ice Coaled (Minimal Wear),80,
Sticker | Aerial | Katowice 2019,,False,False,0.4,Sticker | Aerial | Katowice 2019,79,
Sticker | Renegades | Berlin 2019,,False,False,0.38,Sticker | Renegades | Berlin 2019,79,
Desert Eagle | Serpent Strike,MINIMAL_WEAR,False,False,0.65,Desert Eagle | Serpent Strike (Minimal Wear),79,
Tec-9 | Fubar,FIELD_TESTED,False,False,0.24,Tec-9 | Fubar (Field-Tested),79,
AWP | Pit Viper,MINIMAL_WEAR,False,False,1.33,AWP | Pit Viper (Minimal Wear),79,
M4A1-S | Night Terror,FACTORY_NEW,False,False,2.25,M4A1-S | Night Terror (Factory New),79,
P250 | X-Ray,MINIMAL_WEAR,False,False,0.28,P250 | X-Ray (Minimal Wear),79,
R8 Revolver | Blaze,FACTORY_NEW,False,False,3.71,R8 Revolver | Blaze (Factory New),79,
Sticker | Chief,,False,False,0.12,Sticker | Chief,79,
Ambush Sticker Capsule,,False,False,0.98,Ambush Sticker Capsule,79,
USP-S | Ticket to Hell,FIELD_TESTED,True,False,1.09,StatTrak™ USP-S | Ticket to Hell (Field-Tested),78,
Revolver Case Key,,False,False,10.0,Revolver Case Key,78,
FAMAS | Teardown,FIELD_TESTED,False,False,0.11,FAMAS | Teardown (Field-Tested),78,
G3SG1 | Scavenger,FIELD_TESTED,False,False,0.38,G3SG1 | Scavenger (Field-Tested),78,
Glock-18 | Oxide Blaze,FIELD_TESTED,True,False,0.26,StatTrak™ Glock-18 | Oxide Blaze (Field-Tested),78,
Sticker | Flash Gaming | Boston 2018,,False,False,2.3,Sticker | Flash Gaming | Boston 2018,78,
SSG 08 | Fever Dream,FIELD_TESTED,False,False,0.7,SSG 08 | Fever Dream (Field-Tested),78,
Sawed-Off | Black Sand,FIELD_TESTED,False,False,0.16,Sawed-Off | Black Sand (Field-Tested),77,
Desert Eagle | Blue Ply,WELL_WORN,False,False,0.22,Desert Eagle | Blue Ply (Well-Worn),77,
SG 553 | Cyberforce,MINIMAL_WEAR,False,False,0.13,SG 553 | Cyberforce (Minimal Wear),77,
SSG 08 | Parallax,MINIMAL_WEAR,False,False,8.24,SSG 08 | Parallax (Minimal Wear),77,
Nova | Candy Apple,FACTORY_NEW,False,False,0.2,Nova | Candy Apple (Factory New),77,
MP9 | Goo,FIELD_TESTED,False,False,0.78,MP9 | Goo (Field-Tested),77,
Operation Phoenix Case Key,,False,False,10.67,Operation Phoenix Case Key,77,
Sticker | Kawaii Eyes (Glitter),,False,False,0.74,Sticker | Kawaii Eyes (Glitter),77,
Sticker | ESPADA (Foil) | 2020 RMR,,False,False,0.29,Sticker | ESPADA (Foil) | 2020 RMR,77,
SG 553 | Anodized Navy,FACTORY_NEW,False,False,0.61,SG 553 | Anodized Navy (Factory New),77,
Sticker | Vertigo's Hero (Holo),,False,False,0.36,Sticker | Vertigo's Hero (Holo),77,
Sticker | Copenhagen Flames (Holo) | Stockholm 2021,,False,False,5.95,Sticker | Copenhagen Flames (Holo) | Stockholm 2021,76,
MP7 | Abyssal Apparition,FIELD_TESTED,False,False,5.3,MP7 | Abyssal Apparition (Field-Tested),76,
Desert Eagle | Bronze Deco,FACTORY_NEW,True,False,1.43,StatTrak™ Desert Eagle | Bronze Deco (Factory New),76,
Sticker | NiKo | Stockholm 2021,,False,False,0.23,Sticker | NiKo | Stockholm 2021,76,
MP9 | Food Chain,FIELD_TESTED,False,False,3.23,MP9 | Food Chain (Field-Tested),76,
MP5-SD | Lab Rats,MINIMAL_WEAR,False,True,0.27,Souvenir MP5-SD | Lab Rats (Minimal Wear),76,
Desert Eagle | Heat Treated,FIELD_TESTED,False,False,1.76,Desert Eagle | Heat Treated (Field-Tested),76,
UMP-45 | Motorized,MINIMAL_WEAR,False,False,0.11,UMP-45 | Motorized (Minimal Wear),76,
Sticker | Sprout Esports (Glitter) | Rio 2022,,False,False,0.46,Sticker | Sprout Esports (Glitter) | Rio 2022,76,
R8 Revolver | Crazy 8,WELL_WORN,False,False,0.26,R8 Revolver | Crazy 8 (Well-Worn),75,
AWP | Exoskeleton,MINIMAL_WEAR,False,False,9.99,AWP | Exoskeleton (Minimal Wear),75,
UMP-45 | K.O. Factory,FIELD_TESTED,False,False,3.74,UMP-45 | K.O. Factory (Field-Tested),75,
Sticker | FaZe Clan | Boston 2018,,False,False,2.58,Sticker | FaZe Clan | Boston 2018,75,
AWP | Exoskeleton,WELL_WORN,False,False,3.51,AWP | Exoskeleton (Well-Worn),75,
USP-S | Ticket to Hell,MINIMAL_WEAR,False,False,0.74,USP-S | Ticket to Hell (Minimal Wear),75,
Tec-9 | Red Quartz,FACTORY_NEW,False,False,0.78,Tec-9 | Red Quartz (Factory New),75,
Special Agent Ava | FBI,,False,False,17.72,Special Agent Ava | FBI,75,
M4A4 | Poly Mag,FIELD_TESTED,True,False,0.11,StatTrak™ M4A4 | Poly Mag (Field-Tested),75,
AUG | Stymphalian,FIELD_TESTED,False,False,2.6,AUG | Stymphalian (Field-Tested),74,
P250 | Boreal Forest,MINIMAL_WEAR,False,False,0.2,P250 | Boreal Forest (Minimal Wear),74,
AK-47 | Slate,MINIMAL_WEAR,False,False,5.75,AK-47 | Slate (Minimal Wear),74,
Sticker | 9z Team (Glitter) | Rio 2022,,False,False,0.5,Sticker | 9z Team (Glitter) | Rio 2022,74,
PP-Bizon | Runic,MINIMAL_WEAR,False,False,0.12,PP-Bizon | Runic (Minimal Wear),74,
MAC-10 | Allure,WELL_WORN,False,False,0.29,MAC-10 | Allure (Well-Worn),74,
MP5-SD | Liquidation,MINIMAL_WEAR,False,False,0.13,MP5-SD | Liquidation (Minimal Wear),74,
USP-S | Torque,FIELD_TESTED,False,False,0.5,USP-S | Torque (Field-Tested),74,
Desert Eagle | Oxide Blaze,FACTORY_NEW,True,False,2.16,StatTrak™ Desert Eagle | Oxide Blaze (Factory New),74,
R8 Revolver | Banana Cannon,FIELD_TESTED,False,False,0.3,R8 Revolver | Banana Cannon (Field-Tested),74,
PP-Bizon | Candy Apple,FACTORY_NEW,False,False,0.17,PP-Bizon | Candy Apple (Factory New),73,
SG 553 | Darkwing,FIELD_TESTED,False,False,0.47,SG 553 | Darkwing (Field-Tested),73,
Sticker | DreamEaters (Foil) | Berlin 2019,,False,False,1.85,Sticker | DreamEaters (Foil) | Berlin 2019,73,
Desert Eagle | Trigger Discipline,MINIMAL_WEAR,False,False,1.4,Desert Eagle | Trigger Discipline (Minimal Wear),73,
Tec-9 | Slag,MINIMAL_WEAR,False,False,0.12,Tec-9 | Slag (Minimal Wear),73,
Operation Bravo Case,,False,False,58.0,Operation Bravo Case,73,
Five-SeveN | Heat Treated,FIELD_TESTED,False,False,2.45,Five-SeveN | Heat Treated (Field-Tested),73,
Nova | Rising Sun,FIELD_TESTED,False,False,0.38,Nova | Rising Sun (Field-Tested),73,
Dual Berettas | Switch Board,FIELD_TESTED,False,False,2.0,Dual Berettas | Switch Board (Field-Tested),73,
AK-47 | Midnight Laminate,FIELD_TESTED,False,False,2.74,AK-47 | Midnight Laminate (Field-Tested),72,
M249 | Spectrogram,MINIMAL_WEAR,False,False,0.27,M249 | Spectrogram (Minimal Wear),72,
'Two Times' McCoy | USAF TACP,,False,False,5.9,'Two Times' McCoy | USAF TACP,72,
Negev | Drop Me,MINIMAL_WEAR,False,False,0.12,Negev | Drop Me (Minimal Wear),72,
Sawed-Off | Kiss♥Love,FIELD_TESTED,False,False,2.99,Sawed-Off | Kiss♥Love (Field-Tested),72,
Sticker | Syman Gaming | Berlin 2019,,False,False,0.41,Sticker | Syman Gaming | Berlin 2019,72,
USP-S | Black Lotus,FIELD_TESTED,True,False,3.05,StatTrak™ USP-S | Black Lotus (Field-Tested),72,
Negev | Dazzle,FIELD_TESTED,False,False,0.24,Negev | Dazzle (Field-Tested),71,
Five-SeveN | Violent Daimyo,FIELD_TESTED,False,False,0.38,Five-SeveN | Violent Daimyo (Field-Tested),71,
P90 | Cocoa Rampage,FACTORY_NEW,False,False,3.71,P90 | Cocoa Rampage (Factory New),71,
USP-S | Flashback,MINIMAL_WEAR,False,False,0.62,USP-S | Flashback (Minimal Wear),71,
AWP | Duality,FIELD_TESTED,False,False,2.91,AWP | Duality (Field-Tested),71,
AK-47 | Crossfade,FIELD_TESTED,False,False,1.99,AK-47 | Crossfade (Field-Tested),71,
M4A1-S | Nitro,BATTLE_SCARRED,False,False,0.37,M4A1-S | Nitro (Battle-Scarred),71,
Sticker | Natus Vincere (Holo) | Paris 2023,,False,False,2.05,Sticker | Natus Vincere (Holo) | Paris 2023,71,
Ho Ho Ho,,False,False,0.28,Sticker | Ho Ho Ho,71,
Sticker | CR4ZY | Berlin 2019,,False,False,0.5,Sticker | CR4ZY | Berlin 2019,71,
XM1014 | Seasons,FACTORY_NEW,False,False,2.94,XM1014 | Seasons (Factory New),71,
Five-SeveN | Hybrid,WELL_WORN,False,False,0.28,Five-SeveN | Hybrid (Well-Worn),71,
AWP | Safari Mesh,BATTLE_SCARRED,False,False,0.15,AWP | Safari Mesh (Battle-Scarred),71,
Stockholm 2021 Vertigo Souvenir Package,,False,False,4.39,Stockholm 2021 Vertigo Souvenir Package,71,
MP7 | Bloodsport,FIELD_TESTED,False,False,28.0,MP7 | Bloodsport (Field-Tested),71,
Budapest 2025 Dust II Souvenir Highlight Package,,False,True,3.3,Budapest 2025 Dust II Souvenir Highlight Package,71,
Glock-18 | Water Elemental,FIELD_TESTED,False,False,15.65,Glock-18 | Water Elemental (Field-Tested),71,
Budapest 2025 Mirage Souvenir Highlight Package,,False,True,3.0,Budapest 2025 Mirage Souvenir Highlight Package,70,
USP-S | Jawbreaker,FIELD_TESTED,False,False,3.09,USP-S | Jawbreaker (Field-Tested),70,
AWP | Exothermic,FIELD_TESTED,False,False,3.4,AWP | Exothermic (Field-Tested),70,
MAC-10 | Button Masher,FIELD_TESTED,False,False,0.35,MAC-10 | Button Masher (Field-Tested),70,
London 2018 Returning Challengers Autograph Capsule,,False,False,7.08,London 2018 Returning Challengers Autograph Capsule,70,
Rezan the Redshirt | Sabre,,False,False,6.73,Rezan the Redshirt | Sabre,70,
FAMAS | Crypsis,FIELD_TESTED,False,False,0.17,FAMAS | Crypsis (Field-Tested),70,
Sticker | NRG | Berlin 2019,,False,False,1.63,Sticker | NRG | Berlin 2019,70,
USP-S | Guardian,MINIMAL_WEAR,False,False,2.48,USP-S | Guardian (Minimal Wear),70,
Galil AR | Green Apple,FACTORY_NEW,False,False,0.59,Galil AR | Green Apple (Factory New),69,
Sticker | Baby Cerberus,,False,False,0.16,Sticker | Baby Cerberus,69,
Boston 2018 Minor Challengers with Flash Gaming Autograph Capsule,,False,False,12.0,Boston 2018 Minor Challengers with Flash Gaming Autograph Capsule,69,
Glock-18 | Moonrise,MINIMAL_WEAR,False,False,1.25,Glock-18 | Moonrise (Minimal Wear),69,
Desert Eagle | Bronze Deco,FIELD_TESTED,True,False,0.38,StatTrak™ Desert Eagle | Bronze Deco (Field-Tested),69,
Nova | Caged Steel,FACTORY_NEW,False,False,0.16,Nova | Caged Steel (Factory New),69,
Sticker | FURIA (Holo) | Stockholm 2021,,False,False,4.9,Sticker | FURIA (Holo) | Stockholm 2021,69,
AUG | Plague,FIELD_TESTED,False,False,0.73,AUG | Plague (Field-Tested),69,
UMP-45 | Arctic Wolf,FIELD_TESTED,False,False,0.32,UMP-45 | Arctic Wolf (Field-Tested),69,
Katowice 2019 Returning Challengers (Holo/Foil),,False,False,8.5,Katowice 2019 Returning Challengers (Holo-Foil),68,
Sticker | G2 Esports (Glitter) | Antwerp 2022,,False,False,0.24,Sticker | G2 Esports (Glitter) | Antwerp 2022,68,
Sticker | Taste Bud,,False,False,0.25,Sticker | Taste Bud,68,
Sticker | Vitality (Holo) | Paris 2023,,False,False,0.73,Sticker | Vitality (Holo) | Paris 2023,68,
Sticker | MOUZ | Stockholm 2021,,False,False,0.17,Sticker | MOUZ | Stockholm 2021,68,
Desert Eagle | Conspiracy,MINIMAL_WEAR,False,False,15.82,Desert Eagle | Conspiracy (Minimal Wear),68,
Sticker | Zeused,,False,False,0.18,Sticker | Zeused,68,
Nova | Dark Sigil,MINIMAL_WEAR,False,False,0.11,Nova | Dark Sigil (Minimal Wear),68,
Tec-9 | Red Quartz,MINIMAL_WEAR,False,False,0.28,Tec-9 | Red Quartz (Minimal Wear),67,
MP9 | Mount Fuji,FIELD_TESTED,False,False,4.5,MP9 | Mount Fuji (Field-Tested),67,
MAG-7 | SWAG-7,FACTORY_NEW,False,False,3.85,MAG-7 | SWAG-7 (Factory New),67,
MP7 | Astrolabe,WELL_WORN,False,False,0.15,MP7 | Astrolabe (Well-Worn),67,
P250 | Small Game,MINIMAL_WEAR,False,False,0.4,P250 | Small Game (Minimal Wear),67,
Sticker | Fireball,,False,False,0.18,Sticker | Fireball,67,
MP9 | Cobalt Paisley,FACTORY_NEW,False,False,1.17,MP9 | Cobalt Paisley (Factory New),67,
Nova | Wurst Hölle,MINIMAL_WEAR,False,False,0.45,Nova | Wurst Hölle (Minimal Wear),67,
USP-S | Black Lotus,BATTLE_SCARRED,False,False,0.63,USP-S | Black Lotus (Battle-Scarred),67,
MAC-10 | Sakkaku,WELL_WORN,False,False,0.3,MAC-10 | Sakkaku (Well-Worn),67,
P250 | Re.built,MINIMAL_WEAR,False,False,0.13,P250 | Re.built (Minimal Wear),67,
USP-S | Tropical Breeze,FIELD_TESTED,False,False,0.24,USP-S | Tropical Breeze (Field-Tested),66,
Negev | dev_texture,FIELD_TESTED,False,False,0.29,Negev | dev_texture (Field-Tested),66,
AUG | Triqua,FIELD_TESTED,False,False,0.23,AUG | Triqua (Field-Tested),66,
Nova | Rising Sun,WELL_WORN,False,False,0.31,Nova | Rising Sun (Well-Worn),66,
Sticker | MIBR | Berlin 2019,,False,False,0.85,Sticker | MIBR | Berlin 2019,66,
MAG-7 | Monster Call,WELL_WORN,False,False,0.28,MAG-7 | Monster Call (Well-Worn),66,
AWP | Mortis,FIELD_TESTED,False,False,2.94,AWP | Mortis (Field-Tested),66,
M4A1-S | Emphorosaur-S,FIELD_TESTED,True,False,1.1,StatTrak™ M4A1-S | Emphorosaur-S (Field-Tested),66,
Tec-9 | Brother,WELL_WORN,False,False,0.28,Tec-9 | Brother (Well-Worn),66,
SSG 08 | Fever Dream,FACTORY_NEW,False,False,4.34,SSG 08 | Fever Dream (Factory New),66,
Negev | Prototype,FIELD_TESTED,False,False,0.18,Negev | Prototype (Field-Tested),66,
Glock-18 | High Beam,MINIMAL_WEAR,False,False,0.17,Glock-18 | High Beam (Minimal Wear),66,
Sticker | MOUZ (Holo) | Rio 2022,,False,False,1.53,Sticker | MOUZ (Holo) | Rio 2022,66,
Sticker | Team Liquid (Holo) | Stockholm 2021,,False,False,3.49,Sticker | Team Liquid (Holo) | Stockholm 2021,66,
Antwerp 2022 Nuke Souvenir Package,,False,False,3.07,Antwerp 2022 Nuke Souvenir Package,65,
CZ75-Auto | Distressed,FIELD_TESTED,False,False,0.21,CZ75-Auto | Distressed (Field-Tested),65,
Dual Berettas | Stained,FIELD_TESTED,False,False,0.12,Dual Berettas | Stained (Field-Tested),65,
M4A4 | Tooth Fairy,FIELD_TESTED,False,False,3.16,M4A4 | Tooth Fairy (Field-Tested),65,
CZ75-Auto | Tuxedo,FIELD_TESTED,False,False,0.24,CZ75-Auto | Tuxedo (Field-Tested),65,
Sticker | Team Liquid (Glitter) | Antwerp 2022,,False,False,0.13,Sticker | Team Liquid (Glitter) | Antwerp 2022,65,
Charm | Disco MAC,,False,False,0.42,Charm | Disco MAC,65,
AWP | Acheron,MINIMAL_WEAR,False,False,2.02,AWP | Acheron (Minimal Wear),65,
SSG 08 | Calligrafaux,MINIMAL_WEAR,False,False,0.19,SSG 08 | Calligrafaux (Minimal Wear),65,
SG 553 | Pulse,FIELD_TESTED,False,False,1.84,SG 553 | Pulse (Field-Tested),64,
Sticker | G2 Esports | Berlin 2019,,False,False,0.47,Sticker | G2 Esports | Berlin 2019,64,
CZ75-Auto | Tacticat,FIELD_TESTED,False,False,0.77,CZ75-Auto | Tacticat (Field-Tested),64,
Sticker | Ninjas in Pyjamas | Berlin 2019,,False,False,1.0,Sticker | Ninjas in Pyjamas | Berlin 2019,64,
"Warhammer 40,000 Traitor Astartes Sticker Capsule",,False,False,0.72,"Warhammer 40,000 Traitor Astartes Sticker Capsule",64,
SG 553 | Aloha,FIELD_TESTED,False,False,0.17,SG 553 | Aloha (Field-Tested),64,
Sticker | Fnatic (Foil) | 2020 RMR,,False,False,0.68,Sticker | Fnatic (Foil) | 2020 RMR,64,
MAG-7 | Resupply,MINIMAL_WEAR,False,False,0.13,MAG-7 | Resupply (Minimal Wear),64,
Sticker | GODSENT | Stockholm 2021,,False,False,0.11,Sticker | GODSENT | Stockholm 2021,64,
Nova | Wild Six,FIELD_TESTED,False,False,0.31,Nova | Wild Six (Field-Tested),64,
Nova | Wood Fired,FIELD_TESTED,False,False,0.17,Nova | Wood Fired (Field-Tested),64,
AWP | Safari Mesh,MINIMAL_WEAR,False,False,0.24,AWP | Safari Mesh (Minimal Wear),64,
Sticker | Renegades | Stockholm 2021,,False,False,0.2,Sticker | Renegades | Stockholm 2021,64,
Lt. Commander Ricksaw | NSWC SEAL,,False,False,18.09,Lt. Commander Ricksaw | NSWC SEAL,64,
USP-S | Guardian,FACTORY_NEW,False,False,8.26,USP-S | Guardian (Factory New),63,
Sealed Graffiti | Goofy (Jungle Green),,False,False,0.22,Sealed Graffiti | Goofy (Jungle Green),63,
MP9 | Mount Fuji,FIELD_TESTED,True,False,8.32,StatTrak™ MP9 | Mount Fuji (Field-Tested),63,
Nova | Dark Sigil,MINIMAL_WEAR,True,False,0.14,StatTrak™ Nova | Dark Sigil (Minimal Wear),63,
Sealed Graffiti | Goofy (SWAT Blue),,False,False,0.27,Sealed Graffiti | Goofy (SWAT Blue),63,
MP7 | Tall Grass,MINIMAL_WEAR,False,False,2.32,MP7 | Tall Grass (Minimal Wear),63,
MP9 | Featherweight,MINIMAL_WEAR,False,False,0.14,MP9 | Featherweight (Minimal Wear),63,
Glock-18 | Off World,FIELD_TESTED,False,False,0.24,Glock-18 | Off World (Field-Tested),63,
Sticker | FaZe Clan (Holo) | Rio 2022,,False,False,2.45,Sticker | FaZe Clan (Holo) | Rio 2022,63,
MAC-10 | Monkeyflage,MINIMAL_WEAR,False,False,0.15,MAC-10 | Monkeyflage (Minimal Wear),63,
Sticker | Broken Fang (Holo),,False,False,1.87,Sticker | Broken Fang (Holo),63,
Sticker | jks | Berlin 2019,,False,False,0.18,Sticker | jks | Berlin 2019,63,
USP-S | Check Engine,FIELD_TESTED,False,False,0.75,USP-S | Check Engine (Field-Tested),63,
M4A1-S | Fizzy POP,FIELD_TESTED,False,False,1.52,M4A1-S | Fizzy POP (Field-Tested),62,
AWP | Atheris,FIELD_TESTED,False,False,3.9,AWP | Atheris (Field-Tested),62,
AWP | PAW,FIELD_TESTED,False,False,1.77,AWP | PAW (Field-Tested),62,
SK Gaming | Cologne 2016,,False,False,4.28,Sticker | SK Gaming | Cologne 2016,62,
Street Soldier | Phoenix,,False,False,17.96,Street Soldier | Phoenix,62,
AK-47 | Wintergreen,FACTORY_NEW,False,False,5.3,AK-47 | Wintergreen (Factory New),62,
Cologne 2016 Legends (Holo/Foil),,False,False,29.63,Cologne 2016 Legends (Holo-Foil),62,
Sealed Graffiti | Goofy (Blood Red),,False,False,0.42,Sealed Graffiti | Goofy (Blood Red),62,
AWP | Fever Dream,MINIMAL_WEAR,False,False,12.05,AWP | Fever Dream (Minimal Wear),62,
Desert Eagle | Bronze Deco,FACTORY_NEW,False,False,1.39,Desert Eagle | Bronze Deco (Factory New),62,
Sticker | Chrome Dome (Holo),,False,False,4.0,Sticker | Chrome Dome (Holo),62,
Sawed-Off | Brake Light,FACTORY_NEW,False,False,0.87,Sawed-Off | Brake Light (Factory New),62,
Desert Eagle | Heat Treated,MINIMAL_WEAR,False,False,2.37,Desert Eagle | Heat Treated (Minimal Wear),61,
MAG-7 | Popdog,FIELD_TESTED,False,False,0.39,MAG-7 | Popdog (Field-Tested),61,
"Music Kit | Humanity's Last Breath, Void",,False,False,0.39,"Music Kit | Humanity's Last Breath, Void",61,
MP5-SD | Lab Rats,FIELD_TESTED,False,True,0.27,Souvenir MP5-SD | Lab Rats (Field-Tested),61,
P2000 | Urban Hazard,FIELD_TESTED,False,False,0.17,P2000 | Urban Hazard (Field-Tested),61,
M4A1-S | Decimator,FIELD_TESTED,False,False,10.32,M4A1-S | Decimator (Field-Tested),61,
XM1014 | Zombie Offensive,MINIMAL_WEAR,False,False,0.52,XM1014 | Zombie Offensive (Minimal Wear),61,
Sticker | torzsi (Glitter) | Shanghai 2024,,False,False,0.12,Sticker | torzsi (Glitter) | Shanghai 2024,61,
Sticker | Boom (Foil) | 2020 RMR,,False,False,0.38,Sticker | Boom (Foil) | 2020 RMR,61,
Sticker | dgt (Glitter) | Antwerp 2022,,False,False,0.17,Sticker | dgt (Glitter) | Antwerp 2022,61,
XM1014 | Incinegator,FIELD_TESTED,False,False,4.74,XM1014 | Incinegator (Field-Tested),61,
MAC-10 | Disco Tech,FIELD_TESTED,False,False,4.2,MAC-10 | Disco Tech (Field-Tested),61,
AUG | Navy Murano,FIELD_TESTED,False,False,2.1,AUG | Navy Murano (Field-Tested),60,
Copenhagen 2024 Overpass Souvenir Package,,False,False,2.32,Copenhagen 2024 Overpass Souvenir Package,60,
London 2018 Legends Autograph Capsule,,False,False,9.2,London 2018 Legends Autograph Capsule,60,
Glock-18 | Ocean Topo,FACTORY_NEW,False,False,0.51,Glock-18 | Ocean Topo (Factory New),60,
CS:GO Case Key,,False,False,5.0,CS:GO Case Key,60,
Number K | The Professionals,,False,False,44.05,Number K | The Professionals,60,
MLG Columbus 2016 Legends (Holo/Foil),,False,False,34.14,MLG Columbus 2016 Legends (Holo-Foil),60,
Sticker | 3DMAX (Glitter) | Shanghai 2024,,False,False,0.6,Sticker | 3DMAX (Glitter) | Shanghai 2024,60,
Sticker | ESPADA (Holo) | 2020 RMR,,False,False,0.11,Sticker | ESPADA (Holo) | 2020 RMR,60,
Sticker | Avangar | Berlin 2019,,False,False,0.59,Sticker | Avangar | Berlin 2019,60,
Sticker | G2 Esports (Glitter) | Shanghai 2024,,False,False,0.24,Sticker | G2 Esports (Glitter) | Shanghai 2024,60,
AWP | Acheron,FIELD_TESTED,False,False,0.7,AWP | Acheron (Field-Tested),60,
SG 553 | Bleached,FIELD_TESTED,False,False,0.39,SG 553 | Bleached (Field-Tested),60,
Sticker | Gambit Gaming (Foil) | Stockholm 2021,,False,False,1.05,Sticker | Gambit Gaming (Foil) | Stockholm 2021,59,
Sir Bloody Miami Darryl | The Professionals,,False,False,77.87,Sir Bloody Miami Darryl | The Professionals,59,
Sticker | FaZe Clan (Glitter) | Rio 2022,,False,False,0.31,Sticker | FaZe Clan (Glitter) | Rio 2022,59,
AWP | Exoskeleton,BATTLE_SCARRED,False,False,3.86,AWP | Exoskeleton (Battle-Scarred),59,
Charm | Lil' Zen,,False,False,0.3,Charm | Lil' Zen,59,
MAC-10 | Ensnared,MINIMAL_WEAR,True,False,0.15,StatTrak™ MAC-10 | Ensnared (Minimal Wear),59,
Desert Eagle | Blue Ply,BATTLE_SCARRED,False,False,0.22,Desert Eagle | Blue Ply (Battle-Scarred),59,
P2000 | Coral Halftone,FACTORY_NEW,False,False,0.77,P2000 | Coral Halftone (Factory New),59,
SCAR-20 | Blueprint,FIELD_TESTED,False,False,0.31,SCAR-20 | Blueprint (Field-Tested),59,
Glock-18 | Block-18,MINIMAL_WEAR,False,False,0.73,Glock-18 | Block-18 (Minimal Wear),59,
Banana,,False,False,0.97,Sticker | Banana,59,
Negev | Bulkhead,FACTORY_NEW,False,False,0.32,Negev | Bulkhead (Factory New),59,
PP-Bizon | Lumen,FIELD_TESTED,False,False,0.62,PP-Bizon | Lumen (Field-Tested),59,
Charm | Titeenium AWP,,False,False,3.4,Charm | Titeenium AWP,59,
AK-47 | Rat Rod,FIELD_TESTED,False,False,3.24,AK-47 | Rat Rod (Field-Tested),59,
P90 | Teardown,FIELD_TESTED,False,False,0.15,P90 | Teardown (Field-Tested),59,
SSG 08 | Mainframe 001,MINIMAL_WEAR,True,False,0.2,StatTrak™ SSG 08 | Mainframe 001 (Minimal Wear),58,
AUG | Sweeper,FACTORY_NEW,False,False,0.52,AUG | Sweeper (Factory New),58,
MP7 | Astrolabe,MINIMAL_WEAR,False,False,0.59,MP7 | Astrolabe (Minimal Wear),58,
Patch | City 17,,False,False,0.26,Patch | City 17,58,
Sticker | Blinky,,False,False,0.2,Sticker | Blinky,58,
Sealed Graffiti | Grimace (Brick Red),,False,False,0.15,Sealed Graffiti | Grimace (Brick Red),58,
P250 | Supernova,MINIMAL_WEAR,False,False,1.63,P250 | Supernova (Minimal Wear),58,
Glock-18 | Candy Apple,FIELD_TESTED,False,False,1.08,Glock-18 | Candy Apple (Field-Tested),58,
Desert Eagle | Oxide Blaze,FIELD_TESTED,True,False,0.68,StatTrak™ Desert Eagle | Oxide Blaze (Field-Tested),58,
Sticker | forZe eSports | Berlin 2019,,False,False,0.29,Sticker | forZe eSports | Berlin 2019,58,
SCAR-20 | Jungle Slipstream,FIELD_TESTED,False,False,0.17,SCAR-20 | Jungle Slipstream (Field-Tested),58,
MLG Columbus 2016 Challengers (Holo/Foil),,False,False,39.99,MLG Columbus 2016 Challengers (Holo-Foil),58,
Sticker | Natus Vincere (Holo) | Stockholm 2021,,False,False,2.1,Sticker | Natus Vincere (Holo) | Stockholm 2021,58,
M4A1-S | Emphorosaur-S,FACTORY_NEW,False,False,2.71,M4A1-S | Emphorosaur-S (Factory New),58,
Dual Berettas | Flora Carnivora,WELL_WORN,False,False,0.29,Dual Berettas | Flora Carnivora (Well-Worn),58,
Glock-18 | Coral Bloom,FIELD_TESTED,False,False,0.17,Glock-18 | Coral Bloom (Field-Tested),58,
Sticker | Complexity Gaming (Glitter) | Copenhagen 2024,,False,False,0.28,Sticker | Complexity Gaming (Glitter) | Copenhagen 2024,58,
MAC-10 | Sakkaku,BATTLE_SCARRED,False,False,0.22,MAC-10 | Sakkaku (Battle-Scarred),58,
SSG 08 | Abyss,FIELD_TESTED,True,False,0.69,StatTrak™ SSG 08 | Abyss (Field-Tested),57,
Negev | Ultralight,MINIMAL_WEAR,False,False,0.13,Negev | Ultralight (Minimal Wear),57,
AK-47 | Inheritance,FIELD_TESTED,False,False,35.24,AK-47 | Inheritance (Field-Tested),57,
MP9 | Airlock,FIELD_TESTED,False,False,9.39,MP9 | Airlock (Field-Tested),57,
USP-S | PC-GRN,MINIMAL_WEAR,False,False,0.18,USP-S | PC-GRN (Minimal Wear),57,
Sticker | Liquid (Foil) | 2020 RMR,,False,False,0.6,Sticker | Liquid (Foil) | 2020 RMR,57,
Patch | Metal Legendary Eagle Master,,False,False,1.35,Patch | Metal Legendary Eagle Master,57,
Charm | Lil' Baller,,False,False,0.12,Charm | Lil' Baller,57,
I Conquered,,False,False,0.35,Sticker | I Conquered,57,
Sticker | TeSeS (Glitter) | Shanghai 2024,,False,False,0.12,Sticker | TeSeS (Glitter) | Shanghai 2024,57,
Sticker | shox (Holo) | Stockholm 2021,,False,False,2.0,Sticker | shox (Holo) | Stockholm 2021,57,
USP-S | Torque,FACTORY_NEW,False,False,1.97,USP-S | Torque (Factory New),57,
Patch | Wildfire,,False,False,0.42,Patch | Wildfire,57,
Sticker | Krimbo (Holo) | Antwerp 2022,,False,False,0.62,Sticker | Krimbo (Holo) | Antwerp 2022,57,
Glock-18 | Umbral Rabbit,MINIMAL_WEAR,False,False,0.63,Glock-18 | Umbral Rabbit (Minimal Wear),57,
USP-S | PC-GRN,FIELD_TESTED,True,False,0.14,StatTrak™ USP-S | PC-GRN (Field-Tested),57,
SG 553 | Ol' Rusty,MINIMAL_WEAR,False,False,0.12,SG 553 | Ol' Rusty (Minimal Wear),56,
"StatTrak™ Music Kit | Tree Adams and Ben Bromfield, M.U.D.D. FORCE",,False,False,0.47,"Music Kit | Tree Adams and Ben Bromfield, M.U.D.D. FORCE",56,
Sticker | Tyloo (Holo) | Berlin 2019,,False,False,0.9,Sticker | Tyloo (Holo) | Berlin 2019,56,
Antwerp 2022 Dust II Souvenir Package,,False,False,4.5,Antwerp 2022 Dust II Souvenir Package,56,
StatTrak™ Glock-18 | Warhawk,FIELD_TESTED,False,False,0.4,Glock-18 | Warhawk (Field-Tested),56,
"Sticker | apEX (Holo, Champion) | Paris 2023",,False,False,0.28,"Sticker | apEX (Holo, Champion) | Paris 2023",56,
Prof. Shahmat | Elite Crew,,False,False,6.29,Prof. Shahmat | Elite Crew,56,
Sticker | Leaving The Station (Holo),,False,False,4.09,Sticker | Leaving The Station (Holo),56,
MAG-7 | BI83 Spectrum,FIELD_TESTED,False,False,1.75,MAG-7 | BI83 Spectrum (Field-Tested),56,
MP5-SD | Lab Rats,FACTORY_NEW,False,True,0.42,Souvenir MP5-SD | Lab Rats (Factory New),56,
MAG-7 | Insomnia,MINIMAL_WEAR,False,False,0.13,MAG-7 | Insomnia (Minimal Wear),56,
MAC-10 | Oceanic,FIELD_TESTED,False,False,0.27,MAC-10 | Oceanic (Field-Tested),56,
Sticker | Kill Count,,False,False,0.86,Sticker | Kill Count,56,
Desert Eagle | Mulberry,FIELD_TESTED,False,False,2.18,Desert Eagle | Mulberry (Field-Tested),56,
PP-Bizon | Runic,MINIMAL_WEAR,True,False,0.21,StatTrak™ PP-Bizon | Runic (Minimal Wear),56,
Zeus x27 | Electric Blue,FACTORY_NEW,False,False,0.35,Zeus x27 | Electric Blue (Factory New),56,
UMP-45 | Briefing,FIELD_TESTED,False,False,0.4,UMP-45 | Briefing (Field-Tested),55,
AK-47 | Phantom Disruptor,FIELD_TESTED,False,False,4.55,AK-47 | Phantom Disruptor (Field-Tested),55,
Glock-18 | Catacombs,FIELD_TESTED,False,False,0.68,Glock-18 | Catacombs (Field-Tested),55,
USP-S | Blueprint,FIELD_TESTED,False,False,5.03,USP-S | Blueprint (Field-Tested),55,
Dual Berettas | Hideout,MINIMAL_WEAR,True,False,0.16,StatTrak™ Dual Berettas | Hideout (Minimal Wear),55,
Sticker | rox (Glitter) | Antwerp 2022,,False,False,2.58,Sticker | rox (Glitter) | Antwerp 2022,55,
USP-S | Silent Shot,FIELD_TESTED,False,False,0.21,USP-S | Silent Shot (Field-Tested),55,
M4A1-S | Electrum,MINIMAL_WEAR,False,False,2.64,M4A1-S | Electrum (Minimal Wear),55,
Tec-9 | Rebel,MINIMAL_WEAR,False,False,0.13,Tec-9 | Rebel (Minimal Wear),55,
R8 Revolver | Crazy 8,FIELD_TESTED,True,False,0.55,StatTrak™ R8 Revolver | Crazy 8 (Field-Tested),55,
USP-S | PC-GRN,MINIMAL_WEAR,True,False,0.62,StatTrak™ USP-S | PC-GRN (Minimal Wear),55,
Sticker | paiN Gaming (Holo) | Paris 2023,,False,False,1.89,Sticker | paiN Gaming (Holo) | Paris 2023,55,
Nova | Rain Station,FACTORY_NEW,False,False,0.28,Nova | Rain Station (Factory New),55,
Sticker | Great Wave,,False,False,1.11,Sticker | Great Wave,55,
Tec-9 | Army Mesh,FACTORY_NEW,False,False,0.47,Tec-9 | Army Mesh (Factory New),54,
Sealed Graffiti | Goofy (War Pig Pink),,False,False,0.27,Sealed Graffiti | Goofy (War Pig Pink),54,
MP7 | Anodized Navy,FACTORY_NEW,False,False,1.51,MP7 | Anodized Navy (Factory New),54,
Sticker | ENCE | Berlin 2019,,False,False,0.24,Sticker | ENCE | Berlin 2019,54,
UMP-45 | Scaffold,FIELD_TESTED,False,False,1.06,UMP-45 | Scaffold (Field-Tested),54,
M4A1-S | Glitched Paint,FIELD_TESTED,False,False,1.29,M4A1-S | Glitched Paint (Field-Tested),54,
"Music Kit | bbno$, u mad!",,False,False,1.98,"Music Kit | bbno$, u mad!",54,
P250 | Supernova,FACTORY_NEW,True,False,3.95,StatTrak™ P250 | Supernova (Factory New),54,
Michael Syfers  | FBI Sniper,,False,False,11.38,Michael Syfers  | FBI Sniper,54,
Desert Eagle | Corinthian,FACTORY_NEW,False,False,1.79,Desert Eagle | Corinthian (Factory New),54,
SSG 08 | Blue Spruce,MINIMAL_WEAR,False,False,0.2,SSG 08 | Blue Spruce (Minimal Wear),54,
Witchcraft,,False,False,1.49,Sticker | Witchcraft,54,
Sticker | Evil Geniuses (Foil) | 2020 RMR,,False,False,0.27,Sticker | Evil Geniuses (Foil) | 2020 RMR,54,
M249 | O.S.I.P.R.,FIELD_TESTED,True,False,0.27,StatTrak™ M249 | O.S.I.P.R. (Field-Tested),54,
AK-47 | Elite Build,FACTORY_NEW,False,False,10.63,AK-47 | Elite Build (Factory New),54,
AWP | Worm God,FIELD_TESTED,False,False,1.87,AWP | Worm God (Field-Tested),54,
SG 553 | Pulse,FIELD_TESTED,True,False,3.77,StatTrak™ SG 553 | Pulse (Field-Tested),54,
M4A1-S | Liquidation,MINIMAL_WEAR,False,False,4.6,M4A1-S | Liquidation (Minimal Wear),54,
XM1014 | Zombie Offensive,FACTORY_NEW,False,False,1.12,XM1014 | Zombie Offensive (Factory New),54,
M4A1-S | Night Terror,FACTORY_NEW,True,False,4.6,StatTrak™ M4A1-S | Night Terror (Factory New),54,
Sticker | headtr1ck (Holo) | Paris 2023,,False,False,0.4,Sticker | headtr1ck (Holo) | Paris 2023,54,
Glock-18 | Winterized,MINIMAL_WEAR,False,False,0.15,Glock-18 | Winterized (Minimal Wear),54,
Sticker | tabseN | Katowice 2019,,False,False,0.4,Sticker | tabseN | Katowice 2019,54,
Operation Breakout Case Key,,False,False,29.99,Operation Breakout Case Key,54,
SSG 08 | Jungle Dashed,FIELD_TESTED,False,True,0.16,Souvenir SSG 08 | Jungle Dashed (Field-Tested),54,
Nova | Yorkshire,MINIMAL_WEAR,False,False,0.55,Nova | Yorkshire (Minimal Wear),54,
FAMAS | Halftone Wash,MINIMAL_WEAR,False,False,0.4,FAMAS | Halftone Wash (Minimal Wear),54,
MP9 | Goo,FACTORY_NEW,False,False,9.85,MP9 | Goo (Factory New),53,
XM1014 | XOXO,FIELD_TESTED,False,False,2.99,XM1014 | XOXO (Field-Tested),53,
PP-Bizon | Space Cat,FIELD_TESTED,True,False,0.42,StatTrak™ PP-Bizon | Space Cat (Field-Tested),53,
Sealed Graffiti | Goofy (Tiger Orange),,False,False,0.23,Sealed Graffiti | Goofy (Tiger Orange),53,
Sticker | KSCERATO (Glitter) | Antwerp 2022,,False,False,0.12,Sticker | KSCERATO (Glitter) | Antwerp 2022,53,
Desert Eagle | Mint Fan,FIELD_TESTED,False,False,0.16,Desert Eagle | Mint Fan (Field-Tested),53,
USP-S | Silent Shot,MINIMAL_WEAR,False,False,0.47,USP-S | Silent Shot (Minimal Wear),53,
M249 | Spectrogram,FACTORY_NEW,False,False,0.72,M249 | Spectrogram (Factory New),53,
M4A4 | Choppa,FACTORY_NEW,False,False,1.62,M4A4 | Choppa (Factory New),53,
UMP-45 | Oscillator,FIELD_TESTED,True,False,0.25,StatTrak™ UMP-45 | Oscillator (Field-Tested),53,
Sticker | Techno4K | Cologne 2026,,False,False,0.12,Sticker | Techno4K | Cologne 2026,53,
Sticker | device (Holo) | Stockholm 2021,,False,False,2.09,Sticker | device (Holo) | Stockholm 2021,53,
SSG 08 | Parallax,FIELD_TESTED,False,False,2.7,SSG 08 | Parallax (Field-Tested),53,
P2000 | Coral Halftone,MINIMAL_WEAR,False,False,0.99,P2000 | Coral Halftone (Minimal Wear),53,
AWP | Fever Dream,FIELD_TESTED,False,False,10.62,AWP | Fever Dream (Field-Tested),52,
CZ75-Auto | Silver,FACTORY_NEW,False,False,2.85,CZ75-Auto | Silver (Factory New),52,
XM1014 | Slipstream,FIELD_TESTED,False,False,0.2,XM1014 | Slipstream (Field-Tested),52,
Winter Offensive Case Key,,False,False,7.72,Winter Offensive Case Key,52,
Sticker | HellRaisers | Berlin 2019,,False,False,3.33,Sticker | HellRaisers | Berlin 2019,52,
Glock-18 | Bunsen Burner,FIELD_TESTED,True,False,1.11,StatTrak™ Glock-18 | Bunsen Burner (Field-Tested),52,
SSG 08 | Halftone Whorl,FACTORY_NEW,False,False,0.59,SSG 08 | Halftone Whorl (Factory New),52,
Tec-9 | Ice Cap,FIELD_TESTED,False,False,0.34,Tec-9 | Ice Cap (Field-Tested),52,
AK-47 | Breakthrough,FIELD_TESTED,False,False,2.47,AK-47 | Breakthrough (Field-Tested),52,
MAG-7 | Monster Call,BATTLE_SCARRED,False,False,0.31,MAG-7 | Monster Call (Battle-Scarred),52,
MAG-7 | Heaven Guard,FACTORY_NEW,True,False,0.99,StatTrak™ MAG-7 | Heaven Guard (Factory New),52,
Sticker | Winding Scorch (Foil),,False,False,2.92,Sticker | Winding Scorch (Foil),52,
XM1014 | Irezumi,MINIMAL_WEAR,False,False,0.11,XM1014 | Irezumi (Minimal Wear),52,
Sir Bloody Darryl Royale | The Professionals,,False,False,44.79,Sir Bloody Darryl Royale | The Professionals,52,
Sticker | Extermination,,False,False,0.4,Sticker | Extermination,52,
Sticker | Syman Gaming (Foil) | Berlin 2019,,False,False,4.19,Sticker | Syman Gaming (Foil) | Berlin 2019,52,
Sticker | Blue Gem (Glitter),,False,False,3.68,Sticker | Blue Gem (Glitter),52,
Desert Eagle | Urban Rubble,FIELD_TESTED,False,False,0.14,Desert Eagle | Urban Rubble (Field-Tested),52,
1st Lieutenant Farlow | SWAT,,False,False,8.26,1st Lieutenant Farlow | SWAT,51,
MP9 | Black Sand,FIELD_TESTED,False,False,0.11,MP9 | Black Sand (Field-Tested),51,
Sticker | BIG (Holo) | Stockholm 2021,,False,False,6.01,Sticker | BIG (Holo) | Stockholm 2021,51,
Sticker | INTZ E-SPORTS CLUB | Berlin 2019,,False,False,0.65,Sticker | INTZ E-SPORTS CLUB | Berlin 2019,51,
Desert Eagle | Serpent Strike,FACTORY_NEW,False,False,2.01,Desert Eagle | Serpent Strike (Factory New),51,
M4A1-S | Liquidation,FIELD_TESTED,False,False,1.78,M4A1-S | Liquidation (Field-Tested),51,
Sealed Graffiti | Goofy (Frog Green),,False,False,1.04,Sealed Graffiti | Goofy (Frog Green),51,
Sticker | CR4ZY (Holo) | Berlin 2019,,False,False,0.94,Sticker | CR4ZY (Holo) | Berlin 2019,51,
Sticker | Last Vance,,False,False,0.19,Sticker | Last Vance,51,
Sticker | Baby Medusa,,False,False,0.32,Sticker | Baby Medusa,51,
P90 | Vent Rush,FIELD_TESTED,True,False,0.45,StatTrak™ P90 | Vent Rush (Field-Tested),51,
USP-S | Cortex,MINIMAL_WEAR,False,False,6.4,USP-S | Cortex (Minimal Wear),51,
Five-SeveN | Boost Protocol,MINIMAL_WEAR,False,False,4.69,Five-SeveN | Boost Protocol (Minimal Wear),51,
USP-S | Cortex,WELL_WORN,False,False,2.7,USP-S | Cortex (Well-Worn),51,
Let's Roll-oll,,False,False,1.48,Sticker | Let's Roll-oll,51,
SG 553 | Heavy Metal,WELL_WORN,False,False,0.15,SG 553 | Heavy Metal (Well-Worn),51,
SG 553 | Candy Apple,MINIMAL_WEAR,False,False,5.56,SG 553 | Candy Apple (Minimal Wear),51,
P250 | Cyber Shell,FIELD_TESTED,True,False,0.46,StatTrak™ P250 | Cyber Shell (Field-Tested),51,
Tec-9 | Fuel Injector,FIELD_TESTED,False,False,9.84,Tec-9 | Fuel Injector (Field-Tested),51,
Tec-9 | Sandstorm,FIELD_TESTED,False,False,0.53,Tec-9 | Sandstorm (Field-Tested),51,
The Elite Mr. Muhlik | Elite Crew,,False,False,9.77,The Elite Mr. Muhlik | Elite Crew,51,
Sticker | North | Berlin 2019,,False,False,0.6,Sticker | North | Berlin 2019,51,
SSG 08 | Abyss,FACTORY_NEW,False,False,5.79,SSG 08 | Abyss (Factory New),51,
R8 Revolver | Junk Yard,FIELD_TESTED,False,False,0.26,R8 Revolver | Junk Yard (Field-Tested),51,
MAC-10 | Lapis Gator,FACTORY_NEW,False,False,2.94,MAC-10 | Lapis Gator (Factory New),51,
Patch | Metal Silver,,False,False,3.3,Patch | Metal Silver,51,
Sticker | 9z Team (Glitter) | Antwerp 2022,,False,False,1.83,Sticker | 9z Team (Glitter) | Antwerp 2022,50,
CZ75-Auto | Circaetus,FIELD_TESTED,True,False,0.27,StatTrak™ CZ75-Auto | Circaetus (Field-Tested),50,
UMP-45 | Wild Child,FIELD_TESTED,False,False,2.91,UMP-45 | Wild Child (Field-Tested),50,
Nova | Windblown,FIELD_TESTED,True,False,0.31,StatTrak™ Nova | Windblown (Field-Tested),50,
Galil AR | Signal,FACTORY_NEW,False,False,4.47,Galil AR | Signal (Factory New),50,
Sticker | Immortals | Krakow 2017,,False,False,1.46,Sticker | Immortals | Krakow 2017,50,
XM1014 | Zombie Offensive,FIELD_TESTED,True,False,0.4,StatTrak™ XM1014 | Zombie Offensive (Field-Tested),50,
SSG 08 | Prey,FIELD_TESTED,False,True,0.25,Souvenir SSG 08 | Prey (Field-Tested),50,
Five-SeveN | Hybrid,BATTLE_SCARRED,False,False,0.29,Five-SeveN | Hybrid (Battle-Scarred),50,
Sticker | Overpass Diorama (Foil),,False,False,0.2,Sticker | Overpass Diorama (Foil),50,
Sawed-Off | Zander,FIELD_TESTED,False,False,0.33,Sawed-Off | Zander (Field-Tested),50,
MAG-7 | Wildwood,FACTORY_NEW,False,False,0.32,MAG-7 | Wildwood (Factory New),50,
XM1014 | Ziggy,FIELD_TESTED,False,False,0.72,XM1014 | Ziggy (Field-Tested),50,
Sticker | tonyblack (Foil) | London 2018,,False,False,135.0,Sticker | tonyblack (Foil) | London 2018,50,
Galil AR | Metallic Squeezer,MINIMAL_WEAR,False,False,0.35,Galil AR | Metallic Squeezer (Minimal Wear),50,
MP7 | Tall Grass,FIELD_TESTED,False,False,5.99,MP7 | Tall Grass (Field-Tested),50,
Desert Eagle | Firebreathing,MINIMAL_WEAR,False,False,1.65,Desert Eagle | Firebreathing (Minimal Wear),49,
Sticker | FACEIT | London 2018,,False,False,1.9,Sticker | FACEIT | London 2018,49,
Paris 2023 Nuke Souvenir Package,,False,False,2.05,Paris 2023 Nuke Souvenir Package,49,
R8 Revolver | Grip,FIELD_TESTED,False,False,0.18,R8 Revolver | Grip (Field-Tested),49,
Negev | Desert-Strike,FIELD_TESTED,False,False,0.27,Negev | Desert-Strike (Field-Tested),49,
Sticker | Rush More,,False,False,0.12,Sticker | Rush More,49,
AK-47 | Searing Rage,FIELD_TESTED,False,False,3.94,AK-47 | Searing Rage (Field-Tested),49,
SSG 08 | Memorial,MINIMAL_WEAR,False,False,0.15,SSG 08 | Memorial (Minimal Wear),49,
MAC-10 | Sakkaku,FIELD_TESTED,True,False,1.45,StatTrak™ MAC-10 | Sakkaku (Field-Tested),49,
M4A4 | Magnesium,BATTLE_SCARRED,False,False,0.16,M4A4 | Magnesium (Battle-Scarred),49,
G3SG1 | Hunter,FIELD_TESTED,False,False,0.21,G3SG1 | Hunter (Field-Tested),49,
Sticker | Cloud9 (Glitter) | Rio 2022,,False,False,0.29,Sticker | Cloud9 (Glitter) | Rio 2022,49,
Galil AR | Control,FIELD_TESTED,True,False,0.53,StatTrak™ Galil AR | Control (Field-Tested),49,
Sawed-Off | Devourer,FIELD_TESTED,False,False,3.82,Sawed-Off | Devourer (Field-Tested),49,
CS20 Case Key,,False,False,15.88,CS20 Case Key,49,
Five-SeveN | Monkey Business,FIELD_TESTED,False,False,9.0,Five-SeveN | Monkey Business (Field-Tested),49,
Train Pin,,False,False,2.4,Train Pin,49,
Desert Eagle | Conspiracy,FACTORY_NEW,False,False,26.1,Desert Eagle | Conspiracy (Factory New),49,
R8 Revolver | Crazy 8,FACTORY_NEW,True,False,5.78,StatTrak™ R8 Revolver | Crazy 8 (Factory New),49,
M4A1-S | Black Lotus,FACTORY_NEW,False,False,13.54,M4A1-S | Black Lotus (Factory New),49,
Desert Eagle | Blue Ply,FIELD_TESTED,True,False,0.75,StatTrak™ Desert Eagle | Blue Ply (Field-Tested),49,
AWP | Worm God,FACTORY_NEW,False,False,9.65,AWP | Worm God (Factory New),49,
Sticker | Lurker,,False,False,0.31,Sticker | Lurker,48,
MP9 | Starlight Protector,FIELD_TESTED,False,False,54.93,MP9 | Starlight Protector (Field-Tested),48,
CT in Banana,,False,False,0.69,Sticker | CT in Banana,48,
Desert Eagle | Mulberry,MINIMAL_WEAR,False,False,8.85,Desert Eagle | Mulberry (Minimal Wear),48,
M4A1-S | Flashback,FIELD_TESTED,False,False,3.96,M4A1-S | Flashback (Field-Tested),48,
Glock-18 | Clear Polymer,WELL_WORN,False,False,0.2,Glock-18 | Clear Polymer (Well-Worn),48,
Austin 2025 Mirage Souvenir Highlight Package,,False,True,3.43,Austin 2025 Mirage Souvenir Highlight Package,48,
Krakow 2017 Legends (Holo/Foil),,False,False,17.99,Krakow 2017 Legends (Holo-Foil),48,
P2000 | Gnarled,MINIMAL_WEAR,False,False,0.14,P2000 | Gnarled (Minimal Wear),48,
USP-S | Flashback,FACTORY_NEW,False,False,6.11,USP-S | Flashback (Factory New),48,
Glock-18 | Nuclear Garden,FIELD_TESTED,False,False,3.17,Glock-18 | Nuclear Garden (Field-Tested),48,
Gift Package,,False,False,7.18,Gift Package,48,
Sticker | Natus Vincere | Boston 2018,,False,False,2.15,Sticker | Natus Vincere | Boston 2018,48,
MP7 | Urban Hazard,MINIMAL_WEAR,False,False,0.33,MP7 | Urban Hazard (Minimal Wear),48,
"Music Kit | TWERL and Ekko & Sidetrack, Under Bright Lights",,False,False,7.45,"Music Kit | TWERL and Ekko & Sidetrack, Under Bright Lights",48,
AK-47 | Searing Rage,MINIMAL_WEAR,False,False,7.9,AK-47 | Searing Rage (Minimal Wear),48,
seang@res | Cologne 2015,,False,False,2.91,Sticker | seang@res | Cologne 2015,48,
MAC-10 | Echoing Sands,FIELD_TESTED,False,False,0.17,MAC-10 | Echoing Sands (Field-Tested),47,
AK-47 | Slate,FACTORY_NEW,False,False,14.99,AK-47 | Slate (Factory New),47,
Sticker | Vitality | Berlin 2019,,False,False,0.26,Sticker | Vitality | Berlin 2019,47,
Charm | Diamond Dog,,False,False,7.0,Charm | Diamond Dog,47,
Sealed Graffiti | Goofy (Monster Purple),,False,False,0.26,Sealed Graffiti | Goofy (Monster Purple),47,
MP7 | Bloodsport,MINIMAL_WEAR,False,False,37.29,MP7 | Bloodsport (Minimal Wear),47,
SG 553 | Damascus Steel,FIELD_TESTED,False,False,0.15,SG 553 | Damascus Steel (Field-Tested),47,
Militia Pin,,False,False,2.79,Militia Pin,47,
Metal,,False,False,6.79,Sticker | Metal,47,
Dual Berettas | Colony,MINIMAL_WEAR,False,False,0.2,Dual Berettas | Colony (Minimal Wear),47,
Five-SeveN | Scumbria,FIELD_TESTED,False,False,0.24,Five-SeveN | Scumbria (Field-Tested),47,
Paris 2023 Viewer Pass + 3 Souvenir Tokens,,False,True,9.2,Paris 2023 Viewer Pass + 3 Souvenir Tokens,47,
Sealed Graffiti | Goofy (Tracer Yellow),,False,False,0.36,Sealed Graffiti | Goofy (Tracer Yellow),47,
SCAR-20 | Trail Blazer,FIELD_TESTED,True,False,0.22,StatTrak™ SCAR-20 | Trail Blazer (Field-Tested),47,
G3SG1 | Dream Glade,FIELD_TESTED,True,False,0.46,StatTrak™ G3SG1 | Dream Glade (Field-Tested),47,
AK-47 | Point Disarray,MINIMAL_WEAR,False,False,19.52,AK-47 | Point Disarray (Minimal Wear),47,
Toy Tiger,,False,False,0.25,Sticker | Toy Tiger,47,
Copenhagen 2024 Mirage Souvenir Package,,False,False,2.85,Copenhagen 2024 Mirage Souvenir Package,47,
Cmdr. Mae 'Dead Cold' Jamison | SWAT,,False,False,18.5,Cmdr. Mae 'Dead Cold' Jamison | SWAT,47,
M4A4 | Poly Mag,MINIMAL_WEAR,False,False,0.14,M4A4 | Poly Mag (Minimal Wear),47,
Sticker | nin9 (Holo) | Antwerp 2022,,False,False,0.99,Sticker | nin9 (Holo) | Antwerp 2022,47,
Sticker | adamS | Copenhagen 2024,,False,False,0.22,Sticker | adamS | Copenhagen 2024,47,
bodyy | Boston 2018,,False,False,1.0,Sticker | bodyy | Boston 2018,47,
P90 | Module,FACTORY_NEW,True,False,2.29,StatTrak™ P90 | Module (Factory New),46,
Charm | That's Bananas,,False,False,0.94,Charm | That's Bananas,46,
Sherry,,False,False,0.19,Sticker | Sherry,46,
XM1014 | Monster Melt,FIELD_TESTED,False,False,1.99,XM1014 | Monster Melt (Field-Tested),46,
Lucky 13,,False,False,0.69,Sticker | Lucky 13,46,
Desert Eagle | Calligraffiti,FIELD_TESTED,False,False,0.18,Desert Eagle | Calligraffiti (Field-Tested),46,
P250 | Supernova,FACTORY_NEW,False,False,5.76,P250 | Supernova (Factory New),46,
Tec-9 | Sandstorm,FIELD_TESTED,True,False,0.64,StatTrak™ Tec-9 | Sandstorm (Field-Tested),46,
SG 553 | Aloha,FIELD_TESTED,True,False,0.13,StatTrak™ SG 553 | Aloha (Field-Tested),46,
Sawed-Off | Amber Fade,FACTORY_NEW,False,False,0.62,Sawed-Off | Amber Fade (Factory New),46,
Desert Eagle | Midnight Storm,MINIMAL_WEAR,False,False,25.99,Desert Eagle | Midnight Storm (Minimal Wear),46,
Charm | Lil' No. 2,,False,False,0.22,Charm | Lil' No. 2,46,
G3SG1 | Dream Glade,WELL_WORN,False,False,0.48,G3SG1 | Dream Glade (Well-Worn),46,
Stockholm 2021 Contenders Patch Pack,,False,False,4.0,Stockholm 2021 Contenders Patch Pack,46,
M4A1-S | Night Terror,FIELD_TESTED,True,False,0.94,StatTrak™ M4A1-S | Night Terror (Field-Tested),46,
Antwerp 2022 Overpass Souvenir Package,,False,False,4.9,Antwerp 2022 Overpass Souvenir Package,46,
Glock-18 | Bunsen Burner,FIELD_TESTED,False,False,0.83,Glock-18 | Bunsen Burner (Field-Tested),46,
M4A1-S | Leaded Glass,FIELD_TESTED,False,False,8.52,M4A1-S | Leaded Glass (Field-Tested),46,
MP9 | Modest Threat,FIELD_TESTED,True,False,0.14,StatTrak™ MP9 | Modest Threat (Field-Tested),46,
Galil AR | Tuxedo,FACTORY_NEW,False,False,3.51,Galil AR | Tuxedo (Factory New),46,
Desert Eagle | Mecha Industries,MINIMAL_WEAR,False,False,7.01,Desert Eagle | Mecha Industries (Minimal Wear),46,
Sticker | Legendary,,False,False,0.12,Sticker | Legendary,46,
Sticker | TYLOO (Foil) | 2020 RMR,,False,False,1.31,Sticker | TYLOO (Foil) | 2020 RMR,46,
M4A4 | Choppa,FIELD_TESTED,True,False,0.12,StatTrak™ M4A4 | Choppa (Field-Tested),46,
SG 553 | Phantom,FIELD_TESTED,False,False,0.7,SG 553 | Phantom (Field-Tested),46,
Sticker | FaZe (Foil) | 2020 RMR,,False,False,5.85,Sticker | FaZe (Foil) | 2020 RMR,46,
Desert Eagle | Serpent Strike,FIELD_TESTED,True,False,0.6,StatTrak™ Desert Eagle | Serpent Strike (Field-Tested),46,
Sealed Graffiti | Goofy (Desert Amber),,False,False,0.21,Sealed Graffiti | Goofy (Desert Amber),46,
StatTrak™ AUG | Amber Slipstream,FIELD_TESTED,False,False,0.32,AUG | Amber Slipstream (Field-Tested),46,
SG 553 | Ol' Rusty,MINIMAL_WEAR,True,False,0.14,StatTrak™ SG 553 | Ol' Rusty (Minimal Wear),46,
P2000 | Acid Etched,FIELD_TESTED,False,False,0.49,P2000 | Acid Etched (Field-Tested),46,
Krakow 2017 Challengers (Holo/Foil),,False,False,21.33,Krakow 2017 Challengers (Holo-Foil),46,
PP-Bizon | Brass,FIELD_TESTED,False,False,0.18,PP-Bizon | Brass (Field-Tested),46,
Five-SeveN | Hybrid,FIELD_TESTED,True,False,0.69,StatTrak™ Five-SeveN | Hybrid (Field-Tested),46,
MP9 | Arctic Tri-Tone,MINIMAL_WEAR,False,False,3.89,MP9 | Arctic Tri-Tone (Minimal Wear),46,
Glock-18 | Glockingbird,FACTORY_NEW,False,False,5.48,Glock-18 | Glockingbird (Factory New),46,
Negev | dev_texture,FIELD_TESTED,True,False,0.42,StatTrak™ Negev | dev_texture (Field-Tested),46,
USP-S | Night Ops,FIELD_TESTED,False,False,0.16,USP-S | Night Ops (Field-Tested),46,
P250 | Verdigris,FIELD_TESTED,True,False,0.24,StatTrak™ P250 | Verdigris (Field-Tested),46,
MP7 | Akoben,FIELD_TESTED,False,False,0.33,MP7 | Akoben (Field-Tested),46,
Negev | Lionfish,FIELD_TESTED,False,False,0.32,Negev | Lionfish (Field-Tested),46,
MP5-SD | Gauss,FIELD_TESTED,False,False,0.5,MP5-SD | Gauss (Field-Tested),46,
MP7 | Just Smile,BATTLE_SCARRED,False,False,0.28,MP7 | Just Smile (Battle-Scarred),46,
Desert Eagle | Heat Treated,WELL_WORN,False,False,2.39,Desert Eagle | Heat Treated (Well-Worn),46,
P250 | Iron Clad,FIELD_TESTED,False,False,0.47,P250 | Iron Clad (Field-Tested),46,
M249 | Downtown,FIELD_TESTED,True,False,0.43,StatTrak™ M249 | Downtown (Field-Tested),46,
AWP | Fever Dream,FACTORY_NEW,False,False,24.0,AWP | Fever Dream (Factory New),46,
Chicken Capsule,,False,False,0.79,Chicken Capsule,45,
Sawed-Off | Parched,FIELD_TESTED,False,False,0.2,Sawed-Off | Parched (Field-Tested),45,
UMP-45 | Roadblock,MINIMAL_WEAR,False,False,0.13,UMP-45 | Roadblock (Minimal Wear),45,
Glock-18 | Off World,BATTLE_SCARRED,False,False,0.21,Glock-18 | Off World (Battle-Scarred),45,
SCAR-20 | Enforcer,FIELD_TESTED,False,False,0.47,SCAR-20 | Enforcer (Field-Tested),45,
UMP-45 | Oscillator,MINIMAL_WEAR,False,False,0.17,UMP-45 | Oscillator (Minimal Wear),45,
P90 | Chopper,FIELD_TESTED,False,False,0.98,P90 | Chopper (Field-Tested),45,
Sticker | Ninjas in Pyjamas (Holo) | Stockholm 2021,,False,False,2.38,Sticker | Ninjas in Pyjamas (Holo) | Stockholm 2021,45,
AWP | Arsenic Spill,FIELD_TESTED,False,False,0.29,AWP | Arsenic Spill (Field-Tested),45,
Sir Bloody Silent Darryl | The Professionals,,False,False,32.0,Sir Bloody Silent Darryl | The Professionals,45,
MP7 | Urban Hazard,FACTORY_NEW,False,False,2.83,MP7 | Urban Hazard (Factory New),45,
AWP | PAW,FACTORY_NEW,False,False,8.0,AWP | PAW (Factory New),45,
FAMAS | Yeti Camo,FACTORY_NEW,False,False,2.17,FAMAS | Yeti Camo (Factory New),45,
Sticker | Legendary Eagle (Holo),,False,False,0.77,Sticker | Legendary Eagle (Holo),45,
StatTrak™ CZ75-Auto | Eco,FIELD_TESTED,False,False,0.83,CZ75-Auto | Eco (Field-Tested),45,
M4A4 | Turbine,FIELD_TESTED,False,False,1.15,M4A4 | Turbine (Field-Tested),45,
Desert Eagle | Trigger Discipline,BATTLE_SCARRED,False,False,0.48,Desert Eagle | Trigger Discipline (Battle-Scarred),45,
AWP | Capillary,BATTLE_SCARRED,False,False,0.51,AWP | Capillary (Battle-Scarred),45,
Sticker | Bad News Eagles (Glitter) | Antwerp 2022,,False,False,0.23,Sticker | Bad News Eagles (Glitter) | Antwerp 2022,45,
Sticker | NertZ (Glitter) | Shanghai 2024,,False,False,0.12,Sticker | NertZ (Glitter) | Shanghai 2024,45,
R8 Revolver | Banana Cannon,WELL_WORN,False,False,0.29,R8 Revolver | Banana Cannon (Well-Worn),45,
Desert Eagle | Bronze Deco,MINIMAL_WEAR,False,False,0.3,Desert Eagle | Bronze Deco (Minimal Wear),45,
Patch | Welcome to the Clutch,,False,False,0.94,Patch | Welcome to the Clutch,45,
UMP-45 | Moonrise,FACTORY_NEW,False,False,1.95,UMP-45 | Moonrise (Factory New),45,
Sticker | Ninjas in Pyjamas | London 2018,,False,False,1.37,Sticker | Ninjas in Pyjamas | London 2018,45,
XM1014 | Monster Melt,MINIMAL_WEAR,False,False,3.9,XM1014 | Monster Melt (Minimal Wear),45,
UMP-45 | Moonrise,MINIMAL_WEAR,False,False,0.54,UMP-45 | Moonrise (Minimal Wear),45,
MP9 | Bioleak,MINIMAL_WEAR,False,False,0.3,MP9 | Bioleak (Minimal Wear),45,
Desert Eagle | Trigger Discipline,MINIMAL_WEAR,True,False,4.41,StatTrak™ Desert Eagle | Trigger Discipline (Minimal Wear),45,
P250 | Cassette,FACTORY_NEW,False,False,0.59,P250 | Cassette (Factory New),45,
P250 | Valence,FIELD_TESTED,True,False,0.35,StatTrak™ P250 | Valence (Field-Tested),45,
UMP-45 | Primal Saber,FIELD_TESTED,False,False,9.49,UMP-45 | Primal Saber (Field-Tested),44,
M4A1-S | Electrum,FIELD_TESTED,False,False,0.88,M4A1-S | Electrum (Field-Tested),44,
AK-47 | Legion of Anubis,FIELD_TESTED,False,False,29.0,AK-47 | Legion of Anubis (Field-Tested),44,
Galil AR | Signal,FACTORY_NEW,True,False,4.41,StatTrak™ Galil AR | Signal (Factory New),44,
Desert Eagle | Corinthian,MINIMAL_WEAR,False,False,0.56,Desert Eagle | Corinthian (Minimal Wear),44,
MAG-7 | SWAG-7,FIELD_TESTED,False,False,0.36,MAG-7 | SWAG-7 (Field-Tested),44,
Sticker | Mustachio (Foil),,False,False,0.81,Sticker | Mustachio (Foil),44,
P250 | Constructivist,FACTORY_NEW,False,False,0.26,P250 | Constructivist (Factory New),44,
Sticker | Evil Geniuses (Holo) | Stockholm 2021,,False,False,5.6,Sticker | Evil Geniuses (Holo) | Stockholm 2021,44,
USP-S | Guardian,FACTORY_NEW,True,False,9.49,StatTrak™ USP-S | Guardian (Factory New),44,
Boston 2018 Returning Challengers (Holo/Foil),,False,False,45.5,Boston 2018 Returning Challengers (Holo-Foil),44,
Desert Eagle | Crimson Web,FIELD_TESTED,False,False,10.29,Desert Eagle | Crimson Web (Field-Tested),44,
P2000 | Royal Baroque,FACTORY_NEW,False,False,1.1,P2000 | Royal Baroque (Factory New),44,
MP9 | Airlock,MINIMAL_WEAR,False,False,10.67,MP9 | Airlock (Minimal Wear),44,
AK-47 | Breakthrough,MINIMAL_WEAR,False,False,5.25,AK-47 | Breakthrough (Minimal Wear),44,
M249 | O.S.I.P.R.,MINIMAL_WEAR,False,False,0.2,M249 | O.S.I.P.R. (Minimal Wear),44,
G3SG1 | Green Apple,FACTORY_NEW,False,False,0.35,G3SG1 | Green Apple (Factory New),44,
USP-S | Check Engine,MINIMAL_WEAR,False,False,1.11,USP-S | Check Engine (Minimal Wear),44,
Sawed-Off | Analog Input,FIELD_TESTED,True,False,0.63,StatTrak™ Sawed-Off | Analog Input (Field-Tested),44,
AK-47 | Uncharted,BATTLE_SCARRED,False,False,0.48,AK-47 | Uncharted (Battle-Scarred),44,
AK-47 | Uncharted,FACTORY_NEW,True,False,5.36,StatTrak™ AK-47 | Uncharted (Factory New),44,
"Sticker | karrigan (Glitter, Champion) | Antwerp 2022",,False,False,0.11,"Sticker | karrigan (Glitter, Champion) | Antwerp 2022",44,
Dual Berettas | Hydro Strike,FIELD_TESTED,False,False,0.79,Dual Berettas | Hydro Strike (Field-Tested),44,
SG 553 | Dragon Tech,FIELD_TESTED,True,False,0.46,StatTrak™ SG 553 | Dragon Tech (Field-Tested),44,
M4A4 | Desolate Space,FIELD_TESTED,False,False,11.31,M4A4 | Desolate Space (Field-Tested),44,
Charm | Chicken Lil',,False,False,0.69,Charm | Chicken Lil',44,
MP9 | Ruby Poison Dart,MINIMAL_WEAR,True,False,3.79,StatTrak™ MP9 | Ruby Poison Dart (Minimal Wear),44,
Desert Eagle | Printstream,FIELD_TESTED,False,False,31.0,Desert Eagle | Printstream (Field-Tested),44,
Wildfire Pin,,False,False,3.4,Wildfire Pin,43,
Nova | Candy Apple,FIELD_TESTED,False,False,0.11,Nova | Candy Apple (Field-Tested),43,
"Music Kit | AWOLNATION, I Am",,False,False,2.36,"Music Kit | AWOLNATION, I Am",43,
M4A4 | Magnesium,WELL_WORN,True,False,0.54,StatTrak™ M4A4 | Magnesium (Well-Worn),43,
Sticker | Baby Lore,,False,False,0.15,Sticker | Baby Lore,43,
USP-S | Black Lotus,MINIMAL_WEAR,True,False,7.17,StatTrak™ USP-S | Black Lotus (Minimal Wear),43,
MAC-10 | Pipsqueak,MINIMAL_WEAR,False,False,0.8,MAC-10 | Pipsqueak (Minimal Wear),43,
Desert Eagle | Oxide Blaze,FACTORY_NEW,False,False,2.57,Desert Eagle | Oxide Blaze (Factory New),43,
Sticker | Natus Vincere (Holo) | Katowice 2019,,False,False,7.18,Sticker | Natus Vincere (Holo) | Katowice 2019,43,
Patch | Easy Peasy,,False,False,1.65,Patch | Easy Peasy,43,
Desert Eagle | Light Rail,MINIMAL_WEAR,False,False,1.99,Desert Eagle | Light Rail (Minimal Wear),43,
Glock-18 | Catacombs,FACTORY_NEW,True,False,3.37,StatTrak™ Glock-18 | Catacombs (Factory New),43,
R8 Revolver | Bone Forged,FIELD_TESTED,False,False,0.18,R8 Revolver | Bone Forged (Field-Tested),43,
Sticker | kennyS | Berlin 2019,,False,False,1.52,Sticker | kennyS | Berlin 2019,43,
Paris 2023 Ancient Souvenir Package,,False,False,2.37,Paris 2023 Ancient Souvenir Package,43,
Canals Pin,,False,False,2.24,Canals Pin,43,
SG 553 | Darkwing,FACTORY_NEW,False,False,5.13,SG 553 | Darkwing (Factory New),43,
AK-47 | Slate,BATTLE_SCARRED,False,False,2.92,AK-47 | Slate (Battle-Scarred),43,
USP-S | Flashback,FACTORY_NEW,True,False,4.39,StatTrak™ USP-S | Flashback (Factory New),43,
P2000 | Sure Grip,MINIMAL_WEAR,False,False,0.13,P2000 | Sure Grip (Minimal Wear),43,
Sticker | GamerLegion (Holo) | Paris 2023,,False,False,1.12,Sticker | GamerLegion (Holo) | Paris 2023,43,
MP9 | Old Roots,FACTORY_NEW,False,True,0.9,Souvenir MP9 | Old Roots (Factory New),43,
Tec-9 | Cracked Opal,FIELD_TESTED,False,False,0.23,Tec-9 | Cracked Opal (Field-Tested),43,
USP-S | Ticket to Hell,FACTORY_NEW,False,False,2.6,USP-S | Ticket to Hell (Factory New),43,
Sticker | Cloud9 | Krakow 2017,,False,False,1.75,Sticker | Cloud9 | Krakow 2017,43,
XM1014 | Mockingbird,MINIMAL_WEAR,False,False,0.13,XM1014 | Mockingbird (Minimal Wear),43,
Sticker | Smoke Criminal,,False,False,2.29,Sticker | Smoke Criminal,43,
Sealed Graffiti | Goofy (Wire Blue),,False,False,0.3,Sealed Graffiti | Goofy (Wire Blue),43,
Sealed Graffiti | Question Mark (Monarch Blue),,False,False,0.16,Sealed Graffiti | Question Mark (Monarch Blue),43,
Patch | Metal Master Guardian Elite,,False,False,1.11,Patch | Metal Master Guardian Elite,43,
Sticker | Watermelon Tentaskull,,False,False,1.89,Sticker | Watermelon Tentaskull,43,
Community Graffiti Box 1,,False,False,0.95,Community Graffiti Box 1,43,
Glock-18 | Glockingbird,FIELD_TESTED,False,False,0.69,Glock-18 | Glockingbird (Field-Tested),43,
Sealed Graffiti | Goofy (Violent Violet),,False,False,0.27,Sealed Graffiti | Goofy (Violent Violet),43,
PP-Bizon | Osiris,MINIMAL_WEAR,False,False,1.54,PP-Bizon | Osiris (Minimal Wear),43,
Team Liquid | MLG Columbus 2016,,False,False,5.34,Sticker | Team Liquid | MLG Columbus 2016,43,
MAG-7 | Justice,FIELD_TESTED,False,False,4.42,MAG-7 | Justice (Field-Tested),43,
SSG 08 | Memorial,FIELD_TESTED,True,False,0.12,StatTrak™ SSG 08 | Memorial (Field-Tested),43,
Galil AR | Acid Dart,FACTORY_NEW,False,False,0.2,Galil AR | Acid Dart (Factory New),43,
M249 | Jungle,FIELD_TESTED,False,False,3.86,M249 | Jungle (Field-Tested),43,
R8 Revolver | Junk Yard,FIELD_TESTED,True,False,0.29,StatTrak™ R8 Revolver | Junk Yard (Field-Tested),43,
Glock-18 | Catacombs,FACTORY_NEW,False,False,6.36,Glock-18 | Catacombs (Factory New),42,
Flashbang,,False,False,0.65,Sticker | Flashbang,42,
Five-SeveN | Urban Hazard,FACTORY_NEW,False,False,4.99,Five-SeveN | Urban Hazard (Factory New),42,
P250 | Asiimov,BATTLE_SCARRED,False,False,8.8,P250 | Asiimov (Battle-Scarred),42,
MP7 | Mischief,BATTLE_SCARRED,False,False,0.17,MP7 | Mischief (Battle-Scarred),42,
Desert Eagle | Calligraffiti,MINIMAL_WEAR,False,False,0.44,Desert Eagle | Calligraffiti (Minimal Wear),42,
Sticker | Heroic (Glitter) | Rio 2022,,False,False,0.11,Sticker | Heroic (Glitter) | Rio 2022,42,
StatTrak™ MP9 | Capillary,FIELD_TESTED,False,False,0.4,MP9 | Capillary (Field-Tested),42,
SG 553 | Aloha,MINIMAL_WEAR,False,False,0.17,SG 553 | Aloha (Minimal Wear),42,
USP-S | Neo-Noir,MINIMAL_WEAR,False,False,85.07,USP-S | Neo-Noir (Minimal Wear),42,
Dual Berettas | Cobalt Quartz,FACTORY_NEW,False,False,0.75,Dual Berettas | Cobalt Quartz (Factory New),42,
P90 | Module,MINIMAL_WEAR,False,False,0.88,P90 | Module (Minimal Wear),42,
Tec-9 | Brother,BATTLE_SCARRED,False,False,0.29,Tec-9 | Brother (Battle-Scarred),42,
USP-S | Ticket to Hell,BATTLE_SCARRED,False,False,0.49,USP-S | Ticket to Hell (Battle-Scarred),42,
Sticker | FaZe Clan | Katowice 2019,,False,False,2.15,Sticker | FaZe Clan | Katowice 2019,42,
Tec-9 | Ice Cap,FACTORY_NEW,True,False,2.86,StatTrak™ Tec-9 | Ice Cap (Factory New),42,
Phoenix Pin,,False,False,3.51,Phoenix Pin,42,
Arno The Overgrown | Guerrilla Warfare,,False,False,17.0,Arno The Overgrown | Guerrilla Warfare,42,
AWP | Atheris,MINIMAL_WEAR,False,False,6.61,AWP | Atheris (Minimal Wear),42,
P250 | X-Ray,FACTORY_NEW,False,False,0.7,P250 | X-Ray (Factory New),42,
MP7 | Cirrus,MINIMAL_WEAR,True,False,2.89,StatTrak™ MP7 | Cirrus (Minimal Wear),42,
Sawed-Off | Apocalypto,FIELD_TESTED,False,False,0.5,Sawed-Off | Apocalypto (Field-Tested),42,
Boston 2018 Attending Legends Autograph Capsule,,False,False,7.32,Boston 2018 Attending Legends Autograph Capsule,42,
AK-47 | Crane Flight,FIELD_TESTED,False,False,16.64,AK-47 | Crane Flight (Field-Tested),42,
M4A1-S | Fade,FACTORY_NEW,False,False,206.65,M4A1-S | Fade (Factory New),42,
Sticker | PGL | Krakow 2017,,False,False,1.15,Sticker | PGL | Krakow 2017,42,
Desert Eagle | Urban Rubble,MINIMAL_WEAR,False,False,0.25,Desert Eagle | Urban Rubble (Minimal Wear),42,
P2000 | Amber Fade,FACTORY_NEW,False,False,2.86,P2000 | Amber Fade (Factory New),42,
Sticker | MIBR (Glitter) | Antwerp 2022,,False,False,0.12,Sticker | MIBR (Glitter) | Antwerp 2022,42,
Tec-9 | Slag,MINIMAL_WEAR,True,False,0.16,StatTrak™ Tec-9 | Slag (Minimal Wear),42,
Sealed Graffiti | Goofy (Dust Brown),,False,False,0.14,Sealed Graffiti | Goofy (Dust Brown),42,
AWP | Asiimov,FIELD_TESTED,False,False,100.0,AWP | Asiimov (Field-Tested),42,
Sticker | Fnatic | Boston 2018,,False,False,1.76,Sticker | Fnatic | Boston 2018,42,
P90 | Facility Negative,FIELD_TESTED,False,False,0.16,P90 | Facility Negative (Field-Tested),42,
Galil AR | Cold Fusion,FACTORY_NEW,False,False,0.99,Galil AR | Cold Fusion (Factory New),42,
Sticker | JDC | Rio 2022,,False,False,0.21,Sticker | JDC | Rio 2022,42,
Nova | Windblown,MINIMAL_WEAR,False,False,0.23,Nova | Windblown (Minimal Wear),42,
MP5-SD | Bamboo Garden,FACTORY_NEW,False,False,5.62,MP5-SD | Bamboo Garden (Factory New),42,
G3SG1 | Ventilator,FIELD_TESTED,False,False,0.21,G3SG1 | Ventilator (Field-Tested),42,
MAC-10 | Allure,FIELD_TESTED,True,False,0.44,StatTrak™ MAC-10 | Allure (Field-Tested),42,
Desert Eagle | Mecha Industries,FIELD_TESTED,False,False,4.5,Desert Eagle | Mecha Industries (Field-Tested),42,
Sticker | rain (Glitter) | Antwerp 2022,,False,False,0.11,Sticker | rain (Glitter) | Antwerp 2022,41,
John 'Van Healen' Kask | SWAT,,False,False,11.2,John 'Van Healen' Kask | SWAT,41,
Sticker | Seeing Red,,False,False,0.69,Sticker | Seeing Red,41,
M4A1-S | Liquidation,FACTORY_NEW,False,False,10.68,M4A1-S | Liquidation (Factory New),41,
Sawed-Off | Parched,MINIMAL_WEAR,False,False,0.99,Sawed-Off | Parched (Minimal Wear),41,
Kimberly,,False,False,1.2,Sticker | Kimberly,41,
MP9 | Featherweight,FACTORY_NEW,True,False,1.38,StatTrak™ MP9 | Featherweight (Factory New),41,
Sticker | woxic | Berlin 2019,,False,False,0.43,Sticker | woxic | Berlin 2019,41,
Titan | Cluj-Napoca 2015,,False,False,38.0,Sticker | Titan | Cluj-Napoca 2015,41,
SSG 08 | Azure Glyph,FIELD_TESTED,False,False,0.19,SSG 08 | Azure Glyph (Field-Tested),41,
MLG (Holo) | MLG Columbus 2016,,False,False,35.0,Sticker | MLG (Holo) | MLG Columbus 2016,41,
Glock-18 | Clear Polymer,BATTLE_SCARRED,False,False,0.17,Glock-18 | Clear Polymer (Battle-Scarred),41,
Zeus x27 | Tosai,FIELD_TESTED,True,False,0.5,StatTrak™ Zeus x27 | Tosai (Field-Tested),41,
Glock-18 | Clear Polymer,FIELD_TESTED,False,False,0.27,Glock-18 | Clear Polymer (Field-Tested),41,
Sawed-Off | Full Stop,MINIMAL_WEAR,False,False,0.14,Sawed-Off | Full Stop (Minimal Wear),41,
Desert Eagle | Directive,WELL_WORN,False,False,0.83,Desert Eagle | Directive (Well-Worn),41,
Five-SeveN | Hybrid,MINIMAL_WEAR,False,False,0.72,Five-SeveN | Hybrid (Minimal Wear),41,
Sticker | Astralis (Foil) | 2020 RMR,,False,False,1.0,Sticker | Astralis (Foil) | 2020 RMR,41,
USP-S | Black Lotus,WELL_WORN,False,False,0.72,USP-S | Black Lotus (Well-Worn),41,
MP7 | Urban Hazard,FIELD_TESTED,False,False,0.31,MP7 | Urban Hazard (Field-Tested),41,
Sticker | Natus Vincere | London 2018,,False,False,1.11,Sticker | Natus Vincere | London 2018,41,
Glock-18 | Off World,MINIMAL_WEAR,False,False,0.43,Glock-18 | Off World (Minimal Wear),41,
Sticker | Incineration (Holo),,False,False,2.97,Sticker | Incineration (Holo),41,
Sticker | huNter- (Glitter) | Shanghai 2024,,False,False,0.12,Sticker | huNter- (Glitter) | Shanghai 2024,41,
Patch | Metal Master Guardian I,,False,False,0.91,Patch | Metal Master Guardian I,41,
Sticker | North (Foil) | 2020 RMR,,False,False,0.73,Sticker | North (Foil) | 2020 RMR,41,
AWP | Ice Coaled,FIELD_TESTED,False,False,6.21,AWP | Ice Coaled (Field-Tested),41,
M4A1-S | Emphorosaur-S,BATTLE_SCARRED,False,False,0.35,M4A1-S | Emphorosaur-S (Battle-Scarred),41,
Sticker | Gambit Esports | Boston 2018,,False,False,1.3,Sticker | Gambit Esports | Boston 2018,41,
SSG 08 | Dezastre,MINIMAL_WEAR,True,False,0.17,StatTrak™ SSG 08 | Dezastre (Minimal Wear),41,
Glock-18 | Moonrise,FACTORY_NEW,True,False,5.44,StatTrak™ Glock-18 | Moonrise (Factory New),40,
Dual Berettas | Ventilators,MINIMAL_WEAR,False,False,0.27,Dual Berettas | Ventilators (Minimal Wear),40,
Sticker | Liquid Fire,,False,False,5.42,Sticker | Liquid Fire,40,
MP7 | Abyssal Apparition,WELL_WORN,False,False,5.33,MP7 | Abyssal Apparition (Well-Worn),40,
Sticker | Team Spirit | Stockholm 2021,,False,False,0.19,Sticker | Team Spirit | Stockholm 2021,40,
AK-47 | Point Disarray,FIELD_TESTED,False,False,11.0,AK-47 | Point Disarray (Field-Tested),40,
AUG | Momentum,FIELD_TESTED,False,False,4.8,AUG | Momentum (Field-Tested),40,
Sticker | HellRaisers | London 2018,,False,False,2.51,Sticker | HellRaisers | London 2018,40,
Sawed-Off | Morris,FIELD_TESTED,False,False,0.21,Sawed-Off | Morris (Field-Tested),40,
MAC-10 | Fade,FACTORY_NEW,False,False,50.47,MAC-10 | Fade (Factory New),40,
AUG | Tom Cat,MINIMAL_WEAR,False,False,0.15,AUG | Tom Cat (Minimal Wear),40,
Sticker | FlameZ (Holo) | Paris 2023,,False,False,0.19,Sticker | FlameZ (Holo) | Paris 2023,40,
USP-S | Silent Shot,FACTORY_NEW,False,False,1.52,USP-S | Silent Shot (Factory New),40,
PP-Bizon | High Roller,FIELD_TESTED,False,False,8.61,PP-Bizon | High Roller (Field-Tested),40,
SSG 08 | Turbo Peek,FIELD_TESTED,False,False,15.3,SSG 08 | Turbo Peek (Field-Tested),40,
Sticker | Entropiq (Foil) | Stockholm 2021,,False,False,7.8,Sticker | Entropiq (Foil) | Stockholm 2021,40,
MP7 | Urban Hazard,FACTORY_NEW,True,False,1.19,StatTrak™ MP7 | Urban Hazard (Factory New),40,
Glock-18 | Teal Graf,FACTORY_NEW,False,False,1.29,Glock-18 | Teal Graf (Factory New),40,
Sticker | CT Tracks (Glitter),,False,False,0.27,Sticker | CT Tracks (Glitter),40,
Sticker | coldzera | Berlin 2019,,False,False,0.24,Sticker | coldzera | Berlin 2019,40,
Sticker | Vortigaunt (Holo),,False,False,1.72,Sticker | Vortigaunt (Holo),40,
Desert Eagle | Light Rail,MINIMAL_WEAR,True,False,5.0,StatTrak™ Desert Eagle | Light Rail (Minimal Wear),40,
Awp Country,,False,False,0.74,Sticker | Awp Country,40,
M4A1-S | Night Terror,WELL_WORN,False,False,0.52,M4A1-S | Night Terror (Well-Worn),40,
UMP-45 | Arctic Wolf,FACTORY_NEW,False,False,2.82,UMP-45 | Arctic Wolf (Factory New),40,
Sticker | broky (Glitter) | Shanghai 2024,,False,False,0.12,Sticker | broky (Glitter) | Shanghai 2024,40,
Welcome to the Clutch Pin,,False,False,2.48,Welcome to the Clutch Pin,40,
Charm | Lil' Curse,,False,False,0.12,Charm | Lil' Curse,40,
Galil AR | Akoben,FIELD_TESTED,True,False,0.26,StatTrak™ Galil AR | Akoben (Field-Tested),40,
"Music Kit | Knock2, dashstar*",,False,False,12.46,"Music Kit | Knock2, dashstar*",40,
Sticker | FalleN | Antwerp 2022,,False,False,0.24,Sticker | FalleN | Antwerp 2022,40,
CZ75-Auto | Tacticat,FACTORY_NEW,False,False,4.27,CZ75-Auto | Tacticat (Factory New),40,
Guardian 3 Pin,,False,False,1.95,Guardian 3 Pin,40,
Sticker | G2 Esports (Holo) | Stockholm 2021,,False,False,3.12,Sticker | G2 Esports (Holo) | Stockholm 2021,40,
"Sticker | Twistzz (Glitter, Champion) | Antwerp 2022",,False,False,0.17,"Sticker | Twistzz (Glitter, Champion) | Antwerp 2022",39,
Galil AR | Tuxedo,MINIMAL_WEAR,False,False,2.0,Galil AR | Tuxedo (Minimal Wear),39,
SG 553 | Cyrex,FIELD_TESTED,False,False,3.7,SG 553 | Cyrex (Field-Tested),39,
Autograph Capsule | Fnatic | Cologne 2015,,False,False,4.44,Autograph Capsule | Fnatic | Cologne 2015,39,
Five-SeveN | Heat Treated,WELL_WORN,False,False,2.75,Five-SeveN | Heat Treated (Well-Worn),39,
Glock-18 | Block-18,FIELD_TESTED,True,False,0.9,StatTrak™ Glock-18 | Block-18 (Field-Tested),39,
P90 | Grim,BATTLE_SCARRED,False,False,0.2,P90 | Grim (Battle-Scarred),39,
Tec-9 | Bamboozle,FIELD_TESTED,False,False,0.55,Tec-9 | Bamboozle (Field-Tested),39,
Sticker | FURIA (Glitter) | Copenhagen 2024,,False,False,0.34,Sticker | FURIA (Glitter) | Copenhagen 2024,39,
Galil AR | Connexion,FIELD_TESTED,True,False,0.45,StatTrak™ Galil AR | Connexion (Field-Tested),39,
Patch | Metal Gold Nova I,,False,False,1.43,Patch | Metal Gold Nova I,39,
Glock-18 | Weasel,FIELD_TESTED,False,False,0.85,Glock-18 | Weasel (Field-Tested),39,
Desert Eagle | Directive,BATTLE_SCARRED,False,False,0.74,Desert Eagle | Directive (Battle-Scarred),39,
Virtus.Pro (Holo) | MLG Columbus 2016,,False,False,19.9,Sticker | Virtus.Pro (Holo) | MLG Columbus 2016,39,
Sealed Graffiti | Kiss (Monster Purple),,False,False,1.0,Sealed Graffiti | Kiss (Monster Purple),39,
MP7 | Cirrus,MINIMAL_WEAR,False,False,3.12,MP7 | Cirrus (Minimal Wear),39,
Sticker | Hello XM1014,,False,False,0.47,Sticker | Hello XM1014,39,
UMP-45 | Exposure,FIELD_TESTED,False,False,0.68,UMP-45 | Exposure (Field-Tested),39,
Dual Berettas | Ventilators,FIELD_TESTED,False,False,0.28,Dual Berettas | Ventilators (Field-Tested),39,
Safecracker Voltzmann | The Professionals,,False,False,18.0,Safecracker Voltzmann | The Professionals,39,
MP9 | Hypnotic,FACTORY_NEW,False,False,20.99,MP9 | Hypnotic (Factory New),39,
Sticker | Vitality (Holo) | Berlin 2019,,False,False,0.97,Sticker | Vitality (Holo) | Berlin 2019,39,
UMP-45 | Momentum,FIELD_TESTED,False,False,3.4,UMP-45 | Momentum (Field-Tested),39,
Sticker | Heroic (Glitter) | Antwerp 2022,,False,False,0.16,Sticker | Heroic (Glitter) | Antwerp 2022,39,
Galil AR | Signal,MINIMAL_WEAR,False,False,0.85,Galil AR | Signal (Minimal Wear),39,
USP-S | Ticket to Hell,MINIMAL_WEAR,True,False,1.81,StatTrak™ USP-S | Ticket to Hell (Minimal Wear),39,
CZ75-Auto | Circaetus,MINIMAL_WEAR,False,False,0.24,CZ75-Auto | Circaetus (Minimal Wear),39,
Desert Eagle | Midnight Storm,FIELD_TESTED,False,False,15.09,Desert Eagle | Midnight Storm (Field-Tested),39,
MP5-SD | Phosphor,FIELD_TESTED,False,False,3.71,MP5-SD | Phosphor (Field-Tested),39,
Sticker | G2 (Foil) | 2020 RMR,,False,False,0.6,Sticker | G2 (Foil) | 2020 RMR,39,
M4A4 | Naval Shred Camo,FACTORY_NEW,False,False,0.34,M4A4 | Naval Shred Camo (Factory New),39,
Glock-18 | Moonrise,FIELD_TESTED,True,False,1.51,StatTrak™ Glock-18 | Moonrise (Field-Tested),39,
XM1014 | Oxide Blaze,MINIMAL_WEAR,False,False,0.14,XM1014 | Oxide Blaze (Minimal Wear),39,
'Blueberries' Buckshot | NSWC SEAL,,False,False,18.0,'Blueberries' Buckshot | NSWC SEAL,38,
Sealed Graffiti | Question Mark (SWAT Blue),,False,False,0.2,Sealed Graffiti | Question Mark (SWAT Blue),38,
Sealed Graffiti | Goofy (Monarch Blue),,False,False,0.7,Sealed Graffiti | Goofy (Monarch Blue),38,
MP5-SD | Kitbash,MINIMAL_WEAR,False,False,0.69,MP5-SD | Kitbash (Minimal Wear),38,
Sticker | XANTARES | Antwerp 2022,,False,False,0.29,Sticker | XANTARES | Antwerp 2022,38,
M4A4 | Etch Lord,FIELD_TESTED,True,False,0.82,StatTrak™ M4A4 | Etch Lord (Field-Tested),38,
Charm | Dead Weight,,False,False,0.18,Charm | Dead Weight,38,
Galil AR | Eco,FIELD_TESTED,False,False,10.77,Galil AR | Eco (Field-Tested),38,
Shanghai 2024 Mirage Souvenir Package,,False,False,3.53,Shanghai 2024 Mirage Souvenir Package,38,
P90 | Nostalgia,FIELD_TESTED,False,False,3.55,P90 | Nostalgia (Field-Tested),38,
Sticker | tabseN | Rio 2022,,False,False,1.79,Sticker | tabseN | Rio 2022,38,
Glock-18 | Teal Graf,MINIMAL_WEAR,False,False,0.25,Glock-18 | Teal Graf (Minimal Wear),38,
M4A4 | Etch Lord,MINIMAL_WEAR,False,False,0.81,M4A4 | Etch Lord (Minimal Wear),38,
Sir Bloody Skullhead Darryl | The Professionals,,False,False,33.1,Sir Bloody Skullhead Darryl | The Professionals,38,
M4A4 | Choppa,MINIMAL_WEAR,True,False,0.55,StatTrak™ M4A4 | Choppa (Minimal Wear),38,
USP-S | Torque,MINIMAL_WEAR,False,False,0.94,USP-S | Torque (Minimal Wear),38,
Sticker | HObbit | Stockholm 2021,,False,False,0.2,Sticker | HObbit | Stockholm 2021,38,
Glock-18 | Block-18,FACTORY_NEW,False,False,1.86,Glock-18 | Block-18 (Factory New),38,
Sealed Graffiti | Hop (Battle Green),,False,False,0.34,Sealed Graffiti | Hop (Battle Green),38,
G3SG1 | Ancient Ritual,FIELD_TESTED,False,False,1.49,G3SG1 | Ancient Ritual (Field-Tested),38,
AWP | Chromatic Aberration,FIELD_TESTED,False,False,28.45,AWP | Chromatic Aberration (Field-Tested),38,
AWP | Mortis,MINIMAL_WEAR,False,False,4.41,AWP | Mortis (Minimal Wear),38,
AWP | Exothermic,MINIMAL_WEAR,False,False,5.63,AWP | Exothermic (Minimal Wear),38,
MP9 | Arctic Tri-Tone,FACTORY_NEW,False,False,7.4,MP9 | Arctic Tri-Tone (Factory New),38,
Sticker | Falcons (Foil) | Austin 2025,,False,False,0.29,Sticker | Falcons (Foil) | Austin 2025,37,
Sticker | Virtus.pro (Foil) | 2020 RMR,,False,False,0.54,Sticker | Virtus.pro (Foil) | 2020 RMR,37,
Sticker | Astralis (Holo) | Katowice 2019,,False,False,3.88,Sticker | Astralis (Holo) | Katowice 2019,37,
MP7 | Prey,FIELD_TESTED,False,False,0.25,MP7 | Prey (Field-Tested),37,
Desert Eagle | Directive,FIELD_TESTED,True,False,1.85,StatTrak™ Desert Eagle | Directive (Field-Tested),37,
R8 Revolver | Bone Forged,MINIMAL_WEAR,False,False,0.19,R8 Revolver | Bone Forged (Minimal Wear),37,
Sticker | FaZe Clan (Gold) | Paris 2023,,False,False,2.6,Sticker | FaZe Clan (Gold) | Paris 2023,37,
SG 553 | Darkwing,FIELD_TESTED,True,False,0.8,StatTrak™ SG 553 | Darkwing (Field-Tested),37,
AK-47 | Rat Rod,MINIMAL_WEAR,False,False,7.0,AK-47 | Rat Rod (Minimal Wear),37,
Desert Eagle | Light Rail,BATTLE_SCARRED,False,False,0.83,Desert Eagle | Light Rail (Battle-Scarred),37,
Five-SeveN | Flame Test,MINIMAL_WEAR,False,False,0.18,Five-SeveN | Flame Test (Minimal Wear),37,
Sticker | Space Soldiers | Boston 2018,,False,False,2.93,Sticker | Space Soldiers | Boston 2018,37,
Sticker | Defuse It (Holo),,False,False,0.2,Sticker | Defuse It (Holo),37,
Sealed Graffiti | Broken Heart (Desert Amber),,False,False,0.39,Sealed Graffiti | Broken Heart (Desert Amber),37,
Sticker | Team Liquid | Boston 2018,,False,False,4.52,Sticker | Team Liquid | Boston 2018,37,
Sticker | Hello MP9,,False,False,0.64,Sticker | Hello MP9,37,
Sealed Graffiti | Little Bock (Blood Red),,False,False,0.33,Sealed Graffiti | Little Bock (Blood Red),37,
G3SG1 | Orange Crash,FIELD_TESTED,False,False,0.23,G3SG1 | Orange Crash (Field-Tested),37,
Patch | Metal Distinguished Master Guardian ★,,False,False,2.39,Patch | Metal Distinguished Master Guardian ★,37,
Sticker | s1mple (Glitter) | Antwerp 2022,,False,False,1.48,Sticker | s1mple (Glitter) | Antwerp 2022,37,
Sealed Graffiti | Little Bock (Violent Violet),,False,False,0.22,Sealed Graffiti | Little Bock (Violent Violet),37,
Sawed-Off | Apocalypto,MINIMAL_WEAR,False,False,0.89,Sawed-Off | Apocalypto (Minimal Wear),37,
Sticker | Dead Eye,,False,False,0.75,Sticker | Dead Eye,37,
Desert Eagle | Urban Rubble,FACTORY_NEW,False,False,1.21,Desert Eagle | Urban Rubble (Factory New),37,
G3SG1 | Orange Kimono,MINIMAL_WEAR,False,False,10.5,G3SG1 | Orange Kimono (Minimal Wear),37,
Sealed Graffiti | Goofy (Cash Green),,False,False,0.28,Sealed Graffiti | Goofy (Cash Green),37,
MP9 | Ruby Poison Dart,MINIMAL_WEAR,False,False,1.68,MP9 | Ruby Poison Dart (Minimal Wear),37,
Charm | Lil' Squirt,,False,False,2.21,Charm | Lil' Squirt,37,
Cmdr. Frank 'Wet Sox' Baroud | SEAL Frogman,,False,False,40.67,Cmdr. Frank 'Wet Sox' Baroud | SEAL Frogman,37,
Sealed Graffiti | Kiss (Violent Violet),,False,False,0.71,Sealed Graffiti | Kiss (Violent Violet),37,
AUG | Spalted Wood,MINIMAL_WEAR,False,False,0.77,AUG | Spalted Wood (Minimal Wear),37,
Sticker | PGL (Holo) | Antwerp 2022,,False,False,1.39,Sticker | PGL (Holo) | Antwerp 2022,37,
Sticker | Astralis (Holo) | Stockholm 2021,,False,False,4.9,Sticker | Astralis (Holo) | Stockholm 2021,37,
Zeus x27 | Olympus,MINIMAL_WEAR,False,False,3.65,Zeus x27 | Olympus (Minimal Wear),37,
Sticker | Baited,,False,False,0.35,Sticker | Baited,37,
UMP-45 | Labyrinth,FACTORY_NEW,False,False,0.9,UMP-45 | Labyrinth (Factory New),37,
Five-SeveN | Heat Treated,MINIMAL_WEAR,False,False,4.75,Five-SeveN | Heat Treated (Minimal Wear),37,
P250 | Epicenter,FIELD_TESTED,False,False,3.95,P250 | Epicenter (Field-Tested),37,
UMP-45 | Exposure,MINIMAL_WEAR,False,False,0.84,UMP-45 | Exposure (Minimal Wear),37,
Sticker | dav1d (Glitter) | Antwerp 2022,,False,False,0.33,Sticker | dav1d (Glitter) | Antwerp 2022,37,
Sticker | Natus Vincere | Krakow 2017,,False,False,1.94,Sticker | Natus Vincere | Krakow 2017,37,
Desert Eagle | Meteorite,MINIMAL_WEAR,False,False,0.87,Desert Eagle | Meteorite (Minimal Wear),37,
MP9 | Bioleak,FIELD_TESTED,False,False,0.26,MP9 | Bioleak (Field-Tested),37,
Galil AR | Kami,FIELD_TESTED,False,False,1.07,Galil AR | Kami (Field-Tested),37,
MAC-10 | Allure,MINIMAL_WEAR,False,False,0.79,MAC-10 | Allure (Minimal Wear),37,
Five-SeveN | Withered Vine,FACTORY_NEW,False,True,1.17,Souvenir Five-SeveN | Withered Vine (Factory New),37,
Sticker | TACO | Berlin 2019,,False,False,0.24,Sticker | TACO | Berlin 2019,37,
StatTrak™ Dual Berettas | Shred,FIELD_TESTED,False,False,0.29,Dual Berettas | Shred (Field-Tested),37,
Five-SeveN | Case Hardened,FIELD_TESTED,False,False,10.61,Five-SeveN | Case Hardened (Field-Tested),37,
M4A1-S | Mud-Spec,MINIMAL_WEAR,False,False,0.74,M4A1-S | Mud-Spec (Minimal Wear),37,
PP-Bizon | Jungle Slipstream,FIELD_TESTED,False,False,0.3,PP-Bizon | Jungle Slipstream (Field-Tested),37,
Five-SeveN | Coolant,FACTORY_NEW,False,False,0.15,Five-SeveN | Coolant (Factory New),37,
Sealed Graffiti | Question Mark (Brick Red),,False,False,0.17,Sealed Graffiti | Question Mark (Brick Red),37,
Sticker | BIG (Glitter) | Shanghai 2024,,False,False,0.29,Sticker | BIG (Glitter) | Shanghai 2024,36,
MAC-10 | Heat,FIELD_TESTED,False,False,2.43,MAC-10 | Heat (Field-Tested),36,
Huntsman Case Key,,False,False,10.5,Huntsman Case Key,36,
Glock-18 | Blue Fissure,FIELD_TESTED,True,False,3.89,StatTrak™ Glock-18 | Blue Fissure (Field-Tested),36,
SG 553 | Heavy Metal,BATTLE_SCARRED,False,False,0.16,SG 553 | Heavy Metal (Battle-Scarred),36,
Sealed Graffiti | Question Mark (Frog Green),,False,False,0.16,Sealed Graffiti | Question Mark (Frog Green),36,
Sticker | FaZe Clan (Holo) | Stockholm 2021,,False,False,4.1,Sticker | FaZe Clan (Holo) | Stockholm 2021,36,
FAMAS | Teardown,MINIMAL_WEAR,False,False,0.23,FAMAS | Teardown (Minimal Wear),36,
Sealed Graffiti | Shining Star (Violent Violet),,False,False,0.35,Sealed Graffiti | Shining Star (Violent Violet),36,
M4A1-S | Rose Hex,FIELD_TESTED,False,False,0.14,M4A1-S | Rose Hex (Field-Tested),36,
Tec-9 | Fubar,BATTLE_SCARRED,True,False,0.11,StatTrak™ Tec-9 | Fubar (Battle-Scarred),36,
Sticker | Virtus.Pro | Boston 2018,,False,False,2.58,Sticker | Virtus.Pro | Boston 2018,36,
SG 553 | Heavy Metal,MINIMAL_WEAR,False,False,0.24,SG 553 | Heavy Metal (Minimal Wear),36,
P2000 | Pulse,FIELD_TESTED,False,False,0.73,P2000 | Pulse (Field-Tested),36,
Sticker | max (Glitter) | Antwerp 2022,,False,False,0.33,Sticker | max (Glitter) | Antwerp 2022,36,
Galil AR | Connexion,BATTLE_SCARRED,False,False,0.31,Galil AR | Connexion (Battle-Scarred),36,
Sticker | CRUC1AL (Holo) | Paris 2023,,False,False,0.2,Sticker | CRUC1AL (Holo) | Paris 2023,36,
Sawed-Off | Sage Spray,FIELD_TESTED,False,True,0.17,Souvenir Sawed-Off | Sage Spray (Field-Tested),36,
Sticker | Jame | Berlin 2019,,False,False,0.11,Sticker | Jame | Berlin 2019,36,
Sealed Graffiti | Shining Star (Shark White),,False,False,0.99,Sealed Graffiti | Shining Star (Shark White),36,
M4A4 | Evil Daimyo,FIELD_TESTED,False,False,2.9,M4A4 | Evil Daimyo (Field-Tested),36,
Sealed Graffiti | Broken Heart (Battle Green),,False,False,0.32,Sealed Graffiti | Broken Heart (Battle Green),36,
M4A1-S | Glitched Paint,FACTORY_NEW,False,False,9.4,M4A1-S | Glitched Paint (Factory New),36,
UMP-45 | Crimson Foil,MINIMAL_WEAR,False,False,4.97,UMP-45 | Crimson Foil (Minimal Wear),36,
P250 | Muertos,MINIMAL_WEAR,False,False,10.99,P250 | Muertos (Minimal Wear),36,
UMP-45 | Moonrise,FACTORY_NEW,True,False,2.65,StatTrak™ UMP-45 | Moonrise (Factory New),36,
Sticker | Gutted,,False,False,0.47,Sticker | Gutted,36,
Desert Eagle | Printstream,FACTORY_NEW,False,False,72.99,Desert Eagle | Printstream (Factory New),36,
MP7 | Asterion,FACTORY_NEW,False,False,17.0,MP7 | Asterion (Factory New),36,
P250 | Supernova,FIELD_TESTED,False,False,1.54,P250 | Supernova (Field-Tested),36,
Stockholm 2021 Challengers Patch Pack,,False,False,4.0,Stockholm 2021 Challengers Patch Pack,36,
P250 | Valence,BATTLE_SCARRED,False,False,0.22,P250 | Valence (Battle-Scarred),36,
Glock-18 | Off World,WELL_WORN,False,False,0.2,Glock-18 | Off World (Well-Worn),36,
M4A4 | Aeolian Dark,FACTORY_NEW,False,False,0.28,M4A4 | Aeolian Dark (Factory New),36,
UMP-45 | Briefing,MINIMAL_WEAR,False,False,0.31,UMP-45 | Briefing (Minimal Wear),36,
Sticker | Ruby Wave (Lenticular),,False,False,5.9,Sticker | Ruby Wave (Lenticular),36,
SG 553 | Ol' Rusty,FACTORY_NEW,False,False,0.35,SG 553 | Ol' Rusty (Factory New),36,
UMP-45 | Riot,FIELD_TESTED,False,False,0.5,UMP-45 | Riot (Field-Tested),36,
AUG | Eye of Zapems,FIELD_TESTED,False,False,2.0,AUG | Eye of Zapems (Field-Tested),36,
MP9 | Old Roots,FIELD_TESTED,False,False,0.42,MP9 | Old Roots (Field-Tested),36,
FAMAS | Survivor Z,FIELD_TESTED,False,False,0.3,FAMAS | Survivor Z (Field-Tested),36,
Sticker | Quick Peek,,False,False,0.16,Sticker | Quick Peek,36,
My Little Friend,,False,False,0.59,Sticker | My Little Friend,36,
AK-47 | Redline,FIELD_TESTED,True,False,58.99,StatTrak™ AK-47 | Redline (Field-Tested),36,
AWP | Arsenic Spill,FACTORY_NEW,False,False,1.3,AWP | Arsenic Spill (Factory New),35,
Virtus.Pro (Holo) | Cologne 2016,,False,False,17.0,Sticker | Virtus.Pro (Holo) | Cologne 2016,35,
FAMAS | 2A2F,FIELD_TESTED,False,False,0.22,FAMAS | 2A2F (Field-Tested),35,
Sticker | juanflatroo | Rio 2022,,False,False,0.47,Sticker | juanflatroo | Rio 2022,35,
Sticker | MOUZ (Glitter) | Shanghai 2024,,False,False,0.16,Sticker | MOUZ (Glitter) | Shanghai 2024,35,
Sticker | The MongolZ (Gold) | Paris 2023,,False,False,0.82,Sticker | The MongolZ (Gold) | Paris 2023,35,
StatTrak™ M4A1-S | Nightmare,WELL_WORN,False,False,5.79,M4A1-S | Nightmare (Well-Worn),35,
G3SG1 | Dream Glade,BATTLE_SCARRED,False,False,0.46,G3SG1 | Dream Glade (Battle-Scarred),35,
Glock-18 | Oxide Blaze,FACTORY_NEW,False,False,7.37,Glock-18 | Oxide Blaze (Factory New),35,
"Music Kit | The Verkkars & n0thing, Flashbang Dance",,False,False,2.63,"Music Kit | The Verkkars & n0thing, Flashbang Dance",35,
P90 | Wave Breaker,WELL_WORN,False,False,0.3,P90 | Wave Breaker (Well-Worn),35,
Glock-18 | Shinobu,FIELD_TESTED,False,False,4.06,Glock-18 | Shinobu (Field-Tested),35,
Sealed Graffiti | Broken Heart (War Pig Pink),,False,False,0.52,Sealed Graffiti | Broken Heart (War Pig Pink),35,
Five-SeveN | Silver Quartz,MINIMAL_WEAR,False,False,0.19,Five-SeveN | Silver Quartz (Minimal Wear),35,
P90 | Ancient Earth,FIELD_TESTED,False,False,0.56,P90 | Ancient Earth (Field-Tested),35,
Galil AR | Connexion,MINIMAL_WEAR,False,False,0.67,Galil AR | Connexion (Minimal Wear),35,
Desert Eagle | Corinthian,FACTORY_NEW,True,False,3.0,StatTrak™ Desert Eagle | Corinthian (Factory New),35,
MAC-10 | Allure,WELL_WORN,True,False,0.4,StatTrak™ MAC-10 | Allure (Well-Worn),35,
USP-S | Sleeping Potion,FACTORY_NEW,False,False,10.5,USP-S | Sleeping Potion (Factory New),35,
Sticker | NEOFRAG (Holo) | Paris 2023,,False,False,0.17,Sticker | NEOFRAG (Holo) | Paris 2023,35,
Tec-9 | Brother,FIELD_TESTED,True,False,0.47,StatTrak™ Tec-9 | Brother (Field-Tested),35,
Sticker | Chicken of the Sky,,False,False,2.1,Sticker | Chicken of the Sky,35,
SG 553 | Aloha,FACTORY_NEW,True,False,0.54,StatTrak™ SG 553 | Aloha (Factory New),35,
Sticker | Vitality (Holo) | Stockholm 2021,,False,False,3.18,Sticker | Vitality (Holo) | Stockholm 2021,35,
Sticker | Virtus.Pro | Krakow 2017,,False,False,2.28,Sticker | Virtus.Pro | Krakow 2017,35,
PP-Bizon | High Roller,MINIMAL_WEAR,False,False,9.05,PP-Bizon | High Roller (Minimal Wear),35,
MAC-10 | Button Masher,FACTORY_NEW,False,False,10.99,MAC-10 | Button Masher (Factory New),35,
Glock-18 | Oxide Blaze,MINIMAL_WEAR,False,False,0.32,Glock-18 | Oxide Blaze (Minimal Wear),35,
Bio-Haz Specialist | SWAT,,False,False,11.43,Bio-Haz Specialist | SWAT,35,
Sticker | BetBoom (Foil) | Austin 2025,,False,False,0.33,Sticker | BetBoom (Foil) | Austin 2025,35,
FAMAS | Halftone Wash,FACTORY_NEW,False,False,0.9,FAMAS | Halftone Wash (Factory New),35,
Charm | Lil' Smokey,,False,False,0.12,Charm | Lil' Smokey,35,
Sticker | GamerLegion (Glitter) | Copenhagen 2024,,False,False,0.24,Sticker | GamerLegion (Glitter) | Copenhagen 2024,35,
USP-S | Flashback,FIELD_TESTED,True,False,1.13,StatTrak™ USP-S | Flashback (Field-Tested),35,
Sticker | TYLOO (Foil) | Austin 2025,,False,False,0.25,Sticker | TYLOO (Foil) | Austin 2025,35,
StatTrak™ MP9 | Capillary,FACTORY_NEW,True,False,1.81,StatTrak™ MP9 | Capillary (Factory New),35,
Dual Berettas | Flora Carnivora,BATTLE_SCARRED,False,False,0.3,Dual Berettas | Flora Carnivora (Battle-Scarred),35,
SSG 08 | Mainframe 001,FACTORY_NEW,False,False,0.82,SSG 08 | Mainframe 001 (Factory New),35,
Stockholm 2021 Overpass Souvenir Package,,False,False,4.07,Stockholm 2021 Overpass Souvenir Package,35,
Shanghai 2024 Inferno Souvenir Package,,False,False,4.19,Shanghai 2024 Inferno Souvenir Package,35,
Easy Peasy Pin,,False,False,2.67,Easy Peasy Pin,35,
MP9 | Bioleak,FACTORY_NEW,False,False,0.67,MP9 | Bioleak (Factory New),35,
USP-S | Torque,FIELD_TESTED,True,False,1.42,StatTrak™ USP-S | Torque (Field-Tested),35,
AK-47 | Aphrodite,FIELD_TESTED,False,False,14.79,AK-47 | Aphrodite (Field-Tested),35,
Sticker | Virtus.Pro | Stockholm 2021,,False,False,0.12,Sticker | Virtus.Pro | Stockholm 2021,35,
Zeus x27 | Olympus,FACTORY_NEW,False,False,8.0,Zeus x27 | Olympus (Factory New),35,
StatTrak™ MP7 | Powercore,FIELD_TESTED,False,False,0.85,MP7 | Powercore (Field-Tested),35,
Sticker | Vitality (Glitter) | Shanghai 2024,,False,False,0.12,Sticker | Vitality (Glitter) | Shanghai 2024,35,
"Music Kit | Sullivan King, Lock Me Up",,False,False,0.6,"Music Kit | Sullivan King, Lock Me Up",35,
M4A1-S | Night Terror,BATTLE_SCARRED,True,False,2.11,StatTrak™ M4A1-S | Night Terror (Battle-Scarred),35,
AUG | Eye of Zapems,MINIMAL_WEAR,False,False,4.68,AUG | Eye of Zapems (Minimal Wear),35,
SCAR-20 | Bloodsport,FIELD_TESTED,False,False,9.13,SCAR-20 | Bloodsport (Field-Tested),35,
Dual Berettas | Sweet Little Angels,MINIMAL_WEAR,False,False,4.31,Dual Berettas | Sweet Little Angels (Minimal Wear),35,
Negev | Army Sheen,MINIMAL_WEAR,False,False,0.16,Negev | Army Sheen (Minimal Wear),35,
Glock-18 | Glockingbird,MINIMAL_WEAR,False,False,2.0,Glock-18 | Glockingbird (Minimal Wear),35,
Charm | Lil' Monster,,False,False,3.29,Charm | Lil' Monster,34,
M4A4 | Neo-Noir,FIELD_TESTED,False,False,30.65,M4A4 | Neo-Noir (Field-Tested),34,
Sticker | ZywOo (Foil) | Berlin 2019,,False,False,1.5,Sticker | ZywOo (Foil) | Berlin 2019,34,
StatTrak™ P90 | Traction,WELL_WORN,False,False,0.25,P90 | Traction (Well-Worn),34,
MAG-7 | Foresight,MINIMAL_WEAR,True,False,0.13,StatTrak™ MAG-7 | Foresight (Minimal Wear),34,
SCAR-20 | Powercore,FIELD_TESTED,False,False,0.87,SCAR-20 | Powercore (Field-Tested),34,
Charm | Lil' Tusk,,False,False,0.17,Charm | Lil' Tusk,34,
Nova | Wood Fired,FACTORY_NEW,False,False,0.72,Nova | Wood Fired (Factory New),34,
Sticker | PENTA Sports | Krakow 2017,,False,False,1.36,Sticker | PENTA Sports | Krakow 2017,34,
Sealed Graffiti | Question Mark (Princess Pink),,False,False,0.14,Sealed Graffiti | Question Mark (Princess Pink),34,
SG 553 | Dragon Tech,BATTLE_SCARRED,False,False,0.32,SG 553 | Dragon Tech (Battle-Scarred),34,
Sticker | Twistzz | Berlin 2019,,False,False,0.32,Sticker | Twistzz | Berlin 2019,34,
M4A4 | Steel Work,FACTORY_NEW,False,False,0.38,M4A4 | Steel Work (Factory New),34,
P90 | Nostalgia,MINIMAL_WEAR,False,False,4.0,P90 | Nostalgia (Minimal Wear),34,
Sealed Graffiti | Goofy (Bazooka Pink),,False,False,0.55,Sealed Graffiti | Goofy (Bazooka Pink),34,
UMP-45 | Labyrinth,FIELD_TESTED,False,False,0.29,UMP-45 | Labyrinth (Field-Tested),34,
MAC-10 | Ensnared,FACTORY_NEW,False,False,0.82,MAC-10 | Ensnared (Factory New),34,
SG 553 | Phantom,MINIMAL_WEAR,False,False,0.9,SG 553 | Phantom (Minimal Wear),34,
M4A1-S | Blue Phosphor,FACTORY_NEW,False,False,529.11,M4A1-S | Blue Phosphor (Factory New),34,
SG 553 | Dragon Tech,MINIMAL_WEAR,False,False,0.59,SG 553 | Dragon Tech (Minimal Wear),34,
ESL (Holo) | Cologne 2016,,False,False,10.5,Sticker | ESL (Holo) | Cologne 2016,34,
Tec-9 | Banana Leaf,FACTORY_NEW,False,False,0.19,Tec-9 | Banana Leaf (Factory New),34,
AK-47 | Ice Coaled,FACTORY_NEW,False,False,18.99,AK-47 | Ice Coaled (Factory New),34,
M4A1-S | VariCamo,MINIMAL_WEAR,False,False,0.39,M4A1-S | VariCamo (Minimal Wear),34,
MP9 | Food Chain,FIELD_TESTED,True,False,5.78,StatTrak™ MP9 | Food Chain (Field-Tested),34,
P90 | Ancient Earth,FACTORY_NEW,False,False,1.55,P90 | Ancient Earth (Factory New),34,
Sticker | G2 Esports | Krakow 2017,,False,False,1.25,Sticker | G2 Esports | Krakow 2017,34,
P90 | Ash Wood,FACTORY_NEW,False,False,0.19,P90 | Ash Wood (Factory New),34,
Sticker | MOUZ (Holo) | Austin 2025,,False,False,2.51,Sticker | MOUZ (Holo) | Austin 2025,34,
Nova | Koi,FACTORY_NEW,False,False,2.96,Nova | Koi (Factory New),34,
XM1014 | Oxide Blaze,FACTORY_NEW,True,False,0.73,StatTrak™ XM1014 | Oxide Blaze (Factory New),34,
R8 Revolver | Night,FIELD_TESTED,False,True,0.16,Souvenir R8 Revolver | Night (Field-Tested),34,
UMP-45 | Primal Saber,MINIMAL_WEAR,False,False,9.8,UMP-45 | Primal Saber (Minimal Wear),34,
Glock-18 | Nuclear Garden,MINIMAL_WEAR,False,False,7.0,Glock-18 | Nuclear Garden (Minimal Wear),34,
Glock-18 | High Beam,FACTORY_NEW,False,True,3.97,Souvenir Glock-18 | High Beam (Factory New),34,
Sawed-Off | Amber Fade,MINIMAL_WEAR,False,False,0.21,Sawed-Off | Amber Fade (Minimal Wear),34,
MP7 | Abyssal Apparition,BATTLE_SCARRED,False,False,4.9,MP7 | Abyssal Apparition (Battle-Scarred),34,
FAMAS | Crypsis,MINIMAL_WEAR,False,False,0.27,FAMAS | Crypsis (Minimal Wear),34,
Atlanta 2017 Legends (Holo/Foil),,False,False,69.0,Atlanta 2017 Legends (Holo-Foil),34,
Glock-18 | Off World,MINIMAL_WEAR,True,False,0.8,StatTrak™ Glock-18 | Off World (Minimal Wear),34,
Nuke Pin,,False,False,4.91,Nuke Pin,34,
AK-47 | Baroque Purple,FIELD_TESTED,False,False,4.91,AK-47 | Baroque Purple (Field-Tested),34,
Prisma Case Key,,False,False,19.71,Prisma Case Key,34,
AK-47 | Emerald Pinstripe,FIELD_TESTED,False,False,2.0,AK-47 | Emerald Pinstripe (Field-Tested),34,
Dual Berettas | Heist,FIELD_TESTED,False,False,0.82,Dual Berettas | Heist (Field-Tested),34,
M4A1-S | Glitched Paint,MINIMAL_WEAR,False,False,4.34,M4A1-S | Glitched Paint (Minimal Wear),34,
MP7 | Astrolabe,BATTLE_SCARRED,False,False,1.0,MP7 | Astrolabe (Battle-Scarred),34,
SG 553 | Ol' Rusty,FACTORY_NEW,True,False,0.37,StatTrak™ SG 553 | Ol' Rusty (Factory New),34,
FAMAS | Mecha Industries,FIELD_TESTED,False,False,25.0,FAMAS | Mecha Industries (Field-Tested),34,
Sticker | Pink Jaggyfish,,False,False,1.46,Sticker | Pink Jaggyfish,34,
Glock-18 | Mirror Mosaic,FIELD_TESTED,False,False,5.25,Glock-18 | Mirror Mosaic (Field-Tested),34,
Tec-9 | Flash Out,FIELD_TESTED,True,False,0.21,StatTrak™ Tec-9 | Flash Out (Field-Tested),34,
Sticker | FaZe Clan (Holo) | Katowice 2019,,False,False,4.59,Sticker | FaZe Clan (Holo) | Katowice 2019,34,
MAG-7 | BI83 Spectrum,MINIMAL_WEAR,False,False,2.85,MAG-7 | BI83 Spectrum (Minimal Wear),34,
MP7 | Asterion,FIELD_TESTED,False,False,3.75,MP7 | Asterion (Field-Tested),34,
StatTrak™ M4A1-S | Nightmare,BATTLE_SCARRED,False,False,5.85,M4A1-S | Nightmare (Battle-Scarred),34,
Sticker | ENCE (Holo) | Berlin 2019,,False,False,0.37,Sticker | ENCE (Holo) | Berlin 2019,34,
P250 | X-Ray,FIELD_TESTED,False,False,0.34,P250 | X-Ray (Field-Tested),33,
Sticker | Heroic (Holo) | Rio 2022,,False,False,1.99,Sticker | Heroic (Holo) | Rio 2022,33,
Sticker | mousesports | Berlin 2019,,False,False,2.95,Sticker | mousesports | Berlin 2019,33,
P90 | Neoqueen,MINIMAL_WEAR,False,False,0.47,P90 | Neoqueen (Minimal Wear),33,
USP-S | PC-GRN,FACTORY_NEW,False,False,1.39,USP-S | PC-GRN (Factory New),33,
R8 Revolver | Junk Yard,BATTLE_SCARRED,False,False,0.16,R8 Revolver | Junk Yard (Battle-Scarred),33,
Sticker | DickStacy | Berlin 2019,,False,False,14.18,Sticker | DickStacy | Berlin 2019,33,
Sticker | Team Liquid | Katowice 2019,,False,False,2.39,Sticker | Team Liquid | Katowice 2019,33,
P250 | Franklin,MINIMAL_WEAR,False,False,1.92,P250 | Franklin (Minimal Wear),33,
Sticker | 9z Team (Holo) | Rio 2022,,False,False,4.19,Sticker | 9z Team (Holo) | Rio 2022,33,
Sticker | StarLadder | Berlin 2019,,False,False,0.37,Sticker | StarLadder | Berlin 2019,33,
USP-S | Royal Guard,MINIMAL_WEAR,False,False,2.49,USP-S | Royal Guard (Minimal Wear),33,
Desert Eagle | Sputnik,FIELD_TESTED,False,False,1.77,Desert Eagle | Sputnik (Field-Tested),33,
StatTrak™ AUG | Amber Slipstream,MINIMAL_WEAR,False,False,0.33,AUG | Amber Slipstream (Minimal Wear),33,
Battlefield 2042 Sticker Capsule,,False,False,0.75,Battlefield 2042 Sticker Capsule,33,
SSG 08 | Dragonfire,FACTORY_NEW,False,False,328.99,SSG 08 | Dragonfire (Factory New),33,
P90 | Elite Build,FIELD_TESTED,False,False,0.57,P90 | Elite Build (Field-Tested),33,
Sealed Graffiti | Silver Bullet (Shark White),,False,False,0.15,Sealed Graffiti | Silver Bullet (Shark White),33,
USP-S | 27,WELL_WORN,False,False,0.15,USP-S | 27 (Well-Worn),33,
Patch | Gambit Gaming | Stockholm 2021,,False,False,1.26,Patch | Gambit Gaming | Stockholm 2021,33,
Sealed Graffiti | Question Mark (Blood Red),,False,False,0.28,Sealed Graffiti | Question Mark (Blood Red),33,
Dual Berettas | Melondrama,WELL_WORN,False,False,5.08,Dual Berettas | Melondrama (Well-Worn),33,
Sticker | GamerLegion (Embroidered) | Budapest 2025,,False,False,0.14,Sticker | GamerLegion (Embroidered) | Budapest 2025,33,
Negev | Ultralight,MINIMAL_WEAR,True,False,0.17,StatTrak™ Negev | Ultralight (Minimal Wear),33,
Sticker | FURIA (Gold) | 2020 RMR,,False,False,2.11,Sticker | FURIA (Gold) | 2020 RMR,33,
MP7 | Armor Core,FIELD_TESTED,False,False,0.25,MP7 | Armor Core (Field-Tested),33,
Five-SeveN | Silver Quartz,FACTORY_NEW,False,False,0.74,Five-SeveN | Silver Quartz (Factory New),33,
Patch | Anchors Aweigh,,False,False,3.06,Patch | Anchors Aweigh,33,
Sticker | Killjoy (Holo),,False,False,2.13,Sticker | Killjoy (Holo),33,
MP5-SD | Kitbash,BATTLE_SCARRED,False,False,0.3,MP5-SD | Kitbash (Battle-Scarred),33,
AK-47 | Asiimov,FIELD_TESTED,False,False,35.86,AK-47 | Asiimov (Field-Tested),33,
M4A1-S | Cyrex,FACTORY_NEW,False,False,168.72,M4A1-S | Cyrex (Factory New),33,
Sticker | SK Gaming | Boston 2018,,False,False,2.7,Sticker | SK Gaming | Boston 2018,33,
Sticker | NRG (Holo) | Katowice 2019,,False,False,2.79,Sticker | NRG (Holo) | Katowice 2019,33,
MAG-7 | Monster Call,FIELD_TESTED,True,False,0.54,StatTrak™ MAG-7 | Monster Call (Field-Tested),33,
SSG 08 | Slashed,WELL_WORN,False,False,0.99,SSG 08 | Slashed (Well-Worn),33,
USP-S | Black Lotus,BATTLE_SCARRED,True,False,3.5,StatTrak™ USP-S | Black Lotus (Battle-Scarred),33,
MAC-10 | Neon Rider,MINIMAL_WEAR,False,False,95.65,MAC-10 | Neon Rider (Minimal Wear),33,
Sticker | FaZe Clan (Foil) | Austin 2025,,False,False,0.35,Sticker | FaZe Clan (Foil) | Austin 2025,33,
Sticker | Liquid Fire (Holo),,False,False,18.25,Sticker | Liquid Fire (Holo),33,
UMP-45 | Oscillator,FACTORY_NEW,False,False,0.42,UMP-45 | Oscillator (Factory New),33,
Sticker | mousesports | Boston 2018,,False,False,5.54,Sticker | mousesports | Boston 2018,33,
Sticker | z4KR | Copenhagen 2024,,False,False,0.14,Sticker | z4KR | Copenhagen 2024,33,
M4A1-S | Decimator,MINIMAL_WEAR,False,False,16.0,M4A1-S | Decimator (Minimal Wear),33,
P90 | Ancient Earth,FIELD_TESTED,False,True,0.18,Souvenir P90 | Ancient Earth (Field-Tested),33,
UMP-45 | Blaze,FACTORY_NEW,False,False,21.9,UMP-45 | Blaze (Factory New),33,
P2000 | Granite Marbleized,MINIMAL_WEAR,False,False,0.44,P2000 | Granite Marbleized (Minimal Wear),33,
Charm | Lil' Chomper,,False,False,0.31,Charm | Lil' Chomper,33,
PP-Bizon | Osiris,FIELD_TESTED,False,False,1.65,PP-Bizon | Osiris (Field-Tested),33,
P90 | Off World,FIELD_TESTED,True,False,0.23,StatTrak™ P90 | Off World (Field-Tested),33,
Tec-9 | Citric Acid,FACTORY_NEW,False,False,0.16,Tec-9 | Citric Acid (Factory New),33,
SCAR-20 | Poultrygeist,FACTORY_NEW,False,False,0.28,SCAR-20 | Poultrygeist (Factory New),33,
FAMAS | Sergeant,FIELD_TESTED,False,False,2.18,FAMAS | Sergeant (Field-Tested),33,
Sticker | bLitz (Holo) | Antwerp 2022,,False,False,0.49,Sticker | bLitz (Holo) | Antwerp 2022,33,
Sticker | Clutchman (Holo),,False,False,0.24,Sticker | Clutchman (Holo),33,
P90 | Chopper,FIELD_TESTED,True,False,1.19,StatTrak™ P90 | Chopper (Field-Tested),32,
Sealed Graffiti | Broken Heart (Wire Blue),,False,False,0.41,Sealed Graffiti | Broken Heart (Wire Blue),32,
P250 | Nevermore,FIELD_TESTED,True,False,1.48,StatTrak™ P250 | Nevermore (Field-Tested),32,
Glock-18 | Catacombs,FIELD_TESTED,True,False,0.92,StatTrak™ Glock-18 | Catacombs (Field-Tested),32,
Dual Berettas | Elite 1.6,FIELD_TESTED,False,False,0.31,Dual Berettas | Elite 1.6 (Field-Tested),32,
Galil AR | Signal,FIELD_TESTED,True,False,0.93,StatTrak™ Galil AR | Signal (Field-Tested),32,
Sticker | xertioN (Glitter) | Shanghai 2024,,False,False,0.12,Sticker | xertioN (Glitter) | Shanghai 2024,32,
P250 | Small Game,FACTORY_NEW,False,False,1.29,P250 | Small Game (Factory New),32,
Sealed Graffiti | Shining Star (Blood Red),,False,False,0.31,Sealed Graffiti | Shining Star (Blood Red),32,
Sealed Graffiti | BOOM (Blood Red),,False,False,0.54,Sealed Graffiti | BOOM (Blood Red),32,
Sticker | MOUZ (Holo) | Stockholm 2021,,False,False,7.0,Sticker | MOUZ (Holo) | Stockholm 2021,32,
Sticker | chrisJ | Berlin 2019,,False,False,0.17,Sticker | chrisJ | Berlin 2019,32,
PP-Bizon | Night Riot,MINIMAL_WEAR,False,False,0.18,PP-Bizon | Night Riot (Minimal Wear),32,
Glock-18 | Weasel,WELL_WORN,False,False,0.88,Glock-18 | Weasel (Well-Worn),32,
Negev | Terrain,MINIMAL_WEAR,False,False,0.43,Negev | Terrain (Minimal Wear),32,
Sticker | Noble,,False,False,0.37,Sticker | Noble,32,
P250 | Re.built,MINIMAL_WEAR,True,False,0.13,StatTrak™ P250 | Re.built (Minimal Wear),32,
AUG | Spalted Wood,FACTORY_NEW,False,True,0.87,Souvenir AUG | Spalted Wood (Factory New),32,
Operation Broken Fang Premium Pass,,False,False,21.85,Operation Broken Fang Premium Pass,32,
AWP | Duality,MINIMAL_WEAR,False,False,4.59,AWP | Duality (Minimal Wear),32,
Sticker | Copenhagen Flames (Foil) | Stockholm 2021,,False,False,2.32,Sticker | Copenhagen Flames (Foil) | Stockholm 2021,32,
XM1014 | Irezumi,MINIMAL_WEAR,True,False,0.15,StatTrak™ XM1014 | Irezumi (Minimal Wear),32,
AUG | Chameleon,MINIMAL_WEAR,False,False,63.5,AUG | Chameleon (Minimal Wear),32,
M4A1-S | Rose Hex,FACTORY_NEW,False,False,0.8,M4A1-S | Rose Hex (Factory New),32,
PP-Bizon | Space Cat,MINIMAL_WEAR,False,False,0.61,PP-Bizon | Space Cat (Minimal Wear),32,
P250 | Asiimov,WELL_WORN,False,False,9.44,P250 | Asiimov (Well-Worn),32,
Five-SeveN | Angry Mob,FIELD_TESTED,False,False,46.25,Five-SeveN | Angry Mob (Field-Tested),32,
MAC-10 | Disco Tech,WELL_WORN,False,False,4.34,MAC-10 | Disco Tech (Well-Worn),32,
MP7 | Coral Paisley,FACTORY_NEW,False,False,0.37,MP7 | Coral Paisley (Factory New),32,
Operation Vanguard Case Key,,False,False,10.99,Operation Vanguard Case Key,32,
Five-SeveN | Fraise Crane,FIELD_TESTED,False,False,0.16,Five-SeveN | Fraise Crane (Field-Tested),32,
Sticker | Factory Sealed (Foil),,False,False,0.48,Sticker | Factory Sealed (Foil),32,
Sticker | Brehze | Berlin 2019,,False,False,0.13,Sticker | Brehze | Berlin 2019,32,
P90 | Verdant Growth,FACTORY_NEW,False,True,1.08,Souvenir P90 | Verdant Growth (Factory New),32,
Five-SeveN | Urban Hazard,FACTORY_NEW,True,False,5.6,StatTrak™ Five-SeveN | Urban Hazard (Factory New),32,
AUG | Daedalus,FIELD_TESTED,False,False,3.5,AUG | Daedalus (Field-Tested),32,
M4A1-S | Emphorosaur-S,MINIMAL_WEAR,True,False,2.06,StatTrak™ M4A1-S | Emphorosaur-S (Minimal Wear),32,
Patch | Metal Supreme Master,,False,False,1.91,Patch | Metal Supreme Master,32,
MP7 | Nemesis,FACTORY_NEW,False,False,19.72,MP7 | Nemesis (Factory New),32,
MP5-SD | Kitbash,FACTORY_NEW,False,False,2.19,MP5-SD | Kitbash (Factory New),32,
Desert Eagle | The Daily Deagle,FACTORY_NEW,False,False,1.3,Desert Eagle | The Daily Deagle (Factory New),32,
XM1014 | Seasons,MINIMAL_WEAR,False,False,1.31,XM1014 | Seasons (Minimal Wear),32,
MP5-SD | Kitbash,FIELD_TESTED,True,False,0.4,StatTrak™ MP5-SD | Kitbash (Field-Tested),32,
"Music Kit | Denzel Curry, ULTIMATE",,False,False,2.53,"Music Kit | Denzel Curry, ULTIMATE",32,
AK-47 | Uncharted,FIELD_TESTED,True,False,1.5,StatTrak™ AK-47 | Uncharted (Field-Tested),32,
Sticker | SunPayus (Holo) | Paris 2023,,False,False,0.53,Sticker | SunPayus (Holo) | Paris 2023,32,
AWP | Green Energy,FIELD_TESTED,False,False,8.98,AWP | Green Energy (Field-Tested),32,
Glock-18 | Shinobu,WELL_WORN,False,False,3.64,Glock-18 | Shinobu (Well-Worn),32,
AWP | Phobos,MINIMAL_WEAR,False,False,2.06,AWP | Phobos (Minimal Wear),32,
Sticker | ENCE (Gold) | Paris 2023,,False,False,0.62,Sticker | ENCE (Gold) | Paris 2023,32,
Patch | Bloodhound,,False,False,0.33,Patch | Bloodhound,32,
Sticker | Renegades | Boston 2018,,False,False,1.23,Sticker | Renegades | Boston 2018,32,
AWP | Asiimov,BATTLE_SCARRED,False,False,64.27,AWP | Asiimov (Battle-Scarred),32,
PP-Bizon | Runic,FACTORY_NEW,True,False,2.78,StatTrak™ PP-Bizon | Runic (Factory New),32,
AWP | Phobos,FIELD_TESTED,False,False,1.6,AWP | Phobos (Field-Tested),32,
Sticker | Vitality (Gold) | Paris 2023,,False,False,1.83,Sticker | Vitality (Gold) | Paris 2023,32,
MP9 | Shredded,FACTORY_NEW,False,False,0.84,MP9 | Shredded (Factory New),32,
Sticker | Team Spirit (Glitter) | Rio 2022,,False,False,0.24,Sticker | Team Spirit (Glitter) | Rio 2022,32,
Sticker | JUST (Glitter) | Copenhagen 2024,,False,False,0.58,Sticker | JUST (Glitter) | Copenhagen 2024,32,
M4A1-S | Flashback,FIELD_TESTED,True,False,2.2,StatTrak™ M4A1-S | Flashback (Field-Tested),32,
Sticker | EZ,,False,False,0.3,Sticker | EZ,32,
Glock-18 | Umbral Rabbit,FACTORY_NEW,True,False,4.21,StatTrak™ Glock-18 | Umbral Rabbit (Factory New),32,
Galil AR | Robin's Egg,FACTORY_NEW,False,False,0.38,Galil AR | Robin's Egg (Factory New),32,
FAMAS | Survivor Z,FACTORY_NEW,True,False,3.28,StatTrak™ FAMAS | Survivor Z (Factory New),32,
Dual Berettas | Hideout,FACTORY_NEW,False,False,0.32,Dual Berettas | Hideout (Factory New),32,
SG 553 | Heavy Metal,FIELD_TESTED,True,False,0.33,StatTrak™ SG 553 | Heavy Metal (Field-Tested),32,
Sticker | kennyS (Foil) | Berlin 2019,,False,False,9.0,Sticker | kennyS (Foil) | Berlin 2019,32,
AUG | Luxe Trim,FIELD_TESTED,True,False,0.24,StatTrak™ AUG | Luxe Trim (Field-Tested),32,
MP7 | Cirrus,FIELD_TESTED,True,False,1.11,StatTrak™ MP7 | Cirrus (Field-Tested),32,
AK-47 | Frontside Misty,FIELD_TESTED,False,False,13.86,AK-47 | Frontside Misty (Field-Tested),32,
MP7 | Cirrus,FACTORY_NEW,True,False,5.92,StatTrak™ MP7 | Cirrus (Factory New),32,
StatTrak™ P90 | Traction,FIELD_TESTED,False,False,0.39,P90 | Traction (Field-Tested),32,
Five-SeveN | Urban Hazard,MINIMAL_WEAR,False,False,2.68,Five-SeveN | Urban Hazard (Minimal Wear),31,
Katowice 2019 Legends Autograph Capsule,,False,False,7.25,Katowice 2019 Legends Autograph Capsule,31,
FAMAS | Night Borre,MINIMAL_WEAR,False,False,7.6,FAMAS | Night Borre (Minimal Wear),31,
AWP | Redline,FIELD_TESTED,False,False,32.14,AWP | Redline (Field-Tested),31,
Charm | Semi-Precious,,False,False,12.46,Charm | Semi-Precious,31,
Ace,,False,False,0.31,Sealed Graffiti | Ace,31,
Team SoloMid (Foil) | Cologne 2015,,False,False,10.8,Sticker | Team SoloMid (Foil) | Cologne 2015,31,
FAMAS | Survivor Z,MINIMAL_WEAR,False,False,0.78,FAMAS | Survivor Z (Minimal Wear),31,
Sticker | Pain Train (Holo),,False,False,0.35,Sticker | Pain Train (Holo),31,
AUG | Arctic Wolf,FIELD_TESTED,False,False,1.51,AUG | Arctic Wolf (Field-Tested),31,
P250 | Valence,MINIMAL_WEAR,True,False,1.06,StatTrak™ P250 | Valence (Minimal Wear),31,
UMP-45 | Corporal,MINIMAL_WEAR,True,False,0.72,StatTrak™ UMP-45 | Corporal (Minimal Wear),31,
AK-47 | Midnight Laminate,FACTORY_NEW,False,False,20.1,AK-47 | Midnight Laminate (Factory New),31,
StatTrak™ P90 | Traction,BATTLE_SCARRED,False,False,0.25,P90 | Traction (Battle-Scarred),31,
P90 | Vent Rush,MINIMAL_WEAR,False,False,0.52,P90 | Vent Rush (Minimal Wear),31,
Desert Eagle | Firebreathing,FIELD_TESTED,False,False,0.8,Desert Eagle | Firebreathing (Field-Tested),31,
G3SG1 | Dream Glade,MINIMAL_WEAR,False,False,0.72,G3SG1 | Dream Glade (Minimal Wear),31,
Sticker | Perfecto (Glitter) | Antwerp 2022,,False,False,0.11,Sticker | Perfecto (Glitter) | Antwerp 2022,31,
UMP-45 | Plastique,FIELD_TESTED,False,False,0.43,UMP-45 | Plastique (Field-Tested),31,
Tec-9 | Cracked Opal,WELL_WORN,False,False,0.13,Tec-9 | Cracked Opal (Well-Worn),31,
Sticker | w0nderful | Rio 2022,,False,False,0.2,Sticker | w0nderful | Rio 2022,31,
AK-47 | VariCamo Grey,FACTORY_NEW,False,False,0.45,AK-47 | VariCamo Grey (Factory New),31,
UMP-45 | Moonrise,FIELD_TESTED,False,False,0.46,UMP-45 | Moonrise (Field-Tested),31,
Sticker | DickStacy | Katowice 2019,,False,False,17.99,Sticker | DickStacy | Katowice 2019,31,
Sticker | donk | Austin 2025,,False,False,0.28,Sticker | donk | Austin 2025,31,
StatTrak™ AK-47 | Neon Rider,FIELD_TESTED,False,False,38.92,AK-47 | Neon Rider (Field-Tested),31,
Fnatic (Holo) | MLG Columbus 2016,,False,False,19.0,Sticker | Fnatic (Holo) | MLG Columbus 2016,31,
Glock-18 | Moonrise,MINIMAL_WEAR,True,False,2.78,StatTrak™ Glock-18 | Moonrise (Minimal Wear),31,
Sticker | Guinea Pig (Holo),,False,False,0.23,Sticker | Guinea Pig (Holo),31,
Desert Eagle | Tilted,WELL_WORN,False,False,0.11,Desert Eagle | Tilted (Well-Worn),31,
Splyce | MLG Columbus 2016,,False,False,6.44,Sticker | Splyce | MLG Columbus 2016,31,
USP-S | Royal Guard,FACTORY_NEW,False,False,6.41,USP-S | Royal Guard (Factory New),31,
P90 | Wave Breaker,FIELD_TESTED,True,False,0.58,StatTrak™ P90 | Wave Breaker (Field-Tested),31,
Sticker | karrigan (Glitter) | Antwerp 2022,,False,False,0.24,Sticker | karrigan (Glitter) | Antwerp 2022,31,
Sticker | MIBR | London 2018,,False,False,0.58,Sticker | MIBR | London 2018,31,
XM1014 | Blue Steel,FACTORY_NEW,False,False,1.96,XM1014 | Blue Steel (Factory New),31,
Sticker | ropz (Holo) | Paris 2023,,False,False,3.17,Sticker | ropz (Holo) | Paris 2023,31,
Sticker | Jame (Glitter) | Antwerp 2022,,False,False,0.35,Sticker | Jame (Glitter) | Antwerp 2022,31,
Death Sentence Pin,,False,False,2.58,Death Sentence Pin,31,
CZ75-Auto | Pole Position,FIELD_TESTED,False,False,0.95,CZ75-Auto | Pole Position (Field-Tested),31,
Desert Eagle | Serpent Strike,FACTORY_NEW,True,False,5.07,StatTrak™ Desert Eagle | Serpent Strike (Factory New),31,
Sealed Graffiti | Broken Heart (SWAT Blue),,False,False,0.42,Sealed Graffiti | Broken Heart (SWAT Blue),31,
Sticker | ZywOo (Glitter) | Antwerp 2022,,False,False,0.14,Sticker | ZywOo (Glitter) | Antwerp 2022,31,
SSG 08 | Prey,MINIMAL_WEAR,False,True,0.25,Souvenir SSG 08 | Prey (Minimal Wear),31,
M4A4 | Temukau,FIELD_TESTED,False,False,29.18,M4A4 | Temukau (Field-Tested),31,
P90 | Neoqueen,FACTORY_NEW,False,False,1.14,P90 | Neoqueen (Factory New),31,
MP7 | Neon Ply,FIELD_TESTED,False,False,2.1,MP7 | Neon Ply (Field-Tested),31,
MP5-SD | Desert Strike,FIELD_TESTED,False,False,0.22,MP5-SD | Desert Strike (Field-Tested),31,
Glock-18 | Off World,WELL_WORN,True,False,0.34,StatTrak™ Glock-18 | Off World (Well-Worn),31,
USP-S | The Traitor,FIELD_TESTED,False,False,29.61,USP-S | The Traitor (Field-Tested),31,
FAMAS | Meow 36,MINIMAL_WEAR,False,False,0.16,FAMAS | Meow 36 (Minimal Wear),31,
Nova | Rising Sun,BATTLE_SCARRED,False,False,0.32,Nova | Rising Sun (Battle-Scarred),31,
Sticker | Gold Nova (Holo),,False,False,2.0,Sticker | Gold Nova (Holo),31,
StatTrak™ Glock-18 | Warhawk,BATTLE_SCARRED,False,False,0.25,Glock-18 | Warhawk (Battle-Scarred),30,
XM1014 | Entombed,FACTORY_NEW,False,False,5.23,XM1014 | Entombed (Factory New),30,
UMP-45 | Wild Child,WELL_WORN,False,False,2.49,UMP-45 | Wild Child (Well-Worn),30,
Sealed Graffiti | Broken Heart (Monarch Blue),,False,False,0.43,Sealed Graffiti | Broken Heart (Monarch Blue),30,
Sticker | GamerLegion (Glitter) | Shanghai 2024,,False,False,0.9,Sticker | GamerLegion (Glitter) | Shanghai 2024,30,
SG 553 | Atlas,FIELD_TESTED,False,False,0.34,SG 553 | Atlas (Field-Tested),30,
USP-S | Lead Conduit,WELL_WORN,False,False,0.5,USP-S | Lead Conduit (Well-Worn),30,
XM1014 | Entombed,MINIMAL_WEAR,False,False,3.15,XM1014 | Entombed (Minimal Wear),30,
Crasswater The Forgotten | Guerrilla Warfare,,False,False,23.99,Crasswater The Forgotten | Guerrilla Warfare,30,
Boston 2018 Minor Challengers with Flash Gaming (Holo/Foil),,False,False,52.89,Boston 2018 Minor Challengers with Flash Gaming (Holo-Foil),30,
MAG-7 | SWAG-7,MINIMAL_WEAR,True,False,1.78,StatTrak™ MAG-7 | SWAG-7 (Minimal Wear),30,
Five-SeveN | Capillary,FIELD_TESTED,True,False,0.3,StatTrak™ Five-SeveN | Capillary (Field-Tested),30,
Sticker | FaZe Clan (Glitter) | Shanghai 2024,,False,False,0.4,Sticker | FaZe Clan (Glitter) | Shanghai 2024,30,
AK-47 | Ice Coaled,FIELD_TESTED,True,False,7.3,StatTrak™ AK-47 | Ice Coaled (Field-Tested),30,
USP-S | Guardian,FIELD_TESTED,False,False,2.15,USP-S | Guardian (Field-Tested),30,
AK-47 | Blue Laminate,FACTORY_NEW,False,False,41.0,AK-47 | Blue Laminate (Factory New),30,
Desert Eagle | Printstream,MINIMAL_WEAR,False,False,42.85,Desert Eagle | Printstream (Minimal Wear),30,
MP9 | Food Chain,WELL_WORN,False,False,2.8,MP9 | Food Chain (Well-Worn),30,
SSG 08 | Rapid Transit,FIELD_TESTED,False,False,0.86,SSG 08 | Rapid Transit (Field-Tested),30,
Sealed Graffiti | Smarmy (Monster Purple),,False,False,0.71,Sealed Graffiti | Smarmy (Monster Purple),30,
P90 | Elite Build,FACTORY_NEW,False,False,3.98,P90 | Elite Build (Factory New),30,
Sticker | Magisk | Katowice 2019,,False,False,0.5,Sticker | Magisk | Katowice 2019,30,
Sticker | Team Spirit (Holo) | Katowice 2019,,False,False,19.0,Sticker | Team Spirit (Holo) | Katowice 2019,30,
XM1014 | Seasons,FIELD_TESTED,False,False,1.07,XM1014 | Seasons (Field-Tested),30,
P90 | Elite Build,FIELD_TESTED,True,False,0.41,StatTrak™ P90 | Elite Build (Field-Tested),30,
UMP-45 | Corporal,FIELD_TESTED,False,False,0.54,UMP-45 | Corporal (Field-Tested),30,
Sticker | Kill Count (Holo),,False,False,4.36,Sticker | Kill Count (Holo),30,
AK-47 | VariCamo Grey,MINIMAL_WEAR,False,False,0.11,AK-47 | VariCamo Grey (Minimal Wear),30,
Sticker | Astralis | Boston 2018,,False,False,3.53,Sticker | Astralis | Boston 2018,30,
Sticker | Try Hard (Holo),,False,False,0.18,Sticker | Try Hard (Holo),30,
SG 553 | Danger Close,FIELD_TESTED,True,False,0.14,StatTrak™ SG 553 | Danger Close (Field-Tested),30,
MAC-10 | Heat,MINIMAL_WEAR,False,False,5.01,MAC-10 | Heat (Minimal Wear),30,
Sticker | Assassin,,False,False,1.99,Sticker | Assassin,30,
USP-S | Cyrex,MINIMAL_WEAR,True,False,7.3,StatTrak™ USP-S | Cyrex (Minimal Wear),30,
P2000 | Ivory,WELL_WORN,False,False,0.25,P2000 | Ivory (Well-Worn),30,
AUG | Triqua,MINIMAL_WEAR,False,False,0.27,AUG | Triqua (Minimal Wear),30,
Sticker | FURIA (Foil) | Stockholm 2021,,False,False,1.09,Sticker | FURIA (Foil) | Stockholm 2021,30,
Sealed Graffiti | Fart (Desert Amber),,False,False,0.35,Sealed Graffiti | Fart (Desert Amber),30,
Sticker | Lorena (Foil),,False,False,4.07,Sticker | Lorena (Foil),30,
Sticker | Gold Nova,,False,False,0.98,Sticker | Gold Nova,30,
FAMAS | Mecha Industries,MINIMAL_WEAR,False,False,30.11,FAMAS | Mecha Industries (Minimal Wear),30,
FAMAS | Yeti Camo,FIELD_TESTED,False,False,0.18,FAMAS | Yeti Camo (Field-Tested),30,
Sticker | Renegades (Foil) | 2020 RMR,,False,False,0.36,Sticker | Renegades (Foil) | 2020 RMR,30,
Sticker Slab | Vice Cursor,,False,False,2.5,Sticker Slab | Vice Cursor,30,
Sawed-Off | Kiss♥Love,WELL_WORN,False,False,2.86,Sawed-Off | Kiss♥Love (Well-Worn),30,
PP-Bizon | Night Ops,FACTORY_NEW,False,False,0.36,PP-Bizon | Night Ops (Factory New),30,
Glock-18 | Clear Polymer,WELL_WORN,True,False,0.37,StatTrak™ Glock-18 | Clear Polymer (Well-Worn),30,
Sticker | NiKo (Glitter) | Paris 2023,,False,False,0.24,Sticker | NiKo (Glitter) | Paris 2023,30,
Tactics Pin,,False,False,3.13,Tactics Pin,30,
Zeus x27 | Earth Mandala,FIELD_TESTED,False,False,0.19,Zeus x27 | Earth Mandala (Field-Tested),30,
Sticker | Vitality (Holo) | Austin 2025,,False,False,1.25,Sticker | Vitality (Holo) | Austin 2025,30,
FAMAS | Decommissioned,MINIMAL_WEAR,False,False,0.35,FAMAS | Decommissioned (Minimal Wear),30,
Sticker | G2 Esports | Boston 2018,,False,False,1.26,Sticker | G2 Esports | Boston 2018,30,
Glock-18 | Oxide Blaze,FACTORY_NEW,True,False,2.8,StatTrak™ Glock-18 | Oxide Blaze (Factory New),30,
USP-S | Cyrex,FIELD_TESTED,True,False,3.64,StatTrak™ USP-S | Cyrex (Field-Tested),30,
SSG 08 | Slashed,FIELD_TESTED,True,False,1.45,StatTrak™ SSG 08 | Slashed (Field-Tested),30,
Five-SeveN | Boost Protocol,FIELD_TESTED,True,False,6.41,StatTrak™ Five-SeveN | Boost Protocol (Field-Tested),30,
CS:GO Graffiti Box,,False,False,1.44,CS:GO Graffiti Box,30,
Sawed-Off | Origami,FIELD_TESTED,True,False,0.21,StatTrak™ Sawed-Off | Origami (Field-Tested),30,
MP9 | Modest Threat,FACTORY_NEW,True,False,0.84,StatTrak™ MP9 | Modest Threat (Factory New),30,
Galil AR | Metallic Squeezer,FACTORY_NEW,False,False,1.49,Galil AR | Metallic Squeezer (Factory New),30,
Zeus x27 | Tosai,MINIMAL_WEAR,False,False,0.61,Zeus x27 | Tosai (Minimal Wear),30,
AUG | Spalted Wood,FIELD_TESTED,False,False,0.42,AUG | Spalted Wood (Field-Tested),30,
P90 | Randy Rush,FIELD_TESTED,True,False,0.97,StatTrak™ P90 | Randy Rush (Field-Tested),30,
R8 Revolver | Banana Cannon,BATTLE_SCARRED,False,False,0.28,R8 Revolver | Banana Cannon (Battle-Scarred),30,
Charm | Lil' Facelift,,False,False,0.31,Charm | Lil' Facelift,30,
AWP | Printstream,MINIMAL_WEAR,False,False,60.41,AWP | Printstream (Minimal Wear),30,
Sealed Graffiti | Kiss (Dust Brown),,False,False,0.27,Sealed Graffiti | Kiss (Dust Brown),29,
Sticker | smooya (Foil) | Katowice 2019,,False,False,2.89,Sticker | smooya (Foil) | Katowice 2019,29,
SG 553 | Aerial,FIELD_TESTED,False,False,0.31,SG 553 | Aerial (Field-Tested),29,
MP9 | Orange Peel,MINIMAL_WEAR,False,False,0.17,MP9 | Orange Peel (Minimal Wear),29,
M4A1-S | Hyper Beast,FIELD_TESTED,False,False,93.41,M4A1-S | Hyper Beast (Field-Tested),29,
Desert Eagle | Mecha Industries,FACTORY_NEW,False,False,18.34,Desert Eagle | Mecha Industries (Factory New),29,
Sticker | GODSENT (Holo) | Stockholm 2021,,False,False,5.18,Sticker | GODSENT (Holo) | Stockholm 2021,29,
Sticker | StarLadder (Holo) | Berlin 2019,,False,False,0.27,Sticker | StarLadder (Holo) | Berlin 2019,29,
AK-47 | Crossfade,MINIMAL_WEAR,False,False,2.97,AK-47 | Crossfade (Minimal Wear),29,
Sticker | syrsoN (Holo) | Rio 2022,,False,False,0.89,Sticker | syrsoN (Holo) | Rio 2022,29,
PP-Bizon | Osiris,FACTORY_NEW,False,False,3.99,PP-Bizon | Osiris (Factory New),29,
P2000 | Amber Fade,FIELD_TESTED,False,False,0.47,P2000 | Amber Fade (Field-Tested),29,
Sticker | Astralis | Katowice 2019,,False,False,1.19,Sticker | Astralis | Katowice 2019,29,
M4A4 | Tooth Fairy,BATTLE_SCARRED,False,False,2.95,M4A4 | Tooth Fairy (Battle-Scarred),29,
Nova | Wurst Hölle,WELL_WORN,False,False,0.18,Nova | Wurst Hölle (Well-Worn),29,
R8 Revolver | Crazy 8,BATTLE_SCARRED,False,False,0.31,R8 Revolver | Crazy 8 (Battle-Scarred),29,
Sticker | This Is Fine (H),,False,False,0.23,Sticker | This Is Fine (H),29,
Glock-18 | Clear Polymer,FACTORY_NEW,False,False,5.6,Glock-18 | Clear Polymer (Factory New),29,
USP-S | Cortex,BATTLE_SCARRED,False,False,2.67,USP-S | Cortex (Battle-Scarred),29,
MP5-SD | Acid Wash,FACTORY_NEW,False,False,3.0,MP5-SD | Acid Wash (Factory New),29,
CZ75-Auto | Imprint,FIELD_TESTED,False,False,0.26,CZ75-Auto | Imprint (Field-Tested),29,
AUG | Amber Fade,FIELD_TESTED,False,False,1.59,AUG | Amber Fade (Field-Tested),29,
MAC-10 | Derailment,FIELD_TESTED,False,False,3.46,MAC-10 | Derailment (Field-Tested),29,
MAC-10 | Last Dive,FIELD_TESTED,False,False,1.0,MAC-10 | Last Dive (Field-Tested),29,
XM1014 | Black Tie,FACTORY_NEW,False,False,5.22,XM1014 | Black Tie (Factory New),29,
M249 | Emerald Poison Dart,FIELD_TESTED,False,False,0.99,M249 | Emerald Poison Dart (Field-Tested),29,
USP-S | Guardian,MINIMAL_WEAR,True,False,6.14,StatTrak™ USP-S | Guardian (Minimal Wear),29,
Chem-Haz Capitaine | Gendarmerie Nationale,,False,False,20.45,Chem-Haz Capitaine | Gendarmerie Nationale,29,
Trapper Aggressor | Guerrilla Warfare,,False,False,27.99,Trapper Aggressor | Guerrilla Warfare,29,
MAC-10 | Oceanic,MINIMAL_WEAR,False,False,0.25,MAC-10 | Oceanic (Minimal Wear),29,
Sticker | Silver,,False,False,0.15,Sticker | Silver,29,
M249 | Impact Drill,MINIMAL_WEAR,False,False,3.97,M249 | Impact Drill (Minimal Wear),29,
P250 | Nevermore,FACTORY_NEW,False,False,3.3,P250 | Nevermore (Factory New),29,
Dual Berettas | Flora Carnivora,MINIMAL_WEAR,False,False,0.89,Dual Berettas | Flora Carnivora (Minimal Wear),29,
Sticker | erkaSt | Berlin 2019,,False,False,0.71,Sticker | erkaSt | Berlin 2019,29,
Sealed Graffiti | Hop (SWAT Blue),,False,False,0.3,Sealed Graffiti | Hop (SWAT Blue),29,
Sticker | Pushing Smokes (Glitter),,False,False,0.23,Sticker | Pushing Smokes (Glitter),29,
Sticker | Dead Eye (Holo),,False,False,8.5,Sticker | Dead Eye (Holo),29,
MP7 | Armor Core,FACTORY_NEW,True,False,2.49,StatTrak™ MP7 | Armor Core (Factory New),29,
Sticker | stadodo (Glitter) | Copenhagen 2024,,False,False,0.13,Sticker | stadodo (Glitter) | Copenhagen 2024,29,
MAC-10 | Whitefish,WELL_WORN,False,False,0.17,MAC-10 | Whitefish (Well-Worn),29,
M4A1-S | Leaded Glass,MINIMAL_WEAR,False,False,8.93,M4A1-S | Leaded Glass (Minimal Wear),29,
Chi Bomb,,False,False,0.69,Sticker | Chi Bomb,29,
Five-SeveN | Flame Test,FIELD_TESTED,True,False,0.14,StatTrak™ Five-SeveN | Flame Test (Field-Tested),29,
XM1014 | Run Run Run,FACTORY_NEW,False,False,6.0,XM1014 | Run Run Run (Factory New),29,
P90 | Chopper,FACTORY_NEW,False,False,5.25,P90 | Chopper (Factory New),29,
Sticker | TYLOO (Gold) | 2020 RMR,,False,False,6.99,Sticker | TYLOO (Gold) | 2020 RMR,29,
Sticker | MOUZ | Cologne 2026,,False,False,0.13,Sticker | MOUZ | Cologne 2026,29,
Nova | Windblown,FACTORY_NEW,False,False,0.43,Nova | Windblown (Factory New),29,
Dual Berettas | Switch Board,MINIMAL_WEAR,False,False,3.0,Dual Berettas | Switch Board (Minimal Wear),29,
Sticker | Entropiq (Holo) | Stockholm 2021,,False,False,7.9,Sticker | Entropiq (Holo) | Stockholm 2021,29,
Sticker | Winstrike Team (Holo) | Katowice 2019,,False,False,3.99,Sticker | Winstrike Team (Holo) | Katowice 2019,29,
AK-47 | Steel Delta,FIELD_TESTED,False,False,1.34,AK-47 | Steel Delta (Field-Tested),29,
Desert Eagle | Blue Ply,WELL_WORN,True,False,0.85,StatTrak™ Desert Eagle | Blue Ply (Well-Worn),29,
Sealed Graffiti | Fart (Jungle Green),,False,False,0.55,Sealed Graffiti | Fart (Jungle Green),29,
Enfu Sticker Capsule,,False,False,0.94,Enfu Sticker Capsule,29,
Sealed Graffiti | Dizzy (Tracer Yellow),,False,False,0.33,Sealed Graffiti | Dizzy (Tracer Yellow),29,
MP7 | Sunbaked,MINIMAL_WEAR,False,False,0.15,MP7 | Sunbaked (Minimal Wear),29,
Sawed-Off | Kiss♥Love,BATTLE_SCARRED,False,False,2.48,Sawed-Off | Kiss♥Love (Battle-Scarred),29,
eSports 2013 Case,,False,False,49.99,eSports 2013 Case,29,
USP-S | Sleeping Potion,FIELD_TESTED,False,False,1.25,USP-S | Sleeping Potion (Field-Tested),29,
Sticker | AZUWU | Cologne 2026,,False,False,0.12,Sticker | AZUWU | Cologne 2026,29,
Sealed Graffiti | Choke (SWAT Blue),,False,False,0.39,Sealed Graffiti | Choke (SWAT Blue),29,
"StatTrak™ Music Kit | KILL SCRIPT, All Night",,True,False,4.06,"StatTrak™ Music Kit | KILL SCRIPT, All Night",29,
Edward | Boston 2018,,False,False,0.91,Sticker | Edward | Boston 2018,29,
Sticker | Team Liquid (Embroidered) | Budapest 2025,,False,False,0.15,Sticker | Team Liquid (Embroidered) | Budapest 2025,29,
Sticker | degster (Holo) | Paris 2023,,False,False,0.2,Sticker | degster (Holo) | Paris 2023,28,
Charm | Lil' Moments,,False,False,1.71,Charm | Lil' Moments,28,
MP9 | Goo,MINIMAL_WEAR,False,False,0.99,MP9 | Goo (Minimal Wear),28,
SCAR-20 | Bloodsport,MINIMAL_WEAR,False,False,9.38,SCAR-20 | Bloodsport (Minimal Wear),28,
Sticker | fnx (Glitter) | Antwerp 2022,,False,False,0.13,Sticker | fnx (Glitter) | Antwerp 2022,28,
Sticker | tabseN (Holo) | Antwerp 2022,,False,False,0.99,Sticker | tabseN (Holo) | Antwerp 2022,28,
Sawed-Off | Origami,FIELD_TESTED,False,False,0.27,Sawed-Off | Origami (Field-Tested),28,
Sealed Graffiti | Lightbulb (Shark White),,False,False,0.12,Sealed Graffiti | Lightbulb (Shark White),28,
CZ75-Auto | Circaetus,BATTLE_SCARRED,False,False,0.16,CZ75-Auto | Circaetus (Battle-Scarred),28,
Sawed-Off | Clay Ambush,FIELD_TESTED,False,False,0.77,Sawed-Off | Clay Ambush (Field-Tested),28,
USP-S | Stainless,FIELD_TESTED,False,False,5.6,USP-S | Stainless (Field-Tested),28,
USP-S | Royal Blue,FIELD_TESTED,False,False,8.47,USP-S | Royal Blue (Field-Tested),28,
Sticker | Black Jaggyfish,,False,False,1.6,Sticker | Black Jaggyfish,28,
Col. Mangos Dabisi | Guerrilla Warfare,,False,False,27.0,Col. Mangos Dabisi | Guerrilla Warfare,28,
P90 | Off World,FACTORY_NEW,False,False,2.0,P90 | Off World (Factory New),28,
M4A4 | In Living Color,FIELD_TESTED,False,False,28.91,M4A4 | In Living Color (Field-Tested),28,
Sticker | Cloud9 (Glitter) | Shanghai 2024,,False,False,0.97,Sticker | Cloud9 (Glitter) | Shanghai 2024,28,
Sticker | xertioN (Glitter) | Copenhagen 2024,,False,False,0.19,Sticker | xertioN (Glitter) | Copenhagen 2024,28,
Nova | Koi,MINIMAL_WEAR,False,False,1.62,Nova | Koi (Minimal Wear),28,
Sticker | BIG (Holo) | Katowice 2019,,False,False,4.99,Sticker | BIG (Holo) | Katowice 2019,28,
Sticker | Global Elite,,False,False,0.27,Sticker | Global Elite,28,
Patch | Metal Supreme Master First Class,,False,False,3.99,Patch | Metal Supreme Master First Class,28,
Sticker | MOUZ (Gold) | Copenhagen 2024,,False,False,3.99,Sticker | MOUZ (Gold) | Copenhagen 2024,28,
Sticker | SK Gaming | Krakow 2017,,False,False,2.15,Sticker | SK Gaming | Krakow 2017,28,
UMP-45 | Arctic Wolf,FIELD_TESTED,True,False,0.48,StatTrak™ UMP-45 | Arctic Wolf (Field-Tested),28,
Glock-18 | Bullet Queen,FIELD_TESTED,False,False,44.95,Glock-18 | Bullet Queen (Field-Tested),28,
Five-SeveN | Urban Hazard,MINIMAL_WEAR,True,False,3.87,StatTrak™ Five-SeveN | Urban Hazard (Minimal Wear),28,
R8 Revolver | Grip,FACTORY_NEW,True,False,1.51,StatTrak™ R8 Revolver | Grip (Factory New),28,
Desert Eagle | Firebreathing,FACTORY_NEW,False,False,4.94,Desert Eagle | Firebreathing (Factory New),28,
AWP | Safari Mesh,WELL_WORN,False,False,0.11,AWP | Safari Mesh (Well-Worn),28,
Sticker | Outsiders (Holo) | Antwerp 2022,,False,False,6.9,Sticker | Outsiders (Holo) | Antwerp 2022,28,
P90 | Module,MINIMAL_WEAR,True,False,1.39,StatTrak™ P90 | Module (Minimal Wear),28,
Sticker | mousesports | Krakow 2017,,False,False,5.02,Sticker | mousesports | Krakow 2017,28,
Sticker | YEKINDAR (Glitter) | Antwerp 2022,,False,False,0.22,Sticker | YEKINDAR (Glitter) | Antwerp 2022,28,
AK-47 | Head Shot,FIELD_TESTED,False,False,30.0,AK-47 | Head Shot (Field-Tested),28,
Sticker | Taste Buddy (Holo),,False,False,3.28,Sticker | Taste Buddy (Holo),28,
M4A4 | Magnesium,MINIMAL_WEAR,False,False,1.76,M4A4 | Magnesium (Minimal Wear),28,
Sticker | Hello FAMAS,,False,False,0.37,Sticker | Hello FAMAS,28,
Sealed Graffiti | Broken Heart (Shark White),,False,False,1.4,Sealed Graffiti | Broken Heart (Shark White),28,
Natus Vincere (Holo) | MLG Columbus 2016,,False,False,34.5,Sticker | Natus Vincere (Holo) | MLG Columbus 2016,28,
UMP-45 | Crimson Foil,FACTORY_NEW,False,False,7.9,UMP-45 | Crimson Foil (Factory New),28,
Sticker | Vitality (Holo) | Rio 2022,,False,False,1.04,Sticker | Vitality (Holo) | Rio 2022,28,
CZ75-Auto | Tacticat,MINIMAL_WEAR,False,False,1.3,CZ75-Auto | Tacticat (Minimal Wear),28,
P90 | Module,FIELD_TESTED,True,False,1.18,StatTrak™ P90 | Module (Field-Tested),28,
SSG 08 | Red Stone,MINIMAL_WEAR,False,False,7.36,SSG 08 | Red Stone (Minimal Wear),28,
UMP-45 | Corporal,FIELD_TESTED,True,False,0.34,StatTrak™ UMP-45 | Corporal (Field-Tested),28,
Sealed Graffiti | Little Bock (Cash Green),,False,False,0.22,Sealed Graffiti | Little Bock (Cash Green),28,
UMP-45 | Exposure,FACTORY_NEW,False,False,3.69,UMP-45 | Exposure (Factory New),28,
Desert Eagle | Light Rail,FACTORY_NEW,False,False,18.84,Desert Eagle | Light Rail (Factory New),28,
G3SG1 | Ventilator,MINIMAL_WEAR,False,False,0.23,G3SG1 | Ventilator (Minimal Wear),28,
Nova | Yorkshire,WELL_WORN,False,False,0.29,Nova | Yorkshire (Well-Worn),28,
M4A1-S | Nitro,WELL_WORN,False,False,0.36,M4A1-S | Nitro (Well-Worn),28,
Glock-18 | Block-18,BATTLE_SCARRED,False,False,0.36,Glock-18 | Block-18 (Battle-Scarred),28,
Sticker | F1KU (Holo) | Paris 2023,,False,False,0.38,Sticker | F1KU (Holo) | Paris 2023,28,
M4A1-S | Stratosphere,FIELD_TESTED,False,False,4.35,M4A1-S | Stratosphere (Field-Tested),28,
Sealed Graffiti | Fart (SWAT Blue),,False,False,0.42,Sealed Graffiti | Fart (SWAT Blue),28,
AUG | Arctic Wolf,FACTORY_NEW,False,False,20.0,AUG | Arctic Wolf (Factory New),28,
MP9 | Mount Fuji,MINIMAL_WEAR,False,False,9.26,MP9 | Mount Fuji (Minimal Wear),28,
P90 | Teardown,MINIMAL_WEAR,False,False,0.21,P90 | Teardown (Minimal Wear),28,
FAMAS | Night Borre,FIELD_TESTED,False,False,5.38,FAMAS | Night Borre (Field-Tested),28,
M4A1-S | VariCamo,FACTORY_NEW,False,False,2.08,M4A1-S | VariCamo (Factory New),28,
R8 Revolver | Inlay,MINIMAL_WEAR,False,False,0.13,R8 Revolver | Inlay (Minimal Wear),28,
Glock-18 | AXIA,FIELD_TESTED,False,False,22.23,Glock-18 | AXIA (Field-Tested),28,
Sticker | B8 (Foil) | Austin 2025,,False,False,0.2,Sticker | B8 (Foil) | Austin 2025,28,
Sticker | junior (Glitter) | Antwerp 2022,,False,False,0.12,Sticker | junior (Glitter) | Antwerp 2022,28,
M4A4 | Urban DDPAT,WELL_WORN,False,False,0.11,M4A4 | Urban DDPAT (Well-Worn),28,
"StatTrak™ Music Kit | Dren, Gunman Taco Truck",,False,False,15.83,"Music Kit | Dren, Gunman Taco Truck",28,
SCAR-20 | Poultrygeist,MINIMAL_WEAR,True,False,0.14,StatTrak™ SCAR-20 | Poultrygeist (Minimal Wear),28,
FAMAS | Rapid Eye Movement,WELL_WORN,False,False,5.14,FAMAS | Rapid Eye Movement (Well-Worn),27,
MAG-7 | Foresight,FACTORY_NEW,False,False,0.3,MAG-7 | Foresight (Factory New),27,
AK-47 | Crossfade,FACTORY_NEW,False,False,9.52,AK-47 | Crossfade (Factory New),27,
MP9 | Dart,FACTORY_NEW,True,False,2.22,StatTrak™ MP9 | Dart (Factory New),27,
P90 | Ancient Earth,MINIMAL_WEAR,False,False,1.41,P90 | Ancient Earth (Minimal Wear),27,
Sealed Graffiti | Little Bock (Jungle Green),,False,False,0.18,Sealed Graffiti | Little Bock (Jungle Green),27,
Ninjas in Pyjamas (Holo) | Cologne 2016,,False,False,13.9,Sticker | Ninjas in Pyjamas (Holo) | Cologne 2016,27,
AK-47 | Phantom Disruptor,MINIMAL_WEAR,False,False,9.6,AK-47 | Phantom Disruptor (Minimal Wear),27,
Shanghai 2024 Dust II Souvenir Package,,False,False,3.0,Shanghai 2024 Dust II Souvenir Package,27,
MAG-7 | Heaven Guard,FACTORY_NEW,False,False,0.66,MAG-7 | Heaven Guard (Factory New),27,
MP7 | Guerrilla,FIELD_TESTED,False,False,0.89,MP7 | Guerrilla (Field-Tested),27,
Sticker | SAW | Copenhagen 2024,,False,False,0.22,Sticker | SAW | Copenhagen 2024,27,
Sticker | w0nderful (Glitter) | Shanghai 2024,,False,False,0.12,Sticker | w0nderful (Glitter) | Shanghai 2024,27,
Patch | Metal Gold Nova,,False,False,1.12,Patch | Metal Gold Nova,27,
London 2018 Nuke Souvenir Package,,False,False,35.0,London 2018 Nuke Souvenir Package,27,
Desert Eagle | The Daily Deagle,FIELD_TESTED,False,False,0.16,Desert Eagle | The Daily Deagle (Field-Tested),27,
MP7 | Fade,FACTORY_NEW,False,False,19.84,MP7 | Fade (Factory New),27,
AWP | Atheris,WELL_WORN,False,False,2.97,AWP | Atheris (Well-Worn),27,
USP-S | Whiteout,FIELD_TESTED,False,False,45.9,USP-S | Whiteout (Field-Tested),27,
Sticker | Go Boom (Glitter),,False,False,0.24,Sticker | Go Boom (Glitter),27,
Galil AR | VariCamo,FACTORY_NEW,False,False,0.27,Galil AR | VariCamo (Factory New),27,
UMP-45 | Riot,FACTORY_NEW,True,False,0.99,StatTrak™ UMP-45 | Riot (Factory New),27,
Sticker | T Tracks (Glitter),,False,False,0.15,Sticker | T Tracks (Glitter),27,
MP9 | Hydra,BATTLE_SCARRED,False,False,4.0,MP9 | Hydra (Battle-Scarred),27,
Sticker | Vega Squadron | Krakow 2017,,False,False,1.65,Sticker | Vega Squadron | Krakow 2017,27,
P2000 | Wicked Sick,WELL_WORN,False,False,2.54,P2000 | Wicked Sick (Well-Worn),27,
FAMAS | Teardown,FACTORY_NEW,False,False,1.45,FAMAS | Teardown (Factory New),27,
Sticker | brnz4n (Foil) | Austin 2025,,False,False,0.14,Sticker | brnz4n (Foil) | Austin 2025,27,
Dual Berettas | Briar,FACTORY_NEW,False,False,7.78,Dual Berettas | Briar (Factory New),27,
Dual Berettas | Melondrama,BATTLE_SCARRED,False,False,4.6,Dual Berettas | Melondrama (Battle-Scarred),27,
M4A1-S | Flashback,WELL_WORN,False,False,2.9,M4A1-S | Flashback (Well-Worn),27,
MP9 | Modest Threat,FACTORY_NEW,False,False,0.97,MP9 | Modest Threat (Factory New),27,
Galil AR | Destroyer,MINIMAL_WEAR,True,False,0.17,StatTrak™ Galil AR | Destroyer (Minimal Wear),27,
Dual Berettas | Pyre,FIELD_TESTED,False,False,11.46,Dual Berettas | Pyre (Field-Tested),27,
Glock-18 | Umbral Rabbit,BATTLE_SCARRED,False,False,0.31,Glock-18 | Umbral Rabbit (Battle-Scarred),27,
SSG 08 | Parallax,FIELD_TESTED,True,False,4.03,StatTrak™ SSG 08 | Parallax (Field-Tested),27,
MAC-10 | Button Masher,WELL_WORN,False,False,0.28,MAC-10 | Button Masher (Well-Worn),27,
Sealed Graffiti | Choke (Desert Amber),,False,False,0.31,Sealed Graffiti | Choke (Desert Amber),27,
FAMAS | Rapid Eye Movement,MINIMAL_WEAR,False,False,6.3,FAMAS | Rapid Eye Movement (Minimal Wear),27,
Overpass Pin,,False,False,3.05,Overpass Pin,27,
P2000 | Wicked Sick,FIELD_TESTED,False,False,2.8,P2000 | Wicked Sick (Field-Tested),27,
SCAR-20 | Fragments,MINIMAL_WEAR,True,False,0.14,StatTrak™ SCAR-20 | Fragments (Minimal Wear),27,
'Medium Rare' Crasswater | Guerrilla Warfare,,False,False,26.17,'Medium Rare' Crasswater | Guerrilla Warfare,27,
R8 Revolver | Grip,FIELD_TESTED,True,False,0.14,StatTrak™ R8 Revolver | Grip (Field-Tested),27,
MP9 | Goo,FACTORY_NEW,True,False,4.69,StatTrak™ MP9 | Goo (Factory New),27,
MAG-7 | SWAG-7,MINIMAL_WEAR,False,False,0.76,MAG-7 | SWAG-7 (Minimal Wear),27,
Sir Bloody Loudmouth Darryl | The Professionals,,False,False,51.91,Sir Bloody Loudmouth Darryl | The Professionals,27,
Sticker | yuurih (Glitter) | Rio 2022,,False,False,0.11,Sticker | yuurih (Glitter) | Rio 2022,27,
SG 553 | Aloha,FACTORY_NEW,False,False,0.5,SG 553 | Aloha (Factory New),27,
Sticker | donk (Glitter) | Shanghai 2024,,False,False,0.7,Sticker | donk (Glitter) | Shanghai 2024,27,
Sticker | fer | Berlin 2019,,False,False,0.94,Sticker | fer | Berlin 2019,27,
AUG | Surveillance,BATTLE_SCARRED,False,False,1.37,AUG | Surveillance (Battle-Scarred),27,
P90 | Reef Grief,FIELD_TESTED,False,False,0.19,P90 | Reef Grief (Field-Tested),27,
Galil AR | Firefight,FACTORY_NEW,False,False,20.0,Galil AR | Firefight (Factory New),27,
MP9 | Ruby Poison Dart,FACTORY_NEW,True,False,6.38,StatTrak™ MP9 | Ruby Poison Dart (Factory New),27,
Dual Berettas | Balance,FIELD_TESTED,False,False,1.63,Dual Berettas | Balance (Field-Tested),27,
M4A4 | Evil Daimyo,MINIMAL_WEAR,False,False,4.75,M4A4 | Evil Daimyo (Minimal Wear),27,
Sealed Graffiti | Goofy (Shark White),,False,False,2.55,Sealed Graffiti | Goofy (Shark White),27,
USP-S | Bleeding Edge,FACTORY_NEW,False,False,7.23,USP-S | Bleeding Edge (Factory New),27,
Sticker | Vitality (Holo) | Katowice 2019,,False,False,3.73,Sticker | Vitality (Holo) | Katowice 2019,27,
USP-S | Black Lotus,FACTORY_NEW,False,False,43.13,USP-S | Black Lotus (Factory New),27,
M4A4 | Desolate Space,MINIMAL_WEAR,False,False,17.95,M4A4 | Desolate Space (Minimal Wear),27,
FAMAS | Neural Net,FIELD_TESTED,False,False,0.85,FAMAS | Neural Net (Field-Tested),27,
P250 | Wingshot,MINIMAL_WEAR,False,False,2.5,P250 | Wingshot (Minimal Wear),27,
Negev | dev_texture,MINIMAL_WEAR,False,False,0.54,Negev | dev_texture (Minimal Wear),27,
AK-47 | Searing Rage,FIELD_TESTED,True,False,6.5,StatTrak™ AK-47 | Searing Rage (Field-Tested),27,
AWP | Asiimov,WELL_WORN,False,False,78.32,AWP | Asiimov (Well-Worn),27,
AUG | Snake Pit,FACTORY_NEW,False,False,0.39,AUG | Snake Pit (Factory New),27,
"StatTrak™ Music Kit | The Verkkars, EZ4ENCE",,True,False,4.83,"StatTrak™ Music Kit | The Verkkars, EZ4ENCE",27,
Patch | Vitality | Stockholm 2021,,False,False,3.08,Patch | Vitality | Stockholm 2021,27,
AK-47 | Nouveau Rouge,FIELD_TESTED,False,False,8.27,AK-47 | Nouveau Rouge (Field-Tested),27,
MP9 | Hydra,WELL_WORN,False,False,4.29,MP9 | Hydra (Well-Worn),27,
SSG 08 | Big Iron,FIELD_TESTED,False,False,7.0,SSG 08 | Big Iron (Field-Tested),27,
MP9 | Hydra,FIELD_TESTED,False,False,17.0,MP9 | Hydra (Field-Tested),27,
P250 | X-Ray,MINIMAL_WEAR,True,False,1.38,StatTrak™ P250 | X-Ray (Minimal Wear),27,
Sealed Graffiti | Question Mark (Violent Violet),,False,False,0.16,Sealed Graffiti | Question Mark (Violent Violet),27,
M4A4 | Sheet Lightning,FIELD_TESTED,False,False,1.2,M4A4 | Sheet Lightning (Field-Tested),27,
Sticker | ZywOo (Foil) | Austin 2025,,False,False,0.16,Sticker | ZywOo (Foil) | Austin 2025,27,
AK-47 | The Empress,FIELD_TESTED,False,False,83.67,AK-47 | The Empress (Field-Tested),27,
Sealed Graffiti | Fart (Wire Blue),,False,False,0.61,Sealed Graffiti | Fart (Wire Blue),27,
Sticker | shalfey (Holo) | Paris 2023,,False,False,0.33,Sticker | shalfey (Holo) | Paris 2023,27,
Sticker | Avangar | Boston 2018,,False,False,3.86,Sticker | Avangar | Boston 2018,27,
Dual Berettas | Sweet Little Angels,FIELD_TESTED,False,False,1.84,Dual Berettas | Sweet Little Angels (Field-Tested),27,
Nova | Rising Sun,FIELD_TESTED,True,False,0.61,StatTrak™ Nova | Rising Sun (Field-Tested),27,
Sticker | Hello SG 553,,False,False,0.53,Sticker | Hello SG 553,27,
Nova | Army Sheen,MINIMAL_WEAR,False,True,0.16,Souvenir Nova | Army Sheen (Minimal Wear),27,
"StatTrak™ Music Kit | Tim Huling, Neo Noir",,True,False,0.99,"StatTrak™ Music Kit | Tim Huling, Neo Noir",27,
MAC-10 | Snow Splash,FACTORY_NEW,False,False,0.2,MAC-10 | Snow Splash (Factory New),27,
Tec-9 | Blue Blast,FACTORY_NEW,False,False,0.17,Tec-9 | Blue Blast (Factory New),27,
Sticker | buster (Glitter) | Antwerp 2022,,False,False,0.11,Sticker | buster (Glitter) | Antwerp 2022,26,
UMP-45 | Grand Prix,FIELD_TESTED,False,False,0.95,UMP-45 | Grand Prix (Field-Tested),26,
Sealed Graffiti | Little Bock (War Pig Pink),,False,False,0.3,Sealed Graffiti | Little Bock (War Pig Pink),26,
Sticker | mynio (Holo) | Paris 2023,,False,False,0.38,Sticker | mynio (Holo) | Paris 2023,26,
Glock-18 | Grinder,MINIMAL_WEAR,False,False,2.74,Glock-18 | Grinder (Minimal Wear),26,
XM1014 | Monster Melt,FACTORY_NEW,False,False,14.88,XM1014 | Monster Melt (Factory New),26,
Sticker | FlyQuest (Foil) | Austin 2025,,False,False,0.25,Sticker | FlyQuest (Foil) | Austin 2025,26,
MAC-10 | Indigo,FIELD_TESTED,False,False,1.8,MAC-10 | Indigo (Field-Tested),26,
Zeus x27 | Dragon Snore,FIELD_TESTED,False,False,12.0,Zeus x27 | Dragon Snore (Field-Tested),26,
Copenhagen 2024 Ancient Souvenir Package,,False,False,3.59,Copenhagen 2024 Ancient Souvenir Package,26,
P2000 | Grassland,FIELD_TESTED,False,False,1.26,P2000 | Grassland (Field-Tested),26,
MP5-SD | Desert Strike,MINIMAL_WEAR,False,False,0.2,MP5-SD | Desert Strike (Minimal Wear),26,
Sticker | oBo | Berlin 2019,,False,False,0.56,Sticker | oBo | Berlin 2019,26,
M4A1-S | Electrum,FACTORY_NEW,False,False,7.5,M4A1-S | Electrum (Factory New),26,
"StatTrak™ Music Kit | Neck Deep, Life's Not Out To Get You",,True,False,12.67,"StatTrak™ Music Kit | Neck Deep, Life's Not Out To Get You",26,
SG 553 | Darkwing,WELL_WORN,False,False,0.41,SG 553 | Darkwing (Well-Worn),26,
MAC-10 | Calf Skin,FACTORY_NEW,False,False,0.87,MAC-10 | Calf Skin (Factory New),26,
Sticker | Evil Geniuses (Holo) | Rio 2022,,False,False,3.0,Sticker | Evil Geniuses (Holo) | Rio 2022,26,
Glove Case Key,,False,False,18.98,Glove Case Key,26,
Sticker | Ocean Sunset Stabbyfish,,False,False,0.39,Sticker | Ocean Sunset Stabbyfish,26,
Sawed-Off | Wasteland Princess,FIELD_TESTED,False,False,25.95,Sawed-Off | Wasteland Princess (Field-Tested),26,
CS:GO Patch Pack,,False,False,1.58,CS:GO Patch Pack,26,
Patch | Vigilance,,False,False,0.48,Patch | Vigilance,26,
Negev | Power Loader,FIELD_TESTED,False,False,1.2,Negev | Power Loader (Field-Tested),26,
Sealed Graffiti | BOOM (Shark White),,False,False,0.15,Sealed Graffiti | BOOM (Shark White),26,
SSG 08 | Dragonfire,FIELD_TESTED,False,False,234.99,SSG 08 | Dragonfire (Field-Tested),26,
Copenhagen 2024 Anubis Souvenir Package,,False,False,3.86,Copenhagen 2024 Anubis Souvenir Package,26,
G3SG1 | The Executioner,FIELD_TESTED,False,False,7.45,G3SG1 | The Executioner (Field-Tested),26,
AWP | Capillary,MINIMAL_WEAR,True,False,2.11,StatTrak™ AWP | Capillary (Minimal Wear),26,
Sawed-Off | Apocalypto,FIELD_TESTED,True,False,0.82,StatTrak™ Sawed-Off | Apocalypto (Field-Tested),26,
Five-SeveN | Scumbria,FIELD_TESTED,True,False,0.22,StatTrak™ Five-SeveN | Scumbria (Field-Tested),26,
G3SG1 | Ancient Ritual,MINIMAL_WEAR,False,False,2.09,G3SG1 | Ancient Ritual (Minimal Wear),26,
Sticker | FlyQuest (Embroidered) | Budapest 2025,,False,False,0.11,Sticker | FlyQuest (Embroidered) | Budapest 2025,26,
Sticker Slab | Pandamonium,,False,False,2.5,Sticker Slab | Pandamonium,26,
Sticker | ESPADA (Gold) | 2020 RMR,,False,False,1.37,Sticker | ESPADA (Gold) | 2020 RMR,26,
USP-S | Night Ops,FACTORY_NEW,False,False,4.82,USP-S | Night Ops (Factory New),26,
M4A4 | Tooth Fairy,FACTORY_NEW,False,False,17.46,M4A4 | Tooth Fairy (Factory New),26,
Five-SeveN | Flame Test,FACTORY_NEW,True,False,1.1,StatTrak™ Five-SeveN | Flame Test (Factory New),26,
M4A1-S | Night Terror,MINIMAL_WEAR,True,False,1.71,StatTrak™ M4A1-S | Night Terror (Minimal Wear),26,
Sticker | Grayhound Gaming (Holo) | Katowice 2019,,False,False,4.07,Sticker | Grayhound Gaming (Holo) | Katowice 2019,26,
Sticker | Hello AWP (Gold),,False,False,4.1,Sticker | Hello AWP (Gold),26,
MAC-10 | Oceanic,FIELD_TESTED,True,False,0.17,StatTrak™ MAC-10 | Oceanic (Field-Tested),26,
Little Kev | The Professionals,,False,False,27.78,Little Kev | The Professionals,26,
Community Capsule 2018,,False,False,1.15,Community Capsule 2018,26,
M4A4 | Converter,MINIMAL_WEAR,False,False,1.01,M4A4 | Converter (Minimal Wear),26,
Sticker | Fast Banana,,False,False,1.43,Sticker | Fast Banana,26,
Sticker | luken (Glitter) | Antwerp 2022,,False,False,0.21,Sticker | luken (Glitter) | Antwerp 2022,26,
XM1014 | Black Tie,MINIMAL_WEAR,False,False,1.73,XM1014 | Black Tie (Minimal Wear),26,
Sticker | Ninjas in Pyjamas (Holo) | Katowice 2019,,False,False,7.78,Sticker | Ninjas in Pyjamas (Holo) | Katowice 2019,26,
Sticker | ECSTATIC (Glitter) | Copenhagen 2024,,False,False,0.25,Sticker | ECSTATIC (Glitter) | Copenhagen 2024,26,
keshandr | Boston 2018,,False,False,4.16,Sticker | keshandr | Boston 2018,26,
AK-47 | Nightwish,FIELD_TESTED,False,False,57.0,AK-47 | Nightwish (Field-Tested),26,
Sticker | s1mple (Foil) | Berlin 2019,,False,False,4.75,Sticker | s1mple (Foil) | Berlin 2019,26,
USP-S | Lead Conduit,BATTLE_SCARRED,False,False,0.55,USP-S | Lead Conduit (Battle-Scarred),26,
Aspirant | Gendarmerie Nationale,,False,False,17.32,Aspirant | Gendarmerie Nationale,26,
Ivette,,False,False,0.35,Sticker | Ivette,26,
Negev | Terrain,FIELD_TESTED,False,False,0.42,Negev | Terrain (Field-Tested),26,
M4A4 | Spider Lily,FIELD_TESTED,False,False,7.68,M4A4 | Spider Lily (Field-Tested),26,
MAC-10 | Whitefish,FIELD_TESTED,False,False,0.31,MAC-10 | Whitefish (Field-Tested),26,
P250 | See Ya Later,MINIMAL_WEAR,False,False,88.0,P250 | See Ya Later (Minimal Wear),26,
Sticker | Gambit | Krakow 2017,,False,False,1.03,Sticker | Gambit | Krakow 2017,26,
Sticker | MIBR (Glitter) | Shanghai 2024,,False,False,0.2,Sticker | MIBR (Glitter) | Shanghai 2024,26,
Negev | Bratatat,MINIMAL_WEAR,True,False,4.37,StatTrak™ Negev | Bratatat (Minimal Wear),26,
Patch | Metal Master Guardian,,False,False,2.14,Patch | Metal Master Guardian,26,
Sticker | compLexity Gaming (Holo) | Katowice 2019,,False,False,5.55,Sticker | compLexity Gaming (Holo) | Katowice 2019,26,
M4A1-S | Icarus Fell,FACTORY_NEW,False,False,469.0,M4A1-S | Icarus Fell (Factory New),26,
AUG | Trigger Discipline,FIELD_TESTED,False,False,0.11,AUG | Trigger Discipline (Field-Tested),26,
AK-47 | The Outsiders,FIELD_TESTED,False,False,6.21,AK-47 | The Outsiders (Field-Tested),26,
Five-SeveN | Orange Peel,MINIMAL_WEAR,False,False,0.15,Five-SeveN | Orange Peel (Minimal Wear),26,
Sticker | Aleksib (Foil) | Berlin 2019,,False,False,0.5,Sticker | Aleksib (Foil) | Berlin 2019,26,
UMP-45 | Momentum,MINIMAL_WEAR,False,False,3.96,UMP-45 | Momentum (Minimal Wear),26,
M249 | Downtown,MINIMAL_WEAR,False,False,0.49,M249 | Downtown (Minimal Wear),26,
mousesports | Cologne 2015,,False,False,6.3,Sticker | mousesports | Cologne 2015,26,
G3SG1 | Black Sand,FIELD_TESTED,False,False,0.88,G3SG1 | Black Sand (Field-Tested),26,
AUG | Navy Murano,MINIMAL_WEAR,False,False,4.19,AUG | Navy Murano (Minimal Wear),26,
Sticker | Eyes In The Sky (Foil),,False,False,1.43,Sticker | Eyes In The Sky (Foil),26,
Lucky 13 (Foil),,False,False,11.49,Sticker | Lucky 13 (Foil),26,
MAC-10 | Lapis Gator,FACTORY_NEW,True,False,3.56,StatTrak™ MAC-10 | Lapis Gator (Factory New),26,
AWP | Redline,MINIMAL_WEAR,False,False,70.69,AWP | Redline (Minimal Wear),25,
Desert Eagle | Sputnik,FACTORY_NEW,False,False,17.99,Desert Eagle | Sputnik (Factory New),25,
MP5-SD | Bamboo Garden,MINIMAL_WEAR,False,False,4.92,MP5-SD | Bamboo Garden (Minimal Wear),25,
MAG-7 | Monster Call,WELL_WORN,True,False,0.43,StatTrak™ MAG-7 | Monster Call (Well-Worn),25,
MAC-10 | Allure,BATTLE_SCARRED,False,False,0.28,MAC-10 | Allure (Battle-Scarred),25,
AK-47 | Elite Build,FIELD_TESTED,True,False,4.58,StatTrak™ AK-47 | Elite Build (Field-Tested),25,
CZ75-Auto | Tigris,WELL_WORN,False,False,1.52,CZ75-Auto | Tigris (Well-Worn),25,
Glock-18 | Sacrifice,FIELD_TESTED,False,False,0.3,Glock-18 | Sacrifice (Field-Tested),25,
Galil AR | Connexion,FACTORY_NEW,False,False,4.96,Galil AR | Connexion (Factory New),25,
Galil AR | Destroyer,FACTORY_NEW,False,False,0.55,Galil AR | Destroyer (Factory New),25,
AK-47 | Safety Net,FIELD_TESTED,False,False,3.39,AK-47 | Safety Net (Field-Tested),25,
MAC-10 | Surfwood,FIELD_TESTED,False,False,3.1,MAC-10 | Surfwood (Field-Tested),25,
MAG-7 | Storm,WELL_WORN,False,False,0.44,MAG-7 | Storm (Well-Worn),25,
Sticker | Baited (Holo),,False,False,1.91,Sticker | Baited (Holo),25,
CZ75-Auto | Emerald,FACTORY_NEW,False,False,35.0,CZ75-Auto | Emerald (Factory New),25,
M4A4 | Magnesium,FIELD_TESTED,True,False,1.33,StatTrak™ M4A4 | Magnesium (Field-Tested),25,
Sticker | MIBR (Foil) | Austin 2025,,False,False,0.14,Sticker | MIBR (Foil) | Austin 2025,25,
AK-47 | Elite Build,MINIMAL_WEAR,True,False,8.0,StatTrak™ AK-47 | Elite Build (Minimal Wear),25,
Sticker | NiKo | Berlin 2019,,False,False,1.15,Sticker | NiKo | Berlin 2019,25,
CZ75-Auto | Circaetus,WELL_WORN,False,False,0.18,CZ75-Auto | Circaetus (Well-Worn),25,
P250 | Valence,FACTORY_NEW,True,False,3.59,StatTrak™ P250 | Valence (Factory New),25,
Sealed Graffiti | BOOM (Brick Red),,False,False,0.16,Sealed Graffiti | BOOM (Brick Red),25,
SG 553 | Heavy Metal,WELL_WORN,True,False,0.24,StatTrak™ SG 553 | Heavy Metal (Well-Worn),25,
Sticker | Quantum Bellator Fire | Boston 2018,,False,False,1.24,Sticker | Quantum Bellator Fire | Boston 2018,25,
Desert Eagle | Blue Ply,MINIMAL_WEAR,True,False,1.6,StatTrak™ Desert Eagle | Blue Ply (Minimal Wear),25,
M4A4 | Turbine,MINIMAL_WEAR,False,False,3.42,M4A4 | Turbine (Minimal Wear),25,
Sealed Graffiti | Little Crown (Princess Pink),,False,False,0.17,Sealed Graffiti | Little Crown (Princess Pink),25,
Quantum Bellator Fire (Holo) | Boston 2018,,False,False,15.55,Sticker | Quantum Bellator Fire (Holo) | Boston 2018,25,
Desert Eagle | Corinthian,FIELD_TESTED,True,False,1.24,StatTrak™ Desert Eagle | Corinthian (Field-Tested),25,
Dual Berettas | Sweet Little Angels,FACTORY_NEW,False,False,9.02,Dual Berettas | Sweet Little Angels (Factory New),25,
USP-S | 27,FIELD_TESTED,False,False,0.19,USP-S | 27 (Field-Tested),25,
Sealed Graffiti | Fart (Violent Violet),,False,False,0.43,Sealed Graffiti | Fart (Violent Violet),25,
MP7 | Just Smile,FIELD_TESTED,True,False,0.74,StatTrak™ MP7 | Just Smile (Field-Tested),25,
StatTrak™ Glock-18 | Warhawk,FIELD_TESTED,True,False,0.45,StatTrak™ Glock-18 | Warhawk (Field-Tested),25,
Sticker | North | Krakow 2017,,False,False,1.32,Sticker | North | Krakow 2017,25,
Sticker | JDC (Holo) | Paris 2023,,False,False,3.77,Sticker | JDC (Holo) | Paris 2023,25,
MP9 | Nexus,MINIMAL_WEAR,False,False,0.14,MP9 | Nexus (Minimal Wear),25,
Dual Berettas | Stained,MINIMAL_WEAR,False,False,0.17,Dual Berettas | Stained (Minimal Wear),25,
UMP-45 | Oscillator,FACTORY_NEW,True,False,0.87,StatTrak™ UMP-45 | Oscillator (Factory New),25,
P90 | Neoqueen,BATTLE_SCARRED,False,False,0.28,P90 | Neoqueen (Battle-Scarred),25,
CZ75-Auto | Polymer,FACTORY_NEW,False,False,6.04,CZ75-Auto | Polymer (Factory New),25,
Galil AR | Stone Cold,FIELD_TESTED,False,False,2.15,Galil AR | Stone Cold (Field-Tested),25,
UMP-45 | K.O. Factory,WELL_WORN,False,False,3.47,UMP-45 | K.O. Factory (Well-Worn),25,
SG 553 | Lush Ruins,FIELD_TESTED,False,False,0.45,SG 553 | Lush Ruins (Field-Tested),25,
Dual Berettas | Elite 1.6,FACTORY_NEW,False,False,1.85,Dual Berettas | Elite 1.6 (Factory New),25,
Nova | Wurst Hölle,BATTLE_SCARRED,False,False,0.17,Nova | Wurst Hölle (Battle-Scarred),25,
Tec-9 | Avalanche,MINIMAL_WEAR,False,False,4.15,Tec-9 | Avalanche (Minimal Wear),25,
UMP-45 | Wild Child,BATTLE_SCARRED,False,False,2.41,UMP-45 | Wild Child (Battle-Scarred),25,
Sticker | Ninjas in Pyjamas (Holo) | Rio 2022,,False,False,2.6,Sticker | Ninjas in Pyjamas (Holo) | Rio 2022,25,
P250 | Cyber Shell,MINIMAL_WEAR,False,False,0.76,P250 | Cyber Shell (Minimal Wear),25,
Sealed Graffiti | Kiss (Frog Green),,False,False,0.84,Sealed Graffiti | Kiss (Frog Green),25,
AK-47 | Baroque Purple,MINIMAL_WEAR,False,False,9.5,AK-47 | Baroque Purple (Minimal Wear),25,
Sticker | bLitz (Glitter) | Antwerp 2022,,False,False,0.2,Sticker | bLitz (Glitter) | Antwerp 2022,25,
R8 Revolver | Tango,FIELD_TESTED,False,False,0.18,R8 Revolver | Tango (Field-Tested),25,
SG 553 | Candy Apple,FACTORY_NEW,False,False,11.19,SG 553 | Candy Apple (Factory New),25,
P2000 | Imperial,FACTORY_NEW,False,False,2.23,P2000 | Imperial (Factory New),25,
Sticker | tabseN (Gold) | Antwerp 2022,,False,False,8.45,Sticker | tabseN (Gold) | Antwerp 2022,25,
P2000 | Panther Camo,MINIMAL_WEAR,False,False,1.88,P2000 | Panther Camo (Minimal Wear),25,
Glock-18 | Wraiths,FIELD_TESTED,True,False,1.1,StatTrak™ Glock-18 | Wraiths (Field-Tested),25,
Sticker | forZe eSports (Holo) | Paris 2023,,False,False,0.49,Sticker | forZe eSports (Holo) | Paris 2023,25,
MAC-10 | Acid Hex,FACTORY_NEW,False,False,0.22,MAC-10 | Acid Hex (Factory New),25,
AK-47 | Legion of Anubis,FACTORY_NEW,False,False,48.89,AK-47 | Legion of Anubis (Factory New),25,
Patch | Koi,,False,False,1.74,Patch | Koi,25,
M4A4 | Evil Daimyo,FACTORY_NEW,False,False,10.35,M4A4 | Evil Daimyo (Factory New),25,
AUG | Triqua,FACTORY_NEW,True,False,2.24,StatTrak™ AUG | Triqua (Factory New),25,
Sawed-Off | Wasteland Princess,MINIMAL_WEAR,False,False,36.0,Sawed-Off | Wasteland Princess (Minimal Wear),25,
Sticker | SicK | Berlin 2019,,False,False,0.23,Sticker | SicK | Berlin 2019,25,
"StatTrak™ Music Kit | Twin Atlantic, GLA",,True,False,0.78,"StatTrak™ Music Kit | Twin Atlantic, GLA",25,
AUG | Stymphalian,MINIMAL_WEAR,False,False,3.8,AUG | Stymphalian (Minimal Wear),25,
Sticker | REZ | Stockholm 2021,,False,False,0.15,Sticker | REZ | Stockholm 2021,25,
SSG 08 | Ghost Crusader,FIELD_TESTED,False,False,0.92,SSG 08 | Ghost Crusader (Field-Tested),25,
Vypa Sista of the Revolution | Guerrilla Warfare,,False,False,44.87,Vypa Sista of the Revolution | Guerrilla Warfare,25,
Hydra Pin,,False,False,4.48,Hydra Pin,25,
Dual Berettas | Moon in Libra,FIELD_TESTED,False,False,4.0,Dual Berettas | Moon in Libra (Field-Tested),25,
Sticker | ropz | Antwerp 2022,,False,False,0.14,Sticker | ropz | Antwerp 2022,25,
SG 553 | Bleached,FACTORY_NEW,False,True,0.24,Souvenir SG 553 | Bleached (Factory New),25,
Patch | Giant Squid,,False,False,3.02,Patch | Giant Squid,25,
Sticker | Fnatic (Holo) | Katowice 2019,,False,False,4.48,Sticker | Fnatic (Holo) | Katowice 2019,25,
Baggage Pin,,False,False,2.19,Baggage Pin,25,
UMP-45 | Late Night Transit,FIELD_TESTED,False,False,0.34,UMP-45 | Late Night Transit (Field-Tested),25,
M249 | Emerald Poison Dart,MINIMAL_WEAR,False,False,1.16,M249 | Emerald Poison Dart (Minimal Wear),25,
Tec-9 | Fuel Injector,WELL_WORN,False,False,8.99,Tec-9 | Fuel Injector (Well-Worn),25,
Five-SeveN | Flame Test,FACTORY_NEW,False,False,1.25,Five-SeveN | Flame Test (Factory New),25,
Sealed Graffiti | Fart (Cash Green),,False,False,0.39,Sealed Graffiti | Fart (Cash Green),25,
Sealed Graffiti | Hop (Violent Violet),,False,False,0.44,Sealed Graffiti | Hop (Violent Violet),25,
P2000 | Royal Baroque,FIELD_TESTED,False,False,0.15,P2000 | Royal Baroque (Field-Tested),25,
Sticker | Team Spirit (Holo) | Austin 2025,,False,False,4.26,Sticker | Team Spirit (Holo) | Austin 2025,25,
G3SG1 | Scavenger,MINIMAL_WEAR,False,False,0.68,G3SG1 | Scavenger (Minimal Wear),25,
M4A4 | Urban DDPAT,BATTLE_SCARRED,False,False,0.11,M4A4 | Urban DDPAT (Battle-Scarred),25,
P2000 | Royal Baroque,MINIMAL_WEAR,False,False,0.46,P2000 | Royal Baroque (Minimal Wear),25,
MAG-7 | Heaven Guard,FIELD_TESTED,False,False,0.46,MAG-7 | Heaven Guard (Field-Tested),25,
MP7 | Urban Hazard,MINIMAL_WEAR,True,False,0.65,StatTrak™ MP7 | Urban Hazard (Minimal Wear),25,
P250 | Iron Clad,FIELD_TESTED,True,False,0.26,StatTrak™ P250 | Iron Clad (Field-Tested),25,
Sticker | IEM (Holo) | Katowice 2019,,False,False,3.75,Sticker | IEM (Holo) | Katowice 2019,25,
Tec-9 | Ice Cap,FACTORY_NEW,False,False,2.26,Tec-9 | Ice Cap (Factory New),25,
Sticker | olofmeister (Foil) | Berlin 2019,,False,False,1.23,Sticker | olofmeister (Foil) | Berlin 2019,25,
MAG-7 | Insomnia,MINIMAL_WEAR,True,False,0.17,StatTrak™ MAG-7 | Insomnia (Minimal Wear),25,
Dragomir | Sabre Footsoldier,,False,False,8.02,Dragomir | Sabre Footsoldier,25,
Elite Trapper Solman | Guerrilla Warfare,,False,False,30.39,Elite Trapper Solman | Guerrilla Warfare,25,
Sticker | Movistar Riders (Foil) | Stockholm 2021,,False,False,3.56,Sticker | Movistar Riders (Foil) | Stockholm 2021,25,
Nova | Rising Sun,MINIMAL_WEAR,False,False,0.81,Nova | Rising Sun (Minimal Wear),25,
AWP | Phobos,FACTORY_NEW,False,False,11.33,AWP | Phobos (Factory New),25,
Patch | Metal Gold Nova Master,,False,False,1.75,Patch | Metal Gold Nova Master,25,
Glock-18 | Green Line,FIELD_TESTED,False,False,0.32,Glock-18 | Green Line (Field-Tested),25,
UMP-45 | Motorized,MINIMAL_WEAR,True,False,0.18,StatTrak™ UMP-45 | Motorized (Minimal Wear),25,
Sawed-Off | Serenity,FACTORY_NEW,False,False,4.71,Sawed-Off | Serenity (Factory New),25,
MP7 | Armor Core,FACTORY_NEW,False,False,2.17,MP7 | Armor Core (Factory New),25,
Phoenix Reborn,,False,False,0.21,Sticker | Phoenix Reborn,25,
Dual Berettas | Dualing Dragons,WELL_WORN,False,False,0.24,Dual Berettas | Dualing Dragons (Well-Worn),25,
SCAR-20 | Magna Carta,FACTORY_NEW,False,False,24.59,SCAR-20 | Magna Carta (Factory New),24,
MP7 | Vault Heist,FIELD_TESTED,False,False,3.7,MP7 | Vault Heist (Field-Tested),24,
"Sticker | chopper (Holo, Champion) | Shanghai 2024",,False,False,0.2,"Sticker | chopper (Holo, Champion) | Shanghai 2024",24,
Glock-18 | Snack Attack,FIELD_TESTED,False,False,13.5,Glock-18 | Snack Attack (Field-Tested),24,
Headshot Guarantee,,False,False,0.65,Sticker | Headshot Guarantee,24,
MP7 | Abyssal Apparition,MINIMAL_WEAR,False,False,6.31,MP7 | Abyssal Apparition (Minimal Wear),24,
Patch | Metal Legendary Eagle,,False,False,1.16,Patch | Metal Legendary Eagle,24,
Sticker | Gold Teef (Foil),,False,False,1.38,Sticker | Gold Teef (Foil),24,
Sticker | Ace Clutch Co. (Holo),,False,False,0.53,Sticker | Ace Clutch Co. (Holo),24,
Sticker | xertioN (Holo) | Copenhagen 2024,,False,False,0.56,Sticker | xertioN (Holo) | Copenhagen 2024,24,
Trick Or Treat,,False,False,0.58,Sticker | Trick Or Treat,24,
StatTrak™ Tec-9 | Snek-9,WELL_WORN,False,False,0.23,Tec-9 | Snek-9 (Well-Worn),24,
P250 | Mint Kimono,FIELD_TESTED,False,False,9.25,P250 | Mint Kimono (Field-Tested),24,
Sticker | Assassin (Holo),,False,False,1.8,Sticker | Assassin (Holo),24,
R8 Revolver | Banana Cannon,FIELD_TESTED,True,False,0.37,StatTrak™ R8 Revolver | Banana Cannon (Field-Tested),24,
Sticker | Dragon's Keep,,False,False,0.19,Sticker | Dragon's Keep,24,
Dual Berettas | Polished Malachite,MINIMAL_WEAR,False,False,0.15,Dual Berettas | Polished Malachite (Minimal Wear),24,
Desert Eagle | Blue Ply,FACTORY_NEW,False,False,6.95,Desert Eagle | Blue Ply (Factory New),24,
P250 | Inferno,FIELD_TESTED,False,False,0.5,P250 | Inferno (Field-Tested),24,
Desert Eagle | Serpent Strike,MINIMAL_WEAR,True,False,1.57,StatTrak™ Desert Eagle | Serpent Strike (Minimal Wear),24,
UMP-45 | Indigo,MINIMAL_WEAR,False,False,2.75,UMP-45 | Indigo (Minimal Wear),24,
SSG 08 | Abyss,MINIMAL_WEAR,True,False,2.49,StatTrak™ SSG 08 | Abyss (Minimal Wear),24,
Maikelele | Cologne 2015,,False,False,2.04,Sticker | Maikelele | Cologne 2015,24,
SSG 08 | Zeno,FACTORY_NEW,False,False,2.03,SSG 08 | Zeno (Factory New),24,
MP9 | Goo,MINIMAL_WEAR,True,False,1.7,StatTrak™ MP9 | Goo (Minimal Wear),24,
Dual Berettas | Melondrama,MINIMAL_WEAR,False,False,6.2,Dual Berettas | Melondrama (Minimal Wear),24,
M4A1-S | Party Animal,FIELD_TESTED,False,False,7.51,M4A1-S | Party Animal (Field-Tested),24,
Lieutenant 'Tree Hugger' Farlow | SWAT,,False,False,16.42,Lieutenant 'Tree Hugger' Farlow | SWAT,24,
Sealed Graffiti | Kiss (Battle Green),,False,False,0.41,Sealed Graffiti | Kiss (Battle Green),24,
MP7 | Just Smile,MINIMAL_WEAR,False,False,0.77,MP7 | Just Smile (Minimal Wear),24,
Glock-18 | Sacrifice,MINIMAL_WEAR,False,False,0.45,Glock-18 | Sacrifice (Minimal Wear),24,
Dual Berettas | Panther,FACTORY_NEW,False,False,9.63,Dual Berettas | Panther (Factory New),24,
Half-Life: Alyx Patch Pack,,False,False,1.55,Half-Life: Alyx Patch Pack,24,
AUG | Carved Jade,FACTORY_NEW,False,False,32.58,AUG | Carved Jade (Factory New),24,
Galil AR | Vandal,FIELD_TESTED,False,False,0.65,Galil AR | Vandal (Field-Tested),24,
SSG 08 | Abyss,WELL_WORN,False,False,0.28,SSG 08 | Abyss (Well-Worn),24,
MAC-10 | Heat,FACTORY_NEW,False,False,13.51,MAC-10 | Heat (Factory New),24,
Glock-18 | Coral Bloom,MINIMAL_WEAR,False,False,0.59,Glock-18 | Coral Bloom (Minimal Wear),24,
CZ75-Auto | Distressed,MINIMAL_WEAR,False,False,0.25,CZ75-Auto | Distressed (Minimal Wear),24,
P250 | Wingshot,FACTORY_NEW,False,False,19.95,P250 | Wingshot (Factory New),24,
Officer Jacques Beltram | Gendarmerie Nationale,,False,False,16.2,Officer Jacques Beltram | Gendarmerie Nationale,24,
Sticker | Outsiders (Glitter) | Rio 2022,,False,False,0.19,Sticker | Outsiders (Glitter) | Rio 2022,24,
MAC-10 | Neon Rider,FIELD_TESTED,False,False,94.53,MAC-10 | Neon Rider (Field-Tested),24,
Sticker | Astralis | London 2018,,False,False,0.93,Sticker | Astralis | London 2018,24,
Chef d'Escadron Rouchard | Gendarmerie Nationale,,False,False,22.2,Chef d'Escadron Rouchard | Gendarmerie Nationale,24,
Inferno Pin,,False,False,5.09,Inferno Pin,24,
Italy Pin,,False,False,3.42,Italy Pin,24,
Victory Pin,,False,False,4.06,Victory Pin,24,
Sealed Graffiti | Goofy (Brick Red),,False,False,0.24,Sealed Graffiti | Goofy (Brick Red),24,
"Sticker | Spinx (Holo, Champion) | Paris 2023",,False,False,0.29,"Sticker | Spinx (Holo, Champion) | Paris 2023",24,
Sealed Graffiti | Kiss (Jungle Green),,False,False,0.32,Sealed Graffiti | Kiss (Jungle Green),24,
Sticker | Astralis | Krakow 2017,,False,False,1.57,Sticker | Astralis | Krakow 2017,24,
M4A4 | Neo-Noir,MINIMAL_WEAR,False,False,47.3,M4A4 | Neo-Noir (Minimal Wear),24,
M249 | Aztec,FIELD_TESTED,False,False,0.38,M249 | Aztec (Field-Tested),24,
MAC-10 | Sakkaku,FIELD_TESTED,False,False,0.63,MAC-10 | Sakkaku (Field-Tested),24,
M4A4 | Etch Lord,BATTLE_SCARRED,False,False,0.29,M4A4 | Etch Lord (Battle-Scarred),24,
USP-S | Night Ops,MINIMAL_WEAR,False,False,0.29,USP-S | Night Ops (Minimal Wear),24,
R8 Revolver | Canal Spray,FIELD_TESTED,False,False,2.09,R8 Revolver | Canal Spray (Field-Tested),24,
USP-S | Whiteout,MINIMAL_WEAR,False,False,100.0,USP-S | Whiteout (Minimal Wear),24,
Boston 2018 Attending Legends (Holo/Foil),,False,False,26.11,Boston 2018 Attending Legends (Holo-Foil),24,
SSG 08 | Blush Pour,FIELD_TESTED,False,False,0.14,SSG 08 | Blush Pour (Field-Tested),24,
Nova | Caged Steel,FIELD_TESTED,False,False,0.11,Nova | Caged Steel (Field-Tested),24,
Sawed-Off | Apocalypto,WELL_WORN,False,False,0.45,Sawed-Off | Apocalypto (Well-Worn),24,
Sticker | Infinite Triangle (Holo),,False,False,3.0,Sticker | Infinite Triangle (Holo),24,
Sticker | Cloud9 (Holo) | Copenhagen 2024,,False,False,7.3,Sticker | Cloud9 (Holo) | Copenhagen 2024,24,
AWP | Worm God,FACTORY_NEW,True,False,12.09,StatTrak™ AWP | Worm God (Factory New),24,
Sticker | hallzerk (Holo) | Paris 2023,,False,False,0.3,Sticker | hallzerk (Holo) | Paris 2023,24,
Sealed Graffiti | Shining Star (Princess Pink),,False,False,0.56,Sealed Graffiti | Shining Star (Princess Pink),24,
MAC-10 | Pipe Down,BATTLE_SCARRED,False,False,0.41,MAC-10 | Pipe Down (Battle-Scarred),24,
M4A4 | Sheet Lightning,FACTORY_NEW,False,False,9.2,M4A4 | Sheet Lightning (Factory New),24,
Negev | Man-o'-war,MINIMAL_WEAR,False,False,0.24,Negev | Man-o'-war (Minimal Wear),24,
Negev | Lionfish,MINIMAL_WEAR,False,False,0.58,Negev | Lionfish (Minimal Wear),24,
R8 Revolver | Amber Fade,MINIMAL_WEAR,False,False,1.85,R8 Revolver | Amber Fade (Minimal Wear),24,
Sticker | G2 Esports (Holo) | Katowice 2019,,False,False,9.99,Sticker | G2 Esports (Holo) | Katowice 2019,24,
Sticker | Cloud9 | Katowice 2019,,False,False,2.18,Sticker | Cloud9 | Katowice 2019,24,
Glock-18 | Umbral Rabbit,MINIMAL_WEAR,True,False,1.4,StatTrak™ Glock-18 | Umbral Rabbit (Minimal Wear),24,
Inferno 2 Pin,,False,False,3.74,Inferno 2 Pin,24,
Glock-18 | Umbral Rabbit,FIELD_TESTED,True,False,0.84,StatTrak™ Glock-18 | Umbral Rabbit (Field-Tested),24,
London 2018 Minor Challengers (Holo/Foil),,False,False,16.94,London 2018 Minor Challengers (Holo-Foil),24,
P90 | Freight,FACTORY_NEW,True,False,0.74,StatTrak™ P90 | Freight (Factory New),24,
UMP-45 | Riot,FACTORY_NEW,False,False,1.26,UMP-45 | Riot (Factory New),24,
Sticker | Summer | Shanghai 2024,,False,False,0.44,Sticker | Summer | Shanghai 2024,24,
StatTrak™ CZ75-Auto | Eco,WELL_WORN,False,False,0.67,CZ75-Auto | Eco (Well-Worn),24,
Sealed Graffiti | Little Bock (Battle Green),,False,False,0.27,Sealed Graffiti | Little Bock (Battle Green),24,
M4A4 | Converter,FIELD_TESTED,False,False,0.71,M4A4 | Converter (Field-Tested),24,
Glock-18 | Water Elemental,MINIMAL_WEAR,False,False,17.1,Glock-18 | Water Elemental (Minimal Wear),24,
M4A4 | Etch Lord,WELL_WORN,True,False,0.68,StatTrak™ M4A4 | Etch Lord (Well-Worn),24,
P250 | Steel Disruption,FACTORY_NEW,True,False,7.65,StatTrak™ P250 | Steel Disruption (Factory New),24,
Sticker | FURIA (Holo) | Katowice 2019,,False,False,14.0,Sticker | FURIA (Holo) | Katowice 2019,24,
Glock-18 | Oxide Blaze,BATTLE_SCARRED,False,False,0.15,Glock-18 | Oxide Blaze (Battle-Scarred),24,
Team EnVyUs (Holo) | MLG Columbus 2016,,False,False,21.99,Sticker | Team EnVyUs (Holo) | MLG Columbus 2016,24,
Nova | Exo,FIELD_TESTED,False,False,0.28,Nova | Exo (Field-Tested),24,
USP-S | 27,BATTLE_SCARRED,False,False,0.15,USP-S | 27 (Battle-Scarred),24,
P250 | Franklin,FIELD_TESTED,False,False,1.25,P250 | Franklin (Field-Tested),24,
Sealed Graffiti | Question Mark (Tiger Orange),,False,False,0.15,Sealed Graffiti | Question Mark (Tiger Orange),24,
CZ75-Auto | Twist,FIELD_TESTED,False,False,0.9,CZ75-Auto | Twist (Field-Tested),24,
MP7 | Bloodsport,FIELD_TESTED,True,False,25.99,StatTrak™ MP7 | Bloodsport (Field-Tested),24,
Sticker | Natus Vincere (Glitter) | Antwerp 2022,,False,False,0.3,Sticker | Natus Vincere (Glitter) | Antwerp 2022,24,
Nova | Dark Sigil,FACTORY_NEW,False,False,0.31,Nova | Dark Sigil (Factory New),24,
Nova | Antique,FACTORY_NEW,False,False,9.74,Nova | Antique (Factory New),24,
AWP | Atheris,BATTLE_SCARRED,False,False,2.78,AWP | Atheris (Battle-Scarred),24,
CZ75-Auto | Tigris,FIELD_TESTED,False,False,1.72,CZ75-Auto | Tigris (Field-Tested),24,
P2000 | Urban Hazard,FIELD_TESTED,True,False,0.12,StatTrak™ P2000 | Urban Hazard (Field-Tested),24,
Tec-9 | Brother,BATTLE_SCARRED,True,False,0.39,StatTrak™ Tec-9 | Brother (Battle-Scarred),23,
City 17 Pin,,False,False,3.11,City 17 Pin,23,
USP-S | Cortex,FACTORY_NEW,False,False,38.98,USP-S | Cortex (Factory New),23,
P250 | See Ya Later,FIELD_TESTED,False,False,88.0,P250 | See Ya Later (Field-Tested),23,
AWP | Phobos,FACTORY_NEW,True,False,7.82,StatTrak™ AWP | Phobos (Factory New),23,
MAC-10 | Saibā Oni,FIELD_TESTED,False,False,0.91,MAC-10 | Saibā Oni (Field-Tested),23,
MP9 | Sand Scale,FIELD_TESTED,False,False,0.58,MP9 | Sand Scale (Field-Tested),23,
Sticker | Fnatic (Gold) | Paris 2023,,False,False,1.8,Sticker | Fnatic (Gold) | Paris 2023,23,
Sticker | Fluxo (Gold) | Paris 2023,,False,False,2.29,Sticker | Fluxo (Gold) | Paris 2023,23,
Sealed Graffiti | Dizzy (Blood Red),,False,False,0.22,Sealed Graffiti | Dizzy (Blood Red),23,
StatTrak™ AUG | Amber Slipstream,FACTORY_NEW,True,False,1.1,StatTrak™ AUG | Amber Slipstream (Factory New),23,
Tec-9 | Brother,WELL_WORN,True,False,0.4,StatTrak™ Tec-9 | Brother (Well-Worn),23,
P90 | Teardown,FACTORY_NEW,False,False,0.78,P90 | Teardown (Factory New),23,
Sticker | Team Liquid (Holo) | Berlin 2019,,False,False,0.88,Sticker | Team Liquid (Holo) | Berlin 2019,23,
P250 | Exchanger,FIELD_TESTED,False,False,0.16,P250 | Exchanger (Field-Tested),23,
Galil AR | Firefight,FIELD_TESTED,False,False,0.97,Galil AR | Firefight (Field-Tested),23,
Tec-9 | Cracked Opal,FIELD_TESTED,True,False,0.23,StatTrak™ Tec-9 | Cracked Opal (Field-Tested),23,
M249 | Spectrogram,BATTLE_SCARRED,False,False,0.47,M249 | Spectrogram (Battle-Scarred),23,
AUG | Aristocrat,FIELD_TESTED,False,False,0.97,AUG | Aristocrat (Field-Tested),23,
PP-Bizon | Osiris,FACTORY_NEW,True,False,3.87,StatTrak™ PP-Bizon | Osiris (Factory New),23,
M249 | Nebula Crusader,MINIMAL_WEAR,False,False,2.1,M249 | Nebula Crusader (Minimal Wear),23,
Glock-18 | Dragon Tattoo,FACTORY_NEW,False,False,100.0,Glock-18 | Dragon Tattoo (Factory New),23,
Nova | Walnut,FIELD_TESTED,False,False,1.94,Nova | Walnut (Field-Tested),23,
Sticker | The Mongolz | Cologne 2026,,False,False,0.11,Sticker | The Mongolz | Cologne 2026,23,
MP9 | Ruby Poison Dart,FIELD_TESTED,True,False,2.0,StatTrak™ MP9 | Ruby Poison Dart (Field-Tested),23,
Desert Eagle | Calligraffiti,BATTLE_SCARRED,False,False,0.19,Desert Eagle | Calligraffiti (Battle-Scarred),23,
Sticker | Maka (Glitter) | Shanghai 2024,,False,False,0.12,Sticker | Maka (Glitter) | Shanghai 2024,23,
PP-Bizon | Seabird,FIELD_TESTED,False,False,3.5,PP-Bizon | Seabird (Field-Tested),23,
UMP-45 | Arctic Wolf,MINIMAL_WEAR,False,False,0.73,UMP-45 | Arctic Wolf (Minimal Wear),23,
UMP-45 | Arctic Wolf,FACTORY_NEW,True,False,3.2,StatTrak™ UMP-45 | Arctic Wolf (Factory New),23,
Desert Eagle | Calligraffiti,WELL_WORN,False,False,0.14,Desert Eagle | Calligraffiti (Well-Worn),23,
AUG | Torque,MINIMAL_WEAR,False,False,5.96,AUG | Torque (Minimal Wear),23,
P2000 | Imperial Dragon,FIELD_TESTED,False,False,9.5,P2000 | Imperial Dragon (Field-Tested),23,
USP-S | Purple DDPAT,FIELD_TESTED,False,True,1.72,Souvenir USP-S | Purple DDPAT (Field-Tested),23,
Sticker | S1ren (Glitter) | Antwerp 2022,,False,False,0.12,Sticker | S1ren (Glitter) | Antwerp 2022,23,
UMP-45 | Continuum,FIELD_TESTED,False,False,0.5,UMP-45 | Continuum (Field-Tested),23,
Getaway Sally | The Professionals,,False,False,79.98,Getaway Sally | The Professionals,23,
Sawed-Off | Full Stop,FACTORY_NEW,False,False,1.01,Sawed-Off | Full Stop (Factory New),23,
M4A1-S | Hyper Beast,MINIMAL_WEAR,False,False,110.0,M4A1-S | Hyper Beast (Minimal Wear),23,
MP7 | Mischief,FIELD_TESTED,False,False,0.38,MP7 | Mischief (Field-Tested),23,
Sticker | sinnopsyy | Rio 2022,,False,False,0.13,Sticker | sinnopsyy | Rio 2022,23,
AWP | PAW,MINIMAL_WEAR,False,False,3.01,AWP | PAW (Minimal Wear),23,
P2000 | Sure Grip,MINIMAL_WEAR,True,False,0.14,StatTrak™ P2000 | Sure Grip (Minimal Wear),23,
MAG-7 | Heat,FIELD_TESTED,False,False,0.98,MAG-7 | Heat (Field-Tested),23,
Sticker | paiN Gaming (Glitter) | Copenhagen 2024,,False,False,0.15,Sticker | paiN Gaming (Glitter) | Copenhagen 2024,23,
Dual Berettas | Flora Carnivora,WELL_WORN,True,False,0.4,StatTrak™ Dual Berettas | Flora Carnivora (Well-Worn),23,
Sticker | m0NESY | Austin 2025,,False,False,0.49,Sticker | m0NESY | Austin 2025,23,
P90 | Freight,FACTORY_NEW,False,False,0.8,P90 | Freight (Factory New),23,
Sticker | Grayhound Gaming (Holo) | Berlin 2019,,False,False,1.0,Sticker | Grayhound Gaming (Holo) | Berlin 2019,23,
Sealed Graffiti | Fart (Monster Purple),,False,False,0.66,Sealed Graffiti | Fart (Monster Purple),23,
P2000 | Panther Camo,FIELD_TESTED,False,False,1.84,P2000 | Panther Camo (Field-Tested),23,
Sticker | Team Spirit | Katowice 2019,,False,False,7.53,Sticker | Team Spirit | Katowice 2019,23,
MP7 | Nemesis,MINIMAL_WEAR,False,False,5.99,MP7 | Nemesis (Minimal Wear),23,
UMP-45 | Warm Blooded,FIELD_TESTED,False,False,0.18,UMP-45 | Warm Blooded (Field-Tested),23,
"StatTrak™ Music Kit | Beartooth, Aggressive",,True,False,0.73,"StatTrak™ Music Kit | Beartooth, Aggressive",23,
Sticker | Distinguished Master Guardian (Holo),,False,False,0.76,Sticker | Distinguished Master Guardian (Holo),23,
AK-47 | The Oligarch,FIELD_TESTED,False,False,44.66,AK-47 | The Oligarch (Field-Tested),23,
Sticker | MOUZ (Foil) | Stockholm 2021,,False,False,6.43,Sticker | MOUZ (Foil) | Stockholm 2021,23,
SSG 08 | Red Stone,FIELD_TESTED,False,False,6.35,SSG 08 | Red Stone (Field-Tested),23,
Glock-18 | Trace Lock,MINIMAL_WEAR,False,False,2.29,Glock-18 | Trace Lock (Minimal Wear),23,
MAG-7 | Chainmail,FACTORY_NEW,False,False,17.0,MAG-7 | Chainmail (Factory New),23,
MAC-10 | Disco Tech,FIELD_TESTED,True,False,7.08,StatTrak™ MAC-10 | Disco Tech (Field-Tested),23,
MP7 | Neon Ply,MINIMAL_WEAR,False,False,4.61,MP7 | Neon Ply (Minimal Wear),23,
USP-S | PC-GRN,FACTORY_NEW,True,False,3.22,StatTrak™ USP-S | PC-GRN (Factory New),23,
USP-S | Sleeping Potion,MINIMAL_WEAR,False,False,3.92,USP-S | Sleeping Potion (Minimal Wear),23,
USP-S | Monster Mashup,FIELD_TESTED,False,False,19.0,USP-S | Monster Mashup (Field-Tested),23,
Hard Cluck Life,,False,False,0.11,Sticker | Hard Cluck Life,23,
Sticker | Nemiga (Foil) | 2020 RMR,,False,False,0.5,Sticker | Nemiga (Foil) | 2020 RMR,23,
StatTrak™ R8 Revolver | Survivalist,FIELD_TESTED,False,False,0.36,R8 Revolver | Survivalist (Field-Tested),23,
Sticker | YEKINDAR (Glitter) | Rio 2022,,False,False,1.99,Sticker | YEKINDAR (Glitter) | Rio 2022,23,
Sealed Graffiti | Broken Heart (Tiger Orange),,False,False,0.48,Sealed Graffiti | Broken Heart (Tiger Orange),23,
Sticker | Hiko | London 2018,,False,False,0.89,Sticker | Hiko | London 2018,23,
AUG | Luxe Trim,FIELD_TESTED,False,False,0.17,AUG | Luxe Trim (Field-Tested),23,
Galil AR | Green Apple,MINIMAL_WEAR,False,False,0.28,Galil AR | Green Apple (Minimal Wear),23,
Sealed Graffiti | Little EZ (War Pig Pink),,False,False,0.18,Sealed Graffiti | Little EZ (War Pig Pink),23,
SG 553 | Berry Gel Coat,FIELD_TESTED,False,False,1.2,SG 553 | Berry Gel Coat (Field-Tested),23,
CZ75-Auto | Vendetta,FIELD_TESTED,False,False,0.91,CZ75-Auto | Vendetta (Field-Tested),23,
Sticker | Calyx (Glitter) | Antwerp 2022,,False,False,0.11,Sticker | Calyx (Glitter) | Antwerp 2022,23,
Desert Eagle | Light Rail,WELL_WORN,False,False,0.8,Desert Eagle | Light Rail (Well-Worn),23,
Glock-18 | Death Rattle,MINIMAL_WEAR,False,False,0.24,Glock-18 | Death Rattle (Minimal Wear),23,
G3SG1 | VariCamo,FACTORY_NEW,False,False,0.19,G3SG1 | VariCamo (Factory New),23,
Desert Eagle | Trigger Discipline,FACTORY_NEW,False,False,9.5,Desert Eagle | Trigger Discipline (Factory New),23,
Sealed Graffiti | Question Mark (Battle Green),,False,False,0.15,Sealed Graffiti | Question Mark (Battle Green),23,
P2000 | Amber Fade,MINIMAL_WEAR,False,False,0.86,P2000 | Amber Fade (Minimal Wear),23,
Sticker | In The Fire (Foil),,False,False,0.48,Sticker | In The Fire (Foil),23,
Sticker | Team EnVyUs | Boston 2018,,False,False,4.16,Sticker | Team EnVyUs | Boston 2018,23,
"Sticker | zont1x (Holo, Champion) | Shanghai 2024",,False,False,0.2,"Sticker | zont1x (Holo, Champion) | Shanghai 2024",23,
Sticker | Vega Squadron | Boston 2018,,False,False,2.4,Sticker | Vega Squadron | Boston 2018,23,
Glock-18 | Coral Bloom,FACTORY_NEW,False,False,2.53,Glock-18 | Coral Bloom (Factory New),23,
Sealed Graffiti | Kiss (Cash Green),,False,False,1.93,Sealed Graffiti | Kiss (Cash Green),23,
SCAR-20 | Magna Carta,MINIMAL_WEAR,False,False,13.67,SCAR-20 | Magna Carta (Minimal Wear),23,
mousesports (Holo) | MLG Columbus 2016,,False,False,45.53,Sticker | mousesports (Holo) | MLG Columbus 2016,23,
Gambit Gaming (Holo) | MLG Columbus 2016,,False,False,9.9,Sticker | Gambit Gaming (Holo) | MLG Columbus 2016,23,
MP9 | Shredded,FIELD_TESTED,False,False,0.16,MP9 | Shredded (Field-Tested),23,
R8 Revolver | Crazy 8,MINIMAL_WEAR,False,False,0.78,R8 Revolver | Crazy 8 (Minimal Wear),23,
SSG 08 | Parallax,FACTORY_NEW,False,False,16.23,SSG 08 | Parallax (Factory New),23,
Sticker | Ramz1kBO$$ | Berlin 2019,,False,False,0.12,Sticker | Ramz1kBO$$ | Berlin 2019,23,
M4A1-S | Flashback,BATTLE_SCARRED,False,False,2.82,M4A1-S | Flashback (Battle-Scarred),23,
CZ75-Auto | Copper Fiber,FACTORY_NEW,False,False,0.29,CZ75-Auto | Copper Fiber (Factory New),23,
Five-SeveN | Violent Daimyo,FACTORY_NEW,True,False,3.44,StatTrak™ Five-SeveN | Violent Daimyo (Factory New),23,
SG 553 | Pulse,MINIMAL_WEAR,False,False,6.02,SG 553 | Pulse (Minimal Wear),23,
SG 553 | Aloha,MINIMAL_WEAR,True,False,0.24,StatTrak™ SG 553 | Aloha (Minimal Wear),23,
Sticker | Digi-Strike (Lenticular),,False,False,4.2,Sticker | Digi-Strike (Lenticular),23,
AK-47 | Blue Laminate,FIELD_TESTED,False,False,13.06,AK-47 | Blue Laminate (Field-Tested),23,
SSG 08 | Abyss,BATTLE_SCARRED,False,False,0.25,SSG 08 | Abyss (Battle-Scarred),23,
"StatTrak™ Music Kit | bbno$, u mad!",,True,False,3.22,"StatTrak™ Music Kit | bbno$, u mad!",23,
Sticker | NiKo (Foil) | Berlin 2019,,False,False,7.91,Sticker | NiKo (Foil) | Berlin 2019,23,
SSG 08 | Azure Glyph,WELL_WORN,False,False,0.14,SSG 08 | Azure Glyph (Well-Worn),23,
CZ75-Auto | Yellow Jacket,FIELD_TESTED,False,False,3.78,CZ75-Auto | Yellow Jacket (Field-Tested),23,
Sealed Graffiti | Little Crown (Blood Red),,False,False,0.38,Sealed Graffiti | Little Crown (Blood Red),22,
Sticker | Eternal Fire (Glitter) | Antwerp 2022,,False,False,0.94,Sticker | Eternal Fire (Glitter) | Antwerp 2022,22,
Five-SeveN | Forest Night,BATTLE_SCARRED,False,True,3.0,Souvenir Five-SeveN | Forest Night (Battle-Scarred),22,
Sticker | Jimpphat (Holo) | Shanghai 2024,,False,False,0.18,Sticker | Jimpphat (Holo) | Shanghai 2024,22,
USP-S | Ticket to Hell,BATTLE_SCARRED,True,False,0.51,StatTrak™ USP-S | Ticket to Hell (Battle-Scarred),22,
P2000 | Urban Hazard,FACTORY_NEW,True,False,1.02,StatTrak™ P2000 | Urban Hazard (Factory New),22,
USP-S | Ticket to Hell,WELL_WORN,False,False,0.5,USP-S | Ticket to Hell (Well-Worn),22,
Budapest 2025 Overpass Souvenir Highlight Package,,False,True,2.91,Budapest 2025 Overpass Souvenir Highlight Package,22,
Dual Berettas | Briar,FACTORY_NEW,False,True,3.53,Souvenir Dual Berettas | Briar (Factory New),22,
P90 | Elite Build,MINIMAL_WEAR,False,False,0.52,P90 | Elite Build (Minimal Wear),22,
Sticker | Passion UA (Gold) | Budapest 2025,,False,False,0.98,Sticker | Passion UA (Gold) | Budapest 2025,22,
StatTrak™ Tec-9 | Snek-9,FIELD_TESTED,False,False,0.33,Tec-9 | Snek-9 (Field-Tested),22,
Tec-9 | Fubar,FIELD_TESTED,True,False,0.24,StatTrak™ Tec-9 | Fubar (Field-Tested),22,
P250 | Franklin,FACTORY_NEW,False,False,5.65,P250 | Franklin (Factory New),22,
MAC-10 | Propaganda,FIELD_TESTED,False,False,30.0,MAC-10 | Propaganda (Field-Tested),22,
Five-SeveN | Withered Vine,FIELD_TESTED,False,True,0.29,Souvenir Five-SeveN | Withered Vine (Field-Tested),22,
Sticker | Too Old for This,,False,False,0.99,Sticker | Too Old for This,22,
"AWOLNATION, I Am",,True,False,4.69,"StatTrak™ Music Kit | AWOLNATION, I Am",22,
Sticker | OG (Glitter) | Rio 2022,,False,False,0.24,Sticker | OG (Glitter) | Rio 2022,22,
Sticker | siuhy (Glitter) | Copenhagen 2024,,False,False,0.12,Sticker | siuhy (Glitter) | Copenhagen 2024,22,
AUG | Triqua,WELL_WORN,False,False,0.16,AUG | Triqua (Well-Worn),22,
MP7 | Urban Hazard,FIELD_TESTED,True,False,0.43,StatTrak™ MP7 | Urban Hazard (Field-Tested),22,
Doomed,,False,False,0.94,Sticker | Doomed,22,
CZ75-Auto | Twist,WELL_WORN,False,False,1.01,CZ75-Auto | Twist (Well-Worn),22,
Desert Eagle | Naga,MINIMAL_WEAR,False,False,3.95,Desert Eagle | Naga (Minimal Wear),22,
Sticker | ELEAGUE | Boston 2018,,False,False,1.07,Sticker | ELEAGUE | Boston 2018,22,
MP9 | Black Sand,WELL_WORN,True,False,0.11,StatTrak™ MP9 | Black Sand (Well-Worn),22,
P250 | Bullfrog,MINIMAL_WEAR,False,False,0.17,P250 | Bullfrog (Minimal Wear),22,
Guardian 2 Pin,,False,False,3.88,Guardian 2 Pin,22,
MAG-7 | Heaven Guard,MINIMAL_WEAR,False,False,0.42,MAG-7 | Heaven Guard (Minimal Wear),22,
XM1014 | Watchdog,MINIMAL_WEAR,False,False,2.52,XM1014 | Watchdog (Minimal Wear),22,
MP9 | Food Chain,MINIMAL_WEAR,False,False,7.39,MP9 | Food Chain (Minimal Wear),22,
Dual Berettas | Moon in Libra,FACTORY_NEW,False,False,8.79,Dual Berettas | Moon in Libra (Factory New),22,
R8 Revolver | Junk Yard,MINIMAL_WEAR,False,False,0.24,R8 Revolver | Junk Yard (Minimal Wear),22,
PP-Bizon | Night Riot,MINIMAL_WEAR,True,False,0.19,StatTrak™ PP-Bizon | Night Riot (Minimal Wear),22,
Dual Berettas | Elite 1.6,FIELD_TESTED,True,False,0.22,StatTrak™ Dual Berettas | Elite 1.6 (Field-Tested),22,
Sticker | Save Me,,False,False,0.29,Sticker | Save Me,22,
M249 | Contrast Spray,FIELD_TESTED,False,True,0.17,Souvenir M249 | Contrast Spray (Field-Tested),22,
MP7 | Armor Core,FIELD_TESTED,True,False,0.49,StatTrak™ MP7 | Armor Core (Field-Tested),22,
PP-Bizon | Anolis,MINIMAL_WEAR,False,False,1.86,PP-Bizon | Anolis (Minimal Wear),22,
Galil AR | Chromatic Aberration,MINIMAL_WEAR,False,False,6.1,Galil AR | Chromatic Aberration (Minimal Wear),22,
Nova | Moon in Libra,FIELD_TESTED,False,False,4.08,Nova | Moon in Libra (Field-Tested),22,
AWP | Containment Breach,FIELD_TESTED,False,False,74.0,AWP | Containment Breach (Field-Tested),22,
USP-S | Guardian,FIELD_TESTED,True,False,4.0,StatTrak™ USP-S | Guardian (Field-Tested),22,
Negev | Terrain,FACTORY_NEW,False,False,0.71,Negev | Terrain (Factory New),22,
SCAR-20 | Jungle Slipstream,FIELD_TESTED,True,False,0.15,StatTrak™ SCAR-20 | Jungle Slipstream (Field-Tested),22,
Sticker | Virtus.Pro (Holo) | Stockholm 2021,,False,False,5.2,Sticker | Virtus.Pro (Holo) | Stockholm 2021,22,
Desert Eagle | Crimson Web,FIELD_TESTED,True,False,17.91,StatTrak™ Desert Eagle | Crimson Web (Field-Tested),22,
Charm | Pocket Pop,,False,False,0.76,Charm | Pocket Pop,22,
UMP-45 | Exposure,FACTORY_NEW,True,False,3.16,StatTrak™ UMP-45 | Exposure (Factory New),22,
Sticker | FURIA | Katowice 2019,,False,False,1.19,Sticker | FURIA | Katowice 2019,22,
Desert Eagle | Mecha Industries,BATTLE_SCARRED,False,False,4.49,Desert Eagle | Mecha Industries (Battle-Scarred),22,
Sealed Graffiti | Question Mark (Tracer Yellow),,False,False,0.17,Sealed Graffiti | Question Mark (Tracer Yellow),22,
Sticker | k0nfig (Holo) | Paris 2023,,False,False,0.26,Sticker | k0nfig (Holo) | Paris 2023,22,
Desert Eagle | Night Heist,FIELD_TESTED,False,False,17.89,Desert Eagle | Night Heist (Field-Tested),22,
SG 553 | Bleached,FACTORY_NEW,False,False,1.91,SG 553 | Bleached (Factory New),22,
R8 Revolver | Grip,MINIMAL_WEAR,False,False,0.18,R8 Revolver | Grip (Minimal Wear),22,
"StatTrak™ Music Kit | The Verkkars & n0thing, Flashbang Dance",,True,False,4.5,"StatTrak™ Music Kit | The Verkkars & n0thing, Flashbang Dance",22,
AWP | Crakow!,FIELD_TESTED,False,False,23.0,AWP | Crakow! (Field-Tested),22,
Bloody Darryl The Strapped | The Professionals,,False,False,38.39,Bloody Darryl The Strapped | The Professionals,22,
M4A1-S | Leaded Glass,FIELD_TESTED,True,False,9.99,StatTrak™ M4A1-S | Leaded Glass (Field-Tested),22,
FAMAS | Neural Net,FACTORY_NEW,False,False,13.98,FAMAS | Neural Net (Factory New),22,
Galil AR | Sky Mandala,FIELD_TESTED,False,False,0.21,Galil AR | Sky Mandala (Field-Tested),22,
Galil AR | Control,BATTLE_SCARRED,False,False,0.34,Galil AR | Control (Battle-Scarred),22,
Sticker | Spinx (Holo) | Shanghai 2024,,False,False,0.28,Sticker | Spinx (Holo) | Shanghai 2024,22,
SSG 08 | Calligrafaux,FACTORY_NEW,False,False,1.42,SSG 08 | Calligrafaux (Factory New),22,
SG 553 | Damascus Steel,MINIMAL_WEAR,False,False,0.4,SG 553 | Damascus Steel (Minimal Wear),22,
Sticker | G2 Esports (Holo) | Austin 2025,,False,False,2.03,Sticker | G2 Esports (Holo) | Austin 2025,22,
Tec-9 | Mummy's Rot,FACTORY_NEW,False,False,29.61,Tec-9 | Mummy's Rot (Factory New),22,
Patch | Crazy Banana,,False,False,1.21,Patch | Crazy Banana,22,
Patch | Chicken Lover,,False,False,2.5,Patch | Chicken Lover,22,
MP7 | Scorched,FIELD_TESTED,False,False,5.5,MP7 | Scorched (Field-Tested),22,
CZ75-Auto | Vendetta,FIELD_TESTED,True,False,0.65,StatTrak™ CZ75-Auto | Vendetta (Field-Tested),22,
MAC-10 | Calf Skin,MINIMAL_WEAR,False,False,0.15,MAC-10 | Calf Skin (Minimal Wear),22,
USP-S | Lead Conduit,MINIMAL_WEAR,False,False,1.96,USP-S | Lead Conduit (Minimal Wear),22,
Sealed Graffiti | Fart (Battle Green),,False,False,0.67,Sealed Graffiti | Fart (Battle Green),22,
USP-S | Lead Conduit,FIELD_TESTED,False,False,0.82,USP-S | Lead Conduit (Field-Tested),22,
Negev | Nuclear Waste,FACTORY_NEW,False,False,5.27,Negev | Nuclear Waste (Factory New),22,
Sticker | jL | Austin 2025,,False,False,0.29,Sticker | jL | Austin 2025,22,
Nova | Hyper Beast,FACTORY_NEW,False,False,25.0,Nova | Hyper Beast (Factory New),22,
AK-47 | Baroque Purple,WELL_WORN,False,False,4.5,AK-47 | Baroque Purple (Well-Worn),22,
Sealed Graffiti | Little Bock (Frog Green),,False,False,0.16,Sealed Graffiti | Little Bock (Frog Green),22,
Glock-18 | Umbral Rabbit,FACTORY_NEW,False,False,2.18,Glock-18 | Umbral Rabbit (Factory New),22,
M4A1-S | Black Lotus,WELL_WORN,False,False,4.8,M4A1-S | Black Lotus (Well-Worn),22,
Five-SeveN | Violent Daimyo,FACTORY_NEW,False,False,4.42,Five-SeveN | Violent Daimyo (Factory New),22,
Sealed Graffiti | Fart (Bazooka Pink),,False,False,0.93,Sealed Graffiti | Fart (Bazooka Pink),22,
Sealed Graffiti | Shining Star (Bazooka Pink),,False,False,2.14,Sealed Graffiti | Shining Star (Bazooka Pink),22,
P250 | Verdigris,MINIMAL_WEAR,False,False,0.31,P250 | Verdigris (Minimal Wear),22,
USP-S | Desert Tactical,WELL_WORN,False,False,0.2,USP-S | Desert Tactical (Well-Worn),22,
Sealed Graffiti | Broken Heart (Princess Pink),,False,False,1.24,Sealed Graffiti | Broken Heart (Princess Pink),22,
Dual Berettas | Ventilators,FACTORY_NEW,True,False,0.81,StatTrak™ Dual Berettas | Ventilators (Factory New),22,
Sticker | MOUZ (Gold) | Paris 2023,,False,False,1.21,Sticker | MOUZ (Gold) | Paris 2023,22,
SCAR-20 | Enforcer,FIELD_TESTED,True,False,0.83,StatTrak™ SCAR-20 | Enforcer (Field-Tested),22,
Sticker | FlameZ (Glitter) | Shanghai 2024,,False,False,0.12,Sticker | FlameZ (Glitter) | Shanghai 2024,22,
M4A4 | 龍王 (Dragon King),FIELD_TESTED,False,False,13.99,M4A4 | 龍王 (Dragon King) (Field-Tested),22,
AUG | Arctic Wolf,FIELD_TESTED,True,False,3.52,StatTrak™ AUG | Arctic Wolf (Field-Tested),22,
"StatTrak™ Music Kit | Tim Huling, Neo Noir",,False,False,0.57,"Music Kit | Tim Huling, Neo Noir",22,
Sticker | Combine Helmet,,False,False,0.16,Sticker | Combine Helmet,22,
Sealed Graffiti | Fart (Princess Pink),,False,False,0.35,Sealed Graffiti | Fart (Princess Pink),22,
USP-S | Cyrex,WELL_WORN,False,False,3.0,USP-S | Cyrex (Well-Worn),22,
MP5-SD | Bamboo Garden,FIELD_TESTED,False,False,3.89,MP5-SD | Bamboo Garden (Field-Tested),22,
Glock-18 | Vogue,BATTLE_SCARRED,False,False,2.7,Glock-18 | Vogue (Battle-Scarred),22,
Sticker | Team Liquid (Holo) | Antwerp 2022,,False,False,5.4,Sticker | Team Liquid (Holo) | Antwerp 2022,22,
StatTrak™ Dual Berettas | Shred,MINIMAL_WEAR,False,False,0.36,Dual Berettas | Shred (Minimal Wear),22,
Patch | Hydra,,False,False,0.45,Patch | Hydra,22,
SSG 08 | Fever Dream,BATTLE_SCARRED,False,False,0.65,SSG 08 | Fever Dream (Battle-Scarred),22,
Tec-9 | Phoenix Chalk,FIELD_TESTED,False,False,1.46,Tec-9 | Phoenix Chalk (Field-Tested),22,
M4A4 | Poly Mag,FACTORY_NEW,False,False,1.91,M4A4 | Poly Mag (Factory New),22,
SSG 08 | Memorial,MINIMAL_WEAR,True,False,0.39,StatTrak™ SSG 08 | Memorial (Minimal Wear),22,
USP-S | Pathfinder,MINIMAL_WEAR,False,False,13.22,USP-S | Pathfinder (Minimal Wear),22,
SG 553 | Aerial,FIELD_TESTED,True,False,0.23,StatTrak™ SG 553 | Aerial (Field-Tested),22,
P90 | Module,FACTORY_NEW,False,False,2.29,P90 | Module (Factory New),22,
Splyce (Foil) | MLG Columbus 2016,,False,False,38.9,Sticker | Splyce (Foil) | MLG Columbus 2016,22,
Astralis (Holo) | MLG Columbus 2016,,False,False,16.0,Sticker | Astralis (Holo) | MLG Columbus 2016,22,
Galil AR | Sky Mandala,FACTORY_NEW,False,False,1.85,Galil AR | Sky Mandala (Factory New),22,
FAMAS | Commemoration,FIELD_TESTED,False,False,25.09,FAMAS | Commemoration (Field-Tested),22,
AWP | POP AWP,FIELD_TESTED,False,False,8.38,AWP | POP AWP (Field-Tested),22,
Sealed Graffiti | BOOM (Wire Blue),,False,False,0.13,Sealed Graffiti | BOOM (Wire Blue),22,
SCAR-20 | Bloodsport,FACTORY_NEW,False,False,17.74,SCAR-20 | Bloodsport (Factory New),22,
R8 Revolver | Banana Cannon,MINIMAL_WEAR,False,False,0.69,R8 Revolver | Banana Cannon (Minimal Wear),22,
M4A4 | Cyber Security,FIELD_TESTED,False,False,17.99,M4A4 | Cyber Security (Field-Tested),21,
Sticker | Renegades (Holo) | Stockholm 2021,,False,False,3.99,Sticker | Renegades (Holo) | Stockholm 2021,21,
M4A4 | Magnesium,MINIMAL_WEAR,True,False,3.59,StatTrak™ M4A4 | Magnesium (Minimal Wear),21,
XM1014 | Blue Steel,MINIMAL_WEAR,False,False,0.16,XM1014 | Blue Steel (Minimal Wear),21,
Desert Eagle | Trigger Discipline,FIELD_TESTED,True,False,1.54,StatTrak™ Desert Eagle | Trigger Discipline (Field-Tested),21,
M4A4 | Cyber Security,MINIMAL_WEAR,False,False,36.0,M4A4 | Cyber Security (Minimal Wear),21,
Tec-9 | Isaac,MINIMAL_WEAR,False,False,5.04,Tec-9 | Isaac (Minimal Wear),21,
Sealed Graffiti | Kiss (Shark White),,False,False,0.51,Sealed Graffiti | Kiss (Shark White),21,
AK-47 | Slate,FIELD_TESTED,True,False,11.85,StatTrak™ AK-47 | Slate (Field-Tested),21,
Desert Eagle | Ocean Drive,FIELD_TESTED,False,False,57.61,Desert Eagle | Ocean Drive (Field-Tested),21,
Natus Vincere | Cologne 2016,,False,False,3.06,Sticker | Natus Vincere | Cologne 2016,21,
"StatTrak™ Music Kit | Rad Cat, Reason",,True,False,3.29,"StatTrak™ Music Kit | Rad Cat, Reason",21,
AK-47 | Phantom Disruptor,FACTORY_NEW,False,False,30.0,AK-47 | Phantom Disruptor (Factory New),21,
Natus Vincere (Holo) | Cologne 2016,,False,False,15.0,Sticker | Natus Vincere (Holo) | Cologne 2016,21,
G3SG1 | Digital Mesh,FIELD_TESTED,True,False,0.65,StatTrak™ G3SG1 | Digital Mesh (Field-Tested),21,
Sealed Graffiti | Shining Star (War Pig Pink),,False,False,0.28,Sealed Graffiti | Shining Star (War Pig Pink),21,
M4A1-S | Player Two,FIELD_TESTED,False,False,47.02,M4A1-S | Player Two (Field-Tested),21,
Glock-18 | Sacrifice,MINIMAL_WEAR,True,False,0.87,StatTrak™ Glock-18 | Sacrifice (Minimal Wear),21,
Sticker | gla1ve | Katowice 2019,,False,False,0.35,Sticker | gla1ve | Katowice 2019,21,
SCAR-20 | Enforcer,WELL_WORN,False,False,0.41,SCAR-20 | Enforcer (Well-Worn),21,
M4A4 | Magnesium,FACTORY_NEW,True,False,15.79,StatTrak™ M4A4 | Magnesium (Factory New),21,
Sealed Graffiti | BOOM (War Pig Pink),,False,False,0.17,Sealed Graffiti | BOOM (War Pig Pink),21,
SSG 08 | Slashed,WELL_WORN,True,False,0.9,StatTrak™ SSG 08 | Slashed (Well-Worn),21,
Nova | Clear Polymer,FIELD_TESTED,False,False,3.11,Nova | Clear Polymer (Field-Tested),21,
AWP | Exoskeleton,FIELD_TESTED,True,False,8.04,StatTrak™ AWP | Exoskeleton (Field-Tested),21,
Sticker | INS (Foil) | Austin 2025,,False,False,0.65,Sticker | INS (Foil) | Austin 2025,21,
M4A4 | Poly Mag,FACTORY_NEW,True,False,1.92,StatTrak™ M4A4 | Poly Mag (Factory New),21,
MAG-7 | Heaven Guard,FIELD_TESTED,True,False,0.39,StatTrak™ MAG-7 | Heaven Guard (Field-Tested),21,
Glock-18 | Royal Legion,FIELD_TESTED,False,False,2.53,Glock-18 | Royal Legion (Field-Tested),21,
M4A1-S | Mud-Spec,BATTLE_SCARRED,False,False,0.39,M4A1-S | Mud-Spec (Battle-Scarred),21,
Cheongsam (Holo),,False,False,1.07,Sticker | Cheongsam (Holo),21,
Zeus x27 | Charged Up,MINIMAL_WEAR,False,False,12.97,Zeus x27 | Charged Up (Minimal Wear),21,
Sticker | Bomb Planted (Holo),,False,False,0.15,Sticker | Bomb Planted (Holo),21,
Sticker | Cloud9 (Holo) | Antwerp 2022,,False,False,9.9,Sticker | Cloud9 (Holo) | Antwerp 2022,21,
AWP | Printstream,FIELD_TESTED,False,False,39.83,AWP | Printstream (Field-Tested),21,
AK-47 | Uncharted,MINIMAL_WEAR,True,False,2.9,StatTrak™ AK-47 | Uncharted (Minimal Wear),21,
M4A1-S | Black Lotus,BATTLE_SCARRED,False,False,3.51,M4A1-S | Black Lotus (Battle-Scarred),21,
CZ75-Auto | Polymer,FIELD_TESTED,False,False,0.54,CZ75-Auto | Polymer (Field-Tested),21,
P250 | Wingshot,FIELD_TESTED,False,False,1.22,P250 | Wingshot (Field-Tested),21,
Sticker | AMANEK (Holo) | Stockholm 2021,,False,False,0.99,Sticker | AMANEK (Holo) | Stockholm 2021,21,
Sticker | electronic (Foil) | Berlin 2019,,False,False,0.7,Sticker | electronic (Foil) | Berlin 2019,21,
R8 Revolver | Bone Forged,FACTORY_NEW,False,False,0.69,R8 Revolver | Bone Forged (Factory New),21,
Sticker | GO,,False,False,0.42,Sticker | GO,21,
R8 Revolver | Crazy 8,MINIMAL_WEAR,True,False,1.34,StatTrak™ R8 Revolver | Crazy 8 (Minimal Wear),21,
Sealed Graffiti | Broken Heart (Cash Green),,False,False,1.85,Sealed Graffiti | Broken Heart (Cash Green),21,
Sticker | BIG | Boston 2018,,False,False,1.4,Sticker | BIG | Boston 2018,21,
SCAR-20 | Trail Blazer,MINIMAL_WEAR,False,False,0.27,SCAR-20 | Trail Blazer (Minimal Wear),21,
SG 553 | Cyrex,WELL_WORN,False,False,3.28,SG 553 | Cyrex (Well-Worn),21,
XM1014 | Charter,BATTLE_SCARRED,False,False,1.17,XM1014 | Charter (Battle-Scarred),21,
MP7 | Impire,MINIMAL_WEAR,False,False,3.0,MP7 | Impire (Minimal Wear),21,
Five-SeveN | Berries And Cherries,FACTORY_NEW,False,False,111.47,Five-SeveN | Berries And Cherries (Factory New),21,
SG 553 | Darkwing,BATTLE_SCARRED,False,False,0.43,SG 553 | Darkwing (Battle-Scarred),21,
Nova | Yorkshire,BATTLE_SCARRED,False,False,0.3,Nova | Yorkshire (Battle-Scarred),21,
Sticker | NRG (Holo) | Berlin 2019,,False,False,1.39,Sticker | NRG (Holo) | Berlin 2019,21,
M4A1-S | Blood Tiger,FACTORY_NEW,False,False,18.9,M4A1-S | Blood Tiger (Factory New),21,
Desert Eagle | Meteorite,FIELD_TESTED,False,False,0.72,Desert Eagle | Meteorite (Field-Tested),21,
P250 | Crimson Kimono,FIELD_TESTED,False,False,12.19,P250 | Crimson Kimono (Field-Tested),21,
P2000 | Urban Hazard,FACTORY_NEW,False,False,4.43,P2000 | Urban Hazard (Factory New),21,
CZ75-Auto | Jungle Dashed,BATTLE_SCARRED,False,False,1.0,CZ75-Auto | Jungle Dashed (Battle-Scarred),21,
SSG 08 | Abyss,WELL_WORN,True,False,0.43,StatTrak™ SSG 08 | Abyss (Well-Worn),21,
London 2018 Legends (Holo/Foil),,False,False,18.5,London 2018 Legends (Holo-Foil),21,
MP5-SD | Desert Strike,FIELD_TESTED,True,False,0.14,StatTrak™ MP5-SD | Desert Strike (Field-Tested),21,
M4A4 | Choppa,FACTORY_NEW,True,False,3.48,StatTrak™ M4A4 | Choppa (Factory New),21,
Sealed Graffiti | Thoughtfull (Tracer Yellow),,False,False,0.68,Sealed Graffiti | Thoughtfull (Tracer Yellow),21,
Glock-18 | Catacombs,MINIMAL_WEAR,False,False,1.05,Glock-18 | Catacombs (Minimal Wear),21,
M249 | O.S.I.P.R.,MINIMAL_WEAR,True,False,0.47,StatTrak™ M249 | O.S.I.P.R. (Minimal Wear),21,
Glock-18 | Vogue,FACTORY_NEW,False,False,15.49,Glock-18 | Vogue (Factory New),21,
StatTrak™ R8 Revolver | Survivalist,FIELD_TESTED,True,False,0.26,StatTrak™ R8 Revolver | Survivalist (Field-Tested),21,
Glock-18 | Vogue,MINIMAL_WEAR,False,False,5.03,Glock-18 | Vogue (Minimal Wear),21,
PP-Bizon | Photic Zone,WELL_WORN,False,False,0.43,PP-Bizon | Photic Zone (Well-Worn),21,
Sealed Graffiti | OMG (Monster Purple),,False,False,0.46,Sealed Graffiti | OMG (Monster Purple),21,
UMP-45 | Riot,FIELD_TESTED,True,False,0.31,StatTrak™ UMP-45 | Riot (Field-Tested),21,
Negev | Lionfish,FACTORY_NEW,False,False,1.57,Negev | Lionfish (Factory New),21,
FAMAS | Crypsis,FACTORY_NEW,True,False,1.17,StatTrak™ FAMAS | Crypsis (Factory New),21,
Tec-9 | Avalanche,FACTORY_NEW,False,False,19.0,Tec-9 | Avalanche (Factory New),21,
Sealed Graffiti | Oops (Violent Violet),,False,False,0.22,Sealed Graffiti | Oops (Violent Violet),21,
FAMAS | Rapid Eye Movement,BATTLE_SCARRED,False,False,4.93,FAMAS | Rapid Eye Movement (Battle-Scarred),21,
P250 | Muertos,FIELD_TESTED,False,False,10.73,P250 | Muertos (Field-Tested),21,
Galil AR | Rainbow Spoon,FIELD_TESTED,False,False,22.33,Galil AR | Rainbow Spoon (Field-Tested),21,
Sticker | Fire in the Hole (Holo),,False,False,4.0,Sticker | Fire in the Hole (Holo),21,
Sticker | m0NESY (Glitter) | Shanghai 2024,,False,False,0.45,Sticker | m0NESY (Glitter) | Shanghai 2024,21,
Five-SeveN | Monkey Business,WELL_WORN,False,False,9.14,Five-SeveN | Monkey Business (Well-Worn),21,
G3SG1 | Flux,FIELD_TESTED,False,False,6.05,G3SG1 | Flux (Field-Tested),21,
Trapper | Guerrilla Warfare,,False,False,30.18,Trapper | Guerrilla Warfare,21,
Titan | Katowice 2015,,False,False,69.96,Sticker | Titan | Katowice 2015,21,
USP-S | Printstream,MINIMAL_WEAR,False,False,54.0,USP-S | Printstream (Minimal Wear),21,
"Sticker | w0nderful (Holo, Champion) | Copenhagen 2024",,False,False,0.75,"Sticker | w0nderful (Holo, Champion) | Copenhagen 2024",21,
PP-Bizon | Seabird,FACTORY_NEW,False,False,9.5,PP-Bizon | Seabird (Factory New),21,
Sticker | Heroic (Gold) | Paris 2023,,False,False,0.73,Sticker | Heroic (Gold) | Paris 2023,21,
P2000 | Sure Grip,FACTORY_NEW,False,False,0.92,P2000 | Sure Grip (Factory New),21,
Galil AR | Vandal,MINIMAL_WEAR,False,False,1.3,Galil AR | Vandal (Minimal Wear),21,
Sticker | Vitality (Foil) | Stockholm 2021,,False,False,0.8,Sticker | Vitality (Foil) | Stockholm 2021,21,
AK-47 | Searing Rage,MINIMAL_WEAR,True,False,13.99,StatTrak™ AK-47 | Searing Rage (Minimal Wear),21,
M249 | Spectre,FIELD_TESTED,False,False,0.38,M249 | Spectre (Field-Tested),21,
FAMAS | Commemoration,MINIMAL_WEAR,False,False,29.97,FAMAS | Commemoration (Minimal Wear),21,
Stupid Banana (Foil),,False,False,17.0,Sticker | Stupid Banana (Foil),21,
Sealed Graffiti | Little Bock (Princess Pink),,False,False,0.3,Sealed Graffiti | Little Bock (Princess Pink),21,
Unicorn (Holo),,False,False,2.24,Sticker | Unicorn (Holo),21,
Five-SeveN | Withered Vine,FIELD_TESTED,False,False,0.35,Five-SeveN | Withered Vine (Field-Tested),21,
MP9 | Hot Rod,FACTORY_NEW,False,False,185.0,MP9 | Hot Rod (Factory New),21,
UMP-45 | Labyrinth,MINIMAL_WEAR,True,False,0.33,StatTrak™ UMP-45 | Labyrinth (Minimal Wear),21,
MP7 | Special Delivery,MINIMAL_WEAR,False,False,1.5,MP7 | Special Delivery (Minimal Wear),21,
Cobblestone Pin,,False,False,6.29,Cobblestone Pin,21,
AK-47 | Neon Revolution,MINIMAL_WEAR,False,False,100.0,AK-47 | Neon Revolution (Minimal Wear),21,
Tec-9 | Whiteout,FIELD_TESTED,False,False,3.27,Tec-9 | Whiteout (Field-Tested),21,
Sticker | Magisk (Holo) | Paris 2023,,False,False,0.38,Sticker | Magisk (Holo) | Paris 2023,21,
"StatTrak™ Music Kit | Scarlxrd: King, Scar",,False,False,1.6,"Music Kit | Scarlxrd: King, Scar",21,
P90 | Shallow Grave,MINIMAL_WEAR,False,False,33.0,P90 | Shallow Grave (Minimal Wear),21,
PP-Bizon | Jungle Slipstream,MINIMAL_WEAR,False,False,0.34,PP-Bizon | Jungle Slipstream (Minimal Wear),21,
Sealed Graffiti | Smirk (Cash Green),,False,False,0.6,Sealed Graffiti | Smirk (Cash Green),21,
Sticker | Zeus (Foil) | Berlin 2019,,False,False,0.36,Sticker | Zeus (Foil) | Berlin 2019,21,
MAC-10 | Monkeyflage,FACTORY_NEW,False,False,1.29,MAC-10 | Monkeyflage (Factory New),21,
Sticker | k0nfig (Glitter) | Antwerp 2022,,False,False,0.3,Sticker | k0nfig (Glitter) | Antwerp 2022,21,
PP-Bizon | Death Rattle,FIELD_TESTED,False,False,0.76,PP-Bizon | Death Rattle (Field-Tested),21,
MAC-10 | Derailment,MINIMAL_WEAR,False,False,6.95,MAC-10 | Derailment (Minimal Wear),21,
UMP-45 | Exposure,FIELD_TESTED,True,False,0.86,StatTrak™ UMP-45 | Exposure (Field-Tested),21,
Collectible Pins Capsule Series 3,,False,False,7.63,Collectible Pins Capsule Series 3,21,
★ Driver Gloves | Imperial Plaid,FIELD_TESTED,False,False,145.0,★ Driver Gloves | Imperial Plaid (Field-Tested),21,
Patch | Rage,,False,False,9.78,Patch | Rage,21,
XM1014 | Ziggy,FACTORY_NEW,False,False,3.59,XM1014 | Ziggy (Factory New),21,
Dual Berettas | Dualing Dragons,FIELD_TESTED,False,False,0.34,Dual Berettas | Dualing Dragons (Field-Tested),21,
StatTrak™ MP7 | Powercore,FIELD_TESTED,True,False,1.68,StatTrak™ MP7 | Powercore (Field-Tested),21,
Sticker | Lambda,,False,False,0.98,Sticker | Lambda,21,
AWP | Neo-Noir,FIELD_TESTED,False,False,34.67,AWP | Neo-Noir (Field-Tested),21,
P90 | Grim,FIELD_TESTED,True,False,0.2,StatTrak™ P90 | Grim (Field-Tested),21,
Sticker | Bad News Eagles (Gold) | Paris 2023,,False,False,0.9,Sticker | Bad News Eagles (Gold) | Paris 2023,21,
P90 | Grim,FACTORY_NEW,True,False,2.69,StatTrak™ P90 | Grim (Factory New),21,
Glock-18 | Reactor,MINIMAL_WEAR,False,False,19.42,Glock-18 | Reactor (Minimal Wear),21,
Cloud9 G2A | Katowice 2015,,False,False,26.5,Sticker | Cloud9 G2A | Katowice 2015,21,
Sticker | tabseN (Gold) | Rio 2022,,False,False,12.0,Sticker | tabseN (Gold) | Rio 2022,21,
Glock-18 | Off World,FIELD_TESTED,True,False,0.48,StatTrak™ Glock-18 | Off World (Field-Tested),21,
Wings,,False,False,2.47,Sealed Graffiti | Wings,21,
M4A1-S | Moss Quartz,FACTORY_NEW,False,False,110.0,M4A1-S | Moss Quartz (Factory New),21,
Sticker | Lotus (Glitter),,False,False,5.61,Sticker | Lotus (Glitter),21,
Glock-18 | Off World,BATTLE_SCARRED,True,False,0.39,StatTrak™ Glock-18 | Off World (Battle-Scarred),21,
M4A4 | The Emperor,FIELD_TESTED,False,False,48.0,M4A4 | The Emperor (Field-Tested),21,
G3SG1 | Polar Camo,MINIMAL_WEAR,False,False,0.24,G3SG1 | Polar Camo (Minimal Wear),21,
AUG | Radiation Hazard,FIELD_TESTED,False,True,2.5,Souvenir AUG | Radiation Hazard (Field-Tested),21,
XM1014 | Halftone Shift,MINIMAL_WEAR,False,False,1.6,XM1014 | Halftone Shift (Minimal Wear),21,
Five-SeveN | Violent Daimyo,FIELD_TESTED,True,False,0.56,StatTrak™ Five-SeveN | Violent Daimyo (Field-Tested),21,
P250 | Ripple,FIELD_TESTED,True,False,0.26,StatTrak™ P250 | Ripple (Field-Tested),21,
SSG 08 | Parallax,WELL_WORN,False,False,2.4,SSG 08 | Parallax (Well-Worn),21,
Zeus x27 | Tosai,FACTORY_NEW,False,False,1.6,Zeus x27 | Tosai (Factory New),21,
Sticker | BIG (Holo) | Rio 2022,,False,False,1.99,Sticker | BIG (Holo) | Rio 2022,21,
Flipsid3 Tactics | Katowice 2015,,False,False,39.0,Sticker | Flipsid3 Tactics | Katowice 2015,21,
UMP-45 | Scorched,FIELD_TESTED,False,True,0.18,Souvenir UMP-45 | Scorched (Field-Tested),21,
AWP | Black Nile,MINIMAL_WEAR,False,False,4.28,AWP | Black Nile (Minimal Wear),21,
AK-47 | The Empress,MINIMAL_WEAR,False,False,91.58,AK-47 | The Empress (Minimal Wear),21,
Sticker | Goofy (Holo) | Copenhagen 2024,,False,False,10.0,Sticker | Goofy (Holo) | Copenhagen 2024,21,
Sticker | Mister Chief,,False,False,0.68,Sticker | Mister Chief,21,
USP-S | Torque,MINIMAL_WEAR,True,False,2.53,StatTrak™ USP-S | Torque (Minimal Wear),21,
Sealed Graffiti | Little Crown (Jungle Green),,False,False,0.15,Sealed Graffiti | Little Crown (Jungle Green),20,
Five-SeveN | Fraise Crane,FACTORY_NEW,False,False,3.46,Five-SeveN | Fraise Crane (Factory New),20,
Desert Eagle | Urban DDPAT,FIELD_TESTED,False,False,1.26,Desert Eagle | Urban DDPAT (Field-Tested),20,
Negev | Boroque Sand,MINIMAL_WEAR,False,False,4.12,Negev | Boroque Sand (Minimal Wear),20,
P2000 | Oceanic,FACTORY_NEW,True,False,1.27,StatTrak™ P2000 | Oceanic (Factory New),20,
Astralis | MLG Columbus 2016,,False,False,3.42,Sticker | Astralis | MLG Columbus 2016,20,
MAC-10 | Malachite,FIELD_TESTED,False,False,1.73,MAC-10 | Malachite (Field-Tested),20,
SCAR-20 | Blueprint,FIELD_TESTED,True,False,0.29,StatTrak™ SCAR-20 | Blueprint (Field-Tested),20,
MAG-7 | Justice,WELL_WORN,False,False,4.0,MAG-7 | Justice (Well-Worn),20,
MP9 | Rose Iron,FACTORY_NEW,False,False,17.0,MP9 | Rose Iron (Factory New),20,
Sticker | Twistzz (Glitter) | Antwerp 2022,,False,False,0.18,Sticker | Twistzz (Glitter) | Antwerp 2022,20,
Sticker | KSCERATO | Katowice 2019,,False,False,0.64,Sticker | KSCERATO | Katowice 2019,20,
P90 | Vent Rush,BATTLE_SCARRED,False,False,0.29,P90 | Vent Rush (Battle-Scarred),20,
M4A4 | Global Offensive,FACTORY_NEW,False,False,64.39,M4A4 | Global Offensive (Factory New),20,
Sealed Graffiti | Fart (Brick Red),,False,False,0.44,Sealed Graffiti | Fart (Brick Red),20,
Desert Eagle | Golden Koi,FACTORY_NEW,False,False,220.0,Desert Eagle | Golden Koi (Factory New),20,
AK-47 | Blue Laminate,MINIMAL_WEAR,False,False,14.69,AK-47 | Blue Laminate (Minimal Wear),20,
USP-S | Torque,FACTORY_NEW,True,False,5.34,StatTrak™ USP-S | Torque (Factory New),20,
Nova | Koi,FACTORY_NEW,True,False,3.35,StatTrak™ Nova | Koi (Factory New),20,
Patch | Ninjas in Pyjamas | Stockholm 2021,,False,False,2.57,Patch | Ninjas in Pyjamas | Stockholm 2021,20,
AK-47 | The Outsiders,MINIMAL_WEAR,False,False,12.94,AK-47 | The Outsiders (Minimal Wear),20,
USP-S | Tropical Breeze,MINIMAL_WEAR,False,False,0.72,USP-S | Tropical Breeze (Minimal Wear),20,
UMP-45 | Warm Blooded,MINIMAL_WEAR,False,False,0.51,UMP-45 | Warm Blooded (Minimal Wear),20,
Sticker | FURIA (Gold) | Stockholm 2021,,False,False,8.49,Sticker | FURIA (Gold) | Stockholm 2021,20,
AWP | Worm God,MINIMAL_WEAR,False,False,4.88,AWP | Worm God (Minimal Wear),20,
Glock-18 | Reactor,FIELD_TESTED,False,False,16.96,Glock-18 | Reactor (Field-Tested),20,
Dual Berettas | Ventilators,FACTORY_NEW,False,False,0.6,Dual Berettas | Ventilators (Factory New),20,
AUG | Fleet Flock,FIELD_TESTED,False,False,9.26,AUG | Fleet Flock (Field-Tested),20,
MAG-7 | Monster Call,MINIMAL_WEAR,True,False,1.47,StatTrak™ MAG-7 | Monster Call (Minimal Wear),20,
P90 | Elite Build,MINIMAL_WEAR,True,False,0.72,StatTrak™ P90 | Elite Build (Minimal Wear),20,
USP-S | Jawbreaker,WELL_WORN,False,False,2.74,USP-S | Jawbreaker (Well-Worn),20,
Desert Eagle | Mudder,MINIMAL_WEAR,False,False,0.18,Desert Eagle | Mudder (Minimal Wear),20,
Glock-18 | Trace Lock,FIELD_TESTED,False,False,1.16,Glock-18 | Trace Lock (Field-Tested),20,
Sticker | Full Buy,,False,False,0.73,Sticker | Full Buy,20,
Five-SeveN | Sky Blue,FACTORY_NEW,False,False,0.35,Five-SeveN | Sky Blue (Factory New),20,
"Music Kit | Daniel Sadowski, Eye of the Dragon",,False,False,1.05,"Music Kit | Daniel Sadowski, Eye of the Dragon",20,
MP5-SD | Liquidation,FACTORY_NEW,True,False,1.14,StatTrak™ MP5-SD | Liquidation (Factory New),20,
M4A1-S | Black Lotus,FIELD_TESTED,True,False,10.8,StatTrak™ M4A1-S | Black Lotus (Field-Tested),20,
Sticker | Chr1zN | Cologne 2026,,False,False,100.0,Sticker | Chr1zN | Cologne 2026,20,
Sealed Graffiti | Kiss (Tiger Orange),,False,False,0.43,Sealed Graffiti | Kiss (Tiger Orange),20,
P90 | Off World,BATTLE_SCARRED,False,False,0.17,P90 | Off World (Battle-Scarred),20,
Galil AR | Control,FACTORY_NEW,False,False,5.61,Galil AR | Control (Factory New),20,
"StatTrak™ Music Kit | Humanity's Last Breath, Void",,True,False,1.09,"StatTrak™ Music Kit | Humanity's Last Breath, Void",20,
Sealed Graffiti | Question Mark (Wire Blue),,False,False,0.17,Sealed Graffiti | Question Mark (Wire Blue),20,
P90 | Neoqueen,WELL_WORN,False,False,0.32,P90 | Neoqueen (Well-Worn),20,
Sticker | ENCE (Holo) | Stockholm 2021,,False,False,3.49,Sticker | ENCE (Holo) | Stockholm 2021,20,
Sticker | Sticker Bomb Surf K (Foil),,False,False,8.1,Sticker | Sticker Bomb Surf K (Foil),20,
Sealed Graffiti | Shining Star (Monarch Blue),,False,False,0.2,Sealed Graffiti | Shining Star (Monarch Blue),20,
Dual Berettas | Tread,FIELD_TESTED,False,False,0.73,Dual Berettas | Tread (Field-Tested),20,
Sticker | mezii (Holo) | Austin 2025,,False,False,0.49,Sticker | mezii (Holo) | Austin 2025,20,
Five-SeveN | Fowl Play,FIELD_TESTED,False,False,15.4,Five-SeveN | Fowl Play (Field-Tested),20,
MP7 | Prey,MINIMAL_WEAR,False,False,0.27,MP7 | Prey (Minimal Wear),20,
Desert Eagle | Blaze,FACTORY_NEW,False,False,686.88,Desert Eagle | Blaze (Factory New),20,
UMP-45 | Labyrinth,MINIMAL_WEAR,False,False,0.27,UMP-45 | Labyrinth (Minimal Wear),20,
Sticker | Aleksib (Holo) | Paris 2023,,False,False,0.36,Sticker | Aleksib (Holo) | Paris 2023,20,
Galil AR | Stone Cold,MINIMAL_WEAR,False,False,4.77,Galil AR | Stone Cold (Minimal Wear),20,
SG 553 | Phantom,FIELD_TESTED,True,False,0.84,StatTrak™ SG 553 | Phantom (Field-Tested),20,
P90 | Cocoa Rampage,FIELD_TESTED,False,False,0.88,P90 | Cocoa Rampage (Field-Tested),20,
AK-47 | Crane Flight,MINIMAL_WEAR,False,False,35.69,AK-47 | Crane Flight (Minimal Wear),20,
Sticker | sk0R (Holo) | Paris 2023,,False,False,0.73,Sticker | sk0R (Holo) | Paris 2023,20,
"StatTrak™ Music Kit | Mord Fustang, Diamonds",,False,False,1.59,"Music Kit | Mord Fustang, Diamonds",20,
Team Kinguin | Cologne 2015,,False,False,4.3,Sticker | Team Kinguin | Cologne 2015,20,
eSports Key,,False,False,19.99,eSports Key,20,
Dual Berettas | Urban Shock,FACTORY_NEW,False,False,7.22,Dual Berettas | Urban Shock (Factory New),20,
SSG 08 | Blood in the Water,MINIMAL_WEAR,False,False,78.0,SSG 08 | Blood in the Water (Minimal Wear),20,
AK-47 | Vulcan,FIELD_TESTED,False,False,164.17,AK-47 | Vulcan (Field-Tested),20,
shroud (Foil) | Krakow 2017,,False,False,45.48,Sticker | shroud (Foil) | Krakow 2017,20,
Sticker | 9z Team (Holo) | Antwerp 2022,,False,False,8.02,Sticker | 9z Team (Holo) | Antwerp 2022,20,
StatTrak™ Dual Berettas | Shred,FACTORY_NEW,False,False,1.18,Dual Berettas | Shred (Factory New),20,
"StatTrak™ Music Kit | Feed Me, High Noon",,False,False,2.24,"Music Kit | Feed Me, High Noon",20,
USP-S | Cortex,BATTLE_SCARRED,True,False,5.71,StatTrak™ USP-S | Cortex (Battle-Scarred),20,
NBK- | Cluj-Napoca 2015,,False,False,2.44,Sticker | NBK- | Cluj-Napoca 2015,20,
PP-Bizon | RMX,FIELD_TESTED,False,False,0.11,PP-Bizon | RMX (Field-Tested),20,
M249 | Contrast Spray,FIELD_TESTED,False,False,0.34,M249 | Contrast Spray (Field-Tested),20,
G3SG1 | Orange Kimono,FIELD_TESTED,False,False,8.98,G3SG1 | Orange Kimono (Field-Tested),20,
AUG | Tom Cat,FACTORY_NEW,False,False,1.66,AUG | Tom Cat (Factory New),20,
AK-47 | Breakthrough,FACTORY_NEW,False,False,15.89,AK-47 | Breakthrough (Factory New),20,
M4A1-S | Mud-Spec,FACTORY_NEW,False,False,3.99,M4A1-S | Mud-Spec (Factory New),20,
Sticker | Knives Out,,False,False,0.15,Sticker | Knives Out,20,
Sealed Graffiti | Shining Star (Monster Purple),,False,False,1.26,Sealed Graffiti | Shining Star (Monster Purple),20,
Sealed Graffiti | Little Crown (Tracer Yellow),,False,False,0.52,Sealed Graffiti | Little Crown (Tracer Yellow),20,
M4A4 | Magnesium,BATTLE_SCARRED,True,False,0.52,StatTrak™ M4A4 | Magnesium (Battle-Scarred),20,
Desert Eagle | Sputnik,MINIMAL_WEAR,False,False,2.82,Desert Eagle | Sputnik (Minimal Wear),20,
Tec-9 | Blue Titanium,FACTORY_NEW,True,False,8.7,StatTrak™ Tec-9 | Blue Titanium (Factory New),20,
MAC-10 | Ensnared,FACTORY_NEW,True,False,1.34,StatTrak™ MAC-10 | Ensnared (Factory New),20,
Sealed Graffiti | OMG (Shark White),,False,False,0.43,Sealed Graffiti | OMG (Shark White),20,
P90 | Reef Grief,FACTORY_NEW,False,False,1.02,P90 | Reef Grief (Factory New),20,
D Squadron Officer | NZSAS,,False,False,68.99,D Squadron Officer | NZSAS,20,
Sticker | sh1ro (Glitter) | Copenhagen 2024,,False,False,0.41,Sticker | sh1ro (Glitter) | Copenhagen 2024,20,
Sealed Graffiti | BOOM (Violent Violet),,False,False,0.16,Sealed Graffiti | BOOM (Violent Violet),20,
Negev | Dazzle,FIELD_TESTED,True,False,0.28,StatTrak™ Negev | Dazzle (Field-Tested),20,
AUG | Syd Mead,FIELD_TESTED,False,False,9.53,AUG | Syd Mead (Field-Tested),20,
★ Sport Gloves | Omega,FIELD_TESTED,False,False,190.47,★ Sport Gloves | Omega (Field-Tested),20,
Sticker | Magisk (Glitter) | Antwerp 2022,,False,False,0.49,Sticker | Magisk (Glitter) | Antwerp 2022,20,
Desert Eagle | Calligraffiti,MINIMAL_WEAR,True,False,1.08,StatTrak™ Desert Eagle | Calligraffiti (Minimal Wear),20,
Five-SeveN | Case Hardened,MINIMAL_WEAR,False,False,14.34,Five-SeveN | Case Hardened (Minimal Wear),20,
MP7 | Smoking Kills,FIELD_TESTED,False,False,6.51,MP7 | Smoking Kills (Field-Tested),20,
Nova | Rising Sun,BATTLE_SCARRED,True,False,0.48,StatTrak™ Nova | Rising Sun (Battle-Scarred),20,
G3SG1 | Ventilator,FACTORY_NEW,False,False,0.69,G3SG1 | Ventilator (Factory New),20,
Counter Logic Gaming | Katowice 2015,,False,False,22.09,Sticker | Counter Logic Gaming | Katowice 2015,20,
Sticker | SAW (Glitter) | Copenhagen 2024,,False,False,2.28,Sticker | SAW (Glitter) | Copenhagen 2024,20,
CZ75-Auto | Silver,FACTORY_NEW,False,True,1.44,Souvenir CZ75-Auto | Silver (Factory New),20,
G3SG1 | Stinger,FACTORY_NEW,False,False,11.11,G3SG1 | Stinger (Factory New),20,
Sticker | One Sting,,False,False,0.12,Sticker | One Sting,20,
AUG | Torque,FIELD_TESTED,False,False,4.35,AUG | Torque (Field-Tested),20,
M4A1-S | Liquidation,FIELD_TESTED,True,False,5.81,StatTrak™ M4A1-S | Liquidation (Field-Tested),20,
Desert Eagle | Directive,MINIMAL_WEAR,False,False,6.48,Desert Eagle | Directive (Minimal Wear),20,
M4A1-S | Liquidation,WELL_WORN,False,False,1.02,M4A1-S | Liquidation (Well-Worn),20,
Feral Predators Capsule,,False,False,1.09,Feral Predators Capsule,20,
FAMAS | Survivor Z,FACTORY_NEW,False,False,9.99,FAMAS | Survivor Z (Factory New),20,
Office Pin,,False,False,7.59,Office Pin,20,
P90 | Desert Warfare,FACTORY_NEW,True,False,11.94,StatTrak™ P90 | Desert Warfare (Factory New),20,
Dual Berettas | Dualing Dragons,BATTLE_SCARRED,False,False,0.2,Dual Berettas | Dualing Dragons (Battle-Scarred),20,
Sticker | draken (Foil) | London 2018,,False,False,6.94,Sticker | draken (Foil) | London 2018,20,
Dual Berettas | Dualing Dragons,FACTORY_NEW,False,False,6.39,Dual Berettas | Dualing Dragons (Factory New),20,
Sticker | Winstrike Team (Holo) | London 2018,,False,False,8.0,Sticker | Winstrike Team (Holo) | London 2018,20,
P90 | Trigon,FIELD_TESTED,False,False,7.91,P90 | Trigon (Field-Tested),20,
Sticker | NQZ | Shanghai 2024,,False,False,0.19,Sticker | NQZ | Shanghai 2024,20,
Sticker | sh1ro (Glitter) | Antwerp 2022,,False,False,0.23,Sticker | sh1ro (Glitter) | Antwerp 2022,20,
Sticker | Ain't A Rental (Foil),,False,False,0.73,Sticker | Ain't A Rental (Foil),20,
AWP | Arsenic Spill,MINIMAL_WEAR,False,False,0.43,AWP | Arsenic Spill (Minimal Wear),20,
Sealed Graffiti | Broken Heart (Monster Purple),,False,False,0.69,Sealed Graffiti | Broken Heart (Monster Purple),20,
SG 553 | Tiger Moth,FIELD_TESTED,False,False,1.1,SG 553 | Tiger Moth (Field-Tested),20,
MP5-SD | Co-Processor,FACTORY_NEW,False,False,2.37,MP5-SD | Co-Processor (Factory New),20,
Sealed Graffiti | Broken Heart (Jungle Green),,False,False,0.38,Sealed Graffiti | Broken Heart (Jungle Green),20,
"Music Kit | Scarlxrd, CHAIN$AW.LXADXUT.",,False,False,1.55,"Music Kit | Scarlxrd, CHAIN$AW.LXADXUT.",20,
P2000 | Dispatch,MINIMAL_WEAR,False,False,14.0,P2000 | Dispatch (Minimal Wear),20,
USP-S | PC-GRN,WELL_WORN,True,False,0.16,StatTrak™ USP-S | PC-GRN (Well-Worn),20,
Team Liquid (Holo) | Cologne 2016,,False,False,33.0,Sticker | Team Liquid (Holo) | Cologne 2016,20,
P250 | Valence,MINIMAL_WEAR,False,False,0.56,P250 | Valence (Minimal Wear),20,
PP-Bizon | Brass,MINIMAL_WEAR,False,False,0.41,PP-Bizon | Brass (Minimal Wear),20,
UMP-45 | Riot,MINIMAL_WEAR,False,False,0.49,UMP-45 | Riot (Minimal Wear),20,
XM1014 | CaliCamo,MINIMAL_WEAR,False,False,0.23,XM1014 | CaliCamo (Minimal Wear),20,
Sawed-Off | Jungle Thicket,FIELD_TESTED,False,False,4.31,Sawed-Off | Jungle Thicket (Field-Tested),20,
P250 | Forest Night,WELL_WORN,False,False,1.3,P250 | Forest Night (Well-Worn),20,
P250 | Forest Night,BATTLE_SCARRED,False,False,2.0,P250 | Forest Night (Battle-Scarred),20,
M4A1-S | Nitro,FACTORY_NEW,False,False,18.93,M4A1-S | Nitro (Factory New),20,
Sealed Graffiti | Lightbulb (Tracer Yellow),,False,False,0.17,Sealed Graffiti | Lightbulb (Tracer Yellow),20,
AUG | Momentum,WELL_WORN,False,False,4.27,AUG | Momentum (Well-Worn),20,
P2000 | Wicked Sick,MINIMAL_WEAR,False,False,5.0,P2000 | Wicked Sick (Minimal Wear),20,
Sticker | broky (Holo) | Paris 2023,,False,False,0.66,Sticker | broky (Holo) | Paris 2023,20,
Glock-18 | Clear Polymer,MINIMAL_WEAR,True,False,1.2,StatTrak™ Glock-18 | Clear Polymer (Minimal Wear),20,
USP-S | Blueprint,BATTLE_SCARRED,False,False,2.94,USP-S | Blueprint (Battle-Scarred),20,
M4A4 | Global Offensive,MINIMAL_WEAR,False,False,15.69,M4A4 | Global Offensive (Minimal Wear),20,
AWP | Elite Build,FIELD_TESTED,False,False,11.0,AWP | Elite Build (Field-Tested),20,
P250 | Crimson Kimono,MINIMAL_WEAR,False,False,15.67,P250 | Crimson Kimono (Minimal Wear),20,
AK-47 | Asiimov,MINIMAL_WEAR,False,False,48.21,AK-47 | Asiimov (Minimal Wear),20,
MAC-10 | Neon Rider,FACTORY_NEW,False,False,101.41,MAC-10 | Neon Rider (Factory New),20,
AK-47 | Steel Delta,BATTLE_SCARRED,False,False,1.82,AK-47 | Steel Delta (Battle-Scarred),20,
Charm | Hang Loose,,False,False,0.39,Charm | Hang Loose,20,
AK-47 | Emerald Pinstripe,WELL_WORN,False,False,1.92,AK-47 | Emerald Pinstripe (Well-Worn),20,
SSG 08 | Threat Detected,MINIMAL_WEAR,False,False,16.96,SSG 08 | Threat Detected (Minimal Wear),20,
"Music Kit | KILL SCRIPT, All Night",,False,False,2.99,"Music Kit | KILL SCRIPT, All Night",20,
Tamara,,False,False,1.18,Sticker | Tamara,20,
StatTrak™ Tec-9 | Snek-9,FIELD_TESTED,True,False,0.41,StatTrak™ Tec-9 | Snek-9 (Field-Tested),19,
Five-SeveN | Flame Test,MINIMAL_WEAR,True,False,0.41,StatTrak™ Five-SeveN | Flame Test (Minimal Wear),19,
Tec-9 | Flash Out,MINIMAL_WEAR,False,False,0.36,Tec-9 | Flash Out (Minimal Wear),19,
MAC-10 | Oceanic,FACTORY_NEW,True,False,0.89,StatTrak™ MAC-10 | Oceanic (Factory New),19,
MAG-7 | Sonar,FACTORY_NEW,False,False,5.33,MAG-7 | Sonar (Factory New),19,
UMP-45 | Arctic Wolf,MINIMAL_WEAR,True,False,1.12,StatTrak™ UMP-45 | Arctic Wolf (Minimal Wear),19,
Tec-9 | Bamboo Forest,FIELD_TESTED,False,False,9.0,Tec-9 | Bamboo Forest (Field-Tested),19,
Five-SeveN | Heat Treated,BATTLE_SCARRED,False,False,2.53,Five-SeveN | Heat Treated (Battle-Scarred),19,
Quantum Bellator Fire (Foil) | Boston 2018,,False,False,55.0,Sticker | Quantum Bellator Fire (Foil) | Boston 2018,19,
Sealed Graffiti | Immortals | Krakow 2017,,False,False,0.83,Sealed Graffiti | Immortals | Krakow 2017,19,
Sealed Graffiti | Hop (Tiger Orange),,False,False,1.46,Sealed Graffiti | Hop (Tiger Orange),19,
StatTrak™ Tec-9 | Snek-9,FACTORY_NEW,True,False,4.9,StatTrak™ Tec-9 | Snek-9 (Factory New),19,
Zeus x27 | Olympus,FIELD_TESTED,True,False,5.11,StatTrak™ Zeus x27 | Olympus (Field-Tested),19,
Sealed Graffiti | Question Mark (Shark White),,False,False,0.57,Sealed Graffiti | Question Mark (Shark White),19,
MAC-10 | Poplar Thicket,FACTORY_NEW,False,False,0.74,MAC-10 | Poplar Thicket (Factory New),19,
M4A1-S | Decimator,FACTORY_NEW,False,False,56.69,M4A1-S | Decimator (Factory New),19,
USP-S | Neo-Noir,FIELD_TESTED,False,False,84.0,USP-S | Neo-Noir (Field-Tested),19,
P90 | Elite Build,FACTORY_NEW,True,False,7.45,StatTrak™ P90 | Elite Build (Factory New),19,
Sealed Graffiti | Little Bock (Bazooka Pink),,False,False,0.47,Sealed Graffiti | Little Bock (Bazooka Pink),19,
USP-S | Cyrex,FACTORY_NEW,False,False,57.0,USP-S | Cyrex (Factory New),19,
AUG | Death by Puppy,FIELD_TESTED,False,False,4.07,AUG | Death by Puppy (Field-Tested),19,
Sticker | BIG (Holo) | Antwerp 2022,,False,False,2.65,Sticker | BIG (Holo) | Antwerp 2022,19,
Sticker | electronic (Glitter) | Antwerp 2022,,False,False,0.11,Sticker | electronic (Glitter) | Antwerp 2022,19,
Sealed Graffiti | Little Bock (Tiger Orange),,False,False,0.22,Sealed Graffiti | Little Bock (Tiger Orange),19,
Glock-18 | Ironwork,WELL_WORN,True,False,0.54,StatTrak™ Glock-18 | Ironwork (Well-Worn),19,
MAG-7 | Cobalt Core,FIELD_TESTED,True,False,0.37,StatTrak™ MAG-7 | Cobalt Core (Field-Tested),19,
StatTrak™ Glock-18 | Warhawk,MINIMAL_WEAR,False,False,0.64,Glock-18 | Warhawk (Minimal Wear),19,
Sticker | Lucky | Berlin 2019,,False,False,0.21,Sticker | Lucky | Berlin 2019,19,
MP9 | Bee-Tron,FACTORY_NEW,False,False,0.11,MP9 | Bee-Tron (Factory New),19,
Sticker | Heroic (Holo) | Antwerp 2022,,False,False,2.1,Sticker | Heroic (Holo) | Antwerp 2022,19,
AdreN | Krakow 2017,,False,False,3.5,Sticker | AdreN | Krakow 2017,19,
Sticker | Renegades (Holo) | Antwerp 2022,,False,False,3.5,Sticker | Renegades (Holo) | Antwerp 2022,19,
Sticker | Sprout Esports | Boston 2018,,False,False,6.03,Sticker | Sprout Esports | Boston 2018,19,
MAG-7 | Storm,FIELD_TESTED,False,True,0.15,Souvenir MAG-7 | Storm (Field-Tested),19,
AUG | Eye of Zapems,FACTORY_NEW,False,False,10.73,AUG | Eye of Zapems (Factory New),19,
Sawed-Off | Kiss♥Love,MINIMAL_WEAR,False,False,5.0,Sawed-Off | Kiss♥Love (Minimal Wear),19,
USP-S | Cortex,FIELD_TESTED,True,False,6.15,StatTrak™ USP-S | Cortex (Field-Tested),19,
Sealed Graffiti | BIG | Boston 2018,,False,False,1.5,Sealed Graffiti | BIG | Boston 2018,19,
Glock-18 | Winterized,FACTORY_NEW,False,False,2.96,Glock-18 | Winterized (Factory New),19,
Sealed Graffiti | Dead Now (Brick Red),,False,False,0.21,Sealed Graffiti | Dead Now (Brick Red),19,
Stockholm 2021 Inferno Souvenir Package,,False,False,3.87,Stockholm 2021 Inferno Souvenir Package,19,
Sticker | ropz (Foil) | Austin 2025,,False,False,0.29,Sticker | ropz (Foil) | Austin 2025,19,
FAMAS | Meow 36,FACTORY_NEW,False,False,1.5,FAMAS | Meow 36 (Factory New),19,
Sealed Graffiti | BOOM (Monarch Blue),,False,False,0.14,Sealed Graffiti | BOOM (Monarch Blue),19,
SSG 08 | Blush Pour,MINIMAL_WEAR,False,False,0.38,SSG 08 | Blush Pour (Minimal Wear),19,
AK-47 | Bloodsport,MINIMAL_WEAR,False,False,123.47,AK-47 | Bloodsport (Minimal Wear),19,
★ Hydra Gloves | Case Hardened,FIELD_TESTED,False,False,55.84,★ Hydra Gloves | Case Hardened (Field-Tested),19,
Negev | Man-o'-war,MINIMAL_WEAR,True,False,0.36,StatTrak™ Negev | Man-o'-war (Minimal Wear),19,
shox | Boston 2018,,False,False,1.46,Sticker | shox | Boston 2018,19,
XM1014 | Oxide Blaze,FACTORY_NEW,False,False,0.46,XM1014 | Oxide Blaze (Factory New),19,
MP5-SD | Snow Splash,FACTORY_NEW,False,False,0.15,MP5-SD | Snow Splash (Factory New),19,
Galil AR | Destroyer,FACTORY_NEW,True,False,0.54,StatTrak™ Galil AR | Destroyer (Factory New),19,
MAC-10 | Rangeen,MINIMAL_WEAR,False,False,0.32,MAC-10 | Rangeen (Minimal Wear),19,
Sticker | CS20 Classic (Holo),,False,False,0.48,Sticker | CS20 Classic (Holo),19,
PP-Bizon | Bamboo Print,FIELD_TESTED,False,False,9.27,PP-Bizon | Bamboo Print (Field-Tested),19,
CZ75-Auto | Tacticat,FIELD_TESTED,True,False,0.96,StatTrak™ CZ75-Auto | Tacticat (Field-Tested),19,
Tec-9 | VariCamo,FACTORY_NEW,False,False,0.42,Tec-9 | VariCamo (Factory New),19,
Sawed-Off | Sage Spray,BATTLE_SCARRED,False,False,0.47,Sawed-Off | Sage Spray (Battle-Scarred),19,
Sealed Graffiti | Little Bock (SWAT Blue),,False,False,0.18,Sealed Graffiti | Little Bock (SWAT Blue),19,
UMP-45 | K.O. Factory,MINIMAL_WEAR,False,False,5.53,UMP-45 | K.O. Factory (Minimal Wear),19,
Sealed Graffiti | Smirk (Tiger Orange),,False,False,0.24,Sealed Graffiti | Smirk (Tiger Orange),19,
P90 | Elite Build,WELL_WORN,False,False,0.28,P90 | Elite Build (Well-Worn),19,
M249 | Warbird,FIELD_TESTED,False,False,0.67,M249 | Warbird (Field-Tested),19,
Astralis (Holo) | Cologne 2016,,False,False,44.9,Sticker | Astralis (Holo) | Cologne 2016,19,
Sawed-Off | Black Sand,FIELD_TESTED,True,False,0.16,StatTrak™ Sawed-Off | Black Sand (Field-Tested),19,
SCAR-20 | Storm,FIELD_TESTED,False,False,1.91,SCAR-20 | Storm (Field-Tested),19,
SCAR-20 | Fragments,FACTORY_NEW,True,False,0.46,StatTrak™ SCAR-20 | Fragments (Factory New),19,
AWP | Graphite,FACTORY_NEW,False,False,180.98,AWP | Graphite (Factory New),19,
Rekt (Holo),,False,False,1.51,Sticker | Rekt (Holo),19,
Sticker | biguzera (Holo) | Paris 2023,,False,False,0.23,Sticker | biguzera (Holo) | Paris 2023,19,
MAG-7 | MAGnitude,MINIMAL_WEAR,False,False,0.16,MAG-7 | MAGnitude (Minimal Wear),19,
Nova | Wurst Hölle,FACTORY_NEW,False,False,2.9,Nova | Wurst Hölle (Factory New),19,
CZ75-Auto | Circaetus,WELL_WORN,True,False,0.25,StatTrak™ CZ75-Auto | Circaetus (Well-Worn),19,
Luminosity Gaming (Holo) | MLG Columbus 2016,,False,False,88.7,Sticker | Luminosity Gaming (Holo) | MLG Columbus 2016,19,
Luminosity Gaming | MLG Columbus 2016,,False,False,13.1,Sticker | Luminosity Gaming | MLG Columbus 2016,19,
Dual Berettas | Urban Shock,FIELD_TESTED,False,False,1.94,Dual Berettas | Urban Shock (Field-Tested),19,
Dual Berettas | Emerald,FACTORY_NEW,False,False,30.0,Dual Berettas | Emerald (Factory New),19,
Glock-18 | Oxide Blaze,MINIMAL_WEAR,True,False,0.49,StatTrak™ Glock-18 | Oxide Blaze (Minimal Wear),19,
SSG 08 | Necropos,FACTORY_NEW,False,False,7.51,SSG 08 | Necropos (Factory New),19,
Five-SeveN | Forest Night,MINIMAL_WEAR,False,False,0.28,Five-SeveN | Forest Night (Minimal Wear),19,
Sticker | Great Wave (Holo),,False,False,7.0,Sticker | Great Wave (Holo),19,
M4A1-S | Cyrex,FIELD_TESTED,False,False,151.21,M4A1-S | Cyrex (Field-Tested),19,
★ Sport Gloves | Slingshot,FIELD_TESTED,False,False,362.99,★ Sport Gloves | Slingshot (Field-Tested),19,
Black Mesa Pin,,False,False,6.21,Black Mesa Pin,19,
Nova | Army Sheen,FACTORY_NEW,False,True,0.4,Souvenir Nova | Army Sheen (Factory New),19,
MP7 | Motherboard,FACTORY_NEW,False,False,1.39,MP7 | Motherboard (Factory New),19,
Dual Berettas | Cartel,WELL_WORN,False,False,0.37,Dual Berettas | Cartel (Well-Worn),19,
MP5-SD | Liquidation,FACTORY_NEW,False,False,1.39,MP5-SD | Liquidation (Factory New),19,
AWP | Acheron,FACTORY_NEW,False,False,15.85,AWP | Acheron (Factory New),19,
AWP | Elite Build,MINIMAL_WEAR,False,False,18.99,AWP | Elite Build (Minimal Wear),19,
Sticker | MIBR (Embroidered) | Budapest 2025,,False,False,0.12,Sticker | MIBR (Embroidered) | Budapest 2025,19,
FAMAS | ZX Spectron,FIELD_TESTED,False,False,2.68,FAMAS | ZX Spectron (Field-Tested),19,
P250 | Supernova,FIELD_TESTED,True,False,1.6,StatTrak™ P250 | Supernova (Field-Tested),19,
P2000 | Lifted Spirits,MINIMAL_WEAR,True,False,0.15,StatTrak™ P2000 | Lifted Spirits (Minimal Wear),19,
Sticker | HexT | Rio 2022,,False,False,0.23,Sticker | HexT | Rio 2022,19,
Sticker | Fnatic (Glitter) | Shanghai 2024,,False,False,0.24,Sticker | Fnatic (Glitter) | Shanghai 2024,19,
Patch | CMB,,False,False,0.22,Patch | CMB,19,
UMP-45 | Grand Prix,FIELD_TESTED,True,False,1.12,StatTrak™ UMP-45 | Grand Prix (Field-Tested),19,
SCAR-20 | Enforcer,BATTLE_SCARRED,False,False,0.4,SCAR-20 | Enforcer (Battle-Scarred),19,
Sticker | Team Liquid (Holo) | Katowice 2019,,False,False,7.78,Sticker | Team Liquid (Holo) | Katowice 2019,19,
M4A1-S | Chantico's Fire,FIELD_TESTED,False,False,95.0,M4A1-S | Chantico's Fire (Field-Tested),19,
M4A1-S | Mecha Industries,MINIMAL_WEAR,False,False,94.98,M4A1-S | Mecha Industries (Minimal Wear),19,
Boris,,False,False,0.17,Sticker | Boris,19,
Sticker | maden (Holo) | Paris 2023,,False,False,0.27,Sticker | maden (Holo) | Paris 2023,19,
R8 Revolver | Fade,FACTORY_NEW,False,False,81.63,R8 Revolver | Fade (Factory New),19,
Sticker | SINNERS | Cologne 2026,,False,False,0.19,Sticker | SINNERS | Cologne 2026,19,
Charm | Eye of Ball,,False,False,2.95,Charm | Eye of Ball,19,
Sticker | Toxic,,False,False,0.24,Sticker | Toxic,19,
Galil AR | Rocket Pop,FIELD_TESTED,False,False,0.95,Galil AR | Rocket Pop (Field-Tested),19,
P250 | Nevermore,MINIMAL_WEAR,True,False,2.18,StatTrak™ P250 | Nevermore (Minimal Wear),19,
MP9 | Food Chain,BATTLE_SCARRED,False,False,2.63,MP9 | Food Chain (Battle-Scarred),19,
R8 Revolver | Junk Yard,BATTLE_SCARRED,True,False,0.24,StatTrak™ R8 Revolver | Junk Yard (Battle-Scarred),19,
M4A4 | Magnesium,FACTORY_NEW,False,False,10.97,M4A4 | Magnesium (Factory New),19,
AWP | Man-o'-war,MINIMAL_WEAR,False,False,99.0,AWP | Man-o'-war (Minimal Wear),19,
UMP-45 | Labyrinth,FACTORY_NEW,True,False,0.68,StatTrak™ UMP-45 | Labyrinth (Factory New),19,
SSG 08 | Slashed,FIELD_TESTED,False,False,1.46,SSG 08 | Slashed (Field-Tested),19,
P250 | Cyber Shell,BATTLE_SCARRED,False,False,0.33,P250 | Cyber Shell (Battle-Scarred),19,
MP5-SD | Kitbash,MINIMAL_WEAR,True,False,0.97,StatTrak™ MP5-SD | Kitbash (Minimal Wear),19,
Tec-9 | Re-Entry,FACTORY_NEW,True,False,5.71,StatTrak™ Tec-9 | Re-Entry (Factory New),19,
FAMAS | Roll Cage,FIELD_TESTED,False,False,94.44,FAMAS | Roll Cage (Field-Tested),19,
Tec-9 | Re-Entry,MINIMAL_WEAR,False,False,1.34,Tec-9 | Re-Entry (Minimal Wear),19,
AUG | Chameleon,FACTORY_NEW,False,False,76.08,AUG | Chameleon (Factory New),19,
Galil AR | Chromatic Aberration,WELL_WORN,False,False,2.87,Galil AR | Chromatic Aberration (Well-Worn),19,
Galil AR | Metallic Squeezer,BATTLE_SCARRED,False,False,0.2,Galil AR | Metallic Squeezer (Battle-Scarred),19,
M249 | Nebula Crusader,FIELD_TESTED,False,False,1.19,M249 | Nebula Crusader (Field-Tested),19,
Shooting Star Return,,False,False,1.49,Sealed Graffiti | Shooting Star Return,19,
MP9 | Bioleak,FACTORY_NEW,True,False,1.08,StatTrak™ MP9 | Bioleak (Factory New),19,
Nova | Exo,FACTORY_NEW,False,False,0.71,Nova | Exo (Factory New),19,
MP9 | Broken Record,FACTORY_NEW,False,False,0.89,MP9 | Broken Record (Factory New),19,
AUG | Surveillance,WELL_WORN,False,False,1.12,AUG | Surveillance (Well-Worn),19,
Dual Berettas | Dualing Dragons,WELL_WORN,True,False,0.41,StatTrak™ Dual Berettas | Dualing Dragons (Well-Worn),19,
Ninjas in Pyjamas | Cologne 2015,,False,False,2.52,Sticker | Ninjas in Pyjamas | Cologne 2015,19,
M4A1-S | Basilisk,MINIMAL_WEAR,False,False,9.37,M4A1-S | Basilisk (Minimal Wear),19,
SG 553 | Lush Ruins,FIELD_TESTED,False,True,0.17,Souvenir SG 553 | Lush Ruins (Field-Tested),19,
Sticker | Little Mischief,,False,False,0.15,Sticker | Little Mischief,19,
Glock-18 | Neo-Noir,FIELD_TESTED,False,False,33.59,Glock-18 | Neo-Noir (Field-Tested),19,
SSG 08 | Dark Water,MINIMAL_WEAR,True,False,4.6,StatTrak™ SSG 08 | Dark Water (Minimal Wear),19,
UMP-45 | Momentum,FACTORY_NEW,False,False,9.35,UMP-45 | Momentum (Factory New),19,
Fnatic (Holo) | Cologne 2016,,False,False,17.99,Sticker | Fnatic (Holo) | Cologne 2016,19,
Five-SeveN | Withered Vine,MINIMAL_WEAR,False,False,0.74,Five-SeveN | Withered Vine (Minimal Wear),19,
AWP | Black Nile,FIELD_TESTED,False,False,2.57,AWP | Black Nile (Field-Tested),19,
Dual Berettas | Angel Eyes,FIELD_TESTED,False,False,0.54,Dual Berettas | Angel Eyes (Field-Tested),19,
Sticker | Krimbo (Holo) | Shanghai 2024,,False,False,0.95,Sticker | Krimbo (Holo) | Shanghai 2024,19,
M4A1-S | Guardian,MINIMAL_WEAR,False,False,26.25,M4A1-S | Guardian (Minimal Wear),19,
Ninjas in Pyjamas | Cologne 2016,,False,False,3.2,Sticker | Ninjas in Pyjamas | Cologne 2016,19,
SSG 08 | Zeno,BATTLE_SCARRED,False,False,0.25,SSG 08 | Zeno (Battle-Scarred),19,
MP9 | Dart,FACTORY_NEW,False,False,5.8,MP9 | Dart (Factory New),19,
MP9 | Deadly Poison,FIELD_TESTED,False,False,0.53,MP9 | Deadly Poison (Field-Tested),19,
MP7 | Armor Core,MINIMAL_WEAR,False,False,0.43,MP7 | Armor Core (Minimal Wear),18,
CZ75-Auto | Tigris,FACTORY_NEW,True,False,8.21,StatTrak™ CZ75-Auto | Tigris (Factory New),18,
SK Gaming (Holo) | Cologne 2016,,False,False,52.99,Sticker | SK Gaming (Holo) | Cologne 2016,18,
Tec-9 | Ice Cap,MINIMAL_WEAR,False,False,0.54,Tec-9 | Ice Cap (Minimal Wear),18,
Sticker | Boost (Holo),,False,False,0.72,Sticker | Boost (Holo),18,
M4A1-S | Solitude,FACTORY_NEW,False,False,21.9,M4A1-S | Solitude (Factory New),18,
Sticker | Team Spirit (Holo) | London 2018,,False,False,21.39,Sticker | Team Spirit (Holo) | London 2018,18,
USP-S | Alpine Camo,BATTLE_SCARRED,False,False,0.31,USP-S | Alpine Camo (Battle-Scarred),18,
Clutch King,,False,False,1.5,Sealed Graffiti | Clutch King,18,
Galil AR | Black Sand,FIELD_TESTED,True,False,0.35,StatTrak™ Galil AR | Black Sand (Field-Tested),18,
P2000 | Oceanic,FIELD_TESTED,True,False,0.28,StatTrak™ P2000 | Oceanic (Field-Tested),18,
Sticker | OG (Foil) | Austin 2025,,False,False,0.13,Sticker | OG (Foil) | Austin 2025,18,
P2000 | Imperial Dragon,MINIMAL_WEAR,False,False,9.0,P2000 | Imperial Dragon (Minimal Wear),18,
AUG | Tom Cat,FIELD_TESTED,True,False,0.22,StatTrak™ AUG | Tom Cat (Field-Tested),18,
Sticker | Purple Gnar,,False,False,0.33,Sticker | Purple Gnar,18,
Counter Logic Gaming (Holo) | MLG Columbus 2016,,False,False,69.0,Sticker | Counter Logic Gaming (Holo) | MLG Columbus 2016,18,
Desert Eagle | Mint Fan,FACTORY_NEW,False,False,1.67,Desert Eagle | Mint Fan (Factory New),18,
Sealed Graffiti | Smooch (Tiger Orange),,False,False,0.22,Sealed Graffiti | Smooch (Tiger Orange),18,
SG 553 | Berry Gel Coat,MINIMAL_WEAR,False,False,2.35,SG 553 | Berry Gel Coat (Minimal Wear),18,
Collectible Pins Capsule Series 1,,False,False,7.88,Collectible Pins Capsule Series 1,18,
Patch | Black Mesa,,False,False,1.06,Patch | Black Mesa,18,
Sticker | Djoko (Holo) | Shanghai 2024,,False,False,0.37,Sticker | Djoko (Holo) | Shanghai 2024,18,
Sticker | Avangar (Holo) | Katowice 2019,,False,False,2.1,Sticker | Avangar (Holo) | Katowice 2019,18,
mousesports | MLG Columbus 2016,,False,False,6.49,Sticker | mousesports | MLG Columbus 2016,18,
Sealed Graffiti | Little Bock (Monarch Blue),,False,False,0.28,Sealed Graffiti | Little Bock (Monarch Blue),18,
SG 553 | Cyberforce,FACTORY_NEW,False,False,0.72,SG 553 | Cyberforce (Factory New),18,
P90 | Chopper,MINIMAL_WEAR,True,False,2.27,StatTrak™ P90 | Chopper (Minimal Wear),18,
Team SoloMid | Cologne 2015,,False,False,1.69,Sticker | Team SoloMid | Cologne 2015,18,
Sealed Graffiti | Puke (Desert Amber),,False,False,0.3,Sealed Graffiti | Puke (Desert Amber),18,
AWP | Sun in Leo,FACTORY_NEW,False,False,69.32,AWP | Sun in Leo (Factory New),18,
Sawed-Off | Snake Camo,MINIMAL_WEAR,False,False,0.22,Sawed-Off | Snake Camo (Minimal Wear),18,
SCAR-20 | Assault,FIELD_TESTED,False,False,0.37,SCAR-20 | Assault (Field-Tested),18,
Negev | Drop Me,FACTORY_NEW,False,False,0.7,Negev | Drop Me (Factory New),18,
MAC-10 | Whitefish,BATTLE_SCARRED,False,False,0.19,MAC-10 | Whitefish (Battle-Scarred),18,
SSG 08 | Turbo Peek,MINIMAL_WEAR,False,False,22.35,SSG 08 | Turbo Peek (Minimal Wear),18,
Sawed-Off | Fubar,BATTLE_SCARRED,False,False,0.2,Sawed-Off | Fubar (Battle-Scarred),18,
Sticker | Bite Me (Foil),,False,False,1.11,Sticker | Bite Me (Foil),18,
Sticker | tiziaN (Glitter) | Antwerp 2022,,False,False,0.12,Sticker | tiziaN (Glitter) | Antwerp 2022,18,
Sealed Graffiti | Fart (Tiger Orange),,False,False,1.0,Sealed Graffiti | Fart (Tiger Orange),18,
Sticker | Sharks Esports | Cologne 2026,,False,False,0.19,Sticker | Sharks Esports | Cologne 2026,18,
Sticker | Stewie2K | Katowice 2019,,False,False,1.08,Sticker | Stewie2K | Katowice 2019,18,
Sawed-Off | Origami,FACTORY_NEW,True,False,0.82,StatTrak™ Sawed-Off | Origami (Factory New),18,
Glock-18 | Oxide Blaze,BATTLE_SCARRED,True,False,0.22,StatTrak™ Glock-18 | Oxide Blaze (Battle-Scarred),18,
SSG 08 | Fever Dream,MINIMAL_WEAR,True,False,4.51,StatTrak™ SSG 08 | Fever Dream (Minimal Wear),18,
Charm | Dr. Brian,,False,False,0.51,Charm | Dr. Brian,18,
MAC-10 | Last Dive,MINIMAL_WEAR,False,False,1.28,MAC-10 | Last Dive (Minimal Wear),18,
M4A1-S | Flashback,MINIMAL_WEAR,True,False,5.01,StatTrak™ M4A1-S | Flashback (Minimal Wear),18,
SG 553 | Triarch,FIELD_TESTED,False,False,0.94,SG 553 | Triarch (Field-Tested),18,
Sticker | mezii (Holo) | Shanghai 2024,,False,False,0.26,Sticker | mezii (Holo) | Shanghai 2024,18,
Sealed Graffiti | Choke (Monster Purple),,False,False,0.61,Sealed Graffiti | Choke (Monster Purple),18,
Dual Berettas | Flora Carnivora,FIELD_TESTED,True,False,0.6,StatTrak™ Dual Berettas | Flora Carnivora (Field-Tested),18,
Sticker | ChildKing | Shanghai 2024,,False,False,0.47,Sticker | ChildKing | Shanghai 2024,18,
Five-SeveN | Retrobution,FIELD_TESTED,False,False,1.09,Five-SeveN | Retrobution (Field-Tested),18,
MAG-7 | Petroglyph,FACTORY_NEW,False,False,3.1,MAG-7 | Petroglyph (Factory New),18,
Sawed-Off | Apocalypto,FACTORY_NEW,False,False,4.48,Sawed-Off | Apocalypto (Factory New),18,
Glock-18 | Wraiths,FIELD_TESTED,False,False,0.38,Glock-18 | Wraiths (Field-Tested),18,
"StatTrak™ Music Kit | Beartooth, Disgusting",,True,False,3.58,"StatTrak™ Music Kit | Beartooth, Disgusting",18,
MAC-10 | Light Box,MINIMAL_WEAR,True,False,0.29,StatTrak™ MAC-10 | Light Box (Minimal Wear),18,
SG 553 | Danger Close,MINIMAL_WEAR,False,False,0.22,SG 553 | Danger Close (Minimal Wear),18,
Sticker | Eternal Fire (Holo) | Antwerp 2022,,False,False,7.9,Sticker | Eternal Fire (Holo) | Antwerp 2022,18,
MP9 | Airlock,WELL_WORN,False,False,9.7,MP9 | Airlock (Well-Worn),18,
MP5-SD | Phosphor,MINIMAL_WEAR,False,False,5.56,MP5-SD | Phosphor (Minimal Wear),18,
XM1014 | Watchdog,FIELD_TESTED,False,False,1.3,XM1014 | Watchdog (Field-Tested),18,
Glock-18 | Winterized,MINIMAL_WEAR,True,False,0.19,StatTrak™ Glock-18 | Winterized (Minimal Wear),18,
USP-S | Cyrex,BATTLE_SCARRED,False,False,3.35,USP-S | Cyrex (Battle-Scarred),18,
Sticker | v$m (Holo) | Paris 2023,,False,False,14.99,Sticker | v$m (Holo) | Paris 2023,18,
keshandr (Foil) | Krakow 2017,,False,False,103.99,Sticker | keshandr (Foil) | Krakow 2017,18,
MP9 | Mount Fuji,FACTORY_NEW,False,False,19.5,MP9 | Mount Fuji (Factory New),18,
Desert Eagle | Crimson Web,MINIMAL_WEAR,False,False,30.98,Desert Eagle | Crimson Web (Minimal Wear),18,
Tec-9 | Cracked Opal,WELL_WORN,True,False,0.16,StatTrak™ Tec-9 | Cracked Opal (Well-Worn),18,
P250 | Ripple,FACTORY_NEW,True,False,0.88,StatTrak™ P250 | Ripple (Factory New),18,
XM1014 | Heaven Guard,FIELD_TESTED,False,False,4.04,XM1014 | Heaven Guard (Field-Tested),18,
Sealed Graffiti | Question Mark (Jungle Green),,False,False,0.23,Sealed Graffiti | Question Mark (Jungle Green),18,
Sawed-Off | Spirit Board,MINIMAL_WEAR,True,False,0.14,StatTrak™ Sawed-Off | Spirit Board (Minimal Wear),18,
MAC-10 | Saibā Oni,FACTORY_NEW,False,False,6.46,MAC-10 | Saibā Oni (Factory New),18,
Negev | Ultralight,FACTORY_NEW,False,False,0.42,Negev | Ultralight (Factory New),18,
Sticker | North (Gold) | 2020 RMR,,False,False,1.97,Sticker | North (Gold) | 2020 RMR,18,
SG 553 | Aerial,FACTORY_NEW,False,False,1.19,SG 553 | Aerial (Factory New),18,
Sticker | mezii (Foil) | Austin 2025,,False,False,0.23,Sticker | mezii (Foil) | Austin 2025,18,
M4A1-S | Mecha Industries,FIELD_TESTED,False,False,93.7,M4A1-S | Mecha Industries (Field-Tested),18,
UMP-45 | Scaffold,WELL_WORN,False,False,1.04,UMP-45 | Scaffold (Well-Worn),18,
MP7 | Special Delivery,FIELD_TESTED,False,False,1.1,MP7 | Special Delivery (Field-Tested),18,
MAC-10 | Pipe Down,WELL_WORN,False,False,0.35,MAC-10 | Pipe Down (Well-Worn),18,
Nova | Gila,MINIMAL_WEAR,False,False,3.0,Nova | Gila (Minimal Wear),18,
UMP-45 | Neo-Noir,WELL_WORN,False,False,3.5,UMP-45 | Neo-Noir (Well-Worn),18,
Countdown,,False,False,0.13,Sticker | Countdown,18,
USP-S | Caiman,MINIMAL_WEAR,False,False,40.0,USP-S | Caiman (Minimal Wear),18,
Sealed Graffiti | Question Mark (Desert Amber),,False,False,0.16,Sealed Graffiti | Question Mark (Desert Amber),18,
G3SG1 | Digital Mesh,FIELD_TESTED,False,False,0.8,G3SG1 | Digital Mesh (Field-Tested),18,
Sealed Graffiti | Smirk (War Pig Pink),,False,False,0.4,Sealed Graffiti | Smirk (War Pig Pink),18,
Glock-18 | Wraiths,MINIMAL_WEAR,False,False,1.12,Glock-18 | Wraiths (Minimal Wear),18,
Sticker | Ten Years (Foil),,False,False,0.41,Sticker | Ten Years (Foil),18,
MP7 | Fade,MINIMAL_WEAR,False,False,7.65,MP7 | Fade (Minimal Wear),18,
Sticker | broky | Rio 2022,,False,False,0.55,Sticker | broky | Rio 2022,18,
AK-47 | Aquamarine Revenge,FIELD_TESTED,False,False,32.0,AK-47 | Aquamarine Revenge (Field-Tested),18,
P90 | Module,FIELD_TESTED,False,False,0.9,P90 | Module (Field-Tested),18,
FAMAS | Sergeant,BATTLE_SCARRED,False,False,1.75,FAMAS | Sergeant (Battle-Scarred),18,
Sawed-Off | Analog Input,MINIMAL_WEAR,False,False,0.5,Sawed-Off | Analog Input (Minimal Wear),18,
AUG | Radiation Hazard,FACTORY_NEW,False,False,10.87,AUG | Radiation Hazard (Factory New),18,
★ Specialist Gloves | Fade,FIELD_TESTED,False,False,182.29,★ Specialist Gloves | Fade (Field-Tested),18,
Sticker | Freeze (Lenticular),,False,False,1.13,Sticker | Freeze (Lenticular),18,
MP5-SD | Condition Zero,FIELD_TESTED,False,False,0.83,MP5-SD | Condition Zero (Field-Tested),18,
Five-SeveN | Hybrid,WELL_WORN,True,False,0.64,StatTrak™ Five-SeveN | Hybrid (Well-Worn),18,
Sticker | Team Liquid | London 2018,,False,False,0.6,Sticker | Team Liquid | London 2018,18,
Sealed Graffiti | Choke (Dust Brown),,False,False,0.31,Sealed Graffiti | Choke (Dust Brown),18,
P2000 | Urban Hazard,MINIMAL_WEAR,True,False,0.27,StatTrak™ P2000 | Urban Hazard (Minimal Wear),18,
Sticker | Attacker | Berlin 2019,,False,False,0.38,Sticker | Attacker | Berlin 2019,18,
P2000 | Ivory,FIELD_TESTED,False,False,0.49,P2000 | Ivory (Field-Tested),18,
Sticker | NiKo (Glitter) | Copenhagen 2024,,False,False,1.1,Sticker | NiKo (Glitter) | Copenhagen 2024,18,
Sealed Graffiti | OMG (War Pig Pink),,False,False,0.48,Sealed Graffiti | OMG (War Pig Pink),18,
MAG-7 | Popdog,FIELD_TESTED,True,False,0.15,StatTrak™ MAG-7 | Popdog (Field-Tested),18,
P2000 | Urban Hazard,MINIMAL_WEAR,False,False,0.21,P2000 | Urban Hazard (Minimal Wear),18,
Natus Vincere | Katowice 2015,,False,False,24.66,Sticker | Natus Vincere | Katowice 2015,18,
AK-47 | Redline,MINIMAL_WEAR,False,False,136.99,AK-47 | Redline (Minimal Wear),18,
FAMAS | Neural Net,FACTORY_NEW,True,False,6.72,StatTrak™ FAMAS | Neural Net (Factory New),18,
Half-Life: Alyx Sticker Capsule,,False,False,1.18,Half-Life: Alyx Sticker Capsule,18,
M4A1-S | Atomic Alloy,FIELD_TESTED,False,False,22.59,M4A1-S | Atomic Alloy (Field-Tested),18,
Sealed Graffiti | Smarmy (War Pig Pink),,False,False,0.51,Sealed Graffiti | Smarmy (War Pig Pink),18,
"Music Kit | Perfect World, 花脸 Hua Lian (Painted Face)",,False,False,2.66,"Music Kit | Perfect World, 花脸 Hua Lian (Painted Face)",18,
Sealed Graffiti | Broken Heart (Blood Red),,False,False,1.5,Sealed Graffiti | Broken Heart (Blood Red),18,
AK-47 | Elite Build,WELL_WORN,True,False,3.29,StatTrak™ AK-47 | Elite Build (Well-Worn),18,
MP7 | Amberline,FIELD_TESTED,False,False,0.7,MP7 | Amberline (Field-Tested),18,
Sealed Graffiti | Cloud9 | Krakow 2017,,False,False,2.33,Sealed Graffiti | Cloud9 | Krakow 2017,18,
Sealed Graffiti | PENTA Sports | Krakow 2017,,False,False,0.95,Sealed Graffiti | PENTA Sports | Krakow 2017,18,
XM1014 | Mockingbird,MINIMAL_WEAR,True,False,0.18,StatTrak™ XM1014 | Mockingbird (Minimal Wear),18,
Desert Eagle | Kumicho Dragon,FIELD_TESTED,False,False,17.39,Desert Eagle | Kumicho Dragon (Field-Tested),18,
P90 | Facility Negative,FACTORY_NEW,False,False,2.49,P90 | Facility Negative (Factory New),18,
Sticker | M80 | Cologne 2026,,False,False,0.11,Sticker | M80 | Cologne 2026,18,
Sticker | TeSeS (Glitter) | Antwerp 2022,,False,False,0.12,Sticker | TeSeS (Glitter) | Antwerp 2022,18,
Dual Berettas | Cartel,MINIMAL_WEAR,False,False,1.9,Dual Berettas | Cartel (Minimal Wear),18,
Sticker | Krimbo (Glitter) | Antwerp 2022,,False,False,0.12,Sticker | Krimbo (Glitter) | Antwerp 2022,18,
Glock-18 | Off World,FACTORY_NEW,True,False,5.11,StatTrak™ Glock-18 | Off World (Factory New),18,
Sticker | Fnatic | Krakow 2017,,False,False,1.79,Sticker | Fnatic | Krakow 2017,18,
Patch | Dragon,,False,False,2.94,Patch | Dragon,18,
StatTrak™ AUG | Amber Slipstream,FACTORY_NEW,False,False,1.48,AUG | Amber Slipstream (Factory New),18,
Glock-18 | Bullet Queen,MINIMAL_WEAR,False,False,50.0,Glock-18 | Bullet Queen (Minimal Wear),18,
FAMAS | Decommissioned,WELL_WORN,False,False,0.23,FAMAS | Decommissioned (Well-Worn),18,
Sticker | tarik | Berlin 2019,,False,False,0.12,Sticker | tarik | Berlin 2019,18,
MP7 | Bloodsport,BATTLE_SCARRED,False,False,35.0,MP7 | Bloodsport (Battle-Scarred),18,
Sealed Graffiti | Choke (Violent Violet),,False,False,0.45,Sealed Graffiti | Choke (Violent Violet),18,
Sticker | jabbi (Glitter) | Rio 2022,,False,False,1.49,Sticker | jabbi (Glitter) | Rio 2022,18,
AWP | Capillary,FIELD_TESTED,True,False,1.33,StatTrak™ AWP | Capillary (Field-Tested),18,
AUG | Wings,FACTORY_NEW,True,False,15.8,StatTrak™ AUG | Wings (Factory New),18,
P250 | Verdigris,FACTORY_NEW,False,False,3.16,P250 | Verdigris (Factory New),18,
Galil AR | Connexion,WELL_WORN,False,False,0.38,Galil AR | Connexion (Well-Worn),18,
Sticker | M80 (Foil) | Austin 2025,,False,False,0.17,Sticker | M80 (Foil) | Austin 2025,18,
AUG | Arctic Wolf,MINIMAL_WEAR,False,False,3.29,AUG | Arctic Wolf (Minimal Wear),18,
Dual Berettas | Dualing Dragons,FIELD_TESTED,True,False,0.6,StatTrak™ Dual Berettas | Dualing Dragons (Field-Tested),18,
pronax | Cologne 2015,,False,False,1.53,Sticker | pronax | Cologne 2015,18,
USP-S | The Traitor,MINIMAL_WEAR,False,False,52.99,USP-S | The Traitor (Minimal Wear),18,
XM1014 | Hieroglyph,MINIMAL_WEAR,False,False,0.14,XM1014 | Hieroglyph (Minimal Wear),18,
Austin 2025 Mirage Souvenir Package,,False,False,2.6,Austin 2025 Mirage Souvenir Package,18,
Tec-9 | Orange Murano,FIELD_TESTED,False,False,4.69,Tec-9 | Orange Murano (Field-Tested),18,
PP-Bizon | High Roller,WELL_WORN,False,False,8.26,PP-Bizon | High Roller (Well-Worn),18,
MP9 | Black Sand,FACTORY_NEW,True,False,1.54,StatTrak™ MP9 | Black Sand (Factory New),18,
XM1014 | Bone Machine,FACTORY_NEW,False,False,18.51,XM1014 | Bone Machine (Factory New),18,
Sawed-Off | Morris,WELL_WORN,False,False,0.12,Sawed-Off | Morris (Well-Worn),18,
AK-47 | Aphrodite,MINIMAL_WEAR,False,False,41.99,AK-47 | Aphrodite (Minimal Wear),18,
AK-47 | Point Disarray,FACTORY_NEW,False,False,70.0,AK-47 | Point Disarray (Factory New),18,
Sticker | Cyber Romanov (Holo),,False,False,0.61,Sticker | Cyber Romanov (Holo),18,
Bullet Rain,,False,False,0.27,Sticker | Bullet Rain,18,
PP-Bizon | Photic Zone,FIELD_TESTED,False,False,0.75,PP-Bizon | Photic Zone (Field-Tested),18,
Shanghai 2024 Vertigo Souvenir Package,,False,False,9.99,Shanghai 2024 Vertigo Souvenir Package,18,
MAC-10 | Oceanic,FACTORY_NEW,False,False,1.58,MAC-10 | Oceanic (Factory New),18,
"Don't Worry, I'm Pro",,False,False,0.86,"Sticker | Don't Worry, I'm Pro",18,
USP-S | Jawbreaker,BATTLE_SCARRED,False,False,2.49,USP-S | Jawbreaker (Battle-Scarred),18,
Sticker | ANNIHILATION (Holo) | Paris 2023,,False,False,0.4,Sticker | ANNIHILATION (Holo) | Paris 2023,18,
Desert Eagle | Conspiracy,MINIMAL_WEAR,True,False,18.78,StatTrak™ Desert Eagle | Conspiracy (Minimal Wear),18,
R8 Revolver | Crazy 8,WELL_WORN,True,False,0.47,StatTrak™ R8 Revolver | Crazy 8 (Well-Worn),17,
R8 Revolver | Skull Crusher,FIELD_TESTED,False,False,7.72,R8 Revolver | Skull Crusher (Field-Tested),17,
Glock-18 | Clear Polymer,FACTORY_NEW,True,False,5.53,StatTrak™ Glock-18 | Clear Polymer (Factory New),17,
Rio 2022 Overpass Souvenir Package,,False,False,4.2,Rio 2022 Overpass Souvenir Package,17,
MAG-7 | Justice,BATTLE_SCARRED,False,False,3.89,MAG-7 | Justice (Battle-Scarred),17,
Sticker | Virtus.pro (Glitter) | Shanghai 2024,,False,False,0.19,Sticker | Virtus.pro (Glitter) | Shanghai 2024,17,
Sealed Graffiti | Grimace (Tiger Orange),,False,False,0.14,Sealed Graffiti | Grimace (Tiger Orange),17,
Sticker | FaZe Clan (Holo) | Berlin 2019,,False,False,0.92,Sticker | FaZe Clan (Holo) | Berlin 2019,17,
Sticker | Virtus.Pro | Atlanta 2017,,False,False,4.79,Sticker | Virtus.Pro | Atlanta 2017,17,
Sticker | North | Atlanta 2017,,False,False,2.43,Sticker | North | Atlanta 2017,17,
AK-47 | Slate,MINIMAL_WEAR,True,False,19.62,StatTrak™ AK-47 | Slate (Minimal Wear),17,
MAG-7 | Justice,MINIMAL_WEAR,False,False,6.79,MAG-7 | Justice (Minimal Wear),17,
Desert Eagle | Blue Ply,FACTORY_NEW,True,False,6.93,StatTrak™ Desert Eagle | Blue Ply (Factory New),17,
AK-47 | Case Hardened,FIELD_TESTED,False,False,187.77,AK-47 | Case Hardened (Field-Tested),17,
AK-47 | Safety Net,FACTORY_NEW,False,False,21.52,AK-47 | Safety Net (Factory New),17,
Desert Eagle | Mint Fan,MINIMAL_WEAR,False,False,0.6,Desert Eagle | Mint Fan (Minimal Wear),17,
Desert Eagle | Mecha Industries,FIELD_TESTED,True,False,10.4,StatTrak™ Desert Eagle | Mecha Industries (Field-Tested),17,
P2000 | Acid Etched,WELL_WORN,False,False,0.44,P2000 | Acid Etched (Well-Worn),17,
Nova | Yorkshire,FACTORY_NEW,False,False,5.6,Nova | Yorkshire (Factory New),17,
Sticker | Flipsid3 Tactics | Boston 2018,,False,False,12.01,Sticker | Flipsid3 Tactics | Boston 2018,17,
StatTrak™ Glock-18 | Warhawk,WELL_WORN,True,False,0.33,StatTrak™ Glock-18 | Warhawk (Well-Worn),17,
StatTrak™ AUG | Amber Slipstream,FIELD_TESTED,True,False,0.26,StatTrak™ AUG | Amber Slipstream (Field-Tested),17,
Sticker | Fnatic | Atlanta 2017,,False,False,3.6,Sticker | Fnatic | Atlanta 2017,17,
MAC-10 | Ultraviolet,MINIMAL_WEAR,False,False,6.0,MAC-10 | Ultraviolet (Minimal Wear),17,
R8 Revolver | Crazy 8,BATTLE_SCARRED,True,False,0.45,StatTrak™ R8 Revolver | Crazy 8 (Battle-Scarred),17,
Sticker | Gen.G (Foil) | 2020 RMR,,False,False,0.22,Sticker | Gen.G (Foil) | 2020 RMR,17,
Desert Eagle | Night Heist,MINIMAL_WEAR,False,False,26.15,Desert Eagle | Night Heist (Minimal Wear),17,
AK-47 | Rat Rod,WELL_WORN,False,False,3.0,AK-47 | Rat Rod (Well-Worn),17,
Galil AR | Sky Mandala,MINIMAL_WEAR,False,False,0.7,Galil AR | Sky Mandala (Minimal Wear),17,
Sealed Graffiti | Smirk (SWAT Blue),,False,False,0.3,Sealed Graffiti | Smirk (SWAT Blue),17,
MP7 | Vault Heist,MINIMAL_WEAR,False,False,6.75,MP7 | Vault Heist (Minimal Wear),17,
Desert Eagle | Serpent Strike,BATTLE_SCARRED,False,False,0.36,Desert Eagle | Serpent Strike (Battle-Scarred),17,
SG 553 | Cyrex,MINIMAL_WEAR,False,False,6.74,SG 553 | Cyrex (Minimal Wear),17,
UMP-45 | Gunsmoke,MINIMAL_WEAR,False,False,0.18,UMP-45 | Gunsmoke (Minimal Wear),17,
"Sticker | magixx (Holo, Champion) | Shanghai 2024",,False,False,0.99,"Sticker | magixx (Holo, Champion) | Shanghai 2024",17,
Sealed Graffiti | Denied (Tracer Yellow),,False,False,0.12,Sealed Graffiti | Denied (Tracer Yellow),17,
Nova | Army Sheen,FACTORY_NEW,False,False,0.97,Nova | Army Sheen (Factory New),17,
UMP-45 | Continuum,WELL_WORN,False,False,0.4,UMP-45 | Continuum (Well-Worn),17,
USP-S | Blueprint,FIELD_TESTED,True,False,8.45,StatTrak™ USP-S | Blueprint (Field-Tested),17,
Jungle Rebel | Elite Crew,,False,False,24.47,Jungle Rebel | Elite Crew,17,
AWP | Elite Build,WELL_WORN,False,False,10.61,AWP | Elite Build (Well-Worn),17,
Queen Of Pain,,False,False,0.53,Sticker | Queen Of Pain,17,
AUG | Steel Sentinel,MINIMAL_WEAR,False,False,0.16,AUG | Steel Sentinel (Minimal Wear),17,
FAMAS | Crypsis,FACTORY_NEW,False,False,3.0,FAMAS | Crypsis (Factory New),17,
MAC-10 | Cat Fight,MINIMAL_WEAR,False,False,1.09,MAC-10 | Cat Fight (Minimal Wear),17,
Desert Eagle | The Bronze,FIELD_TESTED,False,False,2.86,Desert Eagle | The Bronze (Field-Tested),17,
★ Specialist Gloves | Mogul,FIELD_TESTED,False,False,85.0,★ Specialist Gloves | Mogul (Field-Tested),17,
M249 | Jungle,BATTLE_SCARRED,False,False,3.8,M249 | Jungle (Battle-Scarred),17,
USP-S | 27,MINIMAL_WEAR,False,False,0.39,USP-S | 27 (Minimal Wear),17,
Tec-9 | Jambiya,WELL_WORN,False,False,0.42,Tec-9 | Jambiya (Well-Worn),17,
Desert Eagle | Light Rail,FACTORY_NEW,True,False,16.44,StatTrak™ Desert Eagle | Light Rail (Factory New),17,
Virtus.pro | Katowice 2015,,False,False,15.32,Sticker | Virtus.pro | Katowice 2015,17,
Martha (Holo),,False,False,0.27,Sticker | Martha (Holo),17,
Sticker | Grayhound Gaming (Gold) | Paris 2023,,False,False,0.56,Sticker | Grayhound Gaming (Gold) | Paris 2023,17,
Tec-9 | Mummy's Rot,FIELD_TESTED,False,False,1.0,Tec-9 | Mummy's Rot (Field-Tested),17,
AK-47 | Vulcan,MINIMAL_WEAR,False,False,360.0,AK-47 | Vulcan (Minimal Wear),17,
Glock-18 | Neo-Noir,MINIMAL_WEAR,False,False,47.69,Glock-18 | Neo-Noir (Minimal Wear),17,
Glock-18 | Mirror Mosaic,MINIMAL_WEAR,False,False,9.3,Glock-18 | Mirror Mosaic (Minimal Wear),17,
P250 | Contaminant,FIELD_TESTED,True,False,1.08,StatTrak™ P250 | Contaminant (Field-Tested),17,
friberg | Cologne 2015,,False,False,2.17,Sticker | friberg | Cologne 2015,17,
Team EnVyUs | Cologne 2015,,False,False,3.32,Sticker | Team EnVyUs | Cologne 2015,17,
Galil AR | Tornado,FIELD_TESTED,False,False,5.68,Galil AR | Tornado (Field-Tested),17,
MAG-7 | Resupply,MINIMAL_WEAR,True,False,0.15,StatTrak™ MAG-7 | Resupply (Minimal Wear),17,
Sealed Graffiti | mousesports | Krakow 2017,,False,False,1.62,Sealed Graffiti | mousesports | Krakow 2017,17,
SSG 08 | Parallax,BATTLE_SCARRED,True,False,2.75,StatTrak™ SSG 08 | Parallax (Battle-Scarred),17,
Autograph Capsule | Legends (Foil) | Cologne 2016,,False,False,34.0,Autograph Capsule | Legends (Foil) | Cologne 2016,17,
Five-SeveN | Kami,FACTORY_NEW,True,False,5.41,StatTrak™ Five-SeveN | Kami (Factory New),17,
Nova | Rising Sun,FACTORY_NEW,False,False,5.67,Nova | Rising Sun (Factory New),17,
flusha | Cologne 2015,,False,False,2.2,Sticker | flusha | Cologne 2015,17,
Glock-18 | Nuclear Garden,FACTORY_NEW,False,False,66.0,Glock-18 | Nuclear Garden (Factory New),17,
AWP | POP AWP,FACTORY_NEW,False,False,60.0,AWP | POP AWP (Factory New),17,
Negev | Desert-Strike,MINIMAL_WEAR,True,False,0.33,StatTrak™ Negev | Desert-Strike (Minimal Wear),17,
M4A4 | Spider Lily,WELL_WORN,False,False,4.7,M4A4 | Spider Lily (Well-Worn),17,
Sticker | Wallbang,,False,False,0.21,Sticker | Wallbang,17,
Sticker | f0rest (Foil) | Berlin 2019,,False,False,0.78,Sticker | f0rest (Foil) | Berlin 2019,17,
★ Sport Gloves | Vice,FIELD_TESTED,False,False,416.42,★ Sport Gloves | Vice (Field-Tested),17,
SSG 08 | Necropos,FIELD_TESTED,False,False,0.69,SSG 08 | Necropos (Field-Tested),17,
USP-S | Jawbreaker,FACTORY_NEW,False,False,20.59,USP-S | Jawbreaker (Factory New),17,
Glock-18 | Winterized,FACTORY_NEW,True,False,1.42,StatTrak™ Glock-18 | Winterized (Factory New),17,
PP-Bizon | Space Cat,BATTLE_SCARRED,False,False,0.46,PP-Bizon | Space Cat (Battle-Scarred),17,
CZ75-Auto | Xiangliu,MINIMAL_WEAR,False,False,12.5,CZ75-Auto | Xiangliu (Minimal Wear),17,
Tec-9 | Rebel,FACTORY_NEW,True,False,0.92,StatTrak™ Tec-9 | Rebel (Factory New),17,
USP-S | Neo-Noir,FACTORY_NEW,False,False,98.39,USP-S | Neo-Noir (Factory New),17,
M4A1-S | Decimator,BATTLE_SCARRED,False,False,9.97,M4A1-S | Decimator (Battle-Scarred),17,
USP-S | Flashback,WELL_WORN,False,False,0.6,USP-S | Flashback (Well-Worn),17,
Nova | Exo,MINIMAL_WEAR,False,False,0.3,Nova | Exo (Minimal Wear),17,
Sawed-Off | Devourer,MINIMAL_WEAR,False,False,6.71,Sawed-Off | Devourer (Minimal Wear),17,
FAMAS | Meltdown,FIELD_TESTED,False,False,28.79,FAMAS | Meltdown (Field-Tested),17,
Sticker | s1mple | Berlin 2019,,False,False,1.22,Sticker | s1mple | Berlin 2019,17,
Sticker | paiN Gaming (Holo) | Stockholm 2021,,False,False,4.3,Sticker | paiN Gaming (Holo) | Stockholm 2021,17,
Negev | Terrain,FIELD_TESTED,True,False,0.46,StatTrak™ Negev | Terrain (Field-Tested),17,
UMP-45 | Scaffold,FACTORY_NEW,False,False,6.61,UMP-45 | Scaffold (Factory New),17,
MAC-10 | Last Dive,FIELD_TESTED,True,False,1.89,StatTrak™ MAC-10 | Last Dive (Field-Tested),17,
Dual Berettas | Elite 1.6,MINIMAL_WEAR,False,False,0.33,Dual Berettas | Elite 1.6 (Minimal Wear),17,
MP7 | Just Smile,BATTLE_SCARRED,True,False,0.63,StatTrak™ MP7 | Just Smile (Battle-Scarred),17,
Sealed Graffiti | Choke (Tracer Yellow),,False,False,0.43,Sealed Graffiti | Choke (Tracer Yellow),17,
Galil AR | Rocket Pop,FACTORY_NEW,False,False,14.89,Galil AR | Rocket Pop (Factory New),17,
"StatTrak™ Music Kit | Denzel Curry, ULTIMATE",,True,False,4.85,"StatTrak™ Music Kit | Denzel Curry, ULTIMATE",17,
AK-47 | Bloodsport,FACTORY_NEW,False,False,157.99,AK-47 | Bloodsport (Factory New),17,
P2000 | Red Wing,MINIMAL_WEAR,False,False,0.18,P2000 | Red Wing (Minimal Wear),17,
MAC-10 | Sakkaku,BATTLE_SCARRED,True,False,0.35,StatTrak™ MAC-10 | Sakkaku (Battle-Scarred),17,
Sealed Graffiti | Oops (Princess Pink),,False,False,0.25,Sealed Graffiti | Oops (Princess Pink),17,
M249 | Downtown,FACTORY_NEW,False,False,1.39,M249 | Downtown (Factory New),17,
Glock-18 | Umbral Rabbit,WELL_WORN,False,False,0.32,Glock-18 | Umbral Rabbit (Well-Worn),17,
R8 Revolver | Memento,FIELD_TESTED,False,False,0.83,R8 Revolver | Memento (Field-Tested),17,
Sticker | yuurih | Berlin 2019,,False,False,0.14,Sticker | yuurih | Berlin 2019,17,
P90 | Nostalgia,FACTORY_NEW,False,False,12.06,P90 | Nostalgia (Factory New),17,
Sticker | Mind Games (Holo),,False,False,0.24,Sticker | Mind Games (Holo),17,
Sticker | esenthial (Foil) | Cologne 2026,,False,False,0.15,Sticker | esenthial (Foil) | Cologne 2026,17,
AUG | Aristocrat,FACTORY_NEW,True,False,6.8,StatTrak™ AUG | Aristocrat (Factory New),17,
Galil AR | Tuxedo,FIELD_TESTED,False,False,0.6,Galil AR | Tuxedo (Field-Tested),17,
Welcome to the Clutch,,False,False,1.16,Sticker | Welcome to the Clutch,17,
Sticker | Tyloo (Holo) | Stockholm 2021,,False,False,8.0,Sticker | Tyloo (Holo) | Stockholm 2021,17,
AK-47 | Searing Rage,FACTORY_NEW,False,False,23.75,AK-47 | Searing Rage (Factory New),17,
MP9 | Latte Rush,FIELD_TESTED,False,False,16.5,MP9 | Latte Rush (Field-Tested),17,
SG 553 | Cyberforce,MINIMAL_WEAR,True,False,0.16,StatTrak™ SG 553 | Cyberforce (Minimal Wear),17,
Tec-9 | Bamboozle,MINIMAL_WEAR,False,False,1.16,Tec-9 | Bamboozle (Minimal Wear),17,
MAC-10 | Carnivore,FIELD_TESTED,False,False,0.31,MAC-10 | Carnivore (Field-Tested),17,
PP-Bizon | Judgement of Anubis,MINIMAL_WEAR,False,False,94.84,PP-Bizon | Judgement of Anubis (Minimal Wear),17,
USP-S | Silent Shot,BATTLE_SCARRED,False,False,0.15,USP-S | Silent Shot (Battle-Scarred),17,
MAC-10 | Whitefish,FACTORY_NEW,True,False,3.15,StatTrak™ MAC-10 | Whitefish (Factory New),17,
P2000 | Red Wing,FIELD_TESTED,False,False,0.11,P2000 | Red Wing (Field-Tested),17,
Sealed Graffiti | Shining Star (Tracer Yellow),,False,False,2.43,Sealed Graffiti | Shining Star (Tracer Yellow),17,
Sticker | Syman Gaming (Holo) | Berlin 2019,,False,False,0.45,Sticker | Syman Gaming (Holo) | Berlin 2019,17,
MAC-10 | Whitefish,MINIMAL_WEAR,False,False,0.43,MAC-10 | Whitefish (Minimal Wear),17,
UMP-45 | Late Night Transit,WELL_WORN,False,False,0.23,UMP-45 | Late Night Transit (Well-Worn),17,
Negev | Desert-Strike,FACTORY_NEW,False,False,0.75,Negev | Desert-Strike (Factory New),17,
MP9 | Cobalt Paisley,FIELD_TESTED,False,False,0.22,MP9 | Cobalt Paisley (Field-Tested),17,
P250 | Black & Tan,FACTORY_NEW,False,True,5.47,Souvenir P250 | Black & Tan (Factory New),17,
USP-S | Blood Tiger,MINIMAL_WEAR,True,False,3.82,StatTrak™ USP-S | Blood Tiger (Minimal Wear),17,
Glock-18 | Ironwork,WELL_WORN,False,False,0.43,Glock-18 | Ironwork (Well-Worn),17,
P2000 | Pulse,FIELD_TESTED,True,False,0.84,StatTrak™ P2000 | Pulse (Field-Tested),17,
StatTrak™ FAMAS | Eye of Athena,FIELD_TESTED,False,False,4.0,FAMAS | Eye of Athena (Field-Tested),17,
FAMAS | Pulse,MINIMAL_WEAR,False,False,9.34,FAMAS | Pulse (Minimal Wear),17,
AUG | Eye of Zapems,BATTLE_SCARRED,False,False,1.29,AUG | Eye of Zapems (Battle-Scarred),17,
M4A4 | Neo-Noir,MINIMAL_WEAR,True,False,64.0,StatTrak™ M4A4 | Neo-Noir (Minimal Wear),17,
Sticker | XANTARES | Copenhagen 2024,,False,False,0.13,Sticker | XANTARES | Copenhagen 2024,17,
Sealed Graffiti | Chef Kiss (Bazooka Pink),,False,False,0.36,Sealed Graffiti | Chef Kiss (Bazooka Pink),17,
Sawed-Off | Origami,FACTORY_NEW,False,False,0.8,Sawed-Off | Origami (Factory New),17,
SCAR-20 | Grotto,FACTORY_NEW,False,False,1.47,SCAR-20 | Grotto (Factory New),17,
Desert Eagle | Conspiracy,FACTORY_NEW,True,False,26.0,StatTrak™ Desert Eagle | Conspiracy (Factory New),17,
Sealed Graffiti | Kiss (Tracer Yellow),,False,False,0.57,Sealed Graffiti | Kiss (Tracer Yellow),17,
"Music Kit | 3kliksphilip, Heading for the Source",,False,False,0.8,"Music Kit | 3kliksphilip, Heading for the Source",17,
Tec-9 | Isaac,FIELD_TESTED,False,False,3.42,Tec-9 | Isaac (Field-Tested),17,
P250 | Hive,MINIMAL_WEAR,False,False,2.36,P250 | Hive (Minimal Wear),17,
Sticker | Arms Race,,False,False,0.13,Sticker | Arms Race,17,
Sticker | karrigan | Rio 2022,,False,False,0.31,Sticker | karrigan | Rio 2022,17,
Sealed Graffiti | Fart (Blood Red),,False,False,0.73,Sealed Graffiti | Fart (Blood Red),17,
Sticker | G2 Esports (Foil) | Stockholm 2021,,False,False,1.19,Sticker | G2 Esports (Foil) | Stockholm 2021,17,
Dual Berettas | Hydro Strike,FACTORY_NEW,False,False,6.09,Dual Berettas | Hydro Strike (Factory New),17,
SSG 08 | Hand Brake,FACTORY_NEW,False,False,6.23,SSG 08 | Hand Brake (Factory New),17,
Sealed Graffiti | BOOM (Tracer Yellow),,False,False,0.16,Sealed Graffiti | BOOM (Tracer Yellow),17,
PP-Bizon | Night Riot,FACTORY_NEW,True,False,0.79,StatTrak™ PP-Bizon | Night Riot (Factory New),17,
P250 | Kintsugi,WELL_WORN,False,False,4.44,P250 | Kintsugi (Well-Worn),17,
P90 | Grim,FACTORY_NEW,False,False,1.2,P90 | Grim (Factory New),17,
P250 | Supernova,MINIMAL_WEAR,True,False,2.17,StatTrak™ P250 | Supernova (Minimal Wear),17,
G3SG1 | Ventilator,FACTORY_NEW,True,False,0.79,StatTrak™ G3SG1 | Ventilator (Factory New),17,
Nova | Dark Sigil,WELL_WORN,True,False,0.11,StatTrak™ Nova | Dark Sigil (Well-Worn),17,
Sticker | faveN (Foil) | Cologne 2026,,False,False,0.15,Sticker | faveN (Foil) | Cologne 2026,17,
Nova | Antique,MINIMAL_WEAR,False,False,8.03,Nova | Antique (Minimal Wear),17,
MP7 | Ocean Foam,FACTORY_NEW,True,False,11.76,StatTrak™ MP7 | Ocean Foam (Factory New),17,
Sticker | EliGE | Katowice 2019,,False,False,0.68,Sticker | EliGE | Katowice 2019,17,
CZ75-Auto | Twist,FIELD_TESTED,True,False,0.81,StatTrak™ CZ75-Auto | Twist (Field-Tested),17,
M4A4 | Dark Blossom,MINIMAL_WEAR,False,False,19.99,M4A4 | Dark Blossom (Minimal Wear),17,
Sticker | FaZe Clan (Holo) | Copenhagen 2024,,False,False,6.8,Sticker | FaZe Clan (Holo) | Copenhagen 2024,17,
Sticker | gob b | Katowice 2019,,False,False,0.3,Sticker | gob b | Katowice 2019,17,
Galil AR | Chatterbox,WELL_WORN,False,False,95.4,Galil AR | Chatterbox (Well-Worn),17,
Sticker | Keoz (Foil) | Berlin 2019,,False,False,1.0,Sticker | Keoz (Foil) | Berlin 2019,17,
P90 | Asiimov,MINIMAL_WEAR,False,False,169.99,P90 | Asiimov (Minimal Wear),17,
Sealed Graffiti | Dizzy (SWAT Blue),,False,False,0.16,Sealed Graffiti | Dizzy (SWAT Blue),17,
MAG-7 | SWAG-7,FIELD_TESTED,True,False,0.6,StatTrak™ MAG-7 | SWAG-7 (Field-Tested),17,
MAG-7 | Heat,FACTORY_NEW,False,False,9.48,MAG-7 | Heat (Factory New),17,
Sticker | Astralis (Holo) | Antwerp 2022,,False,False,3.38,Sticker | Astralis (Holo) | Antwerp 2022,17,
Nova | Ranger,FIELD_TESTED,False,False,0.59,Nova | Ranger (Field-Tested),17,
Sealed Graffiti | Little Crown (Tiger Orange),,False,False,0.14,Sealed Graffiti | Little Crown (Tiger Orange),17,
PP-Bizon | Night Riot,FACTORY_NEW,False,False,0.74,PP-Bizon | Night Riot (Factory New),17,
PP-Bizon | Lumen,MINIMAL_WEAR,False,False,1.58,PP-Bizon | Lumen (Minimal Wear),17,
Sealed Graffiti | Little Bock (Shark White),,False,False,0.33,Sealed Graffiti | Little Bock (Shark White),17,
Sealed Graffiti | Hop (Cash Green),,False,False,1.7,Sealed Graffiti | Hop (Cash Green),17,
ESL One Cologne 2014 Challengers,,False,False,62.0,ESL One Cologne 2014 Challengers,17,
Headcrab Glyph Pin,,False,False,3.9,Headcrab Glyph Pin,17,
Patch | Headcrab Glyph,,False,False,0.29,Patch | Headcrab Glyph,17,
SSG 08 | Spring Twilly,FACTORY_NEW,False,False,8.1,SSG 08 | Spring Twilly (Factory New),17,
PP-Bizon | Osiris,MINIMAL_WEAR,True,False,2.21,StatTrak™ PP-Bizon | Osiris (Minimal Wear),17,
Sealed Graffiti | SK Gaming | Boston 2018,,False,False,2.0,Sealed Graffiti | SK Gaming | Boston 2018,17,
MP7 | Amberline,MINIMAL_WEAR,False,False,1.54,MP7 | Amberline (Minimal Wear),17,
Sticker | Natus Vincere (Holo) | Antwerp 2022,,False,False,3.68,Sticker | Natus Vincere (Holo) | Antwerp 2022,17,
Copenhagen 2024 Vertigo Souvenir Package,,False,False,3.44,Copenhagen 2024 Vertigo Souvenir Package,17,
Chroma Pin,,False,False,11.97,Chroma Pin,17,
Patch | PGL | Stockholm 2021,,False,False,0.73,Patch | PGL | Stockholm 2021,17,
Desert Eagle | Mulberry,FACTORY_NEW,False,False,16.09,Desert Eagle | Mulberry (Factory New),17,
SSG 08 | Tiger Tear,FACTORY_NEW,False,False,0.22,SSG 08 | Tiger Tear (Factory New),17,
SSG 08 | Fever Dream,MINIMAL_WEAR,False,False,1.74,SSG 08 | Fever Dream (Minimal Wear),17,
SG 553 | Candy Apple,BATTLE_SCARRED,False,False,4.9,SG 553 | Candy Apple (Battle-Scarred),17,
AUG | Radiation Hazard,MINIMAL_WEAR,False,False,3.45,AUG | Radiation Hazard (Minimal Wear),17,
Galil AR | Chatterbox,BATTLE_SCARRED,False,False,99.99,Galil AR | Chatterbox (Battle-Scarred),17,
CZ75-Auto | Imprint,WELL_WORN,False,False,0.15,CZ75-Auto | Imprint (Well-Worn),17,
P250 | Wingshot,FIELD_TESTED,True,False,2.47,StatTrak™ P250 | Wingshot (Field-Tested),17,
AK-47 | Wasteland Rebel,FIELD_TESTED,False,False,64.39,AK-47 | Wasteland Rebel (Field-Tested),17,
Sealed Graffiti | Smarmy (Shark White),,False,False,1.0,Sealed Graffiti | Smarmy (Shark White),17,
Pegasus,,False,False,0.19,Sticker | Pegasus,17,
P250 | Valence,FACTORY_NEW,False,False,3.07,P250 | Valence (Factory New),17,
Sealed Graffiti | Hop (Bazooka Pink),,False,False,0.44,Sealed Graffiti | Hop (Bazooka Pink),17,
P250 | X-Ray,FACTORY_NEW,True,False,3.14,StatTrak™ P250 | X-Ray (Factory New),17,
CZ75-Auto | Crimson Web,MINIMAL_WEAR,False,False,3.81,CZ75-Auto | Crimson Web (Minimal Wear),17,
Sticker | Team Spirit (Holo) | Stockholm 2021,,False,False,9.0,Sticker | Team Spirit (Holo) | Stockholm 2021,17,
G3SG1 | Murky,FACTORY_NEW,False,False,3.87,G3SG1 | Murky (Factory New),16,
Desert Eagle | Kumicho Dragon,BATTLE_SCARRED,False,False,15.77,Desert Eagle | Kumicho Dragon (Battle-Scarred),16,
"Sticker | karrigan (Gold, Champion) | Antwerp 2022",,False,False,25.0,"Sticker | karrigan (Gold, Champion) | Antwerp 2022",16,
Sticker | Sharks Esports (Holo) | Stockholm 2021,,False,False,5.0,Sticker | Sharks Esports (Holo) | Stockholm 2021,16,
Five-SeveN | Hybrid,MINIMAL_WEAR,True,False,1.44,StatTrak™ Five-SeveN | Hybrid (Minimal Wear),16,
Sticker | Perfecto | Berlin 2019,,False,False,0.11,Sticker | Perfecto | Berlin 2019,16,
Sealed Graffiti | Flash Gaming | Boston 2018,,False,False,3.17,Sealed Graffiti | Flash Gaming | Boston 2018,16,
USP-S | Orion,MINIMAL_WEAR,False,False,50.5,USP-S | Orion (Minimal Wear),16,
P2000 | Oceanic,FIELD_TESTED,False,False,0.39,P2000 | Oceanic (Field-Tested),16,
Negev | Bratatat,MINIMAL_WEAR,False,False,3.1,Negev | Bratatat (Minimal Wear),16,
P250 | Cassette,WELL_WORN,True,False,0.13,StatTrak™ P250 | Cassette (Well-Worn),16,
P2000 | Gnarled,FACTORY_NEW,False,False,1.41,P2000 | Gnarled (Factory New),16,
Charm | Diner Dog,,False,False,2.2,Charm | Diner Dog,16,
Galil AR | Stone Cold,MINIMAL_WEAR,True,False,10.41,StatTrak™ Galil AR | Stone Cold (Minimal Wear),16,
MP9 | Broken Record,MINIMAL_WEAR,False,False,0.19,MP9 | Broken Record (Minimal Wear),16,
Galil AR | Chromatic Aberration,FIELD_TESTED,True,False,6.51,StatTrak™ Galil AR | Chromatic Aberration (Field-Tested),16,
Sealed Graffiti | Smarmy (Princess Pink),,False,False,0.4,Sealed Graffiti | Smarmy (Princess Pink),16,
StatTrak™ G3SG1 | High Seas,FACTORY_NEW,False,False,10.42,G3SG1 | High Seas (Factory New),16,
Sticker | nitr0 (Foil) | Berlin 2019,,False,False,0.78,Sticker | nitr0 (Foil) | Berlin 2019,16,
Glock-18 | Royal Legion,MINIMAL_WEAR,False,False,5.2,Glock-18 | Royal Legion (Minimal Wear),16,
P2000 | Pulse,FACTORY_NEW,True,False,3.39,StatTrak™ P2000 | Pulse (Factory New),16,
Sealed Graffiti | Smarmy (Bazooka Pink),,False,False,0.48,Sealed Graffiti | Smarmy (Bazooka Pink),16,
P250 | Cassette,FACTORY_NEW,True,False,0.5,StatTrak™ P250 | Cassette (Factory New),16,
M4A1-S | Decimator,FIELD_TESTED,True,False,23.07,StatTrak™ M4A1-S | Decimator (Field-Tested),16,
Hamster Hawk,,False,False,1.05,Sealed Graffiti | Hamster Hawk,16,
AWP | Wildfire,FIELD_TESTED,False,False,40.37,AWP | Wildfire (Field-Tested),16,
SG 553 | Aerial,FACTORY_NEW,True,False,0.99,StatTrak™ SG 553 | Aerial (Factory New),16,
XM1014 | Teclu Burner,FACTORY_NEW,False,False,10.0,XM1014 | Teclu Burner (Factory New),16,
Glock-18 | Sacrifice,FIELD_TESTED,True,False,0.45,StatTrak™ Glock-18 | Sacrifice (Field-Tested),16,
AK-47 | Elite Build,BATTLE_SCARRED,True,False,3.1,StatTrak™ AK-47 | Elite Build (Battle-Scarred),16,
Zeus x27 | Tosai,BATTLE_SCARRED,False,False,0.35,Zeus x27 | Tosai (Battle-Scarred),16,
M4A4 | Royal Paladin,MINIMAL_WEAR,False,False,70.87,M4A4 | Royal Paladin (Minimal Wear),16,
Sealed Graffiti | Broken Heart (Dust Brown),,False,False,1.75,Sealed Graffiti | Broken Heart (Dust Brown),16,
Tec-9 | Flash Out,FACTORY_NEW,False,False,8.0,Tec-9 | Flash Out (Factory New),16,
AWP | Duality,FIELD_TESTED,True,False,4.11,StatTrak™ AWP | Duality (Field-Tested),16,
Sealed Graffiti | Chef Kiss (Frog Green),,False,False,0.14,Sealed Graffiti | Chef Kiss (Frog Green),16,
SSG 08 | Ghost Crusader,WELL_WORN,False,False,0.9,SSG 08 | Ghost Crusader (Well-Worn),16,
MAC-10 | Cat Fight,FACTORY_NEW,False,False,4.9,MAC-10 | Cat Fight (Factory New),16,
Warowl,,False,False,0.78,Sticker | Warowl,16,
AUG | Death by Puppy,MINIMAL_WEAR,False,False,3.89,AUG | Death by Puppy (Minimal Wear),16,
Brigadier General Pin,,False,False,15.45,Brigadier General Pin,16,
Sealed Graffiti | Smarmy (Blood Red),,False,False,0.69,Sealed Graffiti | Smarmy (Blood Red),16,
M249 | Contrast Spray,WELL_WORN,False,False,0.69,M249 | Contrast Spray (Well-Worn),16,
Sealed Graffiti | Smooch (SWAT Blue),,False,False,0.15,Sealed Graffiti | Smooch (SWAT Blue),16,
Glock-18 | Snack Attack,WELL_WORN,False,False,14.39,Glock-18 | Snack Attack (Well-Worn),16,
P2000 | Handgun,FIELD_TESTED,False,False,0.75,P2000 | Handgun (Field-Tested),16,
Sealed Graffiti | Applause (Bazooka Pink),,False,False,0.28,Sealed Graffiti | Applause (Bazooka Pink),16,
Sealed Graffiti | Hop (Brick Red),,False,False,0.32,Sealed Graffiti | Hop (Brick Red),16,
Nova | Plume,FACTORY_NEW,False,False,7.4,Nova | Plume (Factory New),16,
CZ75-Auto | Army Sheen,FACTORY_NEW,False,False,4.86,CZ75-Auto | Army Sheen (Factory New),16,
AK-47 | Nightwish,MINIMAL_WEAR,False,False,59.77,AK-47 | Nightwish (Minimal Wear),16,
Glock-18 | Shinobu,FACTORY_NEW,False,False,24.99,Glock-18 | Shinobu (Factory New),16,
FAMAS | Styx,MINIMAL_WEAR,False,False,20.13,FAMAS | Styx (Minimal Wear),16,
MAG-7 | Monster Call,BATTLE_SCARRED,True,False,0.44,StatTrak™ MAG-7 | Monster Call (Battle-Scarred),16,
AUG | Aristocrat,FACTORY_NEW,False,False,9.99,AUG | Aristocrat (Factory New),16,
Sticker | paiN Gaming (Holo) | Copenhagen 2024,,False,False,3.5,Sticker | paiN Gaming (Holo) | Copenhagen 2024,16,
Nova | Hyper Beast,MINIMAL_WEAR,False,False,13.0,Nova | Hyper Beast (Minimal Wear),16,
Sticker | Heroic | Stockholm 2021,,False,False,0.11,Sticker | Heroic | Stockholm 2021,16,
AK-47 | Nightwish,WELL_WORN,False,False,56.93,AK-47 | Nightwish (Well-Worn),16,
Tec-9 | Isaac,MINIMAL_WEAR,True,False,7.57,StatTrak™ Tec-9 | Isaac (Minimal Wear),16,
Have Fun,,False,False,0.59,Sticker | Have Fun,16,
Chicken Lover,,False,False,0.58,Sticker | Chicken Lover,16,
Sous-Lieutenant Medic | Gendarmerie Nationale,,False,False,13.01,Sous-Lieutenant Medic | Gendarmerie Nationale,16,
USP-S | Lead Conduit,FACTORY_NEW,False,False,24.68,USP-S | Lead Conduit (Factory New),16,
P250 | Wingshot,MINIMAL_WEAR,True,False,5.25,StatTrak™ P250 | Wingshot (Minimal Wear),16,
Sealed Graffiti | Dizzy (Violent Violet),,False,False,0.23,Sealed Graffiti | Dizzy (Violent Violet),16,
R8 Revolver | Memento,FACTORY_NEW,False,False,10.0,R8 Revolver | Memento (Factory New),16,
Zeus x27 | Tosai,MINIMAL_WEAR,True,False,1.2,StatTrak™ Zeus x27 | Tosai (Minimal Wear),16,
M4A4 | Tooth Fairy,MINIMAL_WEAR,False,False,5.09,M4A4 | Tooth Fairy (Minimal Wear),16,
Tec-9 | Avalanche,FIELD_TESTED,False,False,1.95,Tec-9 | Avalanche (Field-Tested),16,
Five-SeveN | Hybrid,BATTLE_SCARRED,True,False,0.62,StatTrak™ Five-SeveN | Hybrid (Battle-Scarred),16,
PP-Bizon | Space Cat,FACTORY_NEW,False,False,1.39,PP-Bizon | Space Cat (Factory New),16,
FAMAS | 2A2F,FACTORY_NEW,False,False,7.9,FAMAS | 2A2F (Factory New),16,
Sticker | NiKo (Glitter) | Antwerp 2022,,False,False,0.59,Sticker | NiKo (Glitter) | Antwerp 2022,16,
FAMAS | Bad Trip,FIELD_TESTED,False,False,38.22,FAMAS | Bad Trip (Field-Tested),16,
Glock-18 | Vogue,FIELD_TESTED,True,False,4.91,StatTrak™ Glock-18 | Vogue (Field-Tested),16,
XM1014 | Ziggy,FIELD_TESTED,True,False,0.82,StatTrak™ XM1014 | Ziggy (Field-Tested),16,
Glock-18 | Vogue,WELL_WORN,False,False,3.27,Glock-18 | Vogue (Well-Worn),16,
Sealed Graffiti | Silver Bullet (Bazooka Pink),,False,False,0.19,Sealed Graffiti | Silver Bullet (Bazooka Pink),16,
Sticker | syrsoN | Rio 2022,,False,False,0.12,Sticker | syrsoN | Rio 2022,16,
Austin 2025 Dust II Souvenir Highlight Package,,False,True,3.23,Austin 2025 Dust II Souvenir Highlight Package,16,
SCAR-20 | Army Sheen,FACTORY_NEW,False,False,4.0,SCAR-20 | Army Sheen (Factory New),16,
Five-SeveN | Violent Daimyo,BATTLE_SCARRED,False,False,0.27,Five-SeveN | Violent Daimyo (Battle-Scarred),16,
Tec-9 | Isaac,FIELD_TESTED,True,False,4.25,StatTrak™ Tec-9 | Isaac (Field-Tested),16,
Sticker | DeStiNy | Berlin 2019,,False,False,0.13,Sticker | DeStiNy | Berlin 2019,16,
Sawed-Off | Fubar,BATTLE_SCARRED,True,False,0.14,StatTrak™ Sawed-Off | Fubar (Battle-Scarred),16,
AK-47 | Legion of Anubis,FIELD_TESTED,True,False,30.33,StatTrak™ AK-47 | Legion of Anubis (Field-Tested),16,
Sticker | OG (Gold) | Paris 2023,,False,False,1.19,Sticker | OG (Gold) | Paris 2023,16,
MAC-10 | Sakkaku,WELL_WORN,True,False,0.4,StatTrak™ MAC-10 | Sakkaku (Well-Worn),16,
Desert Eagle | Code Red,FIELD_TESTED,False,False,39.99,Desert Eagle | Code Red (Field-Tested),16,
USP-S | Orion,FACTORY_NEW,False,False,120.0,USP-S | Orion (Factory New),16,
USP-S | Alpine Camo,WELL_WORN,False,False,0.34,USP-S | Alpine Camo (Well-Worn),16,
Sealed Graffiti | Dead Now (Desert Amber),,False,False,0.17,Sealed Graffiti | Dead Now (Desert Amber),16,
SG 553 | Ultraviolet,FIELD_TESTED,False,False,13.68,SG 553 | Ultraviolet (Field-Tested),16,
Sealed Graffiti | Question Mark (Cash Green),,False,False,0.18,Sealed Graffiti | Question Mark (Cash Green),16,
Glock-18 | Blue Fissure,MINIMAL_WEAR,False,False,5.5,Glock-18 | Blue Fissure (Minimal Wear),16,
Sticker | Team Spirit (Foil) | Stockholm 2021,,False,False,2.74,Sticker | Team Spirit (Foil) | Stockholm 2021,16,
CZ75-Auto | Tigris,BATTLE_SCARRED,False,False,1.53,CZ75-Auto | Tigris (Battle-Scarred),16,
Sawed-Off | Limelight,FIELD_TESTED,False,False,0.95,Sawed-Off | Limelight (Field-Tested),16,
Tec-9 | Re-Entry,FIELD_TESTED,False,False,1.04,Tec-9 | Re-Entry (Field-Tested),16,
AUG | Triqua,FIELD_TESTED,True,False,0.21,StatTrak™ AUG | Triqua (Field-Tested),16,
AK-47 | Predator,FIELD_TESTED,False,False,9.6,AK-47 | Predator (Field-Tested),16,
P250 | Re.built,FACTORY_NEW,True,False,0.7,StatTrak™ P250 | Re.built (Factory New),16,
Dual Berettas | Urban Shock,MINIMAL_WEAR,False,False,2.48,Dual Berettas | Urban Shock (Minimal Wear),16,
AK-47 | Nightwish,BATTLE_SCARRED,False,False,50.15,AK-47 | Nightwish (Battle-Scarred),16,
Sticker | XANTARES (Glitter) | Antwerp 2022,,False,False,0.88,Sticker | XANTARES (Glitter) | Antwerp 2022,16,
Tec-9 | Brother,FACTORY_NEW,False,False,8.0,Tec-9 | Brother (Factory New),16,
SCAR-20 | Grotto,FIELD_TESTED,False,False,0.54,SCAR-20 | Grotto (Field-Tested),16,
SCAR-20 | Grotto,FIELD_TESTED,True,False,0.43,StatTrak™ SCAR-20 | Grotto (Field-Tested),16,
FAMAS | Crypsis,FIELD_TESTED,True,False,0.26,StatTrak™ FAMAS | Crypsis (Field-Tested),16,
Tec-9 | Jambiya,BATTLE_SCARRED,False,False,0.38,Tec-9 | Jambiya (Battle-Scarred),16,
AK-47 | Searing Rage,WELL_WORN,False,False,3.63,AK-47 | Searing Rage (Well-Worn),16,
Dual Berettas | Dezastre,FIELD_TESTED,False,False,3.93,Dual Berettas | Dezastre (Field-Tested),16,
MAG-7 | BI83 Spectrum,FACTORY_NEW,False,False,10.2,MAG-7 | BI83 Spectrum (Factory New),16,
UMP-45 | Roadblock,MINIMAL_WEAR,True,False,0.17,StatTrak™ UMP-45 | Roadblock (Minimal Wear),16,
Black Dog,,False,False,1.5,Sticker | Black Dog,16,
Aces High (Holo),,False,False,3.0,Sticker | Aces High (Holo),16,
USP-S | Kill Confirmed,MINIMAL_WEAR,False,False,94.62,USP-S | Kill Confirmed (Minimal Wear),16,
Five-SeveN | Buddy,FIELD_TESTED,False,False,0.47,Five-SeveN | Buddy (Field-Tested),16,
M4A1-S | Fizzy POP,MINIMAL_WEAR,False,False,3.09,M4A1-S | Fizzy POP (Minimal Wear),16,
★ Navaja Knife | Tiger Tooth,FACTORY_NEW,False,False,65.0,★ Navaja Knife | Tiger Tooth (Factory New),16,
Sealed Graffiti | Question Mark (Monster Purple),,False,False,0.2,Sealed Graffiti | Question Mark (Monster Purple),16,
AUG | Amber Fade,FACTORY_NEW,False,False,6.52,AUG | Amber Fade (Factory New),16,
Green Swallow,,False,False,0.18,Sticker | Green Swallow,16,
Sticker | mousesports | London 2018,,False,False,2.54,Sticker | mousesports | London 2018,16,
Sticker | StarLadder (Holo) | Budapest 2025,,False,False,0.48,Sticker | StarLadder (Holo) | Budapest 2025,16,
FAMAS | Night Borre,FACTORY_NEW,False,False,19.9,FAMAS | Night Borre (Factory New),16,
FAMAS | Neural Net,MINIMAL_WEAR,True,False,3.99,StatTrak™ FAMAS | Neural Net (Minimal Wear),16,
G3SG1 | Keeping Tabs,FIELD_TESTED,True,False,1.09,StatTrak™ G3SG1 | Keeping Tabs (Field-Tested),16,
Nova | Moon in Libra,FACTORY_NEW,False,False,5.67,Nova | Moon in Libra (Factory New),16,
M4A4 | Urban DDPAT,MINIMAL_WEAR,False,False,0.69,M4A4 | Urban DDPAT (Minimal Wear),16,
Sticker | apEX | Berlin 2019,,False,False,0.2,Sticker | apEX | Berlin 2019,16,
Sealed Graffiti | BOOM (Dust Brown),,False,False,0.16,Sealed Graffiti | BOOM (Dust Brown),16,
Sticker | North | Boston 2018,,False,False,2.07,Sticker | North | Boston 2018,16,
Glock-18 | Block-18,FACTORY_NEW,True,False,4.37,StatTrak™ Glock-18 | Block-18 (Factory New),16,
MAC-10 | Button Masher,MINIMAL_WEAR,False,False,0.75,MAC-10 | Button Masher (Minimal Wear),16,
Glock-18 | Night,FIELD_TESTED,False,True,1.27,Souvenir Glock-18 | Night (Field-Tested),16,
Sticker | Heroic (Gold) | 2020 RMR,,False,False,1.25,Sticker | Heroic (Gold) | 2020 RMR,16,
SSG 08 | Threat Detected,FIELD_TESTED,False,False,14.0,SSG 08 | Threat Detected (Field-Tested),16,
Sealed Graffiti | G2 Esports | Krakow 2017,,False,False,2.01,Sealed Graffiti | G2 Esports | Krakow 2017,16,
G3SG1 | Dream Glade,MINIMAL_WEAR,True,False,0.73,StatTrak™ G3SG1 | Dream Glade (Minimal Wear),16,
Sticker | The MongolZ (Glitter) | Shanghai 2024,,False,False,0.21,Sticker | The MongolZ (Glitter) | Shanghai 2024,16,
MAG-7 | Petroglyph,FACTORY_NEW,True,False,2.69,StatTrak™ MAG-7 | Petroglyph (Factory New),16,
Nova | Graphite,FACTORY_NEW,False,False,11.0,Nova | Graphite (Factory New),16,
P90 | Asiimov,FIELD_TESTED,False,False,162.03,P90 | Asiimov (Field-Tested),16,
UMP-45 | Labyrinth,FIELD_TESTED,True,False,0.2,StatTrak™ UMP-45 | Labyrinth (Field-Tested),16,
AUG | Wings,FACTORY_NEW,False,False,12.92,AUG | Wings (Factory New),16,
AUG | Luxe Trim,MINIMAL_WEAR,False,False,0.3,AUG | Luxe Trim (Minimal Wear),16,
Sticker | Lynn Vision (Foil) | Austin 2025,,False,False,0.16,Sticker | Lynn Vision (Foil) | Austin 2025,16,
Sticker | EliGE (Holo) | Paris 2023,,False,False,0.79,Sticker | EliGE (Holo) | Paris 2023,16,
Sticker | Sharks Esports (Foil) | Stockholm 2021,,False,False,2.99,Sticker | Sharks Esports (Foil) | Stockholm 2021,16,
P90 | Shallow Grave,FIELD_TESTED,False,False,26.7,P90 | Shallow Grave (Field-Tested),16,
Sawed-Off | Amber Fade,FIELD_TESTED,False,False,0.15,Sawed-Off | Amber Fade (Field-Tested),16,
Sticker | Forty Two,,False,False,0.28,Sticker | Forty Two,16,
Desert Eagle | Corinthian,MINIMAL_WEAR,True,False,2.2,StatTrak™ Desert Eagle | Corinthian (Minimal Wear),16,
XM1014 | Halftone Shift,FIELD_TESTED,False,False,1.13,XM1014 | Halftone Shift (Field-Tested),16,
AUG | Stymphalian,FACTORY_NEW,False,False,10.7,AUG | Stymphalian (Factory New),16,
Shanghai 2024 Challengers Autograph Capsule,,False,False,3.0,Shanghai 2024 Challengers Autograph Capsule,16,
Sticker | Jame | Rio 2022,,False,False,0.22,Sticker | Jame | Rio 2022,16,
Sticker | Movistar Riders (Holo) | Stockholm 2021,,False,False,10.12,Sticker | Movistar Riders (Holo) | Stockholm 2021,16,
Nova | Koi,MINIMAL_WEAR,True,False,1.87,StatTrak™ Nova | Koi (Minimal Wear),16,
CZ75-Auto | Vendetta,MINIMAL_WEAR,False,False,1.14,CZ75-Auto | Vendetta (Minimal Wear),16,
M4A4 | Buzz Kill,FIELD_TESTED,False,False,260.0,M4A4 | Buzz Kill (Field-Tested),16,
Renegades | Cologne 2015,,False,False,2.27,Sticker | Renegades | Cologne 2015,16,
AUG | Torque,MINIMAL_WEAR,True,False,8.12,StatTrak™ AUG | Torque (Minimal Wear),16,
Sticker | brnz4n (Holo) | Cologne 2026,,False,False,1.22,Sticker | brnz4n (Holo) | Cologne 2026,16,
Sticker | Phoenix Balaclava Co. (Holo),,False,False,1.04,Sticker | Phoenix Balaclava Co. (Holo),16,
P90 | Ancient Earth,MINIMAL_WEAR,False,True,0.18,Souvenir P90 | Ancient Earth (Minimal Wear),16,
Sealed Graffiti | BOOM (Jungle Green),,False,False,0.16,Sealed Graffiti | BOOM (Jungle Green),16,
MAC-10 | Pipe Down,FIELD_TESTED,True,False,0.7,StatTrak™ MAC-10 | Pipe Down (Field-Tested),16,
Sawed-Off | Analog Input,FACTORY_NEW,False,False,1.23,Sawed-Off | Analog Input (Factory New),16,
MP5-SD | Phosphor,FACTORY_NEW,False,False,12.21,MP5-SD | Phosphor (Factory New),16,
G3SG1 | Keeping Tabs,FACTORY_NEW,False,False,3.2,G3SG1 | Keeping Tabs (Factory New),16,
Luminosity Gaming | Cologne 2015,,False,False,9.99,Sticker | Luminosity Gaming | Cologne 2015,16,
Sealed Graffiti | BOOM (Monster Purple),,False,False,0.2,Sealed Graffiti | BOOM (Monster Purple),16,
Dual Berettas | Polished Malachite,FACTORY_NEW,False,False,0.86,Dual Berettas | Polished Malachite (Factory New),16,
Tec-9 | Fuel Injector,MINIMAL_WEAR,False,False,11.94,Tec-9 | Fuel Injector (Minimal Wear),16,
Five-SeveN | Flame Test,BATTLE_SCARRED,False,False,0.12,Five-SeveN | Flame Test (Battle-Scarred),16,
Sticker | NEKiZ | Cologne 2026,,False,False,0.2,Sticker | NEKiZ | Cologne 2026,16,
★ Driver Gloves | Overtake,FIELD_TESTED,False,False,46.9,★ Driver Gloves | Overtake (Field-Tested),16,
Gambit Gaming (Holo) | Atlanta 2017,,False,False,26.9,Sticker | Gambit Gaming (Holo) | Atlanta 2017,16,
MP5-SD | Necro Jr.,FACTORY_NEW,False,False,0.78,MP5-SD | Necro Jr. (Factory New),16,
StatTrak™ Glock-18 | Warhawk,FACTORY_NEW,True,False,12.95,StatTrak™ Glock-18 | Warhawk (Factory New),16,
Sealed Graffiti | NT (Tracer Yellow),,False,False,0.16,Sealed Graffiti | NT (Tracer Yellow),16,
StatTrak™ Glock-18 | Warhawk,WELL_WORN,False,False,0.28,Glock-18 | Warhawk (Well-Worn),16,
SSG 08 | Dragonfire,MINIMAL_WEAR,False,False,250.0,SSG 08 | Dragonfire (Minimal Wear),16,
Sealed Graffiti | Thoughtfull (Monster Purple),,False,False,0.21,Sealed Graffiti | Thoughtfull (Monster Purple),16,
MP5-SD | Dirt Drop,MINIMAL_WEAR,False,False,0.12,MP5-SD | Dirt Drop (Minimal Wear),16,
Negev | Prototype,FACTORY_NEW,False,False,0.62,Negev | Prototype (Factory New),16,
P250 | Nevermore,FACTORY_NEW,True,False,3.94,StatTrak™ P250 | Nevermore (Factory New),16,
Desert Eagle | Naga,MINIMAL_WEAR,True,False,7.03,StatTrak™ Desert Eagle | Naga (Minimal Wear),16,
M249 | O.S.I.P.R.,FACTORY_NEW,False,False,0.56,M249 | O.S.I.P.R. (Factory New),16,
SCAR-20 | Assault,MINIMAL_WEAR,False,False,0.32,SCAR-20 | Assault (Minimal Wear),16,
P90 | Randy Rush,BATTLE_SCARRED,False,False,0.5,P90 | Randy Rush (Battle-Scarred),16,
Galil AR | Rocket Pop,WELL_WORN,False,False,0.55,Galil AR | Rocket Pop (Well-Worn),16,
MAC-10 | Light Box,FACTORY_NEW,False,False,0.79,MAC-10 | Light Box (Factory New),16,
SG 553 | Triarch,MINIMAL_WEAR,False,False,1.23,SG 553 | Triarch (Minimal Wear),16,
Galil AR | Blue Titanium,FACTORY_NEW,True,False,11.96,StatTrak™ Galil AR | Blue Titanium (Factory New),16,
Dual Berettas | Angel Eyes,WELL_WORN,False,False,0.43,Dual Berettas | Angel Eyes (Well-Worn),16,
Sealed Graffiti | Choke (Shark White),,False,False,1.87,Sealed Graffiti | Choke (Shark White),16,
StatTrak™ MP9 | Capillary,FIELD_TESTED,True,False,0.33,StatTrak™ MP9 | Capillary (Field-Tested),16,
FAMAS | Survivor Z,MINIMAL_WEAR,True,False,1.41,StatTrak™ FAMAS | Survivor Z (Minimal Wear),16,
Glock-18 | Weasel,FIELD_TESTED,True,False,1.16,StatTrak™ Glock-18 | Weasel (Field-Tested),16,
AK-47 | Emerald Pinstripe,BATTLE_SCARRED,False,False,2.58,AK-47 | Emerald Pinstripe (Battle-Scarred),16,
P250 | Bone Mask,BATTLE_SCARRED,False,False,2.78,P250 | Bone Mask (Battle-Scarred),16,
★ Gut Knife | Tiger Tooth,FACTORY_NEW,False,False,84.99,★ Gut Knife | Tiger Tooth (Factory New),16,
P250 | Red Tide,FACTORY_NEW,False,False,1.67,P250 | Red Tide (Factory New),16,
M4A4 | In Living Color,FACTORY_NEW,False,False,99.5,M4A4 | In Living Color (Factory New),16,
P90 | Aeolian Light,FIELD_TESTED,False,False,0.15,P90 | Aeolian Light (Field-Tested),16,
MP7 | Skulls,FIELD_TESTED,False,False,12.18,MP7 | Skulls (Field-Tested),16,
Sticker | Summer | Berlin 2019,,False,False,0.18,Sticker | Summer | Berlin 2019,16,
SG 553 | Danger Close,FACTORY_NEW,True,False,0.99,StatTrak™ SG 553 | Danger Close (Factory New),16,
FaZe Clan | MLG Columbus 2016,,False,False,3.2,Sticker | FaZe Clan | MLG Columbus 2016,16,
Dual Berettas | Elite 1.6,FACTORY_NEW,True,False,1.66,StatTrak™ Dual Berettas | Elite 1.6 (Factory New),16,
Sticker | Ninjas in Pyjamas | Katowice 2019,,False,False,2.21,Sticker | Ninjas in Pyjamas | Katowice 2019,16,
P90 | Elite Build,BATTLE_SCARRED,False,False,0.38,P90 | Elite Build (Battle-Scarred),16,
Desert Eagle | Crimson Web,WELL_WORN,False,False,10.34,Desert Eagle | Crimson Web (Well-Worn),16,
AWP | Chromatic Aberration,FACTORY_NEW,False,False,73.25,AWP | Chromatic Aberration (Factory New),16,
Sticker | Tyloo (Holo) | Katowice 2019,,False,False,9.28,Sticker | Tyloo (Holo) | Katowice 2019,16,
Galil AR | Crimson Tsunami,FACTORY_NEW,False,False,10.15,Galil AR | Crimson Tsunami (Factory New),16,
Sealed Graffiti | Dizzy (Frog Green),,False,False,0.3,Sealed Graffiti | Dizzy (Frog Green),16,
Sticker | volt (Holo) | Paris 2023,,False,False,0.36,Sticker | volt (Holo) | Paris 2023,15,
SSG 08 | Hand Brake,WELL_WORN,False,False,0.79,SSG 08 | Hand Brake (Well-Worn),15,
Negev | Desert-Strike,MINIMAL_WEAR,False,False,0.28,Negev | Desert-Strike (Minimal Wear),15,
M249 | Predator,FIELD_TESTED,False,False,0.85,M249 | Predator (Field-Tested),15,
Sticker | Xyp9x (Foil) | Berlin 2019,,False,False,0.41,Sticker | Xyp9x (Foil) | Berlin 2019,15,
f0rest | Cologne 2015,,False,False,2.2,Sticker | f0rest | Cologne 2015,15,
Five-SeveN | Copper Galaxy,FACTORY_NEW,False,False,29.37,Five-SeveN | Copper Galaxy (Factory New),15,
Sealed Graffiti | Question Mark (War Pig Pink),,False,False,0.23,Sealed Graffiti | Question Mark (War Pig Pink),15,
Nova | Rising Sun,WELL_WORN,True,False,0.5,StatTrak™ Nova | Rising Sun (Well-Worn),15,
Galil AR | Hunting Blind,MINIMAL_WEAR,False,False,2.76,Galil AR | Hunting Blind (Minimal Wear),15,
Sticker | NEKiZ (Holo) | Paris 2023,,False,False,0.17,Sticker | NEKiZ (Holo) | Paris 2023,15,
MP9 | Rose Iron,MINIMAL_WEAR,False,False,7.0,MP9 | Rose Iron (Minimal Wear),15,
Berlin 2019 Vertigo Souvenir Package,,False,False,11.67,Berlin 2019 Vertigo Souvenir Package,15,
CZ75-Auto | Slalom,FIELD_TESTED,False,False,6.14,CZ75-Auto | Slalom (Field-Tested),15,
Sticker | Krad (Holo) | Copenhagen 2024,,False,False,0.79,Sticker | Krad (Holo) | Copenhagen 2024,15,
Desert Eagle | Emerald Jörmungandr,FACTORY_NEW,False,False,540.0,Desert Eagle | Emerald Jörmungandr (Factory New),15,
Sticker | No Time,,False,False,0.15,Sticker | No Time,15,
Sticker | PTFO,,False,False,0.11,Sticker | PTFO,15,
MP9 | Deadly Poison,FACTORY_NEW,False,False,8.04,MP9 | Deadly Poison (Factory New),15,
SSG 08 | Necropos,WELL_WORN,False,False,0.49,SSG 08 | Necropos (Well-Worn),15,
keev | Krakow 2017,,False,False,2.38,Sticker | keev | Krakow 2017,15,
allu | Cologne 2015,,False,False,1.6,Sticker | allu | Cologne 2015,15,
M4A1-S | Stratosphere,MINIMAL_WEAR,False,False,13.69,M4A1-S | Stratosphere (Minimal Wear),15,
Sticker | Mr. Chompy,,False,False,0.16,Sticker | Mr. Chompy,15,
Sticker | Speedy T,,False,False,0.19,Sticker | Speedy T,15,
UMP-45 | Corporal,MINIMAL_WEAR,False,False,0.56,UMP-45 | Corporal (Minimal Wear),15,
Desert Eagle | Light Rail,BATTLE_SCARRED,True,False,2.64,StatTrak™ Desert Eagle | Light Rail (Battle-Scarred),15,
MP9 | Ruby Poison Dart,FIELD_TESTED,False,False,1.06,MP9 | Ruby Poison Dart (Field-Tested),15,
Negev | Bratatat,FACTORY_NEW,False,False,9.93,Negev | Bratatat (Factory New),15,
AWP | Mortis,FACTORY_NEW,True,False,17.5,StatTrak™ AWP | Mortis (Factory New),15,
AWP | Pit Viper,WELL_WORN,False,False,0.79,AWP | Pit Viper (Well-Worn),15,
MAC-10 | Cat Fight,WELL_WORN,False,False,0.45,MAC-10 | Cat Fight (Well-Worn),15,
MP5-SD | Acid Wash,FIELD_TESTED,False,False,1.34,MP5-SD | Acid Wash (Field-Tested),15,
Sawed-Off | Clay Ambush,FACTORY_NEW,False,False,2.24,Sawed-Off | Clay Ambush (Factory New),15,
AK-47 | Inheritance,MINIMAL_WEAR,False,False,50.68,AK-47 | Inheritance (Minimal Wear),15,
G3SG1 | Digital Mesh,MINIMAL_WEAR,False,False,1.16,G3SG1 | Digital Mesh (Minimal Wear),15,
AK-47 | Redline,WELL_WORN,False,False,22.88,AK-47 | Redline (Well-Worn),15,
Nova | Rust Coat,FIELD_TESTED,False,False,4.44,Nova | Rust Coat (Field-Tested),15,
"StatTrak™ Music Kit | Knock2, dashstar*",,True,False,21.5,"StatTrak™ Music Kit | Knock2, dashstar*",15,
Sticker | IHC Esports (Glitter) | Antwerp 2022,,False,False,0.35,Sticker | IHC Esports (Glitter) | Antwerp 2022,15,
Sealed Graffiti | Shining Star (Wire Blue),,False,False,0.2,Sealed Graffiti | Shining Star (Wire Blue),15,
AWP | Acheron,BATTLE_SCARRED,False,False,1.5,AWP | Acheron (Battle-Scarred),15,
Five-SeveN | Flame Test,WELL_WORN,False,False,0.14,Five-SeveN | Flame Test (Well-Worn),15,
USP-S | 27,FACTORY_NEW,False,False,9.55,USP-S | 27 (Factory New),15,
M249 | Bock Blocks,FIELD_TESTED,False,False,0.11,M249 | Bock Blocks (Field-Tested),15,
Sticker | gob b (Foil) | Katowice 2019,,False,False,24.99,Sticker | gob b (Foil) | Katowice 2019,15,
Skill Groups Capsule,,False,False,0.95,Skill Groups Capsule,15,
★ Sport Gloves | Bronze Morph,FIELD_TESTED,False,False,83.99,★ Sport Gloves | Bronze Morph (Field-Tested),15,
M4A1-S | Printstream,MINIMAL_WEAR,False,False,250.0,M4A1-S | Printstream (Minimal Wear),15,
Glock-18 | Blue Fissure,MINIMAL_WEAR,True,False,9.57,StatTrak™ Glock-18 | Blue Fissure (Minimal Wear),15,
CZ75-Auto | Indigo,FIELD_TESTED,False,False,2.28,CZ75-Auto | Indigo (Field-Tested),15,
CZ75-Auto | Indigo,MINIMAL_WEAR,False,False,4.23,CZ75-Auto | Indigo (Minimal Wear),15,
Patch | Metal Legendary Eagle Master ★,,False,False,3.3,Patch | Metal Legendary Eagle Master ★,15,
Sticker | Team Liquid (Foil) | Berlin 2019,,False,False,2.05,Sticker | Team Liquid (Foil) | Berlin 2019,15,
ESL One Cologne 2015 Legends (Foil),,False,False,19.73,ESL One Cologne 2015 Legends (Foil),15,
UMP-45 | Gold Bismuth,FIELD_TESTED,False,False,3.1,UMP-45 | Gold Bismuth (Field-Tested),15,
UMP-45 | Continuum,BATTLE_SCARRED,False,False,0.3,UMP-45 | Continuum (Battle-Scarred),15,
XM1014 | Zombie Offensive,FACTORY_NEW,True,False,1.23,StatTrak™ XM1014 | Zombie Offensive (Factory New),15,
Dual Berettas | Cartel,FIELD_TESTED,False,False,0.67,Dual Berettas | Cartel (Field-Tested),15,
USP-S | Stainless,MINIMAL_WEAR,False,False,11.0,USP-S | Stainless (Minimal Wear),15,
Sticker | Snowfall (Glitter),,False,False,2.74,Sticker | Snowfall (Glitter),15,
MP9 | Nexus,FACTORY_NEW,False,False,0.91,MP9 | Nexus (Factory New),15,
Galil AR | Cerberus,FIELD_TESTED,False,False,28.69,Galil AR | Cerberus (Field-Tested),15,
Sticker | Magisk (Foil) | Berlin 2019,,False,False,0.7,Sticker | Magisk (Foil) | Berlin 2019,15,
PP-Bizon | Cobalt Halftone,FIELD_TESTED,True,False,0.98,StatTrak™ PP-Bizon | Cobalt Halftone (Field-Tested),15,
Sticker | Aerial (Foil) | Berlin 2019,,False,False,0.49,Sticker | Aerial (Foil) | Berlin 2019,15,
SCAR-20 | Caged,MINIMAL_WEAR,False,False,0.16,SCAR-20 | Caged (Minimal Wear),15,
Sealed Graffiti | BEEP (Bazooka Pink),,False,False,5.0,Sealed Graffiti | BEEP (Bazooka Pink),15,
MAC-10 | Lapis Gator,FIELD_TESTED,False,False,0.79,MAC-10 | Lapis Gator (Field-Tested),15,
M4A4 | Bullet Rain,MINIMAL_WEAR,False,False,70.0,M4A4 | Bullet Rain (Minimal Wear),15,
P250 | Bengal Tiger,FIELD_TESTED,False,False,15.43,P250 | Bengal Tiger (Field-Tested),15,
Sealed Graffiti | Cloud9 | Boston 2018,,False,False,3.16,Sealed Graffiti | Cloud9 | Boston 2018,15,
R8 Revolver | Night,MINIMAL_WEAR,False,True,0.39,Souvenir R8 Revolver | Night (Minimal Wear),15,
Sealed Graffiti | Choke (Blood Red),,False,False,2.23,Sealed Graffiti | Choke (Blood Red),15,
Sticker | Lit (Holo),,False,False,0.27,Sticker | Lit (Holo),15,
Dual Berettas | Dezastre,MINIMAL_WEAR,False,False,9.99,Dual Berettas | Dezastre (Minimal Wear),15,
R8 Revolver | Grip,WELL_WORN,True,False,0.14,StatTrak™ R8 Revolver | Grip (Well-Worn),15,
SSG 08 | Parallax,MINIMAL_WEAR,True,False,9.21,StatTrak™ SSG 08 | Parallax (Minimal Wear),15,
Patch | Cruising Ray,,False,False,5.5,Patch | Cruising Ray,15,
Sealed Graffiti | BOOM (Cash Green),,False,False,0.14,Sealed Graffiti | BOOM (Cash Green),15,
Sticker | svyat | Berlin 2019,,False,False,0.13,Sticker | svyat | Berlin 2019,15,
FAMAS | Valence,FIELD_TESTED,False,False,3.21,FAMAS | Valence (Field-Tested),15,
AUG | Triqua,MINIMAL_WEAR,True,False,0.36,StatTrak™ AUG | Triqua (Minimal Wear),15,
USP-S | Para Green,FIELD_TESTED,False,False,7.33,USP-S | Para Green (Field-Tested),15,
Sticker | yuurih | Katowice 2019,,False,False,0.48,Sticker | yuurih | Katowice 2019,15,
MP5-SD | Condition Zero,FACTORY_NEW,True,False,4.91,StatTrak™ MP5-SD | Condition Zero (Factory New),15,
P90 | Wave Breaker,MINIMAL_WEAR,False,False,0.8,P90 | Wave Breaker (Minimal Wear),15,
Sealed Graffiti | Grimace (War Pig Pink),,False,False,0.16,Sealed Graffiti | Grimace (War Pig Pink),15,
P250 | Contamination,FIELD_TESTED,False,False,2.11,P250 | Contamination (Field-Tested),15,
Zeus x27 | Charged Up,FIELD_TESTED,False,False,3.38,Zeus x27 | Charged Up (Field-Tested),15,
"StatTrak™ Music Kit | ISOxo, inhuman",,True,False,6.33,"StatTrak™ Music Kit | ISOxo, inhuman",15,
Ninjas in Pyjamas | Cluj-Napoca 2015,,False,False,1.99,Sticker | Ninjas in Pyjamas | Cluj-Napoca 2015,15,
P90 | Wave Breaker,BATTLE_SCARRED,True,False,0.46,StatTrak™ P90 | Wave Breaker (Battle-Scarred),15,
MP5-SD | Nitro,BATTLE_SCARRED,False,False,2.02,MP5-SD | Nitro (Battle-Scarred),15,
Sticker | Hello MP7,,False,False,0.92,Sticker | Hello MP7,15,
Sawed-Off | Analog Input,BATTLE_SCARRED,False,False,0.29,Sawed-Off | Analog Input (Battle-Scarred),15,
Sealed Graffiti | Puke (Cash Green),,False,False,0.61,Sealed Graffiti | Puke (Cash Green),15,
Sticker | Imperial Esports (Glitter) | Rio 2022,,False,False,0.16,Sticker | Imperial Esports (Glitter) | Rio 2022,15,
M4A4 | Etch Lord,FACTORY_NEW,False,False,6.01,M4A4 | Etch Lord (Factory New),15,
UMP-45 | Crimson Foil,BATTLE_SCARRED,False,False,2.81,UMP-45 | Crimson Foil (Battle-Scarred),15,
CZ75-Auto | Tacticat,MINIMAL_WEAR,True,False,2.11,StatTrak™ CZ75-Auto | Tacticat (Minimal Wear),15,
Five-SeveN | Scumbria,WELL_WORN,False,False,0.14,Five-SeveN | Scumbria (Well-Worn),15,
Sticker | Natus Vincere (Glitter) | Copenhagen 2024,,False,False,0.47,Sticker | Natus Vincere (Glitter) | Copenhagen 2024,15,
Sticker | Renegades | London 2018,,False,False,0.71,Sticker | Renegades | London 2018,15,
Sealed Graffiti | Fart (Tracer Yellow),,False,False,0.5,Sealed Graffiti | Fart (Tracer Yellow),15,
UMP-45 | Scaffold,BATTLE_SCARRED,False,False,1.11,UMP-45 | Scaffold (Battle-Scarred),15,
Sealed Graffiti | Smarmy (Cash Green),,False,False,0.3,Sealed Graffiti | Smarmy (Cash Green),15,
Sticker | s1mple (Glitter) | Paris 2023,,False,False,0.67,Sticker | s1mple (Glitter) | Paris 2023,15,
R8 Revolver | Reboot,FACTORY_NEW,False,False,11.77,R8 Revolver | Reboot (Factory New),15,
MAC-10 | Disco Tech,BATTLE_SCARRED,False,False,3.99,MAC-10 | Disco Tech (Battle-Scarred),15,
Sealed Graffiti | Little Bock (Monster Purple),,False,False,0.27,Sealed Graffiti | Little Bock (Monster Purple),15,
R8 Revolver | Tango,MINIMAL_WEAR,False,False,0.41,R8 Revolver | Tango (Minimal Wear),15,
R8 Revolver | Amber Fade,FACTORY_NEW,False,False,6.44,R8 Revolver | Amber Fade (Factory New),15,
AWP | Lightning Strike,FACTORY_NEW,False,False,446.87,AWP | Lightning Strike (Factory New),15,
Sticker | yxngstxr (Foil) | Austin 2025,,False,False,0.37,Sticker | yxngstxr (Foil) | Austin 2025,15,
MP5-SD | Statics,FIELD_TESTED,True,False,0.27,StatTrak™ MP5-SD | Statics (Field-Tested),15,
Glock-18 | Bullet Queen,WELL_WORN,False,False,44.96,Glock-18 | Bullet Queen (Well-Worn),15,
M249 | Spectrogram,WELL_WORN,False,False,0.16,M249 | Spectrogram (Well-Worn),15,
Sawed-Off | Jungle Thicket,MINIMAL_WEAR,False,False,4.2,Sawed-Off | Jungle Thicket (Minimal Wear),15,
R8 Revolver | Crimson Web,MINIMAL_WEAR,False,False,0.75,R8 Revolver | Crimson Web (Minimal Wear),15,
Sawed-Off | Serenity,MINIMAL_WEAR,False,False,2.16,Sawed-Off | Serenity (Minimal Wear),15,
Sticker | Neon Opal Strafe (Holo),,False,False,13.97,Sticker | Neon Opal Strafe (Holo),15,
Negev | Boroque Sand,BATTLE_SCARRED,False,False,1.47,Negev | Boroque Sand (Battle-Scarred),15,
Joan,,False,False,0.2,Sticker | Joan,15,
Glock-18 | Sacrifice,FACTORY_NEW,True,False,6.55,StatTrak™ Glock-18 | Sacrifice (Factory New),15,
StatTrak™ G3SG1 | High Seas,FIELD_TESTED,False,False,0.65,G3SG1 | High Seas (Field-Tested),15,
XM1014 | Seasons,FACTORY_NEW,True,False,4.31,StatTrak™ XM1014 | Seasons (Factory New),15,
Sticker | Natus Vincere (Holo) | Berlin 2019,,False,False,1.04,Sticker | Natus Vincere (Holo) | Berlin 2019,15,
SSG 08 | Ghost Crusader,FACTORY_NEW,False,False,20.69,SSG 08 | Ghost Crusader (Factory New),15,
Sawed-Off | Parched,FACTORY_NEW,False,False,0.57,Sawed-Off | Parched (Factory New),15,
SSG 08 | Abyss,BATTLE_SCARRED,True,False,0.44,StatTrak™ SSG 08 | Abyss (Battle-Scarred),15,
PP-Bizon | Jungle Slipstream,FACTORY_NEW,False,False,0.78,PP-Bizon | Jungle Slipstream (Factory New),15,
Sealed Graffiti | Smarmy (Monarch Blue),,False,False,0.37,Sealed Graffiti | Smarmy (Monarch Blue),15,
"Music Kit | Skog, II-Headshot",,False,False,1.47,"Music Kit | Skog, II-Headshot",15,
Perfect World Sticker Capsule 2,,False,False,0.95,Perfect World Sticker Capsule 2,15,
R8 Revolver | Junk Yard,MINIMAL_WEAR,True,False,0.53,StatTrak™ R8 Revolver | Junk Yard (Minimal Wear),15,
R8 Revolver | Bone Forged,FIELD_TESTED,True,False,0.13,StatTrak™ R8 Revolver | Bone Forged (Field-Tested),15,
SG 553 | Darkwing,MINIMAL_WEAR,False,False,1.18,SG 553 | Darkwing (Minimal Wear),15,
Sealed Graffiti | Puke (Violent Violet),,False,False,0.25,Sealed Graffiti | Puke (Violent Violet),15,
Team EnVyUs | MLG Columbus 2016,,False,False,4.0,Sticker | Team EnVyUs | MLG Columbus 2016,15,
Glock-18 | Weasel,MINIMAL_WEAR,True,False,3.1,StatTrak™ Glock-18 | Weasel (Minimal Wear),15,
Sealed Graffiti | Shining Star (Battle Green),,False,False,1.04,Sealed Graffiti | Shining Star (Battle Green),15,
P250 | Dark Filigree,FIELD_TESTED,False,False,4.55,P250 | Dark Filigree (Field-Tested),15,
Sticker | Apeks (Glitter) | Copenhagen 2024,,False,False,0.43,Sticker | Apeks (Glitter) | Copenhagen 2024,15,
M4A1-S | Blood Tiger,FACTORY_NEW,True,False,15.0,StatTrak™ M4A1-S | Blood Tiger (Factory New),15,
Sticker | BIG | London 2018,,False,False,0.89,Sticker | BIG | London 2018,15,
Sticker | siuhy | Rio 2022,,False,False,0.23,Sticker | siuhy | Rio 2022,15,
Sticker | Imperial Esports (Embroidered) | Budapest 2025,,False,False,0.25,Sticker | Imperial Esports (Embroidered) | Budapest 2025,15,
AUG | Syd Mead,MINIMAL_WEAR,False,False,10.01,AUG | Syd Mead (Minimal Wear),15,
Sticker | KSCERATO | Berlin 2019,,False,False,0.26,Sticker | KSCERATO | Berlin 2019,15,
Team Liquid (Holo) | MLG Columbus 2016,,False,False,55.24,Sticker | Team Liquid (Holo) | MLG Columbus 2016,15,
G2 Esports (Holo) | MLG Columbus 2016,,False,False,27.5,Sticker | G2 Esports (Holo) | MLG Columbus 2016,15,
Desert Eagle | Trigger Discipline,WELL_WORN,True,False,1.25,StatTrak™ Desert Eagle | Trigger Discipline (Well-Worn),15,
"Sticker | Spinx (Gold, Champion) | Paris 2023",,False,False,0.85,"Sticker | Spinx (Gold, Champion) | Paris 2023",15,
Desert Eagle | Starcade,FIELD_TESTED,False,False,41.79,Desert Eagle | Starcade (Field-Tested),15,
Sticker | CeRq | Berlin 2019,,False,False,0.29,Sticker | CeRq | Berlin 2019,15,
Desert Eagle | Mecha Industries,WELL_WORN,False,False,4.77,Desert Eagle | Mecha Industries (Well-Worn),15,
Charm | Lil' Happy,,False,False,5.0,Charm | Lil' Happy,15,
SSG 08 | Big Iron,MINIMAL_WEAR,False,False,13.3,SSG 08 | Big Iron (Minimal Wear),15,
Sticker | CR4ZY (Foil) | Berlin 2019,,False,False,5.79,Sticker | CR4ZY (Foil) | Berlin 2019,15,
"StatTrak™ Music Kit | Matt Levine, Drifter",,False,False,1.06,"Music Kit | Matt Levine, Drifter",15,
Sticker | s1mple (Gold) | Stockholm 2021,,False,False,36.99,Sticker | s1mple (Gold) | Stockholm 2021,15,
Five-SeveN | Scrawl,MINIMAL_WEAR,True,False,0.17,StatTrak™ Five-SeveN | Scrawl (Minimal Wear),15,
Sealed Graffiti | Little EZ (Tracer Yellow),,False,False,0.24,Sealed Graffiti | Little EZ (Tracer Yellow),15,
StatTrak™ Glock-18 | Warhawk,MINIMAL_WEAR,True,False,0.87,StatTrak™ Glock-18 | Warhawk (Minimal Wear),15,
Nova | Wood Fired,BATTLE_SCARRED,False,False,0.19,Nova | Wood Fired (Battle-Scarred),15,
MP9 | Food Chain,FACTORY_NEW,False,False,18.96,MP9 | Food Chain (Factory New),15,
Sticker | Killjoy,,False,False,1.54,Sticker | Killjoy,15,
Sticker | Spirit (Gold) | 2020 RMR,,False,False,3.58,Sticker | Spirit (Gold) | 2020 RMR,15,
CZ75-Auto | Circaetus,MINIMAL_WEAR,True,False,0.57,StatTrak™ CZ75-Auto | Circaetus (Minimal Wear),15,
XM1014 | Slipstream,FACTORY_NEW,False,False,0.75,XM1014 | Slipstream (Factory New),15,
UMP-45 | Briefing,MINIMAL_WEAR,True,False,0.31,StatTrak™ UMP-45 | Briefing (Minimal Wear),15,
UMP-45 | Briefing,FIELD_TESTED,True,False,0.16,StatTrak™ UMP-45 | Briefing (Field-Tested),15,
Sticker | Fnatic (Gold) | 2020 RMR,,False,False,1.72,Sticker | Fnatic (Gold) | 2020 RMR,15,
Sticker | jkaem (Holo) | Paris 2023,,False,False,0.18,Sticker | jkaem (Holo) | Paris 2023,15,
P250 | Red Tide,FIELD_TESTED,False,False,0.12,P250 | Red Tide (Field-Tested),15,
SG 553 | Barricade,FACTORY_NEW,False,False,12.65,SG 553 | Barricade (Factory New),15,
P250 | Asiimov,BATTLE_SCARRED,True,False,9.07,StatTrak™ P250 | Asiimov (Battle-Scarred),15,
AK-47 | Legion of Anubis,FACTORY_NEW,True,False,61.98,StatTrak™ AK-47 | Legion of Anubis (Factory New),15,
Tec-9 | Bamboozle,FACTORY_NEW,True,False,7.96,StatTrak™ Tec-9 | Bamboozle (Factory New),15,
SCAR-20 | Cardiac,FIELD_TESTED,False,False,7.08,SCAR-20 | Cardiac (Field-Tested),15,
M4A4 | Temukau,FACTORY_NEW,False,False,100.0,M4A4 | Temukau (Factory New),15,
Tec-9 | Brother,MINIMAL_WEAR,True,False,0.99,StatTrak™ Tec-9 | Brother (Minimal Wear),15,
M249 | Downtown,FACTORY_NEW,True,False,1.78,StatTrak™ M249 | Downtown (Factory New),15,
MP9 | Goo,FIELD_TESTED,True,False,0.86,StatTrak™ MP9 | Goo (Field-Tested),15,
M4A4 | Desolate Space,FACTORY_NEW,False,False,85.0,M4A4 | Desolate Space (Factory New),15,
P90 | Freight,MINIMAL_WEAR,True,False,0.52,StatTrak™ P90 | Freight (Minimal Wear),15,
Paris 2023 Viewer Pass,,False,False,8.51,Paris 2023 Viewer Pass,15,
M249 | Downtown,WELL_WORN,False,False,0.31,M249 | Downtown (Well-Worn),15,
Counter Logic Gaming (Holo) | Cologne 2016,,False,False,99.0,Sticker | Counter Logic Gaming (Holo) | Cologne 2016,15,
AK-47 | Phantom Disruptor,FIELD_TESTED,True,False,9.89,StatTrak™ AK-47 | Phantom Disruptor (Field-Tested),15,
MAC-10 | Carnivore,WELL_WORN,False,False,0.25,MAC-10 | Carnivore (Well-Worn),15,
P90 | Chopper,FACTORY_NEW,True,False,4.66,StatTrak™ P90 | Chopper (Factory New),15,
MAG-7 | Foresight,FACTORY_NEW,True,False,0.31,StatTrak™ MAG-7 | Foresight (Factory New),15,
Dual Berettas | Briar,MINIMAL_WEAR,False,False,2.56,Dual Berettas | Briar (Minimal Wear),15,
Astralis | Cologne 2016,,False,False,6.4,Sticker | Astralis | Cologne 2016,15,
Sticker | huNter (Glitter) | Antwerp 2022,,False,False,0.15,Sticker | huNter (Glitter) | Antwerp 2022,15,
CZ75-Auto | Polymer,FACTORY_NEW,True,False,1.5,StatTrak™ CZ75-Auto | Polymer (Factory New),15,
Ursus Knife | Tiger Tooth,FACTORY_NEW,False,False,120.74,★ Ursus Knife | Tiger Tooth (Factory New),15,
Sticker | ZywOo (Foil) | Katowice 2019,,False,False,38.0,Sticker | ZywOo (Foil) | Katowice 2019,15,
Galil AR | Connexion,MINIMAL_WEAR,True,False,1.19,StatTrak™ Galil AR | Connexion (Minimal Wear),15,
PP-Bizon | Space Cat,FACTORY_NEW,True,False,1.47,StatTrak™ PP-Bizon | Space Cat (Factory New),15,
Sticker | buster (Foil) | Berlin 2019,,False,False,0.59,Sticker | buster (Foil) | Berlin 2019,15,
XM1014 | Ziggy,MINIMAL_WEAR,False,False,1.02,XM1014 | Ziggy (Minimal Wear),15,
SSG 08 | Dezastre,FACTORY_NEW,False,False,0.73,SSG 08 | Dezastre (Factory New),15,
Sticker | olofmeister | Katowice 2019,,False,False,0.7,Sticker | olofmeister | Katowice 2019,15,
CZ75-Auto | Tuxedo,FACTORY_NEW,False,False,2.96,CZ75-Auto | Tuxedo (Factory New),15,
MAC-10 | Allure,FACTORY_NEW,False,False,3.43,MAC-10 | Allure (Factory New),15,
mousesports | Cologne 2016,,False,False,8.0,Sticker | mousesports | Cologne 2016,15,
Glock-18 | Wasteland Rebel,MINIMAL_WEAR,False,False,93.64,Glock-18 | Wasteland Rebel (Minimal Wear),15,
Negev | Loudmouth,FIELD_TESTED,False,False,0.74,Negev | Loudmouth (Field-Tested),15,
MAG-7 | Monster Call,FACTORY_NEW,False,False,3.71,MAG-7 | Monster Call (Factory New),15,
Sticker | OpTic Gaming | London 2018,,False,False,6.38,Sticker | OpTic Gaming | London 2018,15,
Dual Berettas | Moon in Libra,MINIMAL_WEAR,False,False,4.9,Dual Berettas | Moon in Libra (Minimal Wear),15,
M4A4 | 龍王 (Dragon King),MINIMAL_WEAR,False,False,23.11,M4A4 | 龍王 (Dragon King) (Minimal Wear),15,
Sticker | dexter (Glitter) | Shanghai 2024,,False,False,10.12,Sticker | dexter (Glitter) | Shanghai 2024,15,
Natus Vincere (Foil) | MLG Columbus 2016,,False,False,27.99,Sticker | Natus Vincere (Foil) | MLG Columbus 2016,15,
Negev | Prototype,FIELD_TESTED,True,False,0.15,StatTrak™ Negev | Prototype (Field-Tested),15,
M249 | Impact Drill,FIELD_TESTED,False,False,3.0,M249 | Impact Drill (Field-Tested),15,
Sealed Graffiti | Grimace (Blood Red),,False,False,0.17,Sealed Graffiti | Grimace (Blood Red),15,
CZ75-Auto | Tigris,MINIMAL_WEAR,False,False,2.38,CZ75-Auto | Tigris (Minimal Wear),15,
R8 Revolver | Desert Brush,MINIMAL_WEAR,False,False,0.9,R8 Revolver | Desert Brush (Minimal Wear),15,
MP5-SD | Agent,WELL_WORN,False,False,0.39,MP5-SD | Agent (Well-Worn),15,
P2000 | Oceanic,FACTORY_NEW,False,False,3.74,P2000 | Oceanic (Factory New),15,
P2000 | Imperial Dragon,FIELD_TESTED,True,False,8.67,StatTrak™ P2000 | Imperial Dragon (Field-Tested),15,
SCAR-20 | Jungle Slipstream,MINIMAL_WEAR,False,False,0.23,SCAR-20 | Jungle Slipstream (Minimal Wear),15,
Nice Shot,,False,False,0.37,Sealed Graffiti | Nice Shot,15,
SG 553 | Colony IV,FIELD_TESTED,False,False,6.7,SG 553 | Colony IV (Field-Tested),15,
Galil AR | O-Ranger,FACTORY_NEW,False,False,0.24,Galil AR | O-Ranger (Factory New),15,
Sealed Graffiti | Chef Kiss (Monster Purple),,False,False,1.31,Sealed Graffiti | Chef Kiss (Monster Purple),15,
Sticker | ZywOo (Glitter) | Shanghai 2024,,False,False,0.49,Sticker | ZywOo (Glitter) | Shanghai 2024,15,
USP-S | Flashback,MINIMAL_WEAR,True,False,1.53,StatTrak™ USP-S | Flashback (Minimal Wear),15,
SCAR-20 | Blueprint,FACTORY_NEW,True,False,1.31,StatTrak™ SCAR-20 | Blueprint (Factory New),15,
R8 Revolver | Crimson Web,FIELD_TESTED,True,False,0.51,StatTrak™ R8 Revolver | Crimson Web (Field-Tested),15,
MP5-SD | Agent,FACTORY_NEW,False,False,17.9,MP5-SD | Agent (Factory New),15,
CZ75-Auto | Distressed,FIELD_TESTED,True,False,0.15,StatTrak™ CZ75-Auto | Distressed (Field-Tested),15,
Sticker | electronic (Glitter) | Shanghai 2024,,False,False,0.2,Sticker | electronic (Glitter) | Shanghai 2024,15,
Sealed Graffiti | Broken Heart (Tracer Yellow),,False,False,0.37,Sealed Graffiti | Broken Heart (Tracer Yellow),15,
Sticker | Renegades (Holo) | Berlin 2019,,False,False,0.41,Sticker | Renegades (Holo) | Berlin 2019,15,
MP5-SD | Agent,FIELD_TESTED,False,False,0.6,MP5-SD | Agent (Field-Tested),15,
Sticker | compLexity Gaming | London 2018,,False,False,3.54,Sticker | compLexity Gaming | London 2018,15,
Sticker | Side Eyes (Lenticular),,False,False,4.64,Sticker | Side Eyes (Lenticular),15,
Glock-18 | Bunsen Burner,MINIMAL_WEAR,False,False,1.19,Glock-18 | Bunsen Burner (Minimal Wear),15,
Sticker | donk (Foil) | Austin 2025,,False,False,1.2,Sticker | donk (Foil) | Austin 2025,15,
AK-47 | Slate,FACTORY_NEW,True,False,44.16,StatTrak™ AK-47 | Slate (Factory New),14,
R8 Revolver | Phoenix Marker,FACTORY_NEW,False,False,20.0,R8 Revolver | Phoenix Marker (Factory New),14,
AWP | Mortis,FACTORY_NEW,False,False,16.5,AWP | Mortis (Factory New),14,
Glock-18 | Clear Polymer,BATTLE_SCARRED,True,False,0.39,StatTrak™ Glock-18 | Clear Polymer (Battle-Scarred),14,
M4A1-S | Blood Tiger,MINIMAL_WEAR,False,False,4.38,M4A1-S | Blood Tiger (Minimal Wear),14,
Glock-18 | Clear Polymer,MINIMAL_WEAR,False,False,0.46,Glock-18 | Clear Polymer (Minimal Wear),14,
Sealed Graffiti | SK Gaming | Krakow 2017,,False,False,1.32,Sealed Graffiti | SK Gaming | Krakow 2017,14,
M249 | Midnight Palm,MINIMAL_WEAR,False,False,3.99,M249 | Midnight Palm (Minimal Wear),14,
Sealed Graffiti | Fnatic | Krakow 2017,,False,False,1.25,Sealed Graffiti | Fnatic | Krakow 2017,14,
GeT_RiGhT | Cologne 2015,,False,False,2.66,Sticker | GeT_RiGhT | Cologne 2015,14,
MP9 | Black Sand,FACTORY_NEW,False,False,1.85,MP9 | Black Sand (Factory New),14,
Sticker Slab | apEX | Berlin 2019,,False,False,5.0,Sticker Slab | apEX | Berlin 2019,14,
SCAR-20 | Assault,FACTORY_NEW,True,False,0.75,StatTrak™ SCAR-20 | Assault (Factory New),14,
Berlin 2019 Overpass Souvenir Package,,False,False,10.49,Berlin 2019 Overpass Souvenir Package,14,
M4A1-S | Basilisk,FIELD_TESTED,False,False,6.79,M4A1-S | Basilisk (Field-Tested),14,
AUG | Stymphalian,FIELD_TESTED,True,False,3.0,StatTrak™ AUG | Stymphalian (Field-Tested),14,
Sticker | FASHR (Holo) | Paris 2023,,False,False,0.89,Sticker | FASHR (Holo) | Paris 2023,14,
CZ75-Auto | Circaetus,BATTLE_SCARRED,True,False,0.31,StatTrak™ CZ75-Auto | Circaetus (Battle-Scarred),14,
M249 | Midnight Palm,FIELD_TESTED,False,False,0.37,M249 | Midnight Palm (Field-Tested),14,
M4A1-S | Atomic Alloy,MINIMAL_WEAR,False,False,37.0,M4A1-S | Atomic Alloy (Minimal Wear),14,
Sealed Graffiti | Natus Vincere | Krakow 2017,,False,False,2.57,Sealed Graffiti | Natus Vincere | Krakow 2017,14,
Sticker | Brollan (Holo) | Paris 2023,,False,False,0.24,Sticker | Brollan (Holo) | Paris 2023,14,
Autograph Capsule | Legends (Foil) | MLG Columbus 2016,,False,False,31.23,Autograph Capsule | Legends (Foil) | MLG Columbus 2016,14,
Sticker | m0NESY (Glitter) | Antwerp 2022,,False,False,1.85,Sticker | m0NESY (Glitter) | Antwerp 2022,14,
G3SG1 | Scavenger,MINIMAL_WEAR,True,False,0.9,StatTrak™ G3SG1 | Scavenger (Minimal Wear),14,
Sticker | G2 Esports | Katowice 2019,,False,False,2.1,Sticker | G2 Esports | Katowice 2019,14,
SG 553 | Phantom,MINIMAL_WEAR,True,False,1.4,StatTrak™ SG 553 | Phantom (Minimal Wear),14,
Sticker | lux (Glitter) | Copenhagen 2024,,False,False,0.32,Sticker | lux (Glitter) | Copenhagen 2024,14,
AUG | Triqua,BATTLE_SCARRED,True,False,0.15,StatTrak™ AUG | Triqua (Battle-Scarred),14,
CZ75-Auto | Pole Position,MINIMAL_WEAR,False,False,1.67,CZ75-Auto | Pole Position (Minimal Wear),14,
P90 | Desert Halftone,FACTORY_NEW,False,False,0.21,P90 | Desert Halftone (Factory New),14,
USP-S | Flashback,BATTLE_SCARRED,False,False,0.7,USP-S | Flashback (Battle-Scarred),14,
Sticker | snow (Embroidered) | Budapest 2025,,False,False,0.29,Sticker | snow (Embroidered) | Budapest 2025,14,
P90 | Desert DDPAT,FACTORY_NEW,False,False,2.01,P90 | Desert DDPAT (Factory New),14,
Sticker | bLitz (Holo) | Copenhagen 2024,,False,False,0.37,Sticker | bLitz (Holo) | Copenhagen 2024,14,
M249 | System Lock,FACTORY_NEW,False,False,1.8,M249 | System Lock (Factory New),14,
★ Specialist Gloves | Tiger Strike,FIELD_TESTED,False,False,160.0,★ Specialist Gloves | Tiger Strike (Field-Tested),14,
G3SG1 | Scavenger,FACTORY_NEW,False,False,2.17,G3SG1 | Scavenger (Factory New),14,
AUG | Triqua,WELL_WORN,True,False,0.16,StatTrak™ AUG | Triqua (Well-Worn),14,
SCAR-20 | Jungle Slipstream,FACTORY_NEW,False,False,1.01,SCAR-20 | Jungle Slipstream (Factory New),14,
Sticker | Rush 4x20 (Holo),,False,False,0.82,Sticker | Rush 4x20 (Holo),14,
Desert Eagle | Cobalt Disruption,FACTORY_NEW,False,False,121.53,Desert Eagle | Cobalt Disruption (Factory New),14,
SSG 08 | Blush Pour,FACTORY_NEW,False,False,0.95,SSG 08 | Blush Pour (Factory New),14,
Teamwork (Holo),,False,False,4.44,Sticker | Teamwork (Holo),14,
CZ75-Auto | Tuxedo,MINIMAL_WEAR,False,False,1.01,CZ75-Auto | Tuxedo (Minimal Wear),14,
Sealed Graffiti | Virtus.Pro | Boston 2018,,False,False,2.13,Sealed Graffiti | Virtus.Pro | Boston 2018,14,
MAC-10 | Oceanic,MINIMAL_WEAR,True,False,0.36,StatTrak™ MAC-10 | Oceanic (Minimal Wear),14,
SSG 08 | Slashed,BATTLE_SCARRED,False,False,1.09,SSG 08 | Slashed (Battle-Scarred),14,
UMP-45 | Plastique,FACTORY_NEW,False,False,7.56,UMP-45 | Plastique (Factory New),14,
Five-SeveN | Case Hardened,FIELD_TESTED,True,False,22.48,StatTrak™ Five-SeveN | Case Hardened (Field-Tested),14,
XM1014 | Irezumi,WELL_WORN,True,False,0.12,StatTrak™ XM1014 | Irezumi (Well-Worn),14,
P250 | Inferno,MINIMAL_WEAR,False,False,1.62,P250 | Inferno (Minimal Wear),14,
Five-SeveN | Buddy,FIELD_TESTED,True,False,1.15,StatTrak™ Five-SeveN | Buddy (Field-Tested),14,
AK-47 | Cartel,FIELD_TESTED,False,False,13.78,AK-47 | Cartel (Field-Tested),14,
AWP | Printstream,WELL_WORN,False,False,35.02,AWP | Printstream (Well-Worn),14,
Sawed-Off | Parched,FACTORY_NEW,False,True,0.24,Souvenir Sawed-Off | Parched (Factory New),14,
Sticker | Aurora (Embroidered) | Budapest 2025,,False,False,0.12,Sticker | Aurora (Embroidered) | Budapest 2025,14,
Dual Berettas | Marina,FIELD_TESTED,True,False,6.57,StatTrak™ Dual Berettas | Marina (Field-Tested),14,
Sticker | OG (Gold) | 2020 RMR,,False,False,1.5,Sticker | OG (Gold) | 2020 RMR,14,
FAMAS | Neural Net,FIELD_TESTED,True,False,2.1,StatTrak™ FAMAS | Neural Net (Field-Tested),14,
USP-S | Blood Tiger,MINIMAL_WEAR,False,False,3.02,USP-S | Blood Tiger (Minimal Wear),14,
Charm | Glamour Shot,,False,False,0.71,Charm | Glamour Shot,14,
SSG 08 | Carbon Fiber,FACTORY_NEW,False,False,4.49,SSG 08 | Carbon Fiber (Factory New),14,
AWP | Hyper Beast,FACTORY_NEW,False,False,158.0,AWP | Hyper Beast (Factory New),14,
MP5-SD | Phosphor,BATTLE_SCARRED,False,False,3.65,MP5-SD | Phosphor (Battle-Scarred),14,
P250 | Drought,FIELD_TESTED,False,False,0.9,P250 | Drought (Field-Tested),14,
Glock-18 | Moonrise,WELL_WORN,False,False,0.77,Glock-18 | Moonrise (Well-Worn),14,
Sticker | tiziaN (Holo) | Antwerp 2022,,False,False,0.45,Sticker | tiziaN (Holo) | Antwerp 2022,14,
M4A1-S | Rose Hex,MINIMAL_WEAR,False,False,0.34,M4A1-S | Rose Hex (Minimal Wear),14,
SG 553 | Bleached,MINIMAL_WEAR,False,False,0.32,SG 553 | Bleached (Minimal Wear),14,
AWP | Hyper Beast,FIELD_TESTED,False,False,29.2,AWP | Hyper Beast (Field-Tested),14,
Sticker | Cloud9 (Holo) | Katowice 2019,,False,False,13.27,Sticker | Cloud9 (Holo) | Katowice 2019,14,
Devouring Flame (Holo),,False,False,2.3,Sticker | Devouring Flame (Holo),14,
SSG 08 | Abyss,FACTORY_NEW,True,False,12.0,StatTrak™ SSG 08 | Abyss (Factory New),14,
Sticker | Lucas (Holo),,False,False,0.59,Sticker | Lucas (Holo),14,
Charm | Big Brain,,False,False,0.8,Charm | Big Brain,14,
Sealed Graffiti | Vega Squadron | Krakow 2017,,False,False,1.18,Sealed Graffiti | Vega Squadron | Krakow 2017,14,
M4A4 | Polysoup,MINIMAL_WEAR,False,False,16.51,M4A4 | Polysoup (Minimal Wear),14,
UMP-45 | Continuum,MINIMAL_WEAR,False,False,1.15,UMP-45 | Continuum (Minimal Wear),14,
Galil AR | Rocket Pop,MINIMAL_WEAR,False,False,2.48,Galil AR | Rocket Pop (Minimal Wear),14,
Charm | Flash Bomb,,False,False,3.2,Charm | Flash Bomb,14,
SSG 08 | Jungle Dashed,FIELD_TESTED,False,False,0.48,SSG 08 | Jungle Dashed (Field-Tested),14,
Nova | Wild Six,MINIMAL_WEAR,False,False,0.61,Nova | Wild Six (Minimal Wear),14,
Sealed Graffiti | Smooch (Tracer Yellow),,False,False,0.14,Sealed Graffiti | Smooch (Tracer Yellow),14,
Tec-9 | Brother,MINIMAL_WEAR,False,False,0.68,Tec-9 | Brother (Minimal Wear),14,
Galil AR | Connexion,BATTLE_SCARRED,True,False,0.45,StatTrak™ Galil AR | Connexion (Battle-Scarred),14,
MAC-10 | Allure,MINIMAL_WEAR,True,False,1.1,StatTrak™ MAC-10 | Allure (Minimal Wear),14,
"StatTrak™ Music Kit | Hundredth, FREE",,True,False,0.8,"StatTrak™ Music Kit | Hundredth, FREE",14,
M249 | Emerald Poison Dart,MINIMAL_WEAR,True,False,1.91,StatTrak™ M249 | Emerald Poison Dart (Minimal Wear),14,
Sealed Graffiti | Happy Cat (Blood Red),,False,False,0.36,Sealed Graffiti | Happy Cat (Blood Red),14,
Glock-18 | Wasteland Rebel,FACTORY_NEW,False,False,99.94,Glock-18 | Wasteland Rebel (Factory New),14,
Sealed Graffiti | NT (Violent Violet),,False,False,0.2,Sealed Graffiti | NT (Violent Violet),14,
Tec-9 | Bamboozle,BATTLE_SCARRED,False,False,0.51,Tec-9 | Bamboozle (Battle-Scarred),14,
R8 Revolver | Reboot,FIELD_TESTED,False,False,1.0,R8 Revolver | Reboot (Field-Tested),14,
Sticker | Golden | Berlin 2019,,False,False,0.12,Sticker | Golden | Berlin 2019,14,
M4A4 | Temukau,MINIMAL_WEAR,False,False,55.99,M4A4 | Temukau (Minimal Wear),14,
Tec-9 | Bamboozle,FACTORY_NEW,False,False,12.08,Tec-9 | Bamboozle (Factory New),14,
G3SG1 | Orange Crash,FIELD_TESTED,True,False,0.23,StatTrak™ G3SG1 | Orange Crash (Field-Tested),14,
FAMAS | Vendetta,FACTORY_NEW,False,False,0.14,FAMAS | Vendetta (Factory New),14,
EZ,,False,False,1.83,Sealed Graffiti | EZ,14,
G3SG1 | Orange Crash,MINIMAL_WEAR,False,False,0.28,G3SG1 | Orange Crash (Minimal Wear),14,
Sealed Graffiti | Shining Star (Desert Amber),,False,False,1.9,Sealed Graffiti | Shining Star (Desert Amber),14,
MAC-10 | Last Dive,FACTORY_NEW,True,False,4.62,StatTrak™ MAC-10 | Last Dive (Factory New),14,
Patch | Entropiq | Stockholm 2021,,False,False,2.48,Patch | Entropiq | Stockholm 2021,14,
Patch | Howl,,False,False,17.44,Patch | Howl,14,
Sealed Graffiti | Smirk (Tracer Yellow),,False,False,0.32,Sealed Graffiti | Smirk (Tracer Yellow),14,
Sealed Graffiti | Puke (Dust Brown),,False,False,0.24,Sealed Graffiti | Puke (Dust Brown),14,
"StatTrak™ Music Kit | Dren, Gunman Taco Truck",,True,False,24.0,"StatTrak™ Music Kit | Dren, Gunman Taco Truck",14,
Sealed Graffiti | BOOM (Desert Amber),,False,False,0.14,Sealed Graffiti | BOOM (Desert Amber),14,
Sealed Graffiti | Choke (War Pig Pink),,False,False,0.37,Sealed Graffiti | Choke (War Pig Pink),14,
Glock-18 | Steel Disruption,FACTORY_NEW,True,False,19.99,StatTrak™ Glock-18 | Steel Disruption (Factory New),14,
Sustenance! Pin,,False,False,5.23,Sustenance! Pin,14,
"Music Kit | Knock2, Make U SWEAT!",,False,False,0.82,"Music Kit | Knock2, Make U SWEAT!",14,
Sealed Graffiti | Fart (War Pig Pink),,False,False,0.3,Sealed Graffiti | Fart (War Pig Pink),14,
Tec-9 | Bamboo Forest,FACTORY_NEW,False,False,41.0,Tec-9 | Bamboo Forest (Factory New),14,
MAG-7 | Praetorian,FIELD_TESTED,False,False,1.81,MAG-7 | Praetorian (Field-Tested),14,
MAG-7 | Praetorian,MINIMAL_WEAR,False,False,1.92,MAG-7 | Praetorian (Minimal Wear),14,
Halo Capsule,,False,False,1.49,Halo Capsule,14,
SCAR-20 | Army Sheen,MINIMAL_WEAR,False,False,3.79,SCAR-20 | Army Sheen (Minimal Wear),14,
Tec-9 | Jambiya,FIELD_TESTED,False,False,0.72,Tec-9 | Jambiya (Field-Tested),14,
MP7 | Impire,FACTORY_NEW,False,False,18.16,MP7 | Impire (Factory New),14,
UMP-45 | Indigo,FACTORY_NEW,False,False,21.9,UMP-45 | Indigo (Factory New),14,
Tec-9 | Hades,FACTORY_NEW,False,False,30.0,Tec-9 | Hades (Factory New),14,
G3SG1 | Orange Kimono,FACTORY_NEW,False,False,12.08,G3SG1 | Orange Kimono (Factory New),14,
Sticker | rigoN (Glitter) | Rio 2022,,False,False,0.13,Sticker | rigoN (Glitter) | Rio 2022,14,
Sticker | iM (Foil) | Austin 2025,,False,False,0.38,Sticker | iM (Foil) | Austin 2025,14,
SCAR-20 | Green Marine,FIELD_TESTED,True,False,0.32,StatTrak™ SCAR-20 | Green Marine (Field-Tested),14,
AWP | Fade,FACTORY_NEW,False,False,789.0,AWP | Fade (Factory New),14,
Sealed Graffiti | BIG | London 2018,,False,False,1.61,Sealed Graffiti | BIG | London 2018,14,
MAC-10 | Toybox,FIELD_TESTED,False,False,16.86,MAC-10 | Toybox (Field-Tested),14,
Desert Eagle | Light Rail,FIELD_TESTED,True,False,2.75,StatTrak™ Desert Eagle | Light Rail (Field-Tested),14,
P90 | Neoqueen,FIELD_TESTED,True,False,0.35,StatTrak™ P90 | Neoqueen (Field-Tested),14,
M4A4 | Tooth Fairy,WELL_WORN,False,False,3.1,M4A4 | Tooth Fairy (Well-Worn),14,
USP-S | Jawbreaker,MINIMAL_WEAR,False,False,5.63,USP-S | Jawbreaker (Minimal Wear),14,
P250 | Verdigris,FACTORY_NEW,True,False,1.96,StatTrak™ P250 | Verdigris (Factory New),14,
Dual Berettas | Flora Carnivora,BATTLE_SCARRED,True,False,0.44,StatTrak™ Dual Berettas | Flora Carnivora (Battle-Scarred),14,
StatTrak™ M4A1-S | Nightmare,MINIMAL_WEAR,False,False,20.0,M4A1-S | Nightmare (Minimal Wear),14,
MAC-10 | Whitefish,MINIMAL_WEAR,True,False,0.66,StatTrak™ MAC-10 | Whitefish (Minimal Wear),14,
Sealed Graffiti | Applause (Tracer Yellow),,False,False,0.67,Sealed Graffiti | Applause (Tracer Yellow),14,
CZ75-Auto | Xiangliu,FIELD_TESTED,False,False,10.22,CZ75-Auto | Xiangliu (Field-Tested),14,
Sticker | oSee (Holo) | Paris 2023,,False,False,0.22,Sticker | oSee (Holo) | Paris 2023,14,
P2000 | Imperial Dragon,FACTORY_NEW,False,False,44.98,P2000 | Imperial Dragon (Factory New),14,
Sticker | zont1x (Foil) | Austin 2025,,False,False,0.13,Sticker | zont1x (Foil) | Austin 2025,14,
Sticker | NEKiZ (Glitter) | Copenhagen 2024,,False,False,0.18,Sticker | NEKiZ (Glitter) | Copenhagen 2024,14,
Sticker | Legendary (Foil),,False,False,1.57,Sticker | Legendary (Foil),14,
Nova | Exo,FACTORY_NEW,True,False,0.82,StatTrak™ Nova | Exo (Factory New),14,
SSG 08 | Mainframe 001,FACTORY_NEW,True,False,1.08,StatTrak™ SSG 08 | Mainframe 001 (Factory New),14,
Sealed Graffiti | Smirk (Monarch Blue),,False,False,0.26,Sealed Graffiti | Smirk (Monarch Blue),14,
Sealed Graffiti | Dizzy (Monster Purple),,False,False,0.19,Sealed Graffiti | Dizzy (Monster Purple),14,
SCAR-20 | Blueprint,FACTORY_NEW,False,False,1.02,SCAR-20 | Blueprint (Factory New),14,
Sticker | B-Day,,False,False,0.33,Sticker | B-Day,14,
Galil AR | Black Sand,WELL_WORN,True,False,0.3,StatTrak™ Galil AR | Black Sand (Well-Worn),14,
AWP | Duality,FACTORY_NEW,False,False,13.73,AWP | Duality (Factory New),14,
P2000 | Gnarled,FACTORY_NEW,True,False,1.02,StatTrak™ P2000 | Gnarled (Factory New),14,
Glock-18 | Ironwork,FIELD_TESTED,True,False,1.05,StatTrak™ Glock-18 | Ironwork (Field-Tested),14,
StatTrak™ Tec-9 | Snek-9,MINIMAL_WEAR,False,False,0.56,Tec-9 | Snek-9 (Minimal Wear),14,
FAMAS | Mecha Industries,FIELD_TESTED,True,False,17.31,StatTrak™ FAMAS | Mecha Industries (Field-Tested),14,
Glock-18 | Teal Graf,BATTLE_SCARRED,False,False,0.19,Glock-18 | Teal Graf (Battle-Scarred),14,
UMP-45 | Briefing,WELL_WORN,False,False,0.2,UMP-45 | Briefing (Well-Worn),14,
★ Talon Knife | Marble Fade,FACTORY_NEW,False,False,540.0,★ Talon Knife | Marble Fade (Factory New),14,
UMP-45 | Briefing,FACTORY_NEW,True,False,3.9,StatTrak™ UMP-45 | Briefing (Factory New),14,
Sticker | forZe eSports (Gold) | Paris 2023,,False,False,0.99,Sticker | forZe eSports (Gold) | Paris 2023,14,
Sealed Graffiti | Smarmy (Tiger Orange),,False,False,0.33,Sealed Graffiti | Smarmy (Tiger Orange),14,
Cache Pin,,False,False,17.9,Cache Pin,14,
Five-SeveN | Scumbria,FACTORY_NEW,True,False,3.22,StatTrak™ Five-SeveN | Scumbria (Factory New),14,
AWP | Duality,BATTLE_SCARRED,False,False,2.38,AWP | Duality (Battle-Scarred),14,
Galil AR | Firefight,WELL_WORN,False,False,0.92,Galil AR | Firefight (Well-Worn),14,
Sealed Graffiti | Oops (Brick Red),,False,False,0.19,Sealed Graffiti | Oops (Brick Red),14,
Five-SeveN | Scumbria,MINIMAL_WEAR,False,False,0.31,Five-SeveN | Scumbria (Minimal Wear),14,
M4A1-S | Electrum,BATTLE_SCARRED,False,False,0.63,M4A1-S | Electrum (Battle-Scarred),14,
Atlanta 2017 Challengers (Holo/Foil),,False,False,84.67,Atlanta 2017 Challengers (Holo-Foil),14,
SG 553 | Cyberforce,FACTORY_NEW,True,False,1.19,StatTrak™ SG 553 | Cyberforce (Factory New),14,
UMP-45 | Roadblock,FACTORY_NEW,True,False,0.88,StatTrak™ UMP-45 | Roadblock (Factory New),14,
Tec-9 | Bamboozle,MINIMAL_WEAR,True,False,2.83,StatTrak™ Tec-9 | Bamboozle (Minimal Wear),14,
UMP-45 | Primal Saber,FACTORY_NEW,False,False,23.95,UMP-45 | Primal Saber (Factory New),14,
M4A4 | Evil Daimyo,MINIMAL_WEAR,True,False,11.79,StatTrak™ M4A4 | Evil Daimyo (Minimal Wear),14,
Austin 2025 Inferno Souvenir Package,,False,False,3.04,Austin 2025 Inferno Souvenir Package,14,
M4A4 | Etch Lord,FACTORY_NEW,True,False,7.61,StatTrak™ M4A4 | Etch Lord (Factory New),14,
Dragon,,False,False,0.13,Sticker | Dragon,14,
AK-47 | Legion of Anubis,MINIMAL_WEAR,False,False,31.99,AK-47 | Legion of Anubis (Minimal Wear),14,
Sticker | Cluck (Holo),,False,False,0.68,Sticker | Cluck (Holo),14,
Sawed-Off | Rust Coat,FIELD_TESTED,False,False,8.52,Sawed-Off | Rust Coat (Field-Tested),14,
Patch | Longevity,,False,False,0.84,Patch | Longevity,14,
FAMAS | Doomkitty,MINIMAL_WEAR,True,False,4.1,StatTrak™ FAMAS | Doomkitty (Minimal Wear),14,
Negev | Drop Me,MINIMAL_WEAR,True,False,0.23,StatTrak™ Negev | Drop Me (Minimal Wear),14,
UMP-45 | Warm Blooded,FACTORY_NEW,False,False,1.24,UMP-45 | Warm Blooded (Factory New),14,
Sawed-Off | Limelight,FACTORY_NEW,False,False,6.98,Sawed-Off | Limelight (Factory New),14,
Patch | Sustenance!,,False,False,2.14,Patch | Sustenance!,14,
AWP | Atheris,FACTORY_NEW,False,False,47.0,AWP | Atheris (Factory New),14,
P250 | Metallic DDPAT,FACTORY_NEW,False,True,4.25,Souvenir P250 | Metallic DDPAT (Factory New),14,
AWP | Black Nile,FACTORY_NEW,False,False,23.71,AWP | Black Nile (Factory New),14,
Sticker | REZ | Berlin 2019,,False,False,0.11,Sticker | REZ | Berlin 2019,14,
Sealed Graffiti | Silver Bullet (Frog Green),,False,False,0.13,Sealed Graffiti | Silver Bullet (Frog Green),14,
PP-Bizon | Cobalt Halftone,MINIMAL_WEAR,True,False,1.26,StatTrak™ PP-Bizon | Cobalt Halftone (Minimal Wear),14,
AK-47 | Baroque Purple,BATTLE_SCARRED,False,False,4.71,AK-47 | Baroque Purple (Battle-Scarred),14,
Sealed Graffiti | Grimace (Princess Pink),,False,False,0.18,Sealed Graffiti | Grimace (Princess Pink),14,
Splyce (Holo) | MLG Columbus 2016,,False,False,39.9,Sticker | Splyce (Holo) | MLG Columbus 2016,14,
Negev | Prototype,MINIMAL_WEAR,False,False,0.23,Negev | Prototype (Minimal Wear),14,
Ninjas in Pyjamas | MLG Columbus 2016,,False,False,3.7,Sticker | Ninjas in Pyjamas | MLG Columbus 2016,14,
SCAR-20 | Trail Blazer,FIELD_TESTED,False,False,0.26,SCAR-20 | Trail Blazer (Field-Tested),14,
R8 Revolver | Nitro,FACTORY_NEW,False,False,6.28,R8 Revolver | Nitro (Factory New),14,
Sticker | North | London 2018,,False,False,0.92,Sticker | North | London 2018,14,
Sealed Graffiti | Kiss (Brick Red),,False,False,1.4,Sealed Graffiti | Kiss (Brick Red),14,
P2000 | Dispatch,FIELD_TESTED,False,False,13.72,P2000 | Dispatch (Field-Tested),14,
Galil AR | Akoben,MINIMAL_WEAR,False,False,0.44,Galil AR | Akoben (Minimal Wear),14,
Sealed Graffiti | Applause (Tiger Orange),,False,False,1.39,Sealed Graffiti | Applause (Tiger Orange),14,
Natus Vincere | Cologne 2015,,False,False,3.56,Sticker | Natus Vincere | Cologne 2015,14,
P90 | Deathgaze,FIELD_TESTED,False,False,5.0,P90 | Deathgaze (Field-Tested),14,
PP-Bizon | Candy Apple,MINIMAL_WEAR,False,True,0.46,Souvenir PP-Bizon | Candy Apple (Minimal Wear),14,
Glock-18 | AXIA,MINIMAL_WEAR,False,False,32.0,Glock-18 | AXIA (Minimal Wear),14,
P90 | Wave Breaker,WELL_WORN,True,False,0.48,StatTrak™ P90 | Wave Breaker (Well-Worn),14,
GruBy | Cluj-Napoca 2015,,False,False,14.49,Sticker | GruBy | Cluj-Napoca 2015,14,
CZ75-Auto | Distressed,FACTORY_NEW,True,False,2.78,StatTrak™ CZ75-Auto | Distressed (Factory New),14,
Sealed Graffiti | Little Bock (Dust Brown),,False,False,1.01,Sealed Graffiti | Little Bock (Dust Brown),14,
Sticker | BLAST.tv (Gold) | Paris 2023,,False,False,0.59,Sticker | BLAST.tv (Gold) | Paris 2023,14,
XM1014 | Hieroglyph,FACTORY_NEW,False,False,0.8,XM1014 | Hieroglyph (Factory New),14,
R8 Revolver | Tango,FIELD_TESTED,True,False,0.29,StatTrak™ R8 Revolver | Tango (Field-Tested),14,
Sticker | B Hop,,False,False,0.59,Sticker | B Hop,14,
Team EnVyUs | Cluj-Napoca 2015,,False,False,3.24,Sticker | Team EnVyUs | Cluj-Napoca 2015,14,
Sticker | jL (Foil) | Austin 2025,,False,False,0.61,Sticker | jL (Foil) | Austin 2025,14,
Team Immunity (Foil) | Cologne 2015,,False,False,18.99,Sticker | Team Immunity (Foil) | Cologne 2015,14,
M4A4 | Poly Mag,MINIMAL_WEAR,True,False,0.22,StatTrak™ M4A4 | Poly Mag (Minimal Wear),14,
Sealed Graffiti | Dead Now (Tracer Yellow),,False,False,0.2,Sealed Graffiti | Dead Now (Tracer Yellow),14,
Primeiro Tenente | Brazilian 1st Battalion,,False,False,95.79,Primeiro Tenente | Brazilian 1st Battalion,14,
Sticker | Blood Moon Tentaskull,,False,False,0.99,Sticker | Blood Moon Tentaskull,14,
Sticker | blameF (Holo) | Antwerp 2022,,False,False,0.66,Sticker | blameF (Holo) | Antwerp 2022,14,
Desert Eagle | Heat Treated,FACTORY_NEW,False,False,70.0,Desert Eagle | Heat Treated (Factory New),14,
P90 | ScaraB Rush,FIELD_TESTED,False,False,5.72,P90 | ScaraB Rush (Field-Tested),14,
PP-Bizon | Brass,FACTORY_NEW,False,False,3.51,PP-Bizon | Brass (Factory New),14,
R8 Revolver | Banana Cannon,WELL_WORN,True,False,0.3,StatTrak™ R8 Revolver | Banana Cannon (Well-Worn),14,
MAC-10 | Palm,MINIMAL_WEAR,False,False,0.19,MAC-10 | Palm (Minimal Wear),14,
CZ75-Auto | Jungle Dashed,WELL_WORN,False,False,1.12,CZ75-Auto | Jungle Dashed (Well-Worn),14,
P250 | Valence,BATTLE_SCARRED,True,False,0.33,StatTrak™ P250 | Valence (Battle-Scarred),14,
MP7 | Special Delivery,FIELD_TESTED,True,False,2.39,StatTrak™ MP7 | Special Delivery (Field-Tested),14,
P250 | Vino Primo,FIELD_TESTED,False,False,0.89,P250 | Vino Primo (Field-Tested),14,
Negev | Desert-Strike,FACTORY_NEW,True,False,0.66,StatTrak™ Negev | Desert-Strike (Factory New),14,
Budapest 2025 Train Souvenir Highlight Package,,False,True,2.99,Budapest 2025 Train Souvenir Highlight Package,14,
Sealed Graffiti | Chef Kiss (Monarch Blue),,False,False,0.14,Sealed Graffiti | Chef Kiss (Monarch Blue),14,
M249 | Hypnosis,FIELD_TESTED,True,False,0.23,StatTrak™ M249 | Hypnosis (Field-Tested),14,
P250 | Muertos,MINIMAL_WEAR,True,False,18.31,StatTrak™ P250 | Muertos (Minimal Wear),14,
Sticker | NertZ (Holo) | Paris 2023,,False,False,0.45,Sticker | NertZ (Holo) | Paris 2023,14,
AUG | Radiation Hazard,FIELD_TESTED,False,False,2.37,AUG | Radiation Hazard (Field-Tested),14,
SSG 08 | Fever Dream,FIELD_TESTED,True,False,1.74,StatTrak™ SSG 08 | Fever Dream (Field-Tested),14,
P250 | Mint Kimono,MINIMAL_WEAR,False,False,10.5,P250 | Mint Kimono (Minimal Wear),14,
MP5-SD | Gauss,FACTORY_NEW,False,False,4.02,MP5-SD | Gauss (Factory New),14,
XM1014 | Quicksilver,FIELD_TESTED,True,False,0.43,StatTrak™ XM1014 | Quicksilver (Field-Tested),14,
Sticker | NAF (Holo) | Paris 2023,,False,False,0.4,Sticker | NAF (Holo) | Paris 2023,14,
Galil AR | Rainbow Spoon,MINIMAL_WEAR,False,False,25.74,Galil AR | Rainbow Spoon (Minimal Wear),14,
Sticker | apEX (Glitter) | Rio 2022,,False,False,0.79,Sticker | apEX (Glitter) | Rio 2022,14,
AK-47 | Inheritance,BATTLE_SCARRED,False,False,29.17,AK-47 | Inheritance (Battle-Scarred),14,
UMP-45 | Wild Child,MINIMAL_WEAR,False,False,4.88,UMP-45 | Wild Child (Minimal Wear),14,
Sticker | Miami Buttery (Holo),,False,False,12.93,Sticker | Miami Buttery (Holo),14,
dennis | Cologne 2015,,False,False,1.93,Sticker | dennis | Cologne 2015,14,
Sticker | huNter- | Berlin 2019,,False,False,0.17,Sticker | huNter- | Berlin 2019,14,
Austin 2025 Anubis Souvenir Highlight Package,,False,True,4.0,Austin 2025 Anubis Souvenir Highlight Package,14,
MP9 | Mount Fuji,FACTORY_NEW,True,False,28.15,StatTrak™ MP9 | Mount Fuji (Factory New),14,
AUG | Tom Cat,FACTORY_NEW,True,False,1.57,StatTrak™ AUG | Tom Cat (Factory New),14,
Desert Eagle | Kumicho Dragon,MINIMAL_WEAR,False,False,26.44,Desert Eagle | Kumicho Dragon (Minimal Wear),14,
G3SG1 | Azure Zebra,FACTORY_NEW,True,False,3.97,StatTrak™ G3SG1 | Azure Zebra (Factory New),14,
XM1014 | Quicksilver,FACTORY_NEW,False,False,1.12,XM1014 | Quicksilver (Factory New),14,
R8 Revolver | Bone Forged,FACTORY_NEW,True,False,1.5,StatTrak™ R8 Revolver | Bone Forged (Factory New),14,
UMP-45 | Moonrise,MINIMAL_WEAR,True,False,1.05,StatTrak™ UMP-45 | Moonrise (Minimal Wear),14,
Tec-9 | Decimator,FIELD_TESTED,False,False,18.83,Tec-9 | Decimator (Field-Tested),14,
Sawed-Off | Jungle Thicket,FACTORY_NEW,False,False,5.58,Sawed-Off | Jungle Thicket (Factory New),14,
Sticker | GamerLegion (Gold) | Paris 2023,,False,False,0.78,Sticker | GamerLegion (Gold) | Paris 2023,14,
★ Driver Gloves | Rezan the Red,FIELD_TESTED,False,False,56.99,★ Driver Gloves | Rezan the Red (Field-Tested),14,
MP9 | Nexus,FACTORY_NEW,True,False,1.7,StatTrak™ MP9 | Nexus (Factory New),14,
SCAR-20 | Enforcer,MINIMAL_WEAR,False,False,0.86,SCAR-20 | Enforcer (Minimal Wear),14,
USP-S | Silent Shot,WELL_WORN,False,False,0.14,USP-S | Silent Shot (Well-Worn),14,
Sticker | BLAST.tv (Holo) | Austin 2025,,False,False,0.56,Sticker | BLAST.tv (Holo) | Austin 2025,13,
StatTrak™ Nova | Toy Soldier,FIELD_TESTED,False,False,0.74,Nova | Toy Soldier (Field-Tested),13,
P2000 | Grip Tape,FACTORY_NEW,False,False,1.06,P2000 | Grip Tape (Factory New),13,
Galil AR | Signal,WELL_WORN,False,False,0.6,Galil AR | Signal (Well-Worn),13,
MAG-7 | Popdog,FACTORY_NEW,True,False,1.1,StatTrak™ MAG-7 | Popdog (Factory New),13,
PP-Bizon | Bamboo Print,MINIMAL_WEAR,False,False,9.87,PP-Bizon | Bamboo Print (Minimal Wear),13,
Galil AR | Signal,MINIMAL_WEAR,True,False,1.9,StatTrak™ Galil AR | Signal (Minimal Wear),13,
friberg | MLG Columbus 2016,,False,False,1.83,Sticker | friberg | MLG Columbus 2016,13,
CZ75-Auto | Distressed,WELL_WORN,False,False,0.18,CZ75-Auto | Distressed (Well-Worn),13,
Sticker | Kawaii CT (Holo),,False,False,3.89,Sticker | Kawaii CT (Holo),13,
MAG-7 | Heaven Guard,MINIMAL_WEAR,True,False,0.64,StatTrak™ MAG-7 | Heaven Guard (Minimal Wear),13,
Sealed Graffiti | Goofy (Princess Pink),,False,False,0.28,Sealed Graffiti | Goofy (Princess Pink),13,
USP-S | The Traitor,WELL_WORN,False,False,29.0,USP-S | The Traitor (Well-Worn),13,
MP9 | Sand Scale,FACTORY_NEW,True,False,1.6,StatTrak™ MP9 | Sand Scale (Factory New),13,
MAC-10 | Stalker,FIELD_TESTED,False,False,31.75,MAC-10 | Stalker (Field-Tested),13,
Sticker | Complexity Gaming (Foil) | Austin 2025,,False,False,0.27,Sticker | Complexity Gaming (Foil) | Austin 2025,13,
Patch | Lambda,,False,False,3.0,Patch | Lambda,13,
Vortigaunt Pin,,False,False,5.47,Vortigaunt Pin,13,
P90 | Mustard Gas,FACTORY_NEW,False,False,0.2,P90 | Mustard Gas (Factory New),13,
M4A1-S | Flashback,MINIMAL_WEAR,False,False,9.88,M4A1-S | Flashback (Minimal Wear),13,
PP-Bizon | RMX,MINIMAL_WEAR,False,False,0.17,PP-Bizon | RMX (Minimal Wear),13,
Sticker | Natus Vincere (Gold) | Paris 2023,,False,False,2.33,Sticker | Natus Vincere (Gold) | Paris 2023,13,
SG 553 | Heavy Metal,BATTLE_SCARRED,True,False,0.24,StatTrak™ SG 553 | Heavy Metal (Battle-Scarred),13,
Sealed Graffiti | Broken Heart (Violent Violet),,False,False,0.49,Sealed Graffiti | Broken Heart (Violent Violet),13,
Desert Eagle | Directive,BATTLE_SCARRED,True,False,1.4,StatTrak™ Desert Eagle | Directive (Battle-Scarred),13,
Sticker | Team Liquid (Glitter) | Shanghai 2024,,False,False,0.15,Sticker | Team Liquid (Glitter) | Shanghai 2024,13,
SG 553 | Army Sheen,FACTORY_NEW,False,False,0.98,SG 553 | Army Sheen (Factory New),13,
Sticker | Team Liquid (Holo) | Rio 2022,,False,False,2.69,Sticker | Team Liquid (Holo) | Rio 2022,13,
Sticker | VINI (Glitter) | Rio 2022,,False,False,0.12,Sticker | VINI (Glitter) | Rio 2022,13,
Glock-18 | Weasel,BATTLE_SCARRED,False,False,0.8,Glock-18 | Weasel (Battle-Scarred),13,
"Sticker | Magisk (Holo, Champion) | Paris 2023",,False,False,0.21,"Sticker | Magisk (Holo, Champion) | Paris 2023",13,
Desert Eagle | Conspiracy,FIELD_TESTED,False,False,16.03,Desert Eagle | Conspiracy (Field-Tested),13,
Sticker | stavn (Holo) | Paris 2023,,False,False,0.27,Sticker | stavn (Holo) | Paris 2023,13,
XM1014 | Banana Leaf,FIELD_TESTED,False,False,10.0,XM1014 | Banana Leaf (Field-Tested),13,
AWP | PAW,FACTORY_NEW,True,False,13.22,StatTrak™ AWP | PAW (Factory New),13,
CZ75-Auto | Distressed,FACTORY_NEW,False,False,4.29,CZ75-Auto | Distressed (Factory New),13,
Sticker | f0rest | Berlin 2019,,False,False,0.24,Sticker | f0rest | Berlin 2019,13,
★ Moto Gloves | Blood Pressure,FIELD_TESTED,False,False,110.0,★ Moto Gloves | Blood Pressure (Field-Tested),13,
Sealed Graffiti | Okay (Shark White),,False,False,0.15,Sealed Graffiti | Okay (Shark White),13,
P2000 | Imperial,FACTORY_NEW,True,False,1.47,StatTrak™ P2000 | Imperial (Factory New),13,
PP-Bizon | Antique,FIELD_TESTED,True,False,5.62,StatTrak™ PP-Bizon | Antique (Field-Tested),13,
Sticker | cadiaN | Rio 2022,,False,False,0.2,Sticker | cadiaN | Rio 2022,13,
Sticker | s1mple | Rio 2022,,False,False,0.55,Sticker | s1mple | Rio 2022,13,
Sticker | Team Spirit (Holo) | Copenhagen 2024,,False,False,4.36,Sticker | Team Spirit (Holo) | Copenhagen 2024,13,
P2000 | Ivory,WELL_WORN,True,False,0.24,StatTrak™ P2000 | Ivory (Well-Worn),13,
P2000 | Ivory,MINIMAL_WEAR,True,False,0.52,StatTrak™ P2000 | Ivory (Minimal Wear),13,
MAC-10 | Pipsqueak,BATTLE_SCARRED,False,False,0.2,MAC-10 | Pipsqueak (Battle-Scarred),13,
Sticker Slab | ENCE | Paris 2023,,False,False,2.5,Sticker Slab | ENCE | Paris 2023,13,
UMP-45 | Facility Dark,FACTORY_NEW,False,False,1.0,UMP-45 | Facility Dark (Factory New),13,
PP-Bizon | Cobalt Halftone,FIELD_TESTED,False,False,1.54,PP-Bizon | Cobalt Halftone (Field-Tested),13,
Sticker | Heroic (Holo) | Copenhagen 2024,,False,False,6.0,Sticker | Heroic (Holo) | Copenhagen 2024,13,
UMP-45 | Facility Dark,FIELD_TESTED,False,True,0.7,Souvenir UMP-45 | Facility Dark (Field-Tested),13,
Sealed Graffiti | Team EnVyUs | Boston 2018,,False,False,2.15,Sealed Graffiti | Team EnVyUs | Boston 2018,13,
Sealed Graffiti | Renegades | Boston 2018,,False,False,2.0,Sealed Graffiti | Renegades | Boston 2018,13,
Sealed Graffiti | Avangar | Boston 2018,,False,False,2.02,Sealed Graffiti | Avangar | Boston 2018,13,
Sealed Graffiti | Smarmy (Desert Amber),,False,False,1.75,Sealed Graffiti | Smarmy (Desert Amber),13,
P250 | Contamination,FACTORY_NEW,False,False,12.78,P250 | Contamination (Factory New),13,
Sealed Graffiti | mousesports | Boston 2018,,False,False,2.53,Sealed Graffiti | mousesports | Boston 2018,13,
Sealed Graffiti | Natus Vincere | Boston 2018,,False,False,3.48,Sealed Graffiti | Natus Vincere | Boston 2018,13,
Sticker | mezii | Rio 2022,,False,False,0.23,Sticker | mezii | Rio 2022,13,
Sticker | Cloud9 | London 2018,,False,False,1.72,Sticker | Cloud9 | London 2018,13,
MP9 | Storm,FIELD_TESTED,False,True,0.32,Souvenir MP9 | Storm (Field-Tested),13,
AWP | Mortis,MINIMAL_WEAR,True,False,7.85,StatTrak™ AWP | Mortis (Minimal Wear),13,
Sealed Graffiti | Smirk (Violent Violet),,False,False,0.64,Sealed Graffiti | Smirk (Violent Violet),13,
Sealed Graffiti | Kiss (SWAT Blue),,False,False,0.43,Sealed Graffiti | Kiss (SWAT Blue),13,
"Sticker | ZywOo (Holo, Champion) | Budapest 2025",,False,False,0.51,"Sticker | ZywOo (Holo, Champion) | Budapest 2025",13,
M4A1-S | Hot Rod,FACTORY_NEW,False,False,1510.0,M4A1-S | Hot Rod (Factory New),13,
AUG | Stymphalian,MINIMAL_WEAR,True,False,4.5,StatTrak™ AUG | Stymphalian (Minimal Wear),13,
MP9 | Old Roots,MINIMAL_WEAR,False,False,0.71,MP9 | Old Roots (Minimal Wear),13,
Nova | Tempest,MINIMAL_WEAR,False,False,5.0,Nova | Tempest (Minimal Wear),13,
Sticker | kinqie | Berlin 2019,,False,False,0.17,Sticker | kinqie | Berlin 2019,13,
Sealed Graffiti | Question Mark (Dust Brown),,False,False,0.14,Sealed Graffiti | Question Mark (Dust Brown),13,
Sticker | zont1x (Glitter) | Copenhagen 2024,,False,False,0.4,Sticker | zont1x (Glitter) | Copenhagen 2024,13,
Sealed Graffiti | Smirk (Monster Purple),,False,False,0.33,Sealed Graffiti | Smirk (Monster Purple),13,
XM1014 | Halftone Shift,FACTORY_NEW,False,False,3.15,XM1014 | Halftone Shift (Factory New),13,
Sticker | Woro2k (Holo) | Paris 2023,,False,False,0.59,Sticker | Woro2k (Holo) | Paris 2023,13,
P250 | Drought,WELL_WORN,False,True,1.02,Souvenir P250 | Drought (Well-Worn),13,
Nova | Koi,FIELD_TESTED,False,False,1.73,Nova | Koi (Field-Tested),13,
Desert Eagle | The Daily Deagle,MINIMAL_WEAR,False,False,0.42,Desert Eagle | The Daily Deagle (Minimal Wear),13,
Sticker | Toxic Tentaskull,,False,False,0.72,Sticker | Toxic Tentaskull,13,
MP7 | Gunsmoke,FIELD_TESTED,False,False,1.22,MP7 | Gunsmoke (Field-Tested),13,
MAC-10 | Malachite,MINIMAL_WEAR,True,False,5.0,StatTrak™ MAC-10 | Malachite (Minimal Wear),13,
Sealed Graffiti | OMG (Princess Pink),,False,False,0.51,Sealed Graffiti | OMG (Princess Pink),13,
R8 Revolver | Crimson Web,FIELD_TESTED,False,False,0.28,R8 Revolver | Crimson Web (Field-Tested),13,
Hippocamp (Holo),,False,False,0.76,Sticker | Hippocamp (Holo),13,
Sealed Graffiti | OMG (Bazooka Pink),,False,False,0.44,Sealed Graffiti | OMG (Bazooka Pink),13,
Sticker | EspiranTo (Foil) | Berlin 2019,,False,False,0.53,Sticker | EspiranTo (Foil) | Berlin 2019,13,
Sticker | FaZe Clan (Holo) | Antwerp 2022,,False,False,3.5,Sticker | FaZe Clan (Holo) | Antwerp 2022,13,
Sealed Graffiti | Question Mark (Bazooka Pink),,False,False,0.29,Sealed Graffiti | Question Mark (Bazooka Pink),13,
Stan,,False,False,0.2,Sticker | Stan,13,
CZ75-Auto | Imprint,FIELD_TESTED,True,False,0.27,StatTrak™ CZ75-Auto | Imprint (Field-Tested),13,
Sticker | Rogue | London 2018,,False,False,1.26,Sticker | Rogue | London 2018,13,
Sticker | HellRaisers | Katowice 2019,,False,False,5.66,Sticker | HellRaisers | Katowice 2019,13,
R8 Revolver | Fade,MINIMAL_WEAR,False,False,66.22,R8 Revolver | Fade (Minimal Wear),13,
SG 553 | Triarch,FACTORY_NEW,True,False,12.0,StatTrak™ SG 553 | Triarch (Factory New),13,
Negev | Lionfish,FIELD_TESTED,True,False,0.49,StatTrak™ Negev | Lionfish (Field-Tested),13,
Galil AR | Chromatic Aberration,FACTORY_NEW,False,False,30.0,Galil AR | Chromatic Aberration (Factory New),13,
Dual Berettas | Royal Consorts,WELL_WORN,False,False,2.94,Dual Berettas | Royal Consorts (Well-Worn),13,
Sticker | Gambit Esports | London 2018,,False,False,0.81,Sticker | Gambit Esports | London 2018,13,
AK-47 | Wasteland Rebel,MINIMAL_WEAR,False,False,88.0,AK-47 | Wasteland Rebel (Minimal Wear),13,
Glock-18 | Ironwork,BATTLE_SCARRED,True,False,0.54,StatTrak™ Glock-18 | Ironwork (Battle-Scarred),13,
Sticker | Ruby Stream (Lenticular),,False,False,6.97,Sticker | Ruby Stream (Lenticular),13,
MAG-7 | Petroglyph,MINIMAL_WEAR,False,False,0.92,MAG-7 | Petroglyph (Minimal Wear),13,
Sticker | YEKINDAR (Embroidered) | Budapest 2025,,False,False,0.35,Sticker | YEKINDAR (Embroidered) | Budapest 2025,13,
FAMAS | Half Sleeve,FACTORY_NEW,False,False,1.55,FAMAS | Half Sleeve (Factory New),13,
Negev | dev_texture,MINIMAL_WEAR,True,False,1.06,StatTrak™ Negev | dev_texture (Minimal Wear),13,
Sticker | IHC Esports (Glitter) | Rio 2022,,False,False,0.15,Sticker | IHC Esports (Glitter) | Rio 2022,13,
MP7 | Just Smile,WELL_WORN,True,False,0.64,StatTrak™ MP7 | Just Smile (Well-Worn),13,
Sealed Graffiti | Gambit Esports | Boston 2018,,False,False,1.3,Sealed Graffiti | Gambit Esports | Boston 2018,13,
PP-Bizon | Lumen,FACTORY_NEW,False,False,4.3,PP-Bizon | Lumen (Factory New),13,
Galil AR | Rainbow Spoon,FACTORY_NEW,False,False,41.95,Galil AR | Rainbow Spoon (Factory New),13,
Sticker | REZ (Holo) | Paris 2023,,False,False,0.2,Sticker | REZ (Holo) | Paris 2023,13,
SCAR-20 | Crimson Web,FIELD_TESTED,False,False,2.3,SCAR-20 | Crimson Web (Field-Tested),13,
SCAR-20 | Green Marine,FIELD_TESTED,False,False,0.48,SCAR-20 | Green Marine (Field-Tested),13,
Sticker | Perfecto (Foil) | Berlin 2019,,False,False,1.0,Sticker | Perfecto (Foil) | Berlin 2019,13,
Sticker | Ninjas in Pyjamas (Holo) | Antwerp 2022,,False,False,1.64,Sticker | Ninjas in Pyjamas (Holo) | Antwerp 2022,13,
XM1014 | XOXO,MINIMAL_WEAR,False,False,4.84,XM1014 | XOXO (Minimal Wear),13,
CZ75-Auto | Twist,FACTORY_NEW,False,False,7.45,CZ75-Auto | Twist (Factory New),13,
Sawed-Off | Spirit Board,FACTORY_NEW,True,False,0.69,StatTrak™ Sawed-Off | Spirit Board (Factory New),13,
Sealed Graffiti | Grimace (Monarch Blue),,False,False,0.16,Sealed Graffiti | Grimace (Monarch Blue),13,
Sealed Graffiti | Hop (Tracer Yellow),,False,False,0.43,Sealed Graffiti | Hop (Tracer Yellow),13,
XM1014 | Gum Wall Camo,FACTORY_NEW,False,False,0.14,XM1014 | Gum Wall Camo (Factory New),13,
FAMAS | Pulse,FACTORY_NEW,False,False,44.5,FAMAS | Pulse (Factory New),13,
Sealed Graffiti | 200 IQ (Jungle Green),,False,False,0.18,Sealed Graffiti | 200 IQ (Jungle Green),13,
AK-47 | Slate,BATTLE_SCARRED,True,False,9.85,StatTrak™ AK-47 | Slate (Battle-Scarred),13,
Sticker | MOUZ (Holo) | Copenhagen 2024,,False,False,3.12,Sticker | MOUZ (Holo) | Copenhagen 2024,13,
Sticker | Supreme Master First Class (Holo),,False,False,0.83,Sticker | Supreme Master First Class (Holo),13,
FAMAS | Bad Trip,MINIMAL_WEAR,False,False,44.22,FAMAS | Bad Trip (Minimal Wear),13,
Dual Berettas | Dualing Dragons,BATTLE_SCARRED,True,False,0.45,StatTrak™ Dual Berettas | Dualing Dragons (Battle-Scarred),13,
Five-SeveN | Violent Daimyo,MINIMAL_WEAR,True,False,1.29,StatTrak™ Five-SeveN | Violent Daimyo (Minimal Wear),13,
Dual Berettas | Ventilators,FIELD_TESTED,True,False,0.21,StatTrak™ Dual Berettas | Ventilators (Field-Tested),13,
AK-47 | Orbit Mk01,FIELD_TESTED,False,False,23.99,AK-47 | Orbit Mk01 (Field-Tested),13,
SSG 08 | Dezastre,FACTORY_NEW,True,False,1.25,StatTrak™ SSG 08 | Dezastre (Factory New),13,
XM1014 | Ziggy,FACTORY_NEW,True,False,3.93,StatTrak™ XM1014 | Ziggy (Factory New),13,
SSG 08 | Necropos,FIELD_TESTED,True,False,0.67,StatTrak™ SSG 08 | Necropos (Field-Tested),13,
Sticker | Hello M4A1-S,,False,False,0.41,Sticker | Hello M4A1-S,13,
Vox Eminor | Cologne 2014,,False,False,21.16,Sticker | Vox Eminor | Cologne 2014,13,
Sticker | Door Stuck (Foil),,False,False,0.24,Sticker | Door Stuck (Foil),13,
MP9 | Modest Threat,BATTLE_SCARRED,True,False,0.15,StatTrak™ MP9 | Modest Threat (Battle-Scarred),13,
Bossy Burger,,False,False,1.5,Sticker | Bossy Burger,13,
Sealed Graffiti | Oops (Blood Red),,False,False,0.37,Sealed Graffiti | Oops (Blood Red),13,
M4A4 | Zubastick,MINIMAL_WEAR,False,False,0.19,M4A4 | Zubastick (Minimal Wear),13,
G3SG1 | Hunter,WELL_WORN,True,False,0.14,StatTrak™ G3SG1 | Hunter (Well-Worn),13,
R8 Revolver | Grip,MINIMAL_WEAR,True,False,0.28,StatTrak™ R8 Revolver | Grip (Minimal Wear),13,
Shooting Star Return,,False,False,0.61,Sticker | Shooting Star Return,13,
PP-Bizon | Photic Zone,BATTLE_SCARRED,False,False,0.42,PP-Bizon | Photic Zone (Battle-Scarred),13,
AWP | Pit Viper,BATTLE_SCARRED,False,False,0.88,AWP | Pit Viper (Battle-Scarred),13,
Zeus x27 | Charged Up,WELL_WORN,False,False,1.87,Zeus x27 | Charged Up (Well-Worn),13,
Sawed-Off | Black Sand,MINIMAL_WEAR,False,False,0.42,Sawed-Off | Black Sand (Minimal Wear),13,
Glock-18 | Shinobu,BATTLE_SCARRED,False,False,3.43,Glock-18 | Shinobu (Battle-Scarred),13,
Glock-18 | Shinobu,FIELD_TESTED,True,False,7.57,StatTrak™ Glock-18 | Shinobu (Field-Tested),13,
Glock-18 | Shinobu,MINIMAL_WEAR,False,False,7.59,Glock-18 | Shinobu (Minimal Wear),13,
"StatTrak™ Music Kit | Midnight Riders, All I Want for Christmas",,False,False,2.49,"Music Kit | Midnight Riders, All I Want for Christmas",13,
Sticker | ropz (Glitter) | Antwerp 2022,,False,False,0.3,Sticker | ropz (Glitter) | Antwerp 2022,13,
SG 553 | Phantom,FACTORY_NEW,False,False,3.2,SG 553 | Phantom (Factory New),13,
SCAR-20 | Stone Mosaico,MINIMAL_WEAR,False,False,3.6,SCAR-20 | Stone Mosaico (Minimal Wear),13,
Sticker | Black Shark Shooter,,False,False,0.39,Sticker | Black Shark Shooter,13,
Sticker | Copenhagen Flames (Holo) | Antwerp 2022,,False,False,7.0,Sticker | Copenhagen Flames (Holo) | Antwerp 2022,13,
M4A1-S | Fizzy POP,FACTORY_NEW,False,False,22.5,M4A1-S | Fizzy POP (Factory New),13,
P250 | Re.built,FACTORY_NEW,False,False,0.74,P250 | Re.built (Factory New),13,
Patch | G2 Esports | Stockholm 2021,,False,False,1.84,Patch | G2 Esports | Stockholm 2021,13,
M4A4 | Desolate Space,BATTLE_SCARRED,False,False,9.75,M4A4 | Desolate Space (Battle-Scarred),13,
Dual Berettas | Urban Shock,FIELD_TESTED,True,False,3.33,StatTrak™ Dual Berettas | Urban Shock (Field-Tested),13,
Five-SeveN | Buddy,MINIMAL_WEAR,False,False,1.18,Five-SeveN | Buddy (Minimal Wear),13,
MAG-7 | Sand Dune,FIELD_TESTED,False,True,1.34,Souvenir MAG-7 | Sand Dune (Field-Tested),13,
M249 | Downtown,BATTLE_SCARRED,False,False,0.29,M249 | Downtown (Battle-Scarred),13,
Tec-9 | Cracked Opal,MINIMAL_WEAR,False,False,0.3,Tec-9 | Cracked Opal (Minimal Wear),13,
AK-47 | Nightwish,FIELD_TESTED,True,False,50.0,StatTrak™ AK-47 | Nightwish (Field-Tested),13,
Tec-9 | Cracked Opal,BATTLE_SCARRED,True,False,0.14,StatTrak™ Tec-9 | Cracked Opal (Battle-Scarred),13,
Desert Eagle | Blue Ply,BATTLE_SCARRED,True,False,0.77,StatTrak™ Desert Eagle | Blue Ply (Battle-Scarred),13,
Sawed-Off | Morris,MINIMAL_WEAR,False,False,0.26,Sawed-Off | Morris (Minimal Wear),13,
Sawed-Off | Morris,FIELD_TESTED,True,False,0.17,StatTrak™ Sawed-Off | Morris (Field-Tested),13,
Backstab,,False,False,0.93,Sticker | Backstab,13,
Desert Eagle | The Bronze,FACTORY_NEW,False,False,49.91,Desert Eagle | The Bronze (Factory New),13,
Sticker | arT | Berlin 2019,,False,False,0.41,Sticker | arT | Berlin 2019,13,
P90 | Straight Dimes,MINIMAL_WEAR,False,False,0.14,P90 | Straight Dimes (Minimal Wear),13,
P90 | Facility Negative,MINIMAL_WEAR,False,False,0.44,P90 | Facility Negative (Minimal Wear),13,
Sticker | HObbit (Holo) | Stockholm 2021,,False,False,0.65,Sticker | HObbit (Holo) | Stockholm 2021,13,
Luminosity Gaming | Cluj-Napoca 2015,,False,False,7.99,Sticker | Luminosity Gaming | Cluj-Napoca 2015,13,
Ninja Defuse,,False,False,0.76,Sticker | Ninja Defuse,13,
SG 553 | Lush Ruins,FACTORY_NEW,False,False,3.16,SG 553 | Lush Ruins (Factory New),13,
Sticker | FL1T (Holo) | Stockholm 2021,,False,False,0.4,Sticker | FL1T (Holo) | Stockholm 2021,13,
SCAR-20 | Poultrygeist,FACTORY_NEW,True,False,0.29,StatTrak™ SCAR-20 | Poultrygeist (Factory New),13,
KRIMZ | Cologne 2015,,False,False,1.95,Sticker | KRIMZ | Cologne 2015,13,
USP-S | Desert Tactical,MINIMAL_WEAR,False,False,0.94,USP-S | Desert Tactical (Minimal Wear),13,
Xizt | Cologne 2015,,False,False,1.56,Sticker | Xizt | Cologne 2015,13,
Sticker | oSee (Glitter) | Antwerp 2022,,False,False,0.12,Sticker | oSee (Glitter) | Antwerp 2022,13,
P90 | Cocoa Rampage,MINIMAL_WEAR,False,False,0.92,P90 | Cocoa Rampage (Minimal Wear),13,
MP9 | Starlight Protector,BATTLE_SCARRED,False,False,47.98,MP9 | Starlight Protector (Battle-Scarred),13,
P90 | Trigon,MINIMAL_WEAR,False,False,12.07,P90 | Trigon (Minimal Wear),13,
Galil AR | Hunting Blind,FIELD_TESTED,False,False,2.78,Galil AR | Hunting Blind (Field-Tested),13,
MP9 | Urban Sovereign,MINIMAL_WEAR,False,False,1.52,MP9 | Urban Sovereign (Minimal Wear),13,
Dual Berettas | Balance,MINIMAL_WEAR,False,False,3.25,Dual Berettas | Balance (Minimal Wear),13,
MAG-7 | Resupply,FACTORY_NEW,False,False,0.77,MAG-7 | Resupply (Factory New),13,
Glock-18 | Mirror Mosaic,WELL_WORN,False,False,4.5,Glock-18 | Mirror Mosaic (Well-Worn),13,
Sticker | m0NESY (Holo) | Antwerp 2022,,False,False,8.49,Sticker | m0NESY (Holo) | Antwerp 2022,13,
Dual Berettas | Heist,MINIMAL_WEAR,False,False,1.34,Dual Berettas | Heist (Minimal Wear),13,
Sticker | T Rush (Holo),,False,False,1.34,Sticker | T Rush (Holo),13,
Sticker | ableJ | Berlin 2019,,False,False,0.17,Sticker | ableJ | Berlin 2019,13,
Ninjas in Pyjamas  | Katowice 2015,,False,False,14.55,Sticker | Ninjas in Pyjamas  | Katowice 2015,13,
Sticker | Team Liquid (Foil) | Stockholm 2021,,False,False,1.29,Sticker | Team Liquid (Foil) | Stockholm 2021,13,
M4A4 | Global Offensive,FIELD_TESTED,False,False,14.39,M4A4 | Global Offensive (Field-Tested),13,
P2000 | Wicked Sick,BATTLE_SCARRED,False,False,1.99,P2000 | Wicked Sick (Battle-Scarred),13,
Sticker | iM (Glitter) | Copenhagen 2024,,False,False,0.39,Sticker | iM (Glitter) | Copenhagen 2024,13,
AK-47 | Inheritance,FIELD_TESTED,True,False,70.0,StatTrak™ AK-47 | Inheritance (Field-Tested),13,
Five-SeveN | Triumvirate,FIELD_TESTED,False,False,2.05,Five-SeveN | Triumvirate (Field-Tested),13,
UMP-45 | Houndstooth,MINIMAL_WEAR,False,False,6.22,UMP-45 | Houndstooth (Minimal Wear),13,
Glock-18 | Snack Attack,BATTLE_SCARRED,False,False,14.5,Glock-18 | Snack Attack (Battle-Scarred),13,
Sealed Graffiti | Choke (Brick Red),,False,False,1.75,Sealed Graffiti | Choke (Brick Red),13,
Glock-18 | Gamma Doppler,FACTORY_NEW,False,False,165.0,Glock-18 | Gamma Doppler (Factory New),13,gamma-doppler-phase3
Five-SeveN | Forest Night,FIELD_TESTED,False,True,3.0,Souvenir Five-SeveN | Forest Night (Field-Tested),13,
Dual Berettas | Cartel,FACTORY_NEW,True,False,7.68,StatTrak™ Dual Berettas | Cartel (Factory New),13,
Nova | Army Sheen,MINIMAL_WEAR,False,False,0.55,Nova | Army Sheen (Minimal Wear),13,
Sticker | Natus Vincere (Holo) | Shanghai 2024,,False,False,3.63,Sticker | Natus Vincere (Holo) | Shanghai 2024,13,
★ Sport Gloves | Amphibious,FIELD_TESTED,False,False,309.99,★ Sport Gloves | Amphibious (Field-Tested),13,
Fnatic | Katowice 2015,,False,False,32.0,Sticker | Fnatic | Katowice 2015,13,
SG 553 | Tiger Moth,MINIMAL_WEAR,False,False,2.27,SG 553 | Tiger Moth (Minimal Wear),13,
UMP-45 | Riot,MINIMAL_WEAR,True,False,0.59,StatTrak™ UMP-45 | Riot (Minimal Wear),13,
Sawed-Off | Clay Ambush,MINIMAL_WEAR,False,False,1.37,Sawed-Off | Clay Ambush (Minimal Wear),13,
Sticker | I'm Lit,,False,False,0.14,Sticker | I'm Lit,13,
Sticker | Natus Vincere | Atlanta 2017,,False,False,5.3,Sticker | Natus Vincere | Atlanta 2017,13,
★ Huntsman Knife | Marble Fade,FACTORY_NEW,False,False,163.37,★ Huntsman Knife | Marble Fade (Factory New),13,
MAC-10 | Toybox,WELL_WORN,False,False,12.57,MAC-10 | Toybox (Well-Worn),13,
AK-47 | Asiimov,FIELD_TESTED,True,False,56.54,StatTrak™ AK-47 | Asiimov (Field-Tested),13,
Sticker | zorte (Glitter) | Antwerp 2022,,False,False,0.12,Sticker | zorte (Glitter) | Antwerp 2022,13,
AK-47 | Bloodsport,FIELD_TESTED,False,False,112.0,AK-47 | Bloodsport (Field-Tested),13,
MP5-SD | Gauss,BATTLE_SCARRED,False,False,0.43,MP5-SD | Gauss (Battle-Scarred),13,
Sealed Graffiti | Broken Heart (Bazooka Pink),,False,False,5.18,Sealed Graffiti | Broken Heart (Bazooka Pink),13,
Negev | Power Loader,MINIMAL_WEAR,False,False,3.89,Negev | Power Loader (Minimal Wear),13,
MAC-10 | Ultraviolet,FIELD_TESTED,False,False,3.63,MAC-10 | Ultraviolet (Field-Tested),13,
Negev | Terrain,MINIMAL_WEAR,True,False,0.66,StatTrak™ Negev | Terrain (Minimal Wear),13,
Sticker | Neon MVP (Lenticular),,False,False,4.81,Sticker | Neon MVP (Lenticular),13,
Glock-18 | Sacrifice,BATTLE_SCARRED,False,False,0.19,Glock-18 | Sacrifice (Battle-Scarred),13,
Desert Eagle | Ocean Drive,MINIMAL_WEAR,False,False,67.5,Desert Eagle | Ocean Drive (Minimal Wear),13,
"Music Kit | Sam Marshall, Bodacious",,False,False,0.87,"Music Kit | Sam Marshall, Bodacious",13,
★ Butterfly Knife | Crimson Web,FIELD_TESTED,False,False,596.0,★ Butterfly Knife | Crimson Web (Field-Tested),13,
Glock-18 | Trace Lock,FACTORY_NEW,False,False,8.76,Glock-18 | Trace Lock (Factory New),13,
PP-Bizon | Jungle Slipstream,FIELD_TESTED,True,False,0.29,StatTrak™ PP-Bizon | Jungle Slipstream (Field-Tested),13,
Sticker | SK Gaming | Atlanta 2017,,False,False,3.9,Sticker | SK Gaming | Atlanta 2017,13,
Sticker | Froggles (Holo),,False,False,0.55,Sticker | Froggles (Holo),13,
Negev | Terrain,FACTORY_NEW,True,False,1.06,StatTrak™ Negev | Terrain (Factory New),13,
P90 | Off World,MINIMAL_WEAR,False,False,0.32,P90 | Off World (Minimal Wear),13,
Virtus.Pro | MLG Columbus 2016,,False,False,3.8,Sticker | Virtus.Pro | MLG Columbus 2016,13,
R8 Revolver | Canal Spray,MINIMAL_WEAR,False,False,4.06,R8 Revolver | Canal Spray (Minimal Wear),13,
Five-SeveN | Scrawl,FACTORY_NEW,False,False,1.0,Five-SeveN | Scrawl (Factory New),13,
Galil AR | Crimson Tsunami,FIELD_TESTED,False,False,1.61,Galil AR | Crimson Tsunami (Field-Tested),13,
Tec-9 | Ice Cap,MINIMAL_WEAR,True,False,1.36,StatTrak™ Tec-9 | Ice Cap (Minimal Wear),13,
"StatTrak™ Music Kit | Roam, Backbone",,True,False,1.59,"StatTrak™ Music Kit | Roam, Backbone",13,
R8 Revolver | Reboot,FIELD_TESTED,True,False,1.95,StatTrak™ R8 Revolver | Reboot (Field-Tested),13,
MAC-10 | Last Dive,FACTORY_NEW,False,False,7.0,MAC-10 | Last Dive (Factory New),13,
Sealed Graffiti | Puke (Wire Blue),,False,False,0.21,Sealed Graffiti | Puke (Wire Blue),13,
Dual Berettas | Flora Carnivora,FACTORY_NEW,False,False,3.8,Dual Berettas | Flora Carnivora (Factory New),13,
SG 553 | Darkwing,FACTORY_NEW,True,False,9.01,StatTrak™ SG 553 | Darkwing (Factory New),13,
UMP-45 | Scaffold,FIELD_TESTED,True,False,1.75,StatTrak™ UMP-45 | Scaffold (Field-Tested),13,
M4A1-S | Emphorosaur-S,WELL_WORN,False,False,0.45,M4A1-S | Emphorosaur-S (Well-Worn),13,
CZ75-Auto | Red Astor,MINIMAL_WEAR,True,False,2.4,StatTrak™ CZ75-Auto | Red Astor (Minimal Wear),13,
Flipsid3 Tactics (Holo) | MLG Columbus 2016,,False,False,34.9,Sticker | Flipsid3 Tactics (Holo) | MLG Columbus 2016,13,
"Music Kit | Daniel Sadowski, Crimson Assault",,False,False,1.44,"Music Kit | Daniel Sadowski, Crimson Assault",13,
Dual Berettas | Marina,FIELD_TESTED,False,False,5.95,Dual Berettas | Marina (Field-Tested),13,
Sticker | G2 Esports | Atlanta 2017,,False,False,5.0,Sticker | G2 Esports | Atlanta 2017,13,
M249 | Magma,FIELD_TESTED,True,False,1.02,StatTrak™ M249 | Magma (Field-Tested),13,
SG 553 | Barricade,FIELD_TESTED,False,False,5.68,SG 553 | Barricade (Field-Tested),13,
P250 | Ripple,MINIMAL_WEAR,False,False,0.4,P250 | Ripple (Minimal Wear),13,
SSG 08 | Bloodshot,FIELD_TESTED,False,False,15.05,SSG 08 | Bloodshot (Field-Tested),13,
Sticker | Ninjas in Pyjamas (Holo) | Berlin 2019,,False,False,0.59,Sticker | Ninjas in Pyjamas (Holo) | Berlin 2019,13,
Tec-9 | Rebel,FACTORY_NEW,False,False,0.82,Tec-9 | Rebel (Factory New),13,
Austin 2025 Viewer Pass,,False,False,10.0,Austin 2025 Viewer Pass,13,
USP-S | Printstream,FIELD_TESTED,False,False,34.84,USP-S | Printstream (Field-Tested),13,
Sticker | Astralis (Gold) | 2020 RMR,,False,False,1.89,Sticker | Astralis (Gold) | 2020 RMR,13,
G3SG1 | Keeping Tabs,MINIMAL_WEAR,False,False,1.92,G3SG1 | Keeping Tabs (Minimal Wear),13,
Sticker | Lynn Vision | Cologne 2026,,False,False,0.22,Sticker | Lynn Vision | Cologne 2026,13,
Sticker | Natus Vincere (Gold) | Copenhagen 2024,,False,False,9.99,Sticker | Natus Vincere (Gold) | Copenhagen 2024,13,
SG 553 | Atlas,MINIMAL_WEAR,True,False,0.4,StatTrak™ SG 553 | Atlas (Minimal Wear),13,
Sticker | Cutie (Holo),,False,False,0.72,Sticker | Cutie (Holo),13,
PP-Bizon | Seabird,MINIMAL_WEAR,False,False,4.65,PP-Bizon | Seabird (Minimal Wear),13,
MLG (Foil) | MLG Columbus 2016,,False,False,100.0,Sticker | MLG (Foil) | MLG Columbus 2016,13,
Negev | Boroque Sand,FIELD_TESTED,False,False,2.02,Negev | Boroque Sand (Field-Tested),13,
MP7 | Akoben,FACTORY_NEW,False,False,3.67,MP7 | Akoben (Factory New),13,
SG 553 | Atlas,FACTORY_NEW,False,False,3.45,SG 553 | Atlas (Factory New),13,
Sealed Graffiti | Choke (Monarch Blue),,False,False,0.36,Sealed Graffiti | Choke (Monarch Blue),13,
Kukri Knife | Fade,FACTORY_NEW,False,False,153.0,★ Kukri Knife | Fade (Factory New),13,
Sticker | Fnatic | Katowice 2019,,False,False,1.79,Sticker | Fnatic | Katowice 2019,12,
Zeus x27 | Earth Mandala,MINIMAL_WEAR,False,False,0.64,Zeus x27 | Earth Mandala (Minimal Wear),12,
AWP | Exothermic,FACTORY_NEW,False,False,11.79,AWP | Exothermic (Factory New),12,
Galil AR | Akoben,FACTORY_NEW,False,False,4.38,Galil AR | Akoben (Factory New),12,
Sticker | Golden (Foil) | Berlin 2019,,False,False,0.78,Sticker | Golden (Foil) | Berlin 2019,12,
PP-Bizon | Antique,MINIMAL_WEAR,False,False,8.13,PP-Bizon | Antique (Minimal Wear),12,
Sticker | kyxsan (Holo) | Shanghai 2024,,False,False,1.19,Sticker | kyxsan (Holo) | Shanghai 2024,12,
Sticker | REZ (Holo) | Stockholm 2021,,False,False,0.95,Sticker | REZ (Holo) | Stockholm 2021,12,
Sticker | Flick Shotter,,False,False,0.47,Sticker | Flick Shotter,12,
UMP-45 | Bone Pile,FIELD_TESTED,False,False,5.57,UMP-45 | Bone Pile (Field-Tested),12,
Sticker | gla1ve (Foil) | Berlin 2019,,False,False,0.34,Sticker | gla1ve (Foil) | Berlin 2019,12,
PP-Bizon | Water Sigil,FACTORY_NEW,True,False,3.56,StatTrak™ PP-Bizon | Water Sigil (Factory New),12,
AUG | Momentum,BATTLE_SCARRED,False,False,4.25,AUG | Momentum (Battle-Scarred),12,
Desert Eagle | Mecha Industries,MINIMAL_WEAR,True,False,15.11,StatTrak™ Desert Eagle | Mecha Industries (Minimal Wear),12,
Sticker | woxic (Foil) | Berlin 2019,,False,False,1.47,Sticker | woxic (Foil) | Berlin 2019,12,
Tec-9 | Remote Control,WELL_WORN,False,False,1.88,Tec-9 | Remote Control (Well-Worn),12,
Sticker | NertZ (Holo) | Shanghai 2024,,False,False,0.88,Sticker | NertZ (Holo) | Shanghai 2024,12,
AUG | Daedalus,FACTORY_NEW,False,False,5.95,AUG | Daedalus (Factory New),12,
Sticker | Rare Atom (Glitter) | Shanghai 2024,,False,False,0.47,Sticker | Rare Atom (Glitter) | Shanghai 2024,12,
★ Hand Wraps | Overprint,FIELD_TESTED,False,False,95.0,★ Hand Wraps | Overprint (Field-Tested),12,
Nova | Wood Fired,FACTORY_NEW,True,False,0.71,StatTrak™ Nova | Wood Fired (Factory New),12,
★ Driver Gloves | King Snake,FIELD_TESTED,False,False,135.66,★ Driver Gloves | King Snake (Field-Tested),12,
MP9 | Starlight Protector,MINIMAL_WEAR,False,False,60.02,MP9 | Starlight Protector (Minimal Wear),12,
Patch | Copenhagen Flames | Stockholm 2021,,False,False,3.59,Patch | Copenhagen Flames | Stockholm 2021,12,
MP7 | Bloodsport,WELL_WORN,False,False,27.99,MP7 | Bloodsport (Well-Worn),12,
★ Moto Gloves | POW!,FIELD_TESTED,False,False,77.0,★ Moto Gloves | POW! (Field-Tested),12,
FAMAS | Hexane,MINIMAL_WEAR,False,False,2.7,FAMAS | Hexane (Minimal Wear),12,
AK-47 | Wintergreen,BATTLE_SCARRED,False,False,0.41,AK-47 | Wintergreen (Battle-Scarred),12,
FAMAS | Yeti Camo,MINIMAL_WEAR,False,False,0.64,FAMAS | Yeti Camo (Minimal Wear),12,
MP9 | Black Sand,MINIMAL_WEAR,False,False,0.16,MP9 | Black Sand (Minimal Wear),12,
"Sticker | Hi, My Game Is",,False,False,0.19,"Sticker | Hi, My Game Is",12,
AK-47 | Safety Net,MINIMAL_WEAR,False,False,4.9,AK-47 | Safety Net (Minimal Wear),12,
Sticker | Perfect World (Holo) | Shanghai 2024,,False,False,3.79,Sticker | Perfect World (Holo) | Shanghai 2024,12,
USP-S | Cortex,WELL_WORN,True,False,5.0,StatTrak™ USP-S | Cortex (Well-Worn),12,
Shanghai 2024 Ancient Souvenir Package,,False,False,3.15,Shanghai 2024 Ancient Souvenir Package,12,
PP-Bizon | Blue Streak,FIELD_TESTED,False,False,2.69,PP-Bizon | Blue Streak (Field-Tested),12,
Sticker | Virtus.Pro | London 2018,,False,False,2.4,Sticker | Virtus.Pro | London 2018,12,
FAMAS | Pulse,FACTORY_NEW,True,False,19.32,StatTrak™ FAMAS | Pulse (Factory New),12,
MAG-7 | Storm,FIELD_TESTED,False,False,0.45,MAG-7 | Storm (Field-Tested),12,
AK-47 | Nouveau Rouge,MINIMAL_WEAR,False,False,21.69,AK-47 | Nouveau Rouge (Minimal Wear),12,
Sticker | facecrack | Berlin 2019,,False,False,0.11,Sticker | facecrack | Berlin 2019,12,
R8 Revolver | Grip,BATTLE_SCARRED,False,False,0.11,R8 Revolver | Grip (Battle-Scarred),12,
MP7 | Mischief,FIELD_TESTED,True,False,0.47,StatTrak™ MP7 | Mischief (Field-Tested),12,
AWP | Neo-Noir,FACTORY_NEW,False,False,45.0,AWP | Neo-Noir (Factory New),12,
AWP | Worm God,FIELD_TESTED,True,False,4.48,StatTrak™ AWP | Worm God (Field-Tested),12,
XM1014 | XoooM,FACTORY_NEW,False,False,0.16,XM1014 | XoooM (Factory New),12,
Tec-9 | Bamboozle,FIELD_TESTED,True,False,1.24,StatTrak™ Tec-9 | Bamboozle (Field-Tested),12,
XM1014 | Scumbria,FIELD_TESTED,True,False,0.34,StatTrak™ XM1014 | Scumbria (Field-Tested),12,
MP7 | Mischief,BATTLE_SCARRED,True,False,0.28,StatTrak™ MP7 | Mischief (Battle-Scarred),12,
Tec-9 | Fubar,WELL_WORN,True,False,0.18,StatTrak™ Tec-9 | Fubar (Well-Worn),12,
Sticker | JACKZ | Stockholm 2021,,False,False,0.18,Sticker | JACKZ | Stockholm 2021,12,
Sticker | LETN1 | Berlin 2019,,False,False,0.2,Sticker | LETN1 | Berlin 2019,12,
Sticker | somebody | Berlin 2019,,False,False,0.36,Sticker | somebody | Berlin 2019,12,
Sticker | Bite Me,,False,False,0.24,Sticker | Bite Me,12,
Desert Eagle | Code Red,WELL_WORN,False,False,35.0,Desert Eagle | Code Red (Well-Worn),12,
Sticker | Vitality | Katowice 2019,,False,False,2.12,Sticker | Vitality | Katowice 2019,12,
Glock-18 | Oxide Blaze,WELL_WORN,False,False,0.21,Glock-18 | Oxide Blaze (Well-Worn),12,
Sticker | zeRRoFIX (Glitter) | Shanghai 2024,,False,False,0.12,Sticker | zeRRoFIX (Glitter) | Shanghai 2024,12,
P250 | Vino Primo,WELL_WORN,False,False,0.6,P250 | Vino Primo (Well-Worn),12,
Glock-18 | Gamma Doppler,FACTORY_NEW,False,False,120.0,Glock-18 | Gamma Doppler (Factory New),12,gamma-doppler-phase2
★ Moto Gloves | Polygon,FIELD_TESTED,False,False,105.99,★ Moto Gloves | Polygon (Field-Tested),12,
UMP-45 | Moonrise,FIELD_TESTED,True,False,0.58,StatTrak™ UMP-45 | Moonrise (Field-Tested),12,
XM1014 | Oxide Blaze,MINIMAL_WEAR,True,False,0.18,StatTrak™ XM1014 | Oxide Blaze (Minimal Wear),12,
Sticker | ViCi Gaming (Holo) | Katowice 2019,,False,False,17.0,Sticker | ViCi Gaming (Holo) | Katowice 2019,12,
Nova | Wild Six,FACTORY_NEW,False,False,2.44,Nova | Wild Six (Factory New),12,
MP5-SD | Gauss,WELL_WORN,False,False,0.45,MP5-SD | Gauss (Well-Worn),12,
Sticker | xsepower | Berlin 2019,,False,False,0.11,Sticker | xsepower | Berlin 2019,12,
MP5-SD | Gauss,MINIMAL_WEAR,False,False,0.88,MP5-SD | Gauss (Minimal Wear),12,
AUG | Condemned,MINIMAL_WEAR,False,False,0.17,AUG | Condemned (Minimal Wear),12,
Sticker | Lucky | Katowice 2019,,False,False,1.74,Sticker | Lucky | Katowice 2019,12,
P90 | Aeolian Light,MINIMAL_WEAR,False,False,0.31,P90 | Aeolian Light (Minimal Wear),12,
StatTrak™ CZ75-Auto | Eco,WELL_WORN,True,False,1.12,StatTrak™ CZ75-Auto | Eco (Well-Worn),12,
Glock-18 | Gamma Doppler,FACTORY_NEW,False,False,120.0,Glock-18 | Gamma Doppler (Factory New),12,gamma-doppler-phase4
Sticker | Keoz | Berlin 2019,,False,False,0.13,Sticker | Keoz | Berlin 2019,12,
Devouring Flame,,False,False,0.21,Sticker | Devouring Flame,12,
Nova | Wild Six,FIELD_TESTED,True,False,0.46,StatTrak™ Nova | Wild Six (Field-Tested),12,
AWP | Electric Hive,MINIMAL_WEAR,False,False,30.77,AWP | Electric Hive (Minimal Wear),12,
AWP | Electric Hive,FIELD_TESTED,False,False,26.99,AWP | Electric Hive (Field-Tested),12,
Sticker | Master Guardian Elite (Holo),,False,False,0.74,Sticker | Master Guardian Elite (Holo),12,
Sticker | TeSeS | Stockholm 2021,,False,False,0.19,Sticker | TeSeS | Stockholm 2021,12,
Sawed-Off | Spirit Board,FACTORY_NEW,False,False,1.8,Sawed-Off | Spirit Board (Factory New),12,
Tec-9 | Re-Entry,MINIMAL_WEAR,True,False,2.71,StatTrak™ Tec-9 | Re-Entry (Minimal Wear),12,
P250 | Contaminant,FIELD_TESTED,False,False,1.02,P250 | Contaminant (Field-Tested),12,
Sticker | dexter (Glitter) | Paris 2023,,False,False,0.17,Sticker | dexter (Glitter) | Paris 2023,12,
rain | Cologne 2015,,False,False,5.05,Sticker | rain | Cologne 2015,12,
MAG-7 | Copper Coated,FIELD_TESTED,False,False,1.15,MAG-7 | Copper Coated (Field-Tested),12,
Glock-18 | Neo-Noir,WELL_WORN,False,False,29.0,Glock-18 | Neo-Noir (Well-Worn),12,
Sticker | nin9 (Glitter) | Antwerp 2022,,False,False,0.23,Sticker | nin9 (Glitter) | Antwerp 2022,12,
Operation Shattered Web Premium Pass,,False,False,42.15,Operation Shattered Web Premium Pass,12,
Tec-9 | Mummy's Rot,WELL_WORN,False,False,0.84,Tec-9 | Mummy's Rot (Well-Worn),12,
MP9 | Airlock,FACTORY_NEW,False,False,34.79,MP9 | Airlock (Factory New),12,
Tec-9 | Isaac,FACTORY_NEW,False,False,30.0,Tec-9 | Isaac (Factory New),12,
Galil AR | Vandal,WELL_WORN,False,False,0.48,Galil AR | Vandal (Well-Worn),12,
cajunb | Cologne 2015,,False,False,1.68,Sticker | cajunb | Cologne 2015,12,
R8 Revolver | Phoenix Marker,FIELD_TESTED,False,False,4.24,R8 Revolver | Phoenix Marker (Field-Tested),12,
P2000 | Panther Camo,FACTORY_NEW,False,False,7.62,P2000 | Panther Camo (Factory New),12,
Sticker | MIBR (Gold) | Antwerp 2022,,False,False,2.99,Sticker | MIBR (Gold) | Antwerp 2022,12,
P2000 | Oceanic,MINIMAL_WEAR,False,False,0.42,P2000 | Oceanic (Minimal Wear),12,
P250 | Contaminant,FACTORY_NEW,True,False,3.12,StatTrak™ P250 | Contaminant (Factory New),12,
MAG-7 | Hard Water,MINIMAL_WEAR,False,False,5.43,MAG-7 | Hard Water (Minimal Wear),12,
USP-S | Desert Tactical,BATTLE_SCARRED,False,False,0.2,USP-S | Desert Tactical (Battle-Scarred),12,
Glock-18 | Teal Graf,WELL_WORN,False,False,0.23,Glock-18 | Teal Graf (Well-Worn),12,
MAG-7 | Carbon Fiber,MINIMAL_WEAR,False,False,3.58,MAG-7 | Carbon Fiber (Minimal Wear),12,
Sticker | Crimson Web Poison Frog (Foil),,False,False,25.0,Sticker | Crimson Web Poison Frog (Foil),12,
"Sticker | dupreeh (Holo, Champion) | Paris 2023",,False,False,0.2,"Sticker | dupreeh (Holo, Champion) | Paris 2023",12,
AWP | Exoskeleton,FACTORY_NEW,False,False,44.99,AWP | Exoskeleton (Factory New),12,
Desert Eagle | Calligraffiti,FACTORY_NEW,False,False,9.62,Desert Eagle | Calligraffiti (Factory New),12,
AWP | Exoskeleton,MINIMAL_WEAR,True,False,12.72,StatTrak™ AWP | Exoskeleton (Minimal Wear),12,
AWP | Exoskeleton,WELL_WORN,True,False,6.85,StatTrak™ AWP | Exoskeleton (Well-Worn),12,
Tec-9 | Sandstorm,MINIMAL_WEAR,False,False,7.03,Tec-9 | Sandstorm (Minimal Wear),12,
★ Skeleton Knife | Tiger Tooth,FACTORY_NEW,False,False,295.0,★ Skeleton Knife | Tiger Tooth (Factory New),12,
★ Paracord Knife | Marble Fade,FACTORY_NEW,False,False,120.0,★ Paracord Knife | Marble Fade (Factory New),12,
Tec-9 | Fuel Injector,FACTORY_NEW,False,False,50.0,Tec-9 | Fuel Injector (Factory New),12,
Desert Eagle | Calligraffiti,WELL_WORN,True,False,0.36,StatTrak™ Desert Eagle | Calligraffiti (Well-Worn),12,
kioShiMa | Cluj-Napoca 2015,,False,False,2.44,Sticker | kioShiMa | Cluj-Napoca 2015,12,
ESL (Foil) | Cologne 2015,,False,False,10.1,Sticker | ESL (Foil) | Cologne 2015,12,
Sealed Graffiti | Little EZ (Cash Green),,False,False,0.16,Sealed Graffiti | Little EZ (Cash Green),12,
Sticker | AMKAL ESPORTS (Glitter) | Copenhagen 2024,,False,False,0.12,Sticker | AMKAL ESPORTS (Glitter) | Copenhagen 2024,12,
AWP | Ice Coaled,WELL_WORN,False,False,4.99,AWP | Ice Coaled (Well-Worn),12,
"Music Kit | Tree Adams, Seventh Moon",,False,False,1.47,"Music Kit | Tree Adams, Seventh Moon",12,
M4A1-S | Moss Quartz,MINIMAL_WEAR,False,False,37.07,M4A1-S | Moss Quartz (Minimal Wear),12,
Glock-18 | Bunsen Burner,FACTORY_NEW,True,False,9.23,StatTrak™ Glock-18 | Bunsen Burner (Factory New),12,
P250 | Cassette,MINIMAL_WEAR,True,False,0.18,StatTrak™ P250 | Cassette (Minimal Wear),12,
Five-SeveN | Contractor,FIELD_TESTED,False,True,1.28,Souvenir Five-SeveN | Contractor (Field-Tested),12,
iBUYPOWER | DreamHack 2014,,False,False,199.0,Sticker | iBUYPOWER | DreamHack 2014,12,
CZ75-Auto | Framework,FIELD_TESTED,False,True,0.32,Souvenir CZ75-Auto | Framework (Field-Tested),12,
★ Specialist Gloves | Field Agent,FIELD_TESTED,False,False,120.84,★ Specialist Gloves | Field Agent (Field-Tested),12,
XM1014 | Mockingbird,FACTORY_NEW,False,False,0.8,XM1014 | Mockingbird (Factory New),12,
MAC-10 | Pipsqueak,WELL_WORN,False,False,0.21,MAC-10 | Pipsqueak (Well-Worn),12,
Sealed Graffiti | Hop (Princess Pink),,False,False,0.42,Sealed Graffiti | Hop (Princess Pink),12,
Team LDLC.com | Cologne 2014,,False,False,19.9,Sticker | Team LDLC.com | Cologne 2014,12,
Sealed Graffiti | BOOM (Princess Pink),,False,False,0.16,Sealed Graffiti | BOOM (Princess Pink),12,
UMP-45 | Scaffold,MINIMAL_WEAR,False,False,1.99,UMP-45 | Scaffold (Minimal Wear),12,
SSG 08 | Jungle Dashed,MINIMAL_WEAR,False,False,1.2,SSG 08 | Jungle Dashed (Minimal Wear),12,
Sticker | NQZ (Holo) | Copenhagen 2024,,False,False,0.75,Sticker | NQZ (Holo) | Copenhagen 2024,12,
UMP-45 | Motorized,FACTORY_NEW,False,False,0.39,UMP-45 | Motorized (Factory New),12,
MP7 | Smoking Kills,WELL_WORN,False,False,4.33,MP7 | Smoking Kills (Well-Worn),12,
MP5-SD | Statics,FIELD_TESTED,False,False,0.21,MP5-SD | Statics (Field-Tested),12,
M4A4 | Spider Lily,MINIMAL_WEAR,False,False,19.98,M4A4 | Spider Lily (Minimal Wear),12,
M4A4 | Spider Lily,BATTLE_SCARRED,False,False,6.0,M4A4 | Spider Lily (Battle-Scarred),12,
Sticker | FaNg (Holo) | Paris 2023,,False,False,0.89,Sticker | FaNg (Holo) | Paris 2023,12,
Sealed Graffiti | Grimace (Bazooka Pink),,False,False,0.38,Sealed Graffiti | Grimace (Bazooka Pink),12,
P90 | Blind Spot,FACTORY_NEW,False,False,14.14,P90 | Blind Spot (Factory New),12,
Sealed Graffiti | Little Crown (Bazooka Pink),,False,False,0.23,Sealed Graffiti | Little Crown (Bazooka Pink),12,
★ Huntsman Knife | Bright Water,FACTORY_NEW,False,False,65.84,★ Huntsman Knife | Bright Water (Factory New),12,
★ Driver Gloves | Queen Jaguar,FIELD_TESTED,False,False,52.99,★ Driver Gloves | Queen Jaguar (Field-Tested),12,
Galil AR | Sandstorm,FIELD_TESTED,True,False,1.25,StatTrak™ Galil AR | Sandstorm (Field-Tested),12,
USP-S | Black Lotus,FACTORY_NEW,True,False,31.37,StatTrak™ USP-S | Black Lotus (Factory New),12,
Sticker Slab | dupreeh | Antwerp 2022,,False,False,2.5,Sticker Slab | dupreeh | Antwerp 2022,12,
XM1014 | Slipstream,FACTORY_NEW,True,False,4.95,StatTrak™ XM1014 | Slipstream (Factory New),12,
AUG | Plague,FIELD_TESTED,True,False,1.07,StatTrak™ AUG | Plague (Field-Tested),12,
Nova | Ocular,WELL_WORN,False,False,0.41,Nova | Ocular (Well-Worn),12,
SG 553 | Fallout Warning,MINIMAL_WEAR,False,False,4.52,SG 553 | Fallout Warning (Minimal Wear),12,
UMP-45 | Full Stop,FIELD_TESTED,False,False,1.47,UMP-45 | Full Stop (Field-Tested),12,
Sticker | donk (Holo) | Austin 2025,,False,False,6.5,Sticker | donk (Holo) | Austin 2025,12,
Sticker | Press Start,,False,False,0.15,Sticker | Press Start,12,
XM1014 | Entombed,FIELD_TESTED,True,False,4.09,StatTrak™ XM1014 | Entombed (Field-Tested),12,
SSG 08 | Necropos,FACTORY_NEW,True,False,8.19,StatTrak™ SSG 08 | Necropos (Factory New),12,
Nova | Hyper Beast,FIELD_TESTED,False,False,11.42,Nova | Hyper Beast (Field-Tested),12,
P90 | Chopper,MINIMAL_WEAR,False,False,1.2,P90 | Chopper (Minimal Wear),12,
MAC-10 | Lapis Gator,MINIMAL_WEAR,False,False,1.25,MAC-10 | Lapis Gator (Minimal Wear),12,
SCAR-20 | Fragments,FACTORY_NEW,False,False,0.38,SCAR-20 | Fragments (Factory New),12,
Rio 2022 Vertigo Souvenir Package,,False,False,6.69,Rio 2022 Vertigo Souvenir Package,12,
FAMAS | Valence,FIELD_TESTED,True,False,5.0,StatTrak™ FAMAS | Valence (Field-Tested),12,
Sealed Graffiti | Dead Now (Shark White),,False,False,0.4,Sealed Graffiti | Dead Now (Shark White),12,
AWP | Fever Dream,FACTORY_NEW,True,False,30.75,StatTrak™ AWP | Fever Dream (Factory New),12,
Dual Berettas | Royal Consorts,BATTLE_SCARRED,False,False,2.5,Dual Berettas | Royal Consorts (Battle-Scarred),12,
"Sticker | apEX (Holo, Champion) | Austin 2025",,False,False,0.22,"Sticker | apEX (Holo, Champion) | Austin 2025",12,
Sticker | NertZ (Foil) | Austin 2025,,False,False,0.15,Sticker | NertZ (Foil) | Austin 2025,12,
M4A4 | 龍王 (Dragon King),BATTLE_SCARRED,False,False,12.37,M4A4 | 龍王 (Dragon King) (Battle-Scarred),12,
AUG | Plague,MINIMAL_WEAR,False,False,1.6,AUG | Plague (Minimal Wear),12,
G3SG1 | Stinger,FIELD_TESTED,False,False,3.3,G3SG1 | Stinger (Field-Tested),12,
Galil AR | Firefight,MINIMAL_WEAR,True,False,10.0,StatTrak™ Galil AR | Firefight (Minimal Wear),12,
Sealed Graffiti | Hop (Monarch Blue),,False,False,0.25,Sealed Graffiti | Hop (Monarch Blue),12,
Sealed Graffiti | Puke (Tracer Yellow),,False,False,1.09,Sealed Graffiti | Puke (Tracer Yellow),12,
M249 | Spectre,MINIMAL_WEAR,True,False,0.34,StatTrak™ M249 | Spectre (Minimal Wear),12,
AWP | Phobos,MINIMAL_WEAR,True,False,4.75,StatTrak™ AWP | Phobos (Minimal Wear),12,
MAG-7 | Monster Call,MINIMAL_WEAR,False,False,0.8,MAG-7 | Monster Call (Minimal Wear),12,
M4A4 | 龍王 (Dragon King),FACTORY_NEW,False,False,65.0,M4A4 | 龍王 (Dragon King) (Factory New),12,
AK-47 | Ice Coaled,BATTLE_SCARRED,False,False,3.09,AK-47 | Ice Coaled (Battle-Scarred),12,
P90 | Vent Rush,FACTORY_NEW,False,False,1.54,P90 | Vent Rush (Factory New),12,
Sticker | Cloud9 (Holo) | Rio 2022,,False,False,7.9,Sticker | Cloud9 (Holo) | Rio 2022,12,
MP7 | Akoben,FIELD_TESTED,True,False,0.31,StatTrak™ MP7 | Akoben (Field-Tested),12,
Negev | Boroque Sand,FACTORY_NEW,False,False,10.0,Negev | Boroque Sand (Factory New),12,
SG 553 | Barricade,MINIMAL_WEAR,False,False,9.0,SG 553 | Barricade (Minimal Wear),12,
P250 | Ripple,MINIMAL_WEAR,True,False,0.52,StatTrak™ P250 | Ripple (Minimal Wear),12,
AK-47 | Safari Mesh,FACTORY_NEW,False,False,12.77,AK-47 | Safari Mesh (Factory New),12,
SG 553 | Pulse,MINIMAL_WEAR,True,False,10.69,StatTrak™ SG 553 | Pulse (Minimal Wear),12,
Sealed Graffiti | Hop (Shark White),,False,False,0.95,Sealed Graffiti | Hop (Shark White),12,
Sealed Graffiti | Grimace (SWAT Blue),,False,False,0.14,Sealed Graffiti | Grimace (SWAT Blue),12,
AUG | Arctic Wolf,MINIMAL_WEAR,True,False,7.73,StatTrak™ AUG | Arctic Wolf (Minimal Wear),12,
Sawed-Off | Origami,MINIMAL_WEAR,False,False,0.29,Sawed-Off | Origami (Minimal Wear),12,
FAMAS | Roll Cage,MINIMAL_WEAR,False,False,99.0,FAMAS | Roll Cage (Minimal Wear),12,
Sawed-Off | Bamboo Shadow,FACTORY_NEW,False,False,11.89,Sawed-Off | Bamboo Shadow (Factory New),12,
P90 | Deathgaze,WELL_WORN,False,False,4.36,P90 | Deathgaze (Well-Worn),12,
Sawed-Off | Bamboo Shadow,FIELD_TESTED,False,False,9.58,Sawed-Off | Bamboo Shadow (Field-Tested),12,
The 'Nader,,False,False,0.17,Sticker | The 'Nader,12,
AK-47 | Orbit Mk01,FIELD_TESTED,True,False,46.99,StatTrak™ AK-47 | Orbit Mk01 (Field-Tested),12,
Sugarface Capsule,,False,False,1.95,Sugarface Capsule,12,
M249 | Deep Relief,FIELD_TESTED,False,False,0.95,M249 | Deep Relief (Field-Tested),12,
Tec-9 | Re-Entry,FACTORY_NEW,False,False,9.0,Tec-9 | Re-Entry (Factory New),12,
P90 | Grim,MINIMAL_WEAR,True,False,0.41,StatTrak™ P90 | Grim (Minimal Wear),12,
FAMAS | CaliCamo,FACTORY_NEW,False,True,1.19,Souvenir FAMAS | CaliCamo (Factory New),12,
USP-S | Jawbreaker,FIELD_TESTED,True,False,7.9,StatTrak™ USP-S | Jawbreaker (Field-Tested),12,
Sticker | STYKO | Copenhagen 2024,,False,False,0.99,Sticker | STYKO | Copenhagen 2024,12,
Merietta (Holo),,False,False,0.49,Sticker | Merietta (Holo),12,
MP5-SD | Kitbash,FACTORY_NEW,True,False,2.69,StatTrak™ MP5-SD | Kitbash (Factory New),12,
PP-Bizon | Harvester,WELL_WORN,False,False,0.27,PP-Bizon | Harvester (Well-Worn),12,
SG 553 | Damascus Steel,FACTORY_NEW,False,False,2.81,SG 553 | Damascus Steel (Factory New),12,
★ Shadow Daggers | Tiger Tooth,FACTORY_NEW,False,False,67.43,★ Shadow Daggers | Tiger Tooth (Factory New),12,
Five-SeveN | Capillary,MINIMAL_WEAR,True,False,0.59,StatTrak™ Five-SeveN | Capillary (Minimal Wear),12,
Sealed Graffiti | Broken Heart (Frog Green),,False,False,0.5,Sealed Graffiti | Broken Heart (Frog Green),12,
Team EnVyUs | Cologne 2016,,False,False,5.29,Sticker | Team EnVyUs | Cologne 2016,12,
Galil AR | Control,MINIMAL_WEAR,False,False,0.68,Galil AR | Control (Minimal Wear),12,
UMP-45 | Gold Bismuth,FIELD_TESTED,True,False,3.29,StatTrak™ UMP-45 | Gold Bismuth (Field-Tested),12,
★ Broken Fang Gloves | Jade,FIELD_TESTED,False,False,70.0,★ Broken Fang Gloves | Jade (Field-Tested),12,
R8 Revolver | Banana Cannon,FACTORY_NEW,False,False,3.64,R8 Revolver | Banana Cannon (Factory New),12,
PP-Bizon | Judgement of Anubis,FACTORY_NEW,False,False,110.0,PP-Bizon | Judgement of Anubis (Factory New),12,
CZ75-Auto | Syndicate,FIELD_TESTED,False,False,8.08,CZ75-Auto | Syndicate (Field-Tested),12,
Tec-9 | Rust Leaf,FIELD_TESTED,False,False,10.0,Tec-9 | Rust Leaf (Field-Tested),12,
DreamHack Cluj-Napoca 2015 Challengers (Foil),,False,False,64.0,DreamHack Cluj-Napoca 2015 Challengers (Foil),12,
Patch | Vortigaunt,,False,False,0.4,Patch | Vortigaunt,12,
PP-Bizon | Harvester,FIELD_TESTED,False,False,0.41,PP-Bizon | Harvester (Field-Tested),12,
XM1014 | Charter,WELL_WORN,False,False,1.22,XM1014 | Charter (Well-Worn),12,
P250 | Dark Filigree,MINIMAL_WEAR,False,False,5.7,P250 | Dark Filigree (Minimal Wear),12,
CZ75-Auto | Midnight Palm,FACTORY_NEW,False,False,1.33,CZ75-Auto | Midnight Palm (Factory New),12,
Nova | Quick Sand,FACTORY_NEW,False,False,5.0,Nova | Quick Sand (Factory New),12,
P250 | Cartel,FIELD_TESTED,True,False,14.0,StatTrak™ P250 | Cartel (Field-Tested),12,
Sealed Graffiti | Dizzy (Brick Red),,False,False,0.17,Sealed Graffiti | Dizzy (Brick Red),12,
USP-S | Bleeding Edge,FIELD_TESTED,False,False,1.43,USP-S | Bleeding Edge (Field-Tested),12,
Glock-18 | Wraiths,MINIMAL_WEAR,True,False,1.92,StatTrak™ Glock-18 | Wraiths (Minimal Wear),12,
Sticker | hardzao (Holo) | Paris 2023,,False,False,0.18,Sticker | hardzao (Holo) | Paris 2023,12,
MAG-7 | Cobalt Core,MINIMAL_WEAR,False,False,0.46,MAG-7 | Cobalt Core (Minimal Wear),12,
CZ75-Auto | Pole Position,FIELD_TESTED,True,False,1.13,StatTrak™ CZ75-Auto | Pole Position (Field-Tested),12,
Sticker | paiN Gaming (Gold) | Paris 2023,,False,False,1.2,Sticker | paiN Gaming (Gold) | Paris 2023,12,
"StatTrak™ Music Kit | Blitz Kids, The Good Youth",,True,False,12.84,"StatTrak™ Music Kit | Blitz Kids, The Good Youth",12,
MAG-7 | BI83 Spectrum,FIELD_TESTED,True,False,2.25,StatTrak™ MAG-7 | BI83 Spectrum (Field-Tested),12,
Sticker | Jerry (Holo) | Paris 2023,,False,False,0.47,Sticker | Jerry (Holo) | Paris 2023,12,
s1mple | Boston 2018,,False,False,11.99,Sticker | s1mple | Boston 2018,12,
Glock-18 | AXIA,FACTORY_NEW,False,False,65.49,Glock-18 | AXIA (Factory New),12,
XM1014 | XOXO,WELL_WORN,False,False,2.74,XM1014 | XOXO (Well-Worn),12,
Paris 2023 Inferno Souvenir Package,,False,False,2.4,Paris 2023 Inferno Souvenir Package,12,
Sealed Graffiti | OMG (Tracer Yellow),,False,False,0.38,Sealed Graffiti | OMG (Tracer Yellow),12,
Sticker | saffee (Holo) | Antwerp 2022,,False,False,0.92,Sticker | saffee (Holo) | Antwerp 2022,12,
Sticker | Ninjas in Pyjamas (Foil) | Stockholm 2021,,False,False,0.76,Sticker | Ninjas in Pyjamas (Foil) | Stockholm 2021,12,
P250 | Muertos,FACTORY_NEW,True,False,29.9,StatTrak™ P250 | Muertos (Factory New),12,
Tec-9 | Safety Net,FIELD_TESTED,False,False,1.65,Tec-9 | Safety Net (Field-Tested),12,
MAC-10 | Button Masher,FIELD_TESTED,True,False,0.55,StatTrak™ MAC-10 | Button Masher (Field-Tested),12,
FAMAS | Decommissioned,FIELD_TESTED,False,False,0.42,FAMAS | Decommissioned (Field-Tested),12,
XM1014 | Blue Tire,FIELD_TESTED,False,True,0.27,Souvenir XM1014 | Blue Tire (Field-Tested),12,
Sticker | Natus Vincere (Foil) | Stockholm 2021,,False,False,2.21,Sticker | Natus Vincere (Foil) | Stockholm 2021,12,
Sticker | Misfits Gaming | Boston 2018,,False,False,2.0,Sticker | Misfits Gaming | Boston 2018,12,
"StatTrak™ Music Kit | Austin Wintory, Bachram",,False,False,1.51,"Music Kit | Austin Wintory, Bachram",12,
M249 | Aztec,MINIMAL_WEAR,False,False,0.91,M249 | Aztec (Minimal Wear),12,
MP7 | Asterion,MINIMAL_WEAR,False,False,5.18,MP7 | Asterion (Minimal Wear),12,
P250 | Mint Kimono,FACTORY_NEW,False,False,23.59,P250 | Mint Kimono (Factory New),12,
R8 Revolver | Junk Yard,WELL_WORN,False,False,0.23,R8 Revolver | Junk Yard (Well-Worn),12,
Galil AR | Chromatic Aberration,BATTLE_SCARRED,False,False,2.9,Galil AR | Chromatic Aberration (Battle-Scarred),12,
Charm | Baby Karat CT,,False,False,12.5,Charm | Baby Karat CT,12,
Sealed Graffiti | Dizzy (Bazooka Pink),,False,False,0.27,Sealed Graffiti | Dizzy (Bazooka Pink),12,
Sealed Graffiti | Quantum Bellator Fire | Boston 2018,,False,False,1.65,Sealed Graffiti | Quantum Bellator Fire | Boston 2018,12,
Sealed Graffiti | ELEAGUE | Boston 2018,,False,False,1.41,Sealed Graffiti | ELEAGUE | Boston 2018,12,
Galil AR | Cerberus,FACTORY_NEW,False,False,220.0,Galil AR | Cerberus (Factory New),12,
Patch | Mad Sushi,,False,False,3.26,Patch | Mad Sushi,12,
MP5-SD | Autumn Twilly,FIELD_TESTED,False,False,5.94,MP5-SD | Autumn Twilly (Field-Tested),12,
M4A4 | The Coalition,MINIMAL_WEAR,False,False,740.0,M4A4 | The Coalition (Minimal Wear),12,
Sealed Graffiti | Choke (Battle Green),,False,False,0.37,Sealed Graffiti | Choke (Battle Green),12,
Sticker | Complexity Gaming (Gold) | Paris 2023,,False,False,0.92,Sticker | Complexity Gaming (Gold) | Paris 2023,12,
P2000 | Acid Etched,BATTLE_SCARRED,False,False,0.48,P2000 | Acid Etched (Battle-Scarred),12,
MAG-7 | Heat,BATTLE_SCARRED,False,False,0.93,MAG-7 | Heat (Battle-Scarred),12,
Desert Eagle | Urban DDPAT,FIELD_TESTED,False,True,1.0,Souvenir Desert Eagle | Urban DDPAT (Field-Tested),12,
Sticker | Jerry | Berlin 2019,,False,False,0.15,Sticker | Jerry | Berlin 2019,12,
AWP | Mortis,FIELD_TESTED,True,False,5.0,StatTrak™ AWP | Mortis (Field-Tested),12,
Dual Berettas | Drift Wood,FIELD_TESTED,False,True,0.23,Souvenir Dual Berettas | Drift Wood (Field-Tested),12,
Sticker | nawwk (Holo) | Paris 2023,,False,False,0.17,Sticker | nawwk (Holo) | Paris 2023,12,
Sealed Graffiti | Broken Heart (Brick Red),,False,False,1.03,Sealed Graffiti | Broken Heart (Brick Red),12,
MAC-10 | Tatter,FACTORY_NEW,True,False,11.49,StatTrak™ MAC-10 | Tatter (Factory New),12,
USP-S | Torque,WELL_WORN,False,False,0.64,USP-S | Torque (Well-Worn),12,
Sticker | rallen (Holo) | Paris 2023,,False,False,0.2,Sticker | rallen (Holo) | Paris 2023,12,
P90 | Elite Build,WELL_WORN,True,False,0.42,StatTrak™ P90 | Elite Build (Well-Worn),12,
PP-Bizon | Anolis,MINIMAL_WEAR,False,True,2.0,Souvenir PP-Bizon | Anolis (Minimal Wear),12,
R8 Revolver | Leafhopper,FACTORY_NEW,False,False,0.25,R8 Revolver | Leafhopper (Factory New),12,
Sticker | BIG (Foil) | Stockholm 2021,,False,False,1.83,Sticker | BIG (Foil) | Stockholm 2021,12,
Sticker | frozen (Holo) | Paris 2023,,False,False,0.7,Sticker | frozen (Holo) | Paris 2023,12,
Sealed Graffiti | Fnatic | Boston 2018,,False,False,2.36,Sealed Graffiti | Fnatic | Boston 2018,12,
Sealed Graffiti | Smarmy (Brick Red),,False,False,0.48,Sealed Graffiti | Smarmy (Brick Red),12,
Sealed Graffiti | Puke (Jungle Green),,False,False,0.34,Sealed Graffiti | Puke (Jungle Green),12,
Sealed Graffiti | Flipsid3 Tactics | Boston 2018,,False,False,2.21,Sealed Graffiti | Flipsid3 Tactics | Boston 2018,12,
Sealed Graffiti | Sprout Esports | Boston 2018,,False,False,1.41,Sealed Graffiti | Sprout Esports | Boston 2018,12,
Sticker | Jame (Glitter) | Copenhagen 2024,,False,False,0.12,Sticker | Jame (Glitter) | Copenhagen 2024,12,
Sticker | MIBR (Holo) | Antwerp 2022,,False,False,3.5,Sticker | MIBR (Holo) | Antwerp 2022,12,
Sticker | Heresy (Holo),,False,False,0.84,Sticker | Heresy (Holo),12,
Desert Eagle | Naga,FIELD_TESTED,False,False,1.91,Desert Eagle | Naga (Field-Tested),12,
Sticker | Natus Vincere (Holo) | Copenhagen 2024,,False,False,6.84,Sticker | Natus Vincere (Holo) | Copenhagen 2024,12,
Sticker Slab | Copenhagen Flames | Antwerp 2022,,False,False,2.5,Sticker Slab | Copenhagen Flames | Antwerp 2022,12,
M4A4 | Polysoup,FIELD_TESTED,False,False,10.32,M4A4 | Polysoup (Field-Tested),12,
M249 | Nebula Crusader,BATTLE_SCARRED,False,False,0.92,M249 | Nebula Crusader (Battle-Scarred),12,
Unicorn,,False,False,0.64,Sealed Graffiti | Unicorn,12,
Sticker Slab | Boombl4 | Stockholm 2021,,False,False,2.5,Sticker Slab | Boombl4 | Stockholm 2021,12,
M4A4 | Hellish,FIELD_TESTED,False,False,30.0,M4A4 | Hellish (Field-Tested),12,
FAMAS | Meltdown,MINIMAL_WEAR,False,False,31.23,FAMAS | Meltdown (Minimal Wear),12,
M249 | System Lock,FACTORY_NEW,True,False,2.2,StatTrak™ M249 | System Lock (Factory New),12,
SG 553 | Dragon Tech,FACTORY_NEW,False,False,1.65,SG 553 | Dragon Tech (Factory New),12,
G3SG1 | Hunter,BATTLE_SCARRED,False,False,0.11,G3SG1 | Hunter (Battle-Scarred),12,
G3SG1 | Hunter,FACTORY_NEW,False,False,1.09,G3SG1 | Hunter (Factory New),12,
MAC-10 | Disco Tech,MINIMAL_WEAR,False,False,6.99,MAC-10 | Disco Tech (Minimal Wear),12,
UMP-45 | K.O. Factory,BATTLE_SCARRED,False,False,3.48,UMP-45 | K.O. Factory (Battle-Scarred),12,
Sticker | Evidence (Holo),,False,False,0.57,Sticker | Evidence (Holo),12,
Sealed Graffiti | Fart (Frog Green),,False,False,0.5,Sealed Graffiti | Fart (Frog Green),12,
Sealed Graffiti | Choke (Wire Blue),,False,False,0.46,Sealed Graffiti | Choke (Wire Blue),12,
Sealed Graffiti | Applause (Shark White),,False,False,0.32,Sealed Graffiti | Applause (Shark White),12,
Sticker | Green Gnar,,False,False,0.38,Sticker | Green Gnar,12,
Desert Eagle | Serpent Strike,WELL_WORN,False,False,0.4,Desert Eagle | Serpent Strike (Well-Worn),12,
AUG | Creep,MINIMAL_WEAR,False,False,0.33,AUG | Creep (Minimal Wear),12,
★ Hand Wraps | Giraffe,FIELD_TESTED,False,False,40.69,★ Hand Wraps | Giraffe (Field-Tested),12,
Five-SeveN | Boost Protocol,FACTORY_NEW,False,False,18.24,Five-SeveN | Boost Protocol (Factory New),12,
Sticker | b4rtiN (Holo) | Copenhagen 2024,,False,False,0.47,Sticker | b4rtiN (Holo) | Copenhagen 2024,12,
MAC-10 | Malachite,MINIMAL_WEAR,False,False,2.98,MAC-10 | Malachite (Minimal Wear),12,
Negev | Ultralight,FACTORY_NEW,True,False,0.48,StatTrak™ Negev | Ultralight (Factory New),12,
Sticker | Heroic (Holo) | Stockholm 2021,,False,False,3.9,Sticker | Heroic (Holo) | Stockholm 2021,12,
MAC-10 | Pipsqueak,FACTORY_NEW,False,False,4.61,MAC-10 | Pipsqueak (Factory New),12,
AWP | Duality,WELL_WORN,False,False,2.74,AWP | Duality (Well-Worn),12,
R8 Revolver | Desert Brush,FACTORY_NEW,False,False,2.75,R8 Revolver | Desert Brush (Factory New),12,
AK-47 | B the Monster,FACTORY_NEW,False,False,400.0,AK-47 | B the Monster (Factory New),12,
Manticore,,False,False,0.13,Sticker | Manticore,12,
Sticker | dumau (Glitter) | Copenhagen 2024,,False,False,0.16,Sticker | dumau (Glitter) | Copenhagen 2024,12,
UMP-45 | Exposure,MINIMAL_WEAR,True,False,1.22,StatTrak™ UMP-45 | Exposure (Minimal Wear),12,
G3SG1 | Hunter,FIELD_TESTED,True,False,0.18,StatTrak™ G3SG1 | Hunter (Field-Tested),12,
SCAR-20 | Green Marine,FACTORY_NEW,True,False,2.0,StatTrak™ SCAR-20 | Green Marine (Factory New),12,
Galil AR | Rocket Pop,BATTLE_SCARRED,True,False,1.07,StatTrak™ Galil AR | Rocket Pop (Battle-Scarred),12,
Sealed Graffiti | Little Bock (Wire Blue),,False,False,0.2,Sealed Graffiti | Little Bock (Wire Blue),12,
MAC-10 | Disco Tech,WELL_WORN,True,False,5.34,StatTrak™ MAC-10 | Disco Tech (Well-Worn),12,
SCAR-20 | Grotto,FACTORY_NEW,True,False,1.35,StatTrak™ SCAR-20 | Grotto (Factory New),12,
Sticker | KOI (Holo) | Copenhagen 2024,,False,False,9.41,Sticker | KOI (Holo) | Copenhagen 2024,12,
Glock-18 | Sacrifice,BATTLE_SCARRED,True,False,0.31,StatTrak™ Glock-18 | Sacrifice (Battle-Scarred),12,
Sealed Graffiti | Chef Kiss (Princess Pink),,False,False,0.33,Sealed Graffiti | Chef Kiss (Princess Pink),12,
"Music Kit | Various Artists, Hotline Miami",,False,False,2.34,"Music Kit | Various Artists, Hotline Miami",12,
M4A1-S | Guardian,FACTORY_NEW,False,False,80.0,M4A1-S | Guardian (Factory New),12,
M4A1-S | Guardian,FIELD_TESTED,False,False,20.98,M4A1-S | Guardian (Field-Tested),12,
Desert Eagle | Midnight Storm,FACTORY_NEW,False,False,128.84,Desert Eagle | Midnight Storm (Factory New),12,
MP7 | Ocean Foam,FACTORY_NEW,False,False,26.37,MP7 | Ocean Foam (Factory New),12,
Cloud9 | MLG Columbus 2016,,False,False,4.5,Sticker | Cloud9 | MLG Columbus 2016,12,
Sticker | RED Canids (Embroidered) | Budapest 2025,,False,False,0.11,Sticker | RED Canids (Embroidered) | Budapest 2025,12,
SG 553 | Heavy Metal,MINIMAL_WEAR,True,False,0.53,StatTrak™ SG 553 | Heavy Metal (Minimal Wear),12,
M249 | Spectre,FACTORY_NEW,False,False,0.72,M249 | Spectre (Factory New),12,
Sticker | G2 (Gold) | 2020 RMR,,False,False,2.25,Sticker | G2 (Gold) | 2020 RMR,12,
P2000 | Imperial,MINIMAL_WEAR,False,False,0.37,P2000 | Imperial (Minimal Wear),12,
SCAR-20 | Outbreak,FACTORY_NEW,False,False,0.8,SCAR-20 | Outbreak (Factory New),12,
Galil AR | Rocket Pop,MINIMAL_WEAR,True,False,4.88,StatTrak™ Galil AR | Rocket Pop (Minimal Wear),12,
P2000 | Imperial,MINIMAL_WEAR,True,False,0.8,StatTrak™ P2000 | Imperial (Minimal Wear),12,
MP9 | Goo,BATTLE_SCARRED,False,False,0.72,MP9 | Goo (Battle-Scarred),12,
Five-SeveN | Buddy,FACTORY_NEW,False,False,9.77,Five-SeveN | Buddy (Factory New),12,
Glock-18 | Steel Disruption,FACTORY_NEW,False,False,68.68,Glock-18 | Steel Disruption (Factory New),12,
SCAR-20 | Jungle Slipstream,FACTORY_NEW,True,False,0.72,StatTrak™ SCAR-20 | Jungle Slipstream (Factory New),12,
Sealed Graffiti | Puke (Brick Red),,False,False,1.46,Sealed Graffiti | Puke (Brick Red),12,
SCAR-20 | Jungle Slipstream,MINIMAL_WEAR,True,False,0.25,StatTrak™ SCAR-20 | Jungle Slipstream (Minimal Wear),12,
R8 Revolver | Tango,FACTORY_NEW,False,False,3.41,R8 Revolver | Tango (Factory New),11,
AUG | Daedalus,MINIMAL_WEAR,False,False,4.0,AUG | Daedalus (Minimal Wear),11,
seized | MLG Columbus 2016,,False,False,1.05,Sticker | seized | MLG Columbus 2016,11,
fer | MLG Columbus 2016,,False,False,2.33,Sticker | fer | MLG Columbus 2016,11,
Natus Vincere | MLG Columbus 2016,,False,False,3.0,Sticker | Natus Vincere | MLG Columbus 2016,11,
denis | MLG Columbus 2016,,False,False,1.59,Sticker | denis | MLG Columbus 2016,11,
Sticker | Natus Vincere (Holo) | Austin 2025,,False,False,2.83,Sticker | Natus Vincere (Holo) | Austin 2025,11,
Sticker | Twistzz (Holo) | Paris 2023,,False,False,7.99,Sticker | Twistzz (Holo) | Paris 2023,11,
Counter Logic Gaming | MLG Columbus 2016,,False,False,6.99,Sticker | Counter Logic Gaming | MLG Columbus 2016,11,
Cloud9 (Holo) | MLG Columbus 2016,,False,False,49.99,Sticker | Cloud9 (Holo) | MLG Columbus 2016,11,
Sticker | Dycha (Holo) | Paris 2023,,False,False,0.65,Sticker | Dycha (Holo) | Paris 2023,11,
R8 Revolver | Nitro,MINIMAL_WEAR,False,False,0.27,R8 Revolver | Nitro (Minimal Wear),11,
MP5-SD | Desert Strike,FACTORY_NEW,False,False,3.89,MP5-SD | Desert Strike (Factory New),11,
Sticker | apEX (Glitter) | Antwerp 2022,,False,False,0.56,Sticker | apEX (Glitter) | Antwerp 2022,11,
AUG | Momentum,MINIMAL_WEAR,False,False,12.96,AUG | Momentum (Minimal Wear),11,
P90 | Shapewood,FIELD_TESTED,False,False,7.08,P90 | Shapewood (Field-Tested),11,
CZ75-Auto | Distressed,BATTLE_SCARRED,False,False,0.15,CZ75-Auto | Distressed (Battle-Scarred),11,
P250 | Muertos,FACTORY_NEW,False,False,39.89,P250 | Muertos (Factory New),11,
Sticker | Miami Stabbyfish,,False,False,0.54,Sticker | Miami Stabbyfish,11,
SG 553 | Ultraviolet,FIELD_TESTED,True,False,15.15,StatTrak™ SG 553 | Ultraviolet (Field-Tested),11,
Sealed Graffiti | Smarmy (Frog Green),,False,False,0.41,Sealed Graffiti | Smarmy (Frog Green),11,
Sticker | Vega Squadron | London 2018,,False,False,1.33,Sticker | Vega Squadron | London 2018,11,
Sealed Graffiti | Rogue | London 2018,,False,False,1.81,Sealed Graffiti | Rogue | London 2018,11,
Sealed Graffiti | Chef Kiss (Blood Red),,False,False,0.51,Sealed Graffiti | Chef Kiss (Blood Red),11,
SCAR-20 | Crimson Web,FIELD_TESTED,True,False,3.48,StatTrak™ SCAR-20 | Crimson Web (Field-Tested),11,
UMP-45 | Indigo,BATTLE_SCARRED,False,False,2.32,UMP-45 | Indigo (Battle-Scarred),11,
Sealed Graffiti | Denied (Jungle Green),,False,False,0.14,Sealed Graffiti | Denied (Jungle Green),11,
Sealed Graffiti | Dizzy (War Pig Pink),,False,False,0.16,Sealed Graffiti | Dizzy (War Pig Pink),11,
Sealed Graffiti | Smarmy (Wire Blue),,False,False,0.54,Sealed Graffiti | Smarmy (Wire Blue),11,
Sealed Graffiti | Dead Now (Monarch Blue),,False,False,0.18,Sealed Graffiti | Dead Now (Monarch Blue),11,
Sealed Graffiti | Applause (SWAT Blue),,False,False,0.22,Sealed Graffiti | Applause (SWAT Blue),11,
MAC-10 | Tatter,FIELD_TESTED,False,False,4.79,MAC-10 | Tatter (Field-Tested),11,
PP-Bizon | Antique,FACTORY_NEW,False,False,11.5,PP-Bizon | Antique (Factory New),11,
P250 | Whiteout,FIELD_TESTED,False,False,38.51,P250 | Whiteout (Field-Tested),11,
Sticker | Sunset Ocean Tentaskull,,False,False,0.45,Sticker | Sunset Ocean Tentaskull,11,
P2000 | Coral Halftone,WELL_WORN,False,False,0.33,P2000 | Coral Halftone (Well-Worn),11,
Sticker | NQZ (Glitter) | Rio 2022,,False,False,0.66,Sticker | NQZ (Glitter) | Rio 2022,11,
Nova | Green Apple,FACTORY_NEW,False,False,17.14,Nova | Green Apple (Factory New),11,
Easy Peasy,,False,False,0.5,Sealed Graffiti | Easy Peasy,11,
Sticker | Natus Vincere (Glitter) | Shanghai 2024,,False,False,0.19,Sticker | Natus Vincere (Glitter) | Shanghai 2024,11,
Sticker | Nemiga (Foil) | Austin 2025,,False,False,0.11,Sticker | Nemiga (Foil) | Austin 2025,11,
Guardian Elite Pin,,False,False,29.7,Guardian Elite Pin,11,
Gambit Gaming | Cologne 2016,,False,False,3.21,Sticker | Gambit Gaming | Cologne 2016,11,
AK-47 | Phantom Disruptor,BATTLE_SCARRED,False,False,4.2,AK-47 | Phantom Disruptor (Battle-Scarred),11,
Sticker | Liazz (Holo) | Paris 2023,,False,False,0.28,Sticker | Liazz (Holo) | Paris 2023,11,
G2 Esports | Cologne 2016,,False,False,4.27,Sticker | G2 Esports | Cologne 2016,11,
Fnatic | Cologne 2016,,False,False,2.9,Sticker | Fnatic | Cologne 2016,11,
Sticker | FlameZ (Holo) | Austin 2025,,False,False,3.99,Sticker | FlameZ (Holo) | Austin 2025,11,
Sticker | Last Vance (Gold),,False,False,1.12,Sticker | Last Vance (Gold),11,
Lambda Pin,,False,False,4.54,Lambda Pin,11,
Five-SeveN | Scumbria,WELL_WORN,True,False,0.15,StatTrak™ Five-SeveN | Scumbria (Well-Worn),11,
MAC-10 | Heat,FIELD_TESTED,True,False,4.63,StatTrak™ MAC-10 | Heat (Field-Tested),11,
P90 | Grim,MINIMAL_WEAR,False,False,0.28,P90 | Grim (Minimal Wear),11,
UMP-45 | Briefing,BATTLE_SCARRED,False,False,0.15,UMP-45 | Briefing (Battle-Scarred),11,
Sealed Graffiti | Little Crown (Desert Amber),,False,False,0.29,Sealed Graffiti | Little Crown (Desert Amber),11,
UMP-45 | Crimson Foil,WELL_WORN,False,False,3.0,UMP-45 | Crimson Foil (Well-Worn),11,
Sticker | First Blood,,False,False,7.83,Sticker | First Blood,11,
Dual Berettas | Hydro Strike,MINIMAL_WEAR,False,False,2.39,Dual Berettas | Hydro Strike (Minimal Wear),11,
SG 553 | Triarch,FACTORY_NEW,False,False,12.95,SG 553 | Triarch (Factory New),11,
SG 553 | Triarch,FIELD_TESTED,True,False,0.82,StatTrak™ SG 553 | Triarch (Field-Tested),11,
SG 553 | Triarch,WELL_WORN,False,False,0.81,SG 553 | Triarch (Well-Worn),11,
Sticker | Green Cyclawps,,False,False,0.38,Sticker | Green Cyclawps,11,
Sticker | roeJ | Rio 2022,,False,False,0.49,Sticker | roeJ | Rio 2022,11,
M4A1-S | Vaporwave,FACTORY_NEW,False,False,165.0,M4A1-S | Vaporwave (Factory New),11,
Sealed Graffiti | Bock Bock (Wire Blue),,False,False,0.12,Sealed Graffiti | Bock Bock (Wire Blue),11,
Perry,,False,False,0.21,Sticker | Perry,11,
Max (Holo),,False,False,3.47,Sticker | Max (Holo),11,
Sticker | S1ren (Holo) | Rio 2022,,False,False,0.62,Sticker | S1ren (Holo) | Rio 2022,11,
XM1014 | Quicksilver,FACTORY_NEW,True,False,1.05,StatTrak™ XM1014 | Quicksilver (Factory New),11,
SCAR-20 | Enforcer,MINIMAL_WEAR,True,False,1.8,StatTrak™ SCAR-20 | Enforcer (Minimal Wear),11,
Sticker | Hobbit | Copenhagen 2024,,False,False,0.89,Sticker | Hobbit | Copenhagen 2024,11,
Sticker Slab | Fluxo | Paris 2023,,False,False,2.5,Sticker Slab | Fluxo | Paris 2023,11,
Aufkleber | Störenfried,,False,False,0.36,Sticker | Heckler,11,
FAMAS | Rapid Eye Movement,FACTORY_NEW,False,False,19.67,FAMAS | Rapid Eye Movement (Factory New),11,
AK-47 | Asiimov,MINIMAL_WEAR,True,False,95.0,StatTrak™ AK-47 | Asiimov (Minimal Wear),11,
Sticker | DickStacy (Foil) | Katowice 2019,,False,False,52.99,Sticker | DickStacy (Foil) | Katowice 2019,11,
Galil AR | Rocket Pop,FIELD_TESTED,True,False,1.65,StatTrak™ Galil AR | Rocket Pop (Field-Tested),11,
Charm | Lil' Buns,,False,False,0.79,Charm | Lil' Buns,11,
Sticker | Clavis (Foil),,False,False,4.49,Sticker | Clavis (Foil),11,
★ M9 Bayonet | Tiger Tooth,FACTORY_NEW,False,False,570.0,★ M9 Bayonet | Tiger Tooth (Factory New),11,
Sticker | Nodios (Holo) | Copenhagen 2024,,False,False,0.99,Sticker | Nodios (Holo) | Copenhagen 2024,11,
M4A1-S | VariCamo,BATTLE_SCARRED,False,False,0.2,M4A1-S | VariCamo (Battle-Scarred),11,
Nova | Wood Fired,FIELD_TESTED,True,False,0.34,StatTrak™ Nova | Wood Fired (Field-Tested),11,
★ Karambit | Tiger Tooth,FACTORY_NEW,False,False,825.9,★ Karambit | Tiger Tooth (Factory New),11,
M249 | Impact Drill,FACTORY_NEW,False,False,8.9,M249 | Impact Drill (Factory New),11,
P90 | Desert DDPAT,MINIMAL_WEAR,False,False,0.32,P90 | Desert DDPAT (Minimal Wear),11,
Firestarter (Holo),,False,False,3.87,Sticker | Firestarter (Holo),11,
DreamHack Winter 2014,,False,False,28.46,Sticker | DreamHack Winter 2014,11,
Five-SeveN | Case Hardened,WELL_WORN,False,False,10.97,Five-SeveN | Case Hardened (Well-Worn),11,
ESL One Cologne 2014 (Blue),,False,False,15.46,Sticker | ESL One Cologne 2014 (Blue),11,
AK-47 | The Oligarch,WELL_WORN,False,False,31.46,AK-47 | The Oligarch (Well-Worn),11,
Sticker | mir (Glitter) | Copenhagen 2024,,False,False,0.14,Sticker | mir (Glitter) | Copenhagen 2024,11,
"Sticker | Aleksib (Holo, Champion) | Copenhagen 2024",,False,False,0.68,"Sticker | Aleksib (Holo, Champion) | Copenhagen 2024",11,
Sticker | dexter | Shanghai 2024,,False,False,1.2,Sticker | dexter | Shanghai 2024,11,
Nice Shot,,False,False,1.36,Sticker | Nice Shot,11,
Vigilance,,False,False,0.3,Sticker | Vigilance,11,
Sticker | Nodios (Glitter) | Copenhagen 2024,,False,False,0.13,Sticker | Nodios (Glitter) | Copenhagen 2024,11,
"StatTrak™ Music Kit | Beartooth, Disgusting",,False,False,1.13,"Music Kit | Beartooth, Disgusting",11,
Sticker | ECSTATIC (Holo) | Copenhagen 2024,,False,False,2.97,Sticker | ECSTATIC (Holo) | Copenhagen 2024,11,
SSG 08 | Turbo Peek,FACTORY_NEW,False,False,51.99,SSG 08 | Turbo Peek (Factory New),11,
R8 Revolver | Desert Brush,FIELD_TESTED,False,False,0.31,R8 Revolver | Desert Brush (Field-Tested),11,
R8 Revolver | Desert Brush,FACTORY_NEW,False,True,0.28,Souvenir R8 Revolver | Desert Brush (Factory New),11,
Sticker | HooXi (Holo) | Copenhagen 2024,,False,False,0.47,Sticker | HooXi (Holo) | Copenhagen 2024,11,
Sticker | s-chilla (Glitter) | Shanghai 2024,,False,False,0.19,Sticker | s-chilla (Glitter) | Shanghai 2024,11,
Desert Eagle | Naga,WELL_WORN,False,False,1.59,Desert Eagle | Naga (Well-Worn),11,
★ Flip Knife | Marble Fade,FACTORY_NEW,False,False,237.27,★ Flip Knife | Marble Fade (Factory New),11,
Sticker | Brollan (Embroidered) | Budapest 2025,,False,False,0.19,Sticker | Brollan (Embroidered) | Budapest 2025,11,
USP-S | Kill Confirmed,FIELD_TESTED,False,False,61.0,USP-S | Kill Confirmed (Field-Tested),11,
USP-S | Caiman,FACTORY_NEW,False,False,98.34,USP-S | Caiman (Factory New),11,
Desert Eagle | Hypnotic,FACTORY_NEW,False,False,199.0,Desert Eagle | Hypnotic (Factory New),11,
Dual Berettas | Tread,MINIMAL_WEAR,False,False,2.1,Dual Berettas | Tread (Minimal Wear),11,
P2000 | Lifted Spirits,FACTORY_NEW,True,False,1.29,StatTrak™ P2000 | Lifted Spirits (Factory New),11,
P2000 | Lifted Spirits,FACTORY_NEW,False,False,1.09,P2000 | Lifted Spirits (Factory New),11,
Sticker | m0NESY (Holo) | Paris 2023,,False,False,2.99,Sticker | m0NESY (Holo) | Paris 2023,11,
Sticker | Avangar | Katowice 2019,,False,False,2.27,Sticker | Avangar | Katowice 2019,11,
Sticker | dav1g (Glitter) | Copenhagen 2024,,False,False,0.25,Sticker | dav1g (Glitter) | Copenhagen 2024,11,
M4A1-S | Cyrex,MINIMAL_WEAR,False,False,153.0,M4A1-S | Cyrex (Minimal Wear),11,
MAC-10 | Sienna Damask,FIELD_TESTED,False,True,1.45,Souvenir MAC-10 | Sienna Damask (Field-Tested),11,
Five-SeveN | Withered Vine,FACTORY_NEW,False,False,6.05,Five-SeveN | Withered Vine (Factory New),11,
Sticker | Tyloo (Foil) | Katowice 2019,,False,False,16.99,Sticker | Tyloo (Foil) | Katowice 2019,11,
CZ75-Auto | Tuxedo,BATTLE_SCARRED,False,False,0.18,CZ75-Auto | Tuxedo (Battle-Scarred),11,
AWP | Sun in Leo,MINIMAL_WEAR,False,False,26.0,AWP | Sun in Leo (Minimal Wear),11,
M4A4 | In Living Color,MINIMAL_WEAR,True,False,48.0,StatTrak™ M4A4 | In Living Color (Minimal Wear),11,
Desert Eagle | Trigger Discipline,FACTORY_NEW,True,False,11.78,StatTrak™ Desert Eagle | Trigger Discipline (Factory New),11,
P250 | Cyber Shell,FACTORY_NEW,True,False,4.21,StatTrak™ P250 | Cyber Shell (Factory New),11,
UMP-45 | Oscillator,MINIMAL_WEAR,True,False,0.44,StatTrak™ UMP-45 | Oscillator (Minimal Wear),11,
Desert Eagle | Urban Rubble,WELL_WORN,False,False,0.26,Desert Eagle | Urban Rubble (Well-Worn),11,
XM1014 | Watchdog,FACTORY_NEW,False,False,7.79,XM1014 | Watchdog (Factory New),11,
Sticker | FalleN (Embroidered) | Budapest 2025,,False,False,1.29,Sticker | FalleN (Embroidered) | Budapest 2025,11,
Desert Eagle | Crimson Web,MINIMAL_WEAR,True,False,65.0,StatTrak™ Desert Eagle | Crimson Web (Minimal Wear),11,
Negev | dev_texture,FACTORY_NEW,False,False,1.75,Negev | dev_texture (Factory New),11,
CZ75-Auto | Pole Position,FACTORY_NEW,False,False,6.91,CZ75-Auto | Pole Position (Factory New),11,
CZ75-Auto | Tigris,FACTORY_NEW,False,False,8.57,CZ75-Auto | Tigris (Factory New),11,
CZ75-Auto | Twist,MINIMAL_WEAR,False,False,1.97,CZ75-Auto | Twist (Minimal Wear),11,
Galil AR | Kami,FACTORY_NEW,True,False,6.65,StatTrak™ Galil AR | Kami (Factory New),11,
SAS Chicken,,False,False,0.84,Sticker | SAS Chicken,11,
Galil AR | Sandstorm,FIELD_TESTED,False,False,1.41,Galil AR | Sandstorm (Field-Tested),11,
Sticker | Ninjas in Pyjamas (Gold) | Paris 2023,,False,False,0.8,Sticker | Ninjas in Pyjamas (Gold) | Paris 2023,11,
Tec-9 | Re-Entry,FIELD_TESTED,True,False,1.86,StatTrak™ Tec-9 | Re-Entry (Field-Tested),11,
UMP-45 | Primal Saber,MINIMAL_WEAR,True,False,11.79,StatTrak™ UMP-45 | Primal Saber (Minimal Wear),11,
MAC-10 | Carnivore,BATTLE_SCARRED,False,False,0.23,MAC-10 | Carnivore (Battle-Scarred),11,
Five-SeveN | Hot Shot,MINIMAL_WEAR,False,True,13.0,Souvenir Five-SeveN | Hot Shot (Minimal Wear),11,
G3SG1 | Orange Crash,FACTORY_NEW,False,False,0.66,G3SG1 | Orange Crash (Factory New),11,
PP-Bizon | Runic,FACTORY_NEW,False,False,0.85,PP-Bizon | Runic (Factory New),11,
Glock-18 | Wasteland Rebel,FIELD_TESTED,False,False,92.35,Glock-18 | Wasteland Rebel (Field-Tested),11,
Glock-18 | Wasteland Rebel,FACTORY_NEW,True,False,100.0,StatTrak™ Glock-18 | Wasteland Rebel (Factory New),11,
Dual Berettas | Ventilators,MINIMAL_WEAR,True,False,0.3,StatTrak™ Dual Berettas | Ventilators (Minimal Wear),11,
Five-SeveN | Fowl Play,WELL_WORN,False,False,15.0,Five-SeveN | Fowl Play (Well-Worn),11,
Sticker | Salty (Holo),,False,False,2.37,Sticker | Salty (Holo),11,
Glock-18 | Vogue,MINIMAL_WEAR,True,False,10.05,StatTrak™ Glock-18 | Vogue (Minimal Wear),11,
Dual Berettas | Dezastre,BATTLE_SCARRED,False,False,2.68,Dual Berettas | Dezastre (Battle-Scarred),11,
M4A4 | The Battlestar,FIELD_TESTED,False,False,26.01,M4A4 | The Battlestar (Field-Tested),11,
MP5-SD | Condition Zero,FACTORY_NEW,False,False,4.73,MP5-SD | Condition Zero (Factory New),11,
Five-SeveN | Angry Mob,MINIMAL_WEAR,False,False,47.99,Five-SeveN | Angry Mob (Minimal Wear),11,
Tec-9 | Rebel,MINIMAL_WEAR,True,False,0.17,StatTrak™ Tec-9 | Rebel (Minimal Wear),11,
P2000 | Imperial Dragon,FACTORY_NEW,True,False,30.0,StatTrak™ P2000 | Imperial Dragon (Factory New),11,
Sticker | Imperial Esports (Holo) | Shanghai 2024,,False,False,4.38,Sticker | Imperial Esports (Holo) | Shanghai 2024,11,
P250 | Asiimov,MINIMAL_WEAR,False,False,45.38,P250 | Asiimov (Minimal Wear),11,
Sticker | Bart4k (Holo) | Paris 2023,,False,False,0.99,Sticker | Bart4k (Holo) | Paris 2023,11,
Sawed-Off | Apocalypto,FACTORY_NEW,True,False,5.59,StatTrak™ Sawed-Off | Apocalypto (Factory New),11,
Sticker | TeSeS (Foil) | Austin 2025,,False,False,0.25,Sticker | TeSeS (Foil) | Austin 2025,11,
Sticker | Operation Riptide,,False,False,0.35,Sticker | Operation Riptide,11,
"Music Kit | Lennie Moore, Java Havana Funkaloo",,False,False,2.87,"Music Kit | Lennie Moore, Java Havana Funkaloo",11,
"StatTrak™ Music Kit | Midnight Riders, All I Want for Christmas",,True,False,4.0,"StatTrak™ Music Kit | Midnight Riders, All I Want for Christmas",11,
R8 Revolver | Reboot,MINIMAL_WEAR,False,False,2.2,R8 Revolver | Reboot (Minimal Wear),11,
CZ75-Auto | Red Astor,MINIMAL_WEAR,False,False,1.37,CZ75-Auto | Red Astor (Minimal Wear),11,
CZ75-Auto | Red Astor,FIELD_TESTED,False,False,0.95,CZ75-Auto | Red Astor (Field-Tested),11,
Sticker | Grim (Glitter) | Antwerp 2022,,False,False,0.12,Sticker | Grim (Glitter) | Antwerp 2022,11,
M4A1-S | Chantico's Fire,WELL_WORN,False,False,91.83,M4A1-S | Chantico's Fire (Well-Worn),11,
Sticker | compLexity Gaming (Holo) | London 2018,,False,False,11.9,Sticker | compLexity Gaming (Holo) | London 2018,11,
MAC-10 | Silver,MINIMAL_WEAR,False,False,0.25,MAC-10 | Silver (Minimal Wear),11,
MAC-10 | Urban DDPAT,MINIMAL_WEAR,False,False,3.48,MAC-10 | Urban DDPAT (Minimal Wear),11,
SG 553 | Atlas,FIELD_TESTED,True,False,0.15,StatTrak™ SG 553 | Atlas (Field-Tested),11,
Five-SeveN | Angry Mob,FACTORY_NEW,False,False,94.0,Five-SeveN | Angry Mob (Factory New),11,
AK-47 | Fuel Injector,FIELD_TESTED,False,False,147.02,AK-47 | Fuel Injector (Field-Tested),11,
Five-SeveN | Angry Mob,BATTLE_SCARRED,False,False,42.0,Five-SeveN | Angry Mob (Battle-Scarred),11,
Dual Berettas | Switch Board,BATTLE_SCARRED,False,False,2.46,Dual Berettas | Switch Board (Battle-Scarred),11,
Sticker | Keoz (Holo) | Paris 2023,,False,False,0.29,Sticker | Keoz (Holo) | Paris 2023,11,
Xizt | Cluj-Napoca 2015,,False,False,1.48,Sticker | Xizt | Cluj-Napoca 2015,11,
Sticker | npl (Holo) | Paris 2023,,False,False,1.13,Sticker | npl (Holo) | Paris 2023,11,
Sticker | BF 2042,,False,False,0.2,Sticker | BF 2042,11,
Sticker | Ready For Battle,,False,False,0.11,Sticker | Ready For Battle,11,
SSG 08 | Azure Glyph,MINIMAL_WEAR,False,False,0.8,SSG 08 | Azure Glyph (Minimal Wear),11,
Galil AR | NV,WELL_WORN,False,False,1.83,Galil AR | NV (Well-Worn),11,
Sticker | somebody | Shanghai 2024,,False,False,0.85,Sticker | somebody | Shanghai 2024,11,
ESL | Cologne 2015,,False,False,3.96,Sticker | ESL | Cologne 2015,11,
G3SG1 | Dream Glade,BATTLE_SCARRED,True,False,0.42,StatTrak™ G3SG1 | Dream Glade (Battle-Scarred),11,
Glock-18 | Mirror Mosaic,FACTORY_NEW,False,False,29.0,Glock-18 | Mirror Mosaic (Factory New),11,
P2000 | Panther Camo,FACTORY_NEW,False,True,3.16,Souvenir P2000 | Panther Camo (Factory New),11,
Dual Berettas | Hideout,FACTORY_NEW,True,False,0.4,StatTrak™ Dual Berettas | Hideout (Factory New),11,
Sticker | NiKo (Glitter) | Shanghai 2024,,False,False,0.55,Sticker | NiKo (Glitter) | Shanghai 2024,11,
Glock-18 | Ramese's Reach,FACTORY_NEW,False,False,88.82,Glock-18 | Ramese's Reach (Factory New),11,
CZ75-Auto | Vendetta,WELL_WORN,False,False,0.43,CZ75-Auto | Vendetta (Well-Worn),11,
Virtus.Pro | Cluj-Napoca 2015,,False,False,3.26,Sticker | Virtus.Pro | Cluj-Napoca 2015,11,
Sticker | Jame (Holo) | Stockholm 2021,,False,False,3.19,Sticker | Jame (Holo) | Stockholm 2021,11,
P90 | Randy Rush,FACTORY_NEW,False,False,4.39,P90 | Randy Rush (Factory New),11,
Glock-18 | Royal Legion,WELL_WORN,False,False,2.15,Glock-18 | Royal Legion (Well-Worn),11,
Desert Eagle | Heat Treated,BATTLE_SCARRED,False,False,5.99,Desert Eagle | Heat Treated (Battle-Scarred),11,
Dual Berettas | Cartel,BATTLE_SCARRED,False,False,0.39,Dual Berettas | Cartel (Battle-Scarred),11,
Charm | Austin 2025 Highlight | ZywOo: The Eco Fragger,,False,True,1.0,Souvenir Charm | Austin 2025 Highlight | ZywOo: The Eco Fragger,11,
Charm | Austin 2025 Highlight | ropz Clutch Denied,,False,True,1.8,Souvenir Charm | Austin 2025 Highlight | ropz Clutch Denied,11,
Five-SeveN | Dark Polymer,MINIMAL_WEAR,False,False,0.14,Five-SeveN | Dark Polymer (Minimal Wear),11,
AK-47 | Head Shot,FACTORY_NEW,False,False,105.0,AK-47 | Head Shot (Factory New),11,
FAMAS | CaliCamo,FIELD_TESTED,False,False,0.25,FAMAS | CaliCamo (Field-Tested),11,
SCAR-20 | Magna Carta,FIELD_TESTED,False,False,13.49,SCAR-20 | Magna Carta (Field-Tested),11,
Sticker | Goofy (Holo) | Paris 2023,,False,False,0.61,Sticker | Goofy (Holo) | Paris 2023,11,
SG 553 | Tiger Moth,FACTORY_NEW,False,False,10.16,SG 553 | Tiger Moth (Factory New),11,
"Sticker | Run CT, Run",,False,False,0.19,"Sticker | Run CT, Run",11,
M249 | Submerged,MINIMAL_WEAR,False,False,0.14,M249 | Submerged (Minimal Wear),11,
The Pro (Foil),,False,False,4.27,Sticker | The Pro (Foil),11,
Galil AR | Akoben,BATTLE_SCARRED,False,False,0.21,Galil AR | Akoben (Battle-Scarred),11,
Sealed Graffiti | Grimace (Cash Green),,False,False,0.13,Sealed Graffiti | Grimace (Cash Green),11,
MAC-10 | Heat,WELL_WORN,False,False,2.46,MAC-10 | Heat (Well-Worn),11,
Sticker | Choose Wisely,,False,False,0.99,Sticker | Choose Wisely,11,
PP-Bizon | High Roller,BATTLE_SCARRED,False,False,7.48,PP-Bizon | High Roller (Battle-Scarred),11,
Tec-9 | Sandstorm,BATTLE_SCARRED,True,False,0.6,StatTrak™ Tec-9 | Sandstorm (Battle-Scarred),11,
M4A1-S | Glitched Paint,WELL_WORN,False,False,1.56,M4A1-S | Glitched Paint (Well-Worn),11,
P90 | Death Grip,FIELD_TESTED,False,False,19.0,P90 | Death Grip (Field-Tested),11,
SG 553 | Basket Halftone,FACTORY_NEW,False,False,0.2,SG 553 | Basket Halftone (Factory New),11,
Glock-18 | Sacrifice,WELL_WORN,False,False,0.2,Glock-18 | Sacrifice (Well-Worn),11,
Sticker | Romanov's Fire (Foil),,False,False,0.57,Sticker | Romanov's Fire (Foil),11,
Sticker | Showdown (Foil),,False,False,3.72,Sticker | Showdown (Foil),11,
StatTrak™ Glock-18 | Warhawk,BATTLE_SCARRED,True,False,0.34,StatTrak™ Glock-18 | Warhawk (Battle-Scarred),11,
Sealed Graffiti | Shining Star (SWAT Blue),,False,False,0.25,Sealed Graffiti | Shining Star (SWAT Blue),11,
M4A1-S | Black Lotus,MINIMAL_WEAR,True,False,17.68,StatTrak™ M4A1-S | Black Lotus (Minimal Wear),11,
AK-47 | Aquamarine Revenge,MINIMAL_WEAR,False,False,54.0,AK-47 | Aquamarine Revenge (Minimal Wear),11,
Zeus x27 | Tosai,BATTLE_SCARRED,True,False,0.49,StatTrak™ Zeus x27 | Tosai (Battle-Scarred),11,
FAMAS | Djinn,FIELD_TESTED,False,False,9.61,FAMAS | Djinn (Field-Tested),11,
PP-Bizon | Fuel Rod,FACTORY_NEW,False,False,8.0,PP-Bizon | Fuel Rod (Factory New),11,
Sticker | Miami Flick (Holo),,False,False,10.36,Sticker | Miami Flick (Holo),11,
P250 | Red Rock,FIELD_TESTED,False,False,17.0,P250 | Red Rock (Field-Tested),11,
AUG | Creep,FACTORY_NEW,False,False,1.06,AUG | Creep (Factory New),11,
R8 Revolver | Grip,BATTLE_SCARRED,True,False,0.14,StatTrak™ R8 Revolver | Grip (Battle-Scarred),11,
R8 Revolver | Grip,FACTORY_NEW,False,False,1.6,R8 Revolver | Grip (Factory New),11,
Glock-18 | Sacrifice,FACTORY_NEW,False,False,17.17,Glock-18 | Sacrifice (Factory New),11,
Sticker | XANTARES (Foil) | Austin 2025,,False,False,1.0,Sticker | XANTARES (Foil) | Austin 2025,11,
Tec-9 | Isaac,BATTLE_SCARRED,True,False,2.28,StatTrak™ Tec-9 | Isaac (Battle-Scarred),11,
Sticker | Watermelon Tier6 (Holo),,False,False,8.5,Sticker | Watermelon Tier6 (Holo),11,
Sticker | Miami Flow (Holo),,False,False,17.8,Sticker | Miami Flow (Holo),11,
Sticker | device (Foil) | Berlin 2019,,False,False,2.35,Sticker | device (Foil) | Berlin 2019,11,
Sticker | FURIA (Holo) | Antwerp 2022,,False,False,9.7,Sticker | FURIA (Holo) | Antwerp 2022,11,
UMP-45 | K.O. Factory,FIELD_TESTED,True,False,5.27,StatTrak™ UMP-45 | K.O. Factory (Field-Tested),11,
Tec-9 | Rust Leaf,MINIMAL_WEAR,False,False,10.73,Tec-9 | Rust Leaf (Minimal Wear),11,
Sticker | Pure Malt (Foil),,False,False,0.42,Sticker | Pure Malt (Foil),11,
M4A4 | Hellfire,FACTORY_NEW,False,False,420.0,M4A4 | Hellfire (Factory New),11,
Sticker | Movistar Riders | Stockholm 2021,,False,False,0.19,Sticker | Movistar Riders | Stockholm 2021,11,
"Warhammer 40,000 Xenos Sticker Capsule",,False,False,1.95,"Warhammer 40,000 Xenos Sticker Capsule",11,
Rage,,False,False,2.19,Sticker | Rage,11,
Glock-18 | Bunsen Burner,FACTORY_NEW,False,False,9.41,Glock-18 | Bunsen Burner (Factory New),11,
Paracord Knife | Ultraviolet,FIELD_TESTED,False,False,57.99,★ Paracord Knife | Ultraviolet (Field-Tested),11,
Tec-9 | Bamboo Forest,MINIMAL_WEAR,False,False,10.43,Tec-9 | Bamboo Forest (Minimal Wear),11,
Tec-9 | Toxic,MINIMAL_WEAR,False,False,16.99,Tec-9 | Toxic (Minimal Wear),11,
Tec-9 | Isaac,WELL_WORN,True,False,2.4,StatTrak™ Tec-9 | Isaac (Well-Worn),11,
Sticker | jks (Foil) | Berlin 2019,,False,False,1.27,Sticker | jks (Foil) | Berlin 2019,11,
Sawed-Off | The Kraken,MINIMAL_WEAR,False,False,70.0,Sawed-Off | The Kraken (Minimal Wear),11,
P90 | Sunset Lily,FIELD_TESTED,False,False,10.12,P90 | Sunset Lily (Field-Tested),11,
Sticker | apEX (Foil) | Berlin 2019,,False,False,0.94,Sticker | apEX (Foil) | Berlin 2019,11,
P250 | Epicenter,FACTORY_NEW,False,False,27.77,P250 | Epicenter (Factory New),11,
FAMAS | Neural Net,MINIMAL_WEAR,False,False,1.56,FAMAS | Neural Net (Minimal Wear),11,
★ Sport Gloves | Vice,BATTLE_SCARRED,False,False,251.99,★ Sport Gloves | Vice (Battle-Scarred),11,
"Sticker | broky (Holo, Champion) | Antwerp 2022",,False,False,1.69,"Sticker | broky (Holo, Champion) | Antwerp 2022",11,
AWP | PAW,WELL_WORN,False,False,2.08,AWP | PAW (Well-Worn),11,
MP5-SD | Acid Wash,BATTLE_SCARRED,False,False,0.83,MP5-SD | Acid Wash (Battle-Scarred),11,
USP-S | PC-GRN,BATTLE_SCARRED,True,False,0.16,StatTrak™ USP-S | PC-GRN (Battle-Scarred),11,
MAG-7 | Sonar,FIELD_TESTED,True,False,0.26,StatTrak™ MAG-7 | Sonar (Field-Tested),11,
P90 | Trigon,FIELD_TESTED,True,False,15.2,StatTrak™ P90 | Trigon (Field-Tested),11,
Sticker | ultimate (Holo) | Austin 2025,,False,False,0.65,Sticker | ultimate (Holo) | Austin 2025,11,
P250 | Plum Netting,FACTORY_NEW,False,False,0.24,P250 | Plum Netting (Factory New),11,
Sealed Graffiti | Chef Kiss (Brick Red),,False,False,0.65,Sealed Graffiti | Chef Kiss (Brick Red),11,
Sealed Graffiti | Chef Kiss (War Pig Pink),,False,False,0.3,Sealed Graffiti | Chef Kiss (War Pig Pink),11,
Sealed Graffiti | Dizzy (Dust Brown),,False,False,0.17,Sealed Graffiti | Dizzy (Dust Brown),11,
Sealed Graffiti | Smooch (Blood Red),,False,False,0.27,Sealed Graffiti | Smooch (Blood Red),11,
M4A1-S | Moss Quartz,FIELD_TESTED,False,False,22.7,M4A1-S | Moss Quartz (Field-Tested),11,
SCAR-20 | Torn,FACTORY_NEW,True,False,2.2,StatTrak™ SCAR-20 | Torn (Factory New),11,
MP9 | Sand Scale,FIELD_TESTED,True,False,0.31,StatTrak™ MP9 | Sand Scale (Field-Tested),11,
P250 | Dark Filigree,FACTORY_NEW,False,False,16.19,P250 | Dark Filigree (Factory New),11,
P90 | Storm,FIELD_TESTED,False,False,2.6,P90 | Storm (Field-Tested),11,
Glock-18 | Ironwork,FIELD_TESTED,False,False,1.02,Glock-18 | Ironwork (Field-Tested),11,
FAMAS | Djinn,MINIMAL_WEAR,False,False,10.99,FAMAS | Djinn (Minimal Wear),11,
UMP-45 | Neo-Noir,FIELD_TESTED,False,False,4.56,UMP-45 | Neo-Noir (Field-Tested),11,
AWP | Crakow!,WELL_WORN,False,False,21.89,AWP | Crakow! (Well-Worn),11,
Bloodhound Pin,,False,False,5.53,Bloodhound Pin,11,
UMP-45 | Neo-Noir,BATTLE_SCARRED,False,False,3.71,UMP-45 | Neo-Noir (Battle-Scarred),11,
Five-SeveN | Hybrid,FACTORY_NEW,True,False,4.99,StatTrak™ Five-SeveN | Hybrid (Factory New),11,
AWP | Wildfire,FACTORY_NEW,False,False,147.0,AWP | Wildfire (Factory New),11,
Patch | Movistar Riders | Stockholm 2021,,False,False,2.31,Patch | Movistar Riders | Stockholm 2021,11,
Sealed Graffiti | Hop (Wire Blue),,False,False,0.43,Sealed Graffiti | Hop (Wire Blue),11,
Sticker | FaZe Clan | Krakow 2017,,False,False,1.66,Sticker | FaZe Clan | Krakow 2017,11,
Negev | Bratatat,FIELD_TESTED,True,False,2.35,StatTrak™ Negev | Bratatat (Field-Tested),11,
Patch | ENCE | Stockholm 2021,,False,False,1.86,Patch | ENCE | Stockholm 2021,11,
Sticker | electronic | Berlin 2019,,False,False,0.19,Sticker | electronic | Berlin 2019,11,
Sticker | Astralis | Atlanta 2017,,False,False,6.5,Sticker | Astralis | Atlanta 2017,11,
Sticker | paiN Gaming | Stockholm 2021,,False,False,0.16,Sticker | paiN Gaming | Stockholm 2021,11,
AWP | Chrome Cannon,FIELD_TESTED,False,False,25.91,AWP | Chrome Cannon (Field-Tested),11,
USP-S | Blueprint,MINIMAL_WEAR,True,False,24.78,StatTrak™ USP-S | Blueprint (Minimal Wear),11,
AK-47 | The Outsiders,WELL_WORN,False,False,5.0,AK-47 | The Outsiders (Well-Worn),11,
Sticker | rain (Glitter) | Copenhagen 2024,,False,False,0.36,Sticker | rain (Glitter) | Copenhagen 2024,11,
"Sticker | mezii (Holo, Champion) | Budapest 2025",,False,False,0.18,"Sticker | mezii (Holo, Champion) | Budapest 2025",11,
mir | Boston 2018,,False,False,1.67,Sticker | mir | Boston 2018,11,
MAG-7 | SWAG-7,WELL_WORN,False,False,0.3,MAG-7 | SWAG-7 (Well-Worn),11,
USP-S | Printstream,BATTLE_SCARRED,False,False,28.57,USP-S | Printstream (Battle-Scarred),11,
Sticker | almazer | Berlin 2019,,False,False,0.12,Sticker | almazer | Berlin 2019,11,
★ Skeleton Knife | Marble Fade,FACTORY_NEW,False,False,347.0,★ Skeleton Knife | Marble Fade (Factory New),11,
MAG-7 | Seabird,MINIMAL_WEAR,False,False,5.02,MAG-7 | Seabird (Minimal Wear),11,
Glock-18 | Green Line,WELL_WORN,False,False,0.22,Glock-18 | Green Line (Well-Worn),11,
MP9 | Pine,FACTORY_NEW,False,False,0.24,MP9 | Pine (Factory New),11,
M249 | Warbird,FIELD_TESTED,True,False,0.62,StatTrak™ M249 | Warbird (Field-Tested),11,
Sticker | xseveN (Foil) | Berlin 2019,,False,False,1.69,Sticker | xseveN (Foil) | Berlin 2019,11,
SG 553 | Colony IV,BATTLE_SCARRED,False,False,6.96,SG 553 | Colony IV (Battle-Scarred),11,
MP9 | Setting Sun,FIELD_TESTED,False,False,18.0,MP9 | Setting Sun (Field-Tested),11,
Sticker | XANTARES | Austin 2025,,False,False,0.29,Sticker | XANTARES | Austin 2025,11,
MAG-7 | Cobalt Core,FACTORY_NEW,False,False,4.0,MAG-7 | Cobalt Core (Factory New),11,
Glock-18 | Moonrise,BATTLE_SCARRED,False,False,0.75,Glock-18 | Moonrise (Battle-Scarred),11,
MP7 | Just Smile,FACTORY_NEW,False,False,4.59,MP7 | Just Smile (Factory New),11,
Patch | Team Liquid | Stockholm 2021,,False,False,2.89,Patch | Team Liquid | Stockholm 2021,11,
Glock-18 | Shinobu,BATTLE_SCARRED,True,False,5.92,StatTrak™ Glock-18 | Shinobu (Battle-Scarred),11,
Sticker | FalleN | Berlin 2019,,False,False,0.64,Sticker | FalleN | Berlin 2019,11,
PP-Bizon | Fuel Rod,MINIMAL_WEAR,False,False,2.13,PP-Bizon | Fuel Rod (Minimal Wear),11,
M249 | Downtown,MINIMAL_WEAR,True,False,0.79,StatTrak™ M249 | Downtown (Minimal Wear),11,
Sealed Graffiti | Team Liquid | Boston 2018,,False,False,4.25,Sealed Graffiti | Team Liquid | Boston 2018,11,
Sealed Graffiti | Space Soldiers | Boston 2018,,False,False,8.01,Sealed Graffiti | Space Soldiers | Boston 2018,11,
MAC-10 | Monkeyflage,FACTORY_NEW,True,False,0.78,StatTrak™ MAC-10 | Monkeyflage (Factory New),11,
Sealed Graffiti | G2 Esports | Boston 2018,,False,False,6.28,Sealed Graffiti | G2 Esports | Boston 2018,11,
Sealed Graffiti | Astralis | Boston 2018,,False,False,2.71,Sealed Graffiti | Astralis | Boston 2018,11,
G3SG1 | Demeter,FIELD_TESTED,False,False,3.99,G3SG1 | Demeter (Field-Tested),11,
XM1014 | Run Run Run,MINIMAL_WEAR,False,False,0.77,XM1014 | Run Run Run (Minimal Wear),11,
XM1014 | Run Run Run,FIELD_TESTED,False,False,0.23,XM1014 | Run Run Run (Field-Tested),11,
Glock-18 | Grinder,FACTORY_NEW,True,False,8.24,StatTrak™ Glock-18 | Grinder (Factory New),11,
Sticker | dexter | Berlin 2019,,False,False,0.24,Sticker | dexter | Berlin 2019,11,
Sealed Graffiti | Misfits Gaming | Boston 2018,,False,False,1.57,Sealed Graffiti | Misfits Gaming | Boston 2018,11,
RpK | Boston 2018,,False,False,2.39,Sticker | RpK | Boston 2018,11,
AK-47 | The Outsiders,BATTLE_SCARRED,False,False,5.5,AK-47 | The Outsiders (Battle-Scarred),11,
FAMAS | Halftone Wash,WELL_WORN,False,False,1.19,FAMAS | Halftone Wash (Well-Worn),11,
FAMAS | Sergeant,FIELD_TESTED,True,False,5.03,StatTrak™ FAMAS | Sergeant (Field-Tested),11,
Sealed Graffiti | Fart (Monarch Blue),,False,False,0.35,Sealed Graffiti | Fart (Monarch Blue),11,
apEX | Boston 2018,,False,False,1.62,Sticker | apEX | Boston 2018,11,
Sealed Graffiti | Bock Bock (Dust Brown),,False,False,0.13,Sealed Graffiti | Bock Bock (Dust Brown),11,
PP-Bizon | Jungle Slipstream,FACTORY_NEW,True,False,0.71,StatTrak™ PP-Bizon | Jungle Slipstream (Factory New),11,
UMP-45 | Roadblock,FACTORY_NEW,False,False,1.93,UMP-45 | Roadblock (Factory New),11,
Sticker | Loving Eyes (Holo),,False,False,4.55,Sticker | Loving Eyes (Holo),11,
Nova | Walnut,FIELD_TESTED,False,True,1.28,Souvenir Nova | Walnut (Field-Tested),11,
AUG | Stymphalian,FACTORY_NEW,True,False,12.64,StatTrak™ AUG | Stymphalian (Factory New),11,
Glock-18 | Moonrise,WELL_WORN,True,False,2.15,StatTrak™ Glock-18 | Moonrise (Well-Worn),11,
Sticker | Renegades (Foil) | Berlin 2019,,False,False,1.44,Sticker | Renegades (Foil) | Berlin 2019,11,
MP7 | Bloodsport,FACTORY_NEW,False,False,68.38,MP7 | Bloodsport (Factory New),11,
★ Bowie Knife | Tiger Tooth,FACTORY_NEW,False,False,110.0,★ Bowie Knife | Tiger Tooth (Factory New),11,
PP-Bizon | Embargo,MINIMAL_WEAR,False,False,3.85,PP-Bizon | Embargo (Minimal Wear),11,
MP7 | Akoben,FACTORY_NEW,True,False,1.85,StatTrak™ MP7 | Akoben (Factory New),11,
Sealed Graffiti | Little Crown (Monster Purple),,False,False,0.27,Sealed Graffiti | Little Crown (Monster Purple),11,
MP7 | Amberline,WELL_WORN,False,False,0.6,MP7 | Amberline (Well-Worn),11,
Sealed Graffiti | Denied (Violent Violet),,False,False,0.16,Sealed Graffiti | Denied (Violent Violet),11,
UMP-45 | Arctic Wolf,WELL_WORN,False,False,0.43,UMP-45 | Arctic Wolf (Well-Worn),11,
Glock-18 | Catacombs,MINIMAL_WEAR,True,False,1.99,StatTrak™ Glock-18 | Catacombs (Minimal Wear),11,
Sticker | G2 Esports (Holo) | Berlin 2019,,False,False,1.24,Sticker | G2 Esports (Holo) | Berlin 2019,11,
MP7 | Tall Grass,FACTORY_NEW,False,True,2.92,Souvenir MP7 | Tall Grass (Factory New),10,
USP-S | Blueprint,MINIMAL_WEAR,False,False,17.95,USP-S | Blueprint (Minimal Wear),10,
MP9 | Nexus,MINIMAL_WEAR,True,False,0.29,StatTrak™ MP9 | Nexus (Minimal Wear),10,
M249 | Humidor,MINIMAL_WEAR,False,False,3.39,M249 | Humidor (Minimal Wear),10,
Five-SeveN | Anodized Gunmetal,FACTORY_NEW,False,False,19.99,Five-SeveN | Anodized Gunmetal (Factory New),10,
NBK- | Krakow 2017,,False,False,2.07,Sticker | NBK- | Krakow 2017,10,
Doru The Fox,,False,False,1.0,Sticker | Doru The Fox,10,
M4A4 | Cyber Security,MINIMAL_WEAR,True,False,52.61,StatTrak™ M4A4 | Cyber Security (Minimal Wear),10,
Sticker | Hello UMP-45,,False,False,0.25,Sticker | Hello UMP-45,10,
Nova | Army Sheen,FIELD_TESTED,False,True,0.17,Souvenir Nova | Army Sheen (Field-Tested),10,
Negev | Man-o'-war,FIELD_TESTED,True,False,0.3,StatTrak™ Negev | Man-o'-war (Field-Tested),10,
NEO | Cologne 2015,,False,False,3.2,Sticker | NEO | Cologne 2015,10,
Galil AR | Vandal,WELL_WORN,True,False,0.53,StatTrak™ Galil AR | Vandal (Well-Worn),10,
AUG | Random Access,MINIMAL_WEAR,False,False,1.53,AUG | Random Access (Minimal Wear),10,
Dual Berettas | Cartel,FACTORY_NEW,False,False,8.06,Dual Berettas | Cartel (Factory New),10,
AWP | Ice Coaled,FACTORY_NEW,False,False,37.0,AWP | Ice Coaled (Factory New),10,
Sealed Graffiti | Little Crown (Cash Green),,False,False,0.15,Sealed Graffiti | Little Crown (Cash Green),10,
Sticker | Sticker Bomb Surf Ava (Foil),,False,False,7.88,Sticker | Sticker Bomb Surf Ava (Foil),10,
"Sticker | ropz (Holo, Champion) | Antwerp 2022",,False,False,2.4,"Sticker | ropz (Holo, Champion) | Antwerp 2022",10,
AUG | Navy Murano,WELL_WORN,False,False,1.97,AUG | Navy Murano (Well-Worn),10,
Sticker | saffee (Holo) | Shanghai 2024,,False,False,0.99,Sticker | saffee (Holo) | Shanghai 2024,10,
Glock-18 | Ramese's Reach,FIELD_TESTED,False,False,9.27,Glock-18 | Ramese's Reach (Field-Tested),10,
Sticker | vexite (Glitter) | Shanghai 2024,,False,False,0.49,Sticker | vexite (Glitter) | Shanghai 2024,10,
Negev | Nuclear Waste,FACTORY_NEW,False,True,5.0,Souvenir Negev | Nuclear Waste (Factory New),10,
PP-Bizon | Embargo,FIELD_TESTED,True,False,3.13,StatTrak™ PP-Bizon | Embargo (Field-Tested),10,
Galil AR | Dusk Ruins,FIELD_TESTED,False,False,19.37,Galil AR | Dusk Ruins (Field-Tested),10,
Magisk | Krakow 2017,,False,False,2.87,Sticker | Magisk | Krakow 2017,10,
Galil AR | Control,BATTLE_SCARRED,True,False,0.49,StatTrak™ Galil AR | Control (Battle-Scarred),10,
USP-S | Black Lotus,WELL_WORN,True,False,2.42,StatTrak™ USP-S | Black Lotus (Well-Worn),10,
Sawed-Off | Analog Input,MINIMAL_WEAR,True,False,0.97,StatTrak™ Sawed-Off | Analog Input (Minimal Wear),10,
MP5-SD | Nitro,MINIMAL_WEAR,False,False,4.0,MP5-SD | Nitro (Minimal Wear),10,
"Music Kit | Matt Levine, Agency",,False,False,2.84,"Music Kit | Matt Levine, Agency",10,
Unicorn,,False,False,1.15,Sticker | Unicorn,10,
Kimberly (Holo),,False,False,2.18,Sticker | Kimberly (Holo),10,
Sticker | xand | Berlin 2019,,False,False,0.15,Sticker | xand | Berlin 2019,10,
Five-SeveN | Kami,FACTORY_NEW,False,False,7.6,Five-SeveN | Kami (Factory New),10,
AUG | Arctic Wolf,FACTORY_NEW,True,False,19.29,StatTrak™ AUG | Arctic Wolf (Factory New),10,
AWP | Exoskeleton,BATTLE_SCARRED,True,False,7.96,StatTrak™ AWP | Exoskeleton (Battle-Scarred),10,
M249 | Deep Relief,WELL_WORN,False,False,0.52,M249 | Deep Relief (Well-Worn),10,
Piece Of Cake,,False,False,0.83,Sticker | Piece Of Cake,10,
XM1014 | Solitude,FIELD_TESTED,False,False,2.49,XM1014 | Solitude (Field-Tested),10,
MP7 | Sunbaked,FACTORY_NEW,False,False,4.5,MP7 | Sunbaked (Factory New),10,
friberg | Cluj-Napoca 2015,,False,False,2.08,Sticker | friberg | Cluj-Napoca 2015,10,
Sticker | susp (Holo) | Shanghai 2024,,False,False,0.99,Sticker | susp (Holo) | Shanghai 2024,10,
Nova | Plume,FIELD_TESTED,False,False,0.6,Nova | Plume (Field-Tested),10,
XM1014 | Bone Machine,FIELD_TESTED,False,False,10.0,XM1014 | Bone Machine (Field-Tested),10,
Dual Berettas | Twin Turbo,BATTLE_SCARRED,False,False,1.9,Dual Berettas | Twin Turbo (Battle-Scarred),10,
Nova | Graphite,FACTORY_NEW,True,False,22.13,StatTrak™ Nova | Graphite (Factory New),10,
Galil AR | Galigator,MINIMAL_WEAR,False,False,1.42,Galil AR | Galigator (Minimal Wear),10,
UMP-45 | Scorched,BATTLE_SCARRED,False,True,0.23,Souvenir UMP-45 | Scorched (Battle-Scarred),10,
Sherry (Holo),,False,False,1.87,Sticker | Sherry (Holo),10,
Vexed Gaming (Foil) | Cluj-Napoca 2015,,False,False,18.99,Sticker | Vexed Gaming (Foil) | Cluj-Napoca 2015,10,
Flipsid3 Tactics (Foil) | Cluj-Napoca 2015,,False,False,28.99,Sticker | Flipsid3 Tactics (Foil) | Cluj-Napoca 2015,10,
AUG | Plague,FACTORY_NEW,False,False,8.89,AUG | Plague (Factory New),10,
M4A1-S | Black Lotus,FACTORY_NEW,True,False,33.02,StatTrak™ M4A1-S | Black Lotus (Factory New),10,
Sticker | Get Clucked,,False,False,0.79,Sticker | Get Clucked,10,
Sticker | mousesports (Holo) | Berlin 2019,,False,False,4.95,Sticker | mousesports (Holo) | Berlin 2019,10,
Patch | Virtus.Pro | Stockholm 2021,,False,False,161.77,Patch | Virtus.Pro | Stockholm 2021,10,
AK-47 | Orbit Mk01,MINIMAL_WEAR,False,False,28.0,AK-47 | Orbit Mk01 (Minimal Wear),10,
Five-SeveN | Hyper Beast,MINIMAL_WEAR,False,False,330.0,Five-SeveN | Hyper Beast (Minimal Wear),10,
Dual Berettas | Angel Eyes,BATTLE_SCARRED,False,False,0.3,Dual Berettas | Angel Eyes (Battle-Scarred),10,
Glock-18 | Neo-Noir,FACTORY_NEW,False,False,219.06,Glock-18 | Neo-Noir (Factory New),10,
P250 | Exchanger,FACTORY_NEW,False,False,2.89,P250 | Exchanger (Factory New),10,
Sticker | Infinite Diamond (Holo),,False,False,4.95,Sticker | Infinite Diamond (Holo),10,
P90 | Verdant Growth,FIELD_TESTED,False,True,0.17,Souvenir P90 | Verdant Growth (Field-Tested),10,
AUG | Plague,MINIMAL_WEAR,True,False,2.19,StatTrak™ AUG | Plague (Minimal Wear),10,
UMP-45 | Caramel,FIELD_TESTED,False,False,8.3,UMP-45 | Caramel (Field-Tested),10,
AK-47 | Head Shot,MINIMAL_WEAR,False,False,62.0,AK-47 | Head Shot (Minimal Wear),10,
Sticker | broky (Holo) | Shanghai 2024,,False,False,0.45,Sticker | broky (Holo) | Shanghai 2024,10,
R8 Revolver | Inlay,FACTORY_NEW,False,False,0.42,R8 Revolver | Inlay (Factory New),10,
AK-47 | Fire Serpent,FIELD_TESTED,False,False,680.6,AK-47 | Fire Serpent (Field-Tested),10,
Sticker | Ouchie (Foil),,False,False,9.97,Sticker | Ouchie (Foil),10,
Patch | Dead Men,,False,False,59.0,Patch | Dead Men,10,
MP5-SD | Co-Processor,MINIMAL_WEAR,False,False,0.44,MP5-SD | Co-Processor (Minimal Wear),10,
M4A1-S | Solitude,WELL_WORN,False,False,2.26,M4A1-S | Solitude (Well-Worn),10,
★ Specialist Gloves | Marble Fade,FIELD_TESTED,False,False,135.99,★ Specialist Gloves | Marble Fade (Field-Tested),10,
Patch | Heroic | Stockholm 2021,,False,False,12.0,Patch | Heroic | Stockholm 2021,10,
"Sticker | donk (Holo, Champion) | Shanghai 2024",,False,False,1.98,"Sticker | donk (Holo, Champion) | Shanghai 2024",10,
M4A4 | Zubastick,FIELD_TESTED,True,False,0.18,StatTrak™ M4A4 | Zubastick (Field-Tested),10,
Patch | Renegades | Stockholm 2021,,False,False,2.15,Patch | Renegades | Stockholm 2021,10,
SSG 08 | Parallax,BATTLE_SCARRED,False,False,2.83,SSG 08 | Parallax (Battle-Scarred),10,
Galil AR | Akoben,FACTORY_NEW,True,False,7.5,StatTrak™ Galil AR | Akoben (Factory New),10,
Five-SeveN | Hyper Beast,FIELD_TESTED,False,False,289.0,Five-SeveN | Hyper Beast (Field-Tested),10,
Sticker | Techno4K (Holo) | Antwerp 2022,,False,False,0.75,Sticker | Techno4K (Holo) | Antwerp 2022,10,
P90 | Asiimov,FACTORY_NEW,False,False,194.0,P90 | Asiimov (Factory New),10,
MP9 | Food Chain,BATTLE_SCARRED,True,False,4.75,StatTrak™ MP9 | Food Chain (Battle-Scarred),10,
P90 | Reef Grief,MINIMAL_WEAR,False,False,0.45,P90 | Reef Grief (Minimal Wear),10,
MP9 | Food Chain,WELL_WORN,True,False,4.31,StatTrak™ MP9 | Food Chain (Well-Worn),10,
Sticker | ZywOo (Holo) | Paris 2023,,False,False,1.2,Sticker | ZywOo (Holo) | Paris 2023,10,
Desert Eagle | Mint Fan,WELL_WORN,False,False,0.14,Desert Eagle | Mint Fan (Well-Worn),10,
SCAR-20 | Assault,FACTORY_NEW,False,False,1.64,SCAR-20 | Assault (Factory New),10,
R8 Revolver | Fade,FIELD_TESTED,False,False,66.33,R8 Revolver | Fade (Field-Tested),10,
CZ75-Auto | Yellow Jacket,MINIMAL_WEAR,False,False,7.33,CZ75-Auto | Yellow Jacket (Minimal Wear),10,
autimatic | Boston 2018,,False,False,1.79,Sticker | autimatic | Boston 2018,10,
MAG-7 | Cobalt Core,FIELD_TESTED,False,False,0.41,MAG-7 | Cobalt Core (Field-Tested),10,
CZ75-Auto | Tigris,WELL_WORN,True,False,1.57,StatTrak™ CZ75-Auto | Tigris (Well-Worn),10,
Nova | Windblown,WELL_WORN,False,False,0.22,Nova | Windblown (Well-Worn),10,
B1ad3 (Gold) | Boston 2018,,False,False,200.0,Sticker | B1ad3 (Gold) | Boston 2018,10,
Galil AR | Cerberus,MINIMAL_WEAR,False,False,59.0,Galil AR | Cerberus (Minimal Wear),10,
Five-SeveN | Fraise Crane,MINIMAL_WEAR,False,False,1.27,Five-SeveN | Fraise Crane (Minimal Wear),10,
XM1014 | Watchdog,WELL_WORN,False,False,0.98,XM1014 | Watchdog (Well-Worn),10,
MP5-SD | Agent,MINIMAL_WEAR,True,False,3.27,StatTrak™ MP5-SD | Agent (Minimal Wear),10,
AWP | Man-o'-war,FIELD_TESTED,False,False,97.97,AWP | Man-o'-war (Field-Tested),10,
MAC-10 | Pipe Down,MINIMAL_WEAR,False,False,1.02,MAC-10 | Pipe Down (Minimal Wear),10,
Desert Eagle | Bronze Deco,WELL_WORN,False,False,0.35,Desert Eagle | Bronze Deco (Well-Worn),10,
Sticker | G2 esports (Embroidered) | Budapest 2025,,False,False,0.14,Sticker | G2 esports (Embroidered) | Budapest 2025,10,
Desert Eagle | Naga,WELL_WORN,True,False,3.25,StatTrak™ Desert Eagle | Naga (Well-Worn),10,
Sticker | Team Spirit (Holo) | Budapest 2025,,False,False,2.14,Sticker | Team Spirit (Holo) | Budapest 2025,10,
Sticker | MIBR | Katowice 2019,,False,False,1.12,Sticker | MIBR | Katowice 2019,10,
Perfect World Sticker Capsule 1,,False,False,0.95,Perfect World Sticker Capsule 1,10,
USP-S | The Traitor,BATTLE_SCARRED,False,False,25.04,USP-S | The Traitor (Battle-Scarred),10,
Nova | Wild Six,BATTLE_SCARRED,False,False,0.32,Nova | Wild Six (Battle-Scarred),10,
FAMAS | Decommissioned,FIELD_TESTED,True,False,0.33,StatTrak™ FAMAS | Decommissioned (Field-Tested),10,
MP9 | Black Sand,MINIMAL_WEAR,True,False,0.22,StatTrak™ MP9 | Black Sand (Minimal Wear),10,
Desert Eagle | Conspiracy,FIELD_TESTED,True,False,17.83,StatTrak™ Desert Eagle | Conspiracy (Field-Tested),10,
MAC-10 | Button Masher,FACTORY_NEW,True,False,3.98,StatTrak™ MAC-10 | Button Masher (Factory New),10,
Aufkleber | Frische Brise,,False,False,0.39,Sticker | Blaze Breeze,10,
Sticker | Complexity Gaming (Holo) | Antwerp 2022,,False,False,4.7,Sticker | Complexity Gaming (Holo) | Antwerp 2022,10,
Desert Eagle | Crimson Web,BATTLE_SCARRED,False,False,20.0,Desert Eagle | Crimson Web (Battle-Scarred),10,
Team LDLC.com | DreamHack 2014,,False,False,42.0,Sticker | Team LDLC.com | DreamHack 2014,10,
Sticker | acoR (Holo) | Paris 2023,,False,False,0.32,Sticker | acoR (Holo) | Paris 2023,10,
Galil AR | Amber Fade,FACTORY_NEW,False,True,5.63,Souvenir Galil AR | Amber Fade (Factory New),10,
Desert Eagle | Night,MINIMAL_WEAR,False,False,27.53,Desert Eagle | Night (Minimal Wear),10,
USP-S | Orion,FACTORY_NEW,True,False,149.99,StatTrak™ USP-S | Orion (Factory New),10,
Sticker | FURIA (Holo) | Copenhagen 2024,,False,False,8.9,Sticker | FURIA (Holo) | Copenhagen 2024,10,
Sticker | Imperial Esports (Glitter) | Shanghai 2024,,False,False,0.25,Sticker | Imperial Esports (Glitter) | Shanghai 2024,10,
MAG-7 | Heat,FACTORY_NEW,True,False,16.76,StatTrak™ MAG-7 | Heat (Factory New),10,
P250 | Drought,MINIMAL_WEAR,False,False,0.98,P250 | Drought (Minimal Wear),10,
Sticker | Sonic (Glitter) | Shanghai 2024,,False,False,0.12,Sticker | Sonic (Glitter) | Shanghai 2024,10,
Five-SeveN | Hybrid,FACTORY_NEW,False,False,3.45,Five-SeveN | Hybrid (Factory New),10,
M4A1-S | Golden Coil,MINIMAL_WEAR,False,False,85.8,M4A1-S | Golden Coil (Minimal Wear),10,
M4A1-S | Hyper Beast,WELL_WORN,True,False,86.43,StatTrak™ M4A1-S | Hyper Beast (Well-Worn),10,
Sticker | Edward | Katowice 2019,,False,False,0.48,Sticker | Edward | Katowice 2019,10,
Five-SeveN | Withered Vine,MINIMAL_WEAR,False,True,0.6,Souvenir Five-SeveN | Withered Vine (Minimal Wear),10,
Dual Berettas | Drift Wood,MINIMAL_WEAR,False,False,0.6,Dual Berettas | Drift Wood (Minimal Wear),10,
AWP | Mortis,WELL_WORN,False,False,3.22,AWP | Mortis (Well-Worn),10,
Sealed Graffiti | FaZe Clan | Boston 2018,,False,False,6.1,Sealed Graffiti | FaZe Clan | Boston 2018,10,
Sticker | coldzera | Katowice 2019,,False,False,1.26,Sticker | coldzera | Katowice 2019,10,
Sealed Graffiti | North | Boston 2018,,False,False,2.75,Sealed Graffiti | North | Boston 2018,10,
MP5-SD | Gold Leaf,FACTORY_NEW,False,False,0.75,MP5-SD | Gold Leaf (Factory New),10,
PP-Bizon | Lumen,MINIMAL_WEAR,True,False,1.99,StatTrak™ PP-Bizon | Lumen (Minimal Wear),10,
Sticker | Nice Clutch (Holo),,False,False,0.75,Sticker | Nice Clutch (Holo),10,
USP-S | Kill Confirmed,WELL_WORN,False,False,51.38,USP-S | Kill Confirmed (Well-Worn),10,
SSG 08 | Prey,MINIMAL_WEAR,False,False,0.97,SSG 08 | Prey (Minimal Wear),10,
Sticker | BnTeT | Berlin 2019,,False,False,0.23,Sticker | BnTeT | Berlin 2019,10,
USP-S | Kill Confirmed,FACTORY_NEW,False,False,247.51,USP-S | Kill Confirmed (Factory New),10,
Sticker | dexter (Foil) | Berlin 2019,,False,False,1.99,Sticker | dexter (Foil) | Berlin 2019,10,
Sticker | FaZe Clan (Foil) | Stockholm 2021,,False,False,2.86,Sticker | FaZe Clan (Foil) | Stockholm 2021,10,
MP7 | Prey,FACTORY_NEW,False,True,0.27,Souvenir MP7 | Prey (Factory New),10,
MAG-7 | Heat,WELL_WORN,False,False,0.91,MAG-7 | Heat (Well-Worn),10,
Galil AR | Eco,WELL_WORN,False,False,9.41,Galil AR | Eco (Well-Worn),10,
MAC-10 | Classic Crate,FACTORY_NEW,False,False,6.39,MAC-10 | Classic Crate (Factory New),10,
MAC-10 | Classic Crate,FACTORY_NEW,True,False,1.99,StatTrak™ MAC-10 | Classic Crate (Factory New),10,
Good Luck,,False,False,1.12,Sticker | Good Luck,10,
Good Game,,False,False,2.99,Sticker | Good Game,10,
Five-SeveN | Boost Protocol,FACTORY_NEW,True,False,16.8,StatTrak™ Five-SeveN | Boost Protocol (Factory New),10,
FAMAS | Yeti Camo,BATTLE_SCARRED,False,False,0.15,FAMAS | Yeti Camo (Battle-Scarred),10,
Sticker | s1mple | Paris 2023,,False,False,0.14,Sticker | s1mple | Paris 2023,10,
Sticker | PGL (Foil) | Stockholm 2021,,False,False,0.83,Sticker | PGL (Foil) | Stockholm 2021,10,
Desert Eagle | Serpent Strike,WELL_WORN,True,False,0.73,StatTrak™ Desert Eagle | Serpent Strike (Well-Worn),10,
G3SG1 | Scavenger,FACTORY_NEW,True,False,2.74,StatTrak™ G3SG1 | Scavenger (Factory New),10,
XM1014 | CaliCamo,FACTORY_NEW,False,False,0.48,XM1014 | CaliCamo (Factory New),10,
XM1014 | Irezumi,FACTORY_NEW,False,False,0.4,XM1014 | Irezumi (Factory New),10,
"Various Artists, Hotline Miami",,True,False,4.97,"StatTrak™ Music Kit | Various Artists, Hotline Miami",10,
Sticker | dennis (Foil) | Katowice 2019,,False,False,2.44,Sticker | dennis (Foil) | Katowice 2019,10,
Sticker | b1t (Holo) | Paris 2023,,False,False,1.14,Sticker | b1t (Holo) | Paris 2023,10,
"StatTrak™ Music Kit | Sasha, LNOE",,False,False,1.51,"Music Kit | Sasha, LNOE",10,
Autograph Capsule | mousesports | Cologne 2016,,False,False,14.31,Autograph Capsule | mousesports | Cologne 2016,10,
AWP | Neo-Noir,MINIMAL_WEAR,False,False,39.56,AWP | Neo-Noir (Minimal Wear),10,
Sealed Graffiti | Little Crown (Brick Red),,False,False,0.17,Sealed Graffiti | Little Crown (Brick Red),10,
Dual Berettas | Balance,FACTORY_NEW,False,False,8.62,Dual Berettas | Balance (Factory New),10,
chopper | Krakow 2017,,False,False,3.05,Sticker | chopper | Krakow 2017,10,
nex (Foil) | Krakow 2017,,False,False,17.41,Sticker | nex (Foil) | Krakow 2017,10,
★ Hand Wraps | Cobalt Skulls,FIELD_TESTED,False,False,199.99,★ Hand Wraps | Cobalt Skulls (Field-Tested),10,
Sticker | FURIA (Foil) | Katowice 2019,,False,False,14.99,Sticker | FURIA (Foil) | Katowice 2019,10,
autimatic | Krakow 2017,,False,False,2.32,Sticker | autimatic | Krakow 2017,10,
shroud | Krakow 2017,,False,False,7.38,Sticker | shroud | Krakow 2017,10,
MP7 | Guerrilla,WELL_WORN,False,False,0.51,MP7 | Guerrilla (Well-Worn),10,
Five-SeveN | Case Hardened,FACTORY_NEW,False,False,61.0,Five-SeveN | Case Hardened (Factory New),10,
P90 | Attack Vector,FACTORY_NEW,False,False,35.0,P90 | Attack Vector (Factory New),10,
Virtus.Pro | Cologne 2014,,False,False,10.79,Sticker | Virtus.Pro | Cologne 2014,10,
Dual Berettas | Dualing Dragons,MINIMAL_WEAR,False,False,0.76,Dual Berettas | Dualing Dragons (Minimal Wear),10,
CZ75-Auto | Midnight Palm,MINIMAL_WEAR,False,False,0.54,CZ75-Auto | Midnight Palm (Minimal Wear),10,
Antwerp 2022 Ancient Souvenir Package,,False,False,5.38,Antwerp 2022 Ancient Souvenir Package,10,
P90 | Attack Vector,FIELD_TESTED,False,False,6.8,P90 | Attack Vector (Field-Tested),10,
Sticker | G2 Esports (Holo) | Antwerp 2022,,False,False,4.5,Sticker | G2 Esports (Holo) | Antwerp 2022,10,
AK-47 | B the Monster,MINIMAL_WEAR,False,False,174.99,AK-47 | B the Monster (Minimal Wear),10,
Sticker | All Hail the King (Foil),,False,False,0.61,Sticker | All Hail the King (Foil),10,
Galil AR | Rocket Pop,BATTLE_SCARRED,False,False,0.5,Galil AR | Rocket Pop (Battle-Scarred),10,
Berlin 2019 Inferno Souvenir Package,,False,False,8.0,Berlin 2019 Inferno Souvenir Package,10,
Sticker | INTZ E-SPORTS CLUB (Holo) | Berlin 2019,,False,False,0.46,Sticker | INTZ E-SPORTS CLUB (Holo) | Berlin 2019,10,
Glock-18 | Sacrifice,WELL_WORN,True,False,0.31,StatTrak™ Glock-18 | Sacrifice (Well-Worn),10,
Dual Berettas | Stained,FACTORY_NEW,False,False,1.45,Dual Berettas | Stained (Factory New),10,
R8 Revolver | Llama Cannon,MINIMAL_WEAR,False,False,9.99,R8 Revolver | Llama Cannon (Minimal Wear),10,
Nova | Wood Fired,BATTLE_SCARRED,True,False,0.16,StatTrak™ Nova | Wood Fired (Battle-Scarred),10,
Tec-9 | Slag,FACTORY_NEW,False,False,0.81,Tec-9 | Slag (Factory New),10,
FAMAS | ZX Spectron,WELL_WORN,False,False,2.9,FAMAS | ZX Spectron (Well-Worn),10,
★ Karambit | Marble Fade,FACTORY_NEW,False,False,985.4,★ Karambit | Marble Fade (Factory New),10,
Sticker | Rickeh | Katowice 2019,,False,False,0.4,Sticker | Rickeh | Katowice 2019,10,
Tec-9 | Flash Out,FACTORY_NEW,True,False,1.72,StatTrak™ Tec-9 | Flash Out (Factory New),10,
Sticker | Hands Off (Foil),,False,False,2.99,Sticker | Hands Off (Foil),10,
M249 | Nebula Crusader,FACTORY_NEW,False,False,8.0,M249 | Nebula Crusader (Factory New),10,
Five-SeveN | Scrawl,FACTORY_NEW,True,False,3.67,StatTrak™ Five-SeveN | Scrawl (Factory New),10,
FAMAS | Rapid Eye Movement,FIELD_TESTED,True,False,5.3,StatTrak™ FAMAS | Rapid Eye Movement (Field-Tested),10,
Sticker | Astralis | Stockholm 2021,,False,False,0.21,Sticker | Astralis | Stockholm 2021,10,
AUG | Triqua,FACTORY_NEW,False,False,3.01,AUG | Triqua (Factory New),10,
R8 Revolver | Grip,WELL_WORN,False,False,0.13,R8 Revolver | Grip (Well-Worn),10,
Desert Eagle | Ocean Drive,WELL_WORN,False,False,54.24,Desert Eagle | Ocean Drive (Well-Worn),10,
Aufkleber | Zitrone,,False,False,0.25,Sticker | Lemin,10,
Sticker | L1haNg | Shanghai 2024,,False,False,0.31,Sticker | L1haNg | Shanghai 2024,10,
UMP-45 | Neo-Noir,MINIMAL_WEAR,False,False,10.83,UMP-45 | Neo-Noir (Minimal Wear),10,
Charm | Lil' Dumplin',,False,False,0.71,Charm | Lil' Dumplin',10,
Galil AR | Rocket Pop,WELL_WORN,True,False,1.06,StatTrak™ Galil AR | Rocket Pop (Well-Worn),10,
Tec-9 | Cracked Opal,BATTLE_SCARRED,False,False,0.15,Tec-9 | Cracked Opal (Battle-Scarred),10,
Tec-9 | Cracked Opal,FACTORY_NEW,True,False,2.85,StatTrak™ Tec-9 | Cracked Opal (Factory New),10,
Zeus x27 | Tosai,FACTORY_NEW,True,False,3.07,StatTrak™ Zeus x27 | Tosai (Factory New),10,
Sticker | volt (Holo) | Shanghai 2024,,False,False,0.77,Sticker | volt (Holo) | Shanghai 2024,10,
Sticker | Legacy (Glitter) | Copenhagen 2024,,False,False,0.15,Sticker | Legacy (Glitter) | Copenhagen 2024,10,
StatTrak™ MP7 | Powercore,FACTORY_NEW,False,False,29.0,MP7 | Powercore (Factory New),10,
Sticker | WOOD7 (Holo) | Paris 2023,,False,False,3.96,Sticker | WOOD7 (Holo) | Paris 2023,10,
StatTrak™ MP9 | Capillary,MINIMAL_WEAR,False,False,0.46,MP9 | Capillary (Minimal Wear),10,
Sealed Graffiti | OMG (Violent Violet),,False,False,0.16,Sealed Graffiti | OMG (Violent Violet),10,
Team Liquid | Cologne 2016,,False,False,5.5,Sticker | Team Liquid | Cologne 2016,10,
Glock-18 | Ironwork,FACTORY_NEW,False,False,60.0,Glock-18 | Ironwork (Factory New),10,
AK-47 | Phantom Disruptor,MINIMAL_WEAR,True,False,15.92,StatTrak™ AK-47 | Phantom Disruptor (Minimal Wear),10,
Dust II Pin,,False,False,36.93,Dust II Pin,10,
FAMAS | Mecha Industries,FACTORY_NEW,False,False,139.74,FAMAS | Mecha Industries (Factory New),10,
Sticker | degster (Holo) | Shanghai 2024,,False,False,0.39,Sticker | degster (Holo) | Shanghai 2024,10,
Negev | Prototype,MINIMAL_WEAR,True,False,0.38,StatTrak™ Negev | Prototype (Minimal Wear),10,
AWP | Capillary,FACTORY_NEW,False,False,13.0,AWP | Capillary (Factory New),10,
G3SG1 | Stinger,FACTORY_NEW,True,False,11.81,StatTrak™ G3SG1 | Stinger (Factory New),10,
Galil AR | Black Sand,FIELD_TESTED,False,False,0.8,Galil AR | Black Sand (Field-Tested),10,
Civil Protection Pin,,False,False,15.99,Civil Protection Pin,10,
Sticker | Eternal Fire (Glitter) | Copenhagen 2024,,False,False,2.12,Sticker | Eternal Fire (Glitter) | Copenhagen 2024,10,
StatTrak™ Nova | Toy Soldier,MINIMAL_WEAR,False,False,5.3,Nova | Toy Soldier (Minimal Wear),10,
Sealed Graffiti | Oops (Tiger Orange),,False,False,0.17,Sealed Graffiti | Oops (Tiger Orange),10,
Sticker | Dust FA (Foil),,False,False,3.39,Sticker | Dust FA (Foil),10,
★ Butterfly Knife | Lore,FIELD_TESTED,False,False,580.0,★ Butterfly Knife | Lore (Field-Tested),10,
★ Skeleton Knife | Fade,FACTORY_NEW,False,False,498.55,★ Skeleton Knife | Fade (Factory New),10,
Sticker | karrigan | Berlin 2019,,False,False,0.75,Sticker | karrigan | Berlin 2019,10,
Sticker | EspiranTo | Berlin 2019,,False,False,0.14,Sticker | EspiranTo | Berlin 2019,10,
Sealed Graffiti | Happy Cat (War Pig Pink),,False,False,0.23,Sealed Graffiti | Happy Cat (War Pig Pink),10,
Sticker | After Hours Stabbyfish,,False,False,1.35,Sticker | After Hours Stabbyfish,10,
AK-47 | Neon Revolution,FIELD_TESTED,False,False,95.59,AK-47 | Neon Revolution (Field-Tested),10,
Glock-18 | Weasel,FACTORY_NEW,False,False,38.18,Glock-18 | Weasel (Factory New),10,
Desert Eagle | Directive,MINIMAL_WEAR,True,False,6.43,StatTrak™ Desert Eagle | Directive (Minimal Wear),10,
StatTrak™ MP7 | Powercore,MINIMAL_WEAR,False,False,4.13,MP7 | Powercore (Minimal Wear),10,
Sticker | Lambda (Holo),,False,False,3.32,Sticker | Lambda (Holo),10,
MP5-SD | Desert Strike,MINIMAL_WEAR,True,False,0.24,StatTrak™ MP5-SD | Desert Strike (Minimal Wear),10,
flamie | MLG Columbus 2016,,False,False,1.0,Sticker | flamie | MLG Columbus 2016,10,
"Sticker | Magisk (Gold, Champion) | Paris 2023",,False,False,0.86,"Sticker | Magisk (Gold, Champion) | Paris 2023",10,
Sticker | broky (Foil) | Austin 2025,,False,False,0.23,Sticker | broky (Foil) | Austin 2025,10,
R8 Revolver | Tango,BATTLE_SCARRED,True,False,0.25,StatTrak™ R8 Revolver | Tango (Battle-Scarred),10,
Sticker | Aurora (Holo) | Austin 2025,,False,False,2.33,Sticker | Aurora (Holo) | Austin 2025,10,
AK-47 | Green Laminate,FIELD_TESTED,False,False,20.99,AK-47 | Green Laminate (Field-Tested),10,
MAC-10 | Stalker,WELL_WORN,False,False,34.04,MAC-10 | Stalker (Well-Worn),10,
AWP | Chromatic Aberration,MINIMAL_WEAR,False,False,39.77,AWP | Chromatic Aberration (Minimal Wear),10,
M4A4 | The Emperor,MINIMAL_WEAR,False,False,60.0,M4A4 | The Emperor (Minimal Wear),10,
P2000 | Acid Etched,FIELD_TESTED,True,False,0.84,StatTrak™ P2000 | Acid Etched (Field-Tested),10,
Nova | Gila,FACTORY_NEW,True,False,6.47,StatTrak™ Nova | Gila (Factory New),10,
StatTrak™ M4A1-S | Nightmare,FIELD_TESTED,True,False,22.0,StatTrak™ M4A1-S | Nightmare (Field-Tested),10,
Sawed-Off | Apocalypto,BATTLE_SCARRED,False,False,0.48,Sawed-Off | Apocalypto (Battle-Scarred),10,
Talon Knife | Tiger Tooth,FACTORY_NEW,False,False,420.0,★ Talon Knife | Tiger Tooth (Factory New),10,
UMP-45 | Delusion,FIELD_TESTED,True,False,1.16,StatTrak™ UMP-45 | Delusion (Field-Tested),10,
Sticker | YEKINDAR (Holo) | Paris 2023,,False,False,0.64,Sticker | YEKINDAR (Holo) | Paris 2023,10,
Sealed Graffiti | Applause (Jungle Green),,False,False,0.95,Sealed Graffiti | Applause (Jungle Green),10,
Sticker | aliStair (Holo) | Paris 2023,,False,False,0.45,Sticker | aliStair (Holo) | Paris 2023,10,
Sticker | FURIA (Gold) | Paris 2023,,False,False,2.93,Sticker | FURIA (Gold) | Paris 2023,10,
M4A4 | Buzz Kill,MINIMAL_WEAR,False,False,310.0,M4A4 | Buzz Kill (Minimal Wear),10,
StatTrak™ Dual Berettas | Shred,FACTORY_NEW,True,False,1.19,StatTrak™ Dual Berettas | Shred (Factory New),10,
R8 Revolver | Skull Crusher,BATTLE_SCARRED,False,False,4.25,R8 Revolver | Skull Crusher (Battle-Scarred),10,
PP-Bizon | Candy Apple,FACTORY_NEW,False,True,2.0,Souvenir PP-Bizon | Candy Apple (Factory New),10,
KRIMZ | MLG Columbus 2016,,False,False,1.14,Sticker | KRIMZ | MLG Columbus 2016,10,
P90 | Shallow Grave,FACTORY_NEW,False,False,49.3,P90 | Shallow Grave (Factory New),10,
AWP | PAW,FIELD_TESTED,True,False,4.37,StatTrak™ AWP | PAW (Field-Tested),10,
P90 | Shallow Grave,FIELD_TESTED,True,False,10.9,StatTrak™ P90 | Shallow Grave (Field-Tested),10,
M4A1-S | Player Two,BATTLE_SCARRED,False,False,44.42,M4A1-S | Player Two (Battle-Scarred),10,
★ Huntsman Knife | Lore,FIELD_TESTED,False,False,83.99,★ Huntsman Knife | Lore (Field-Tested),10,
AWP | PAW,BATTLE_SCARRED,False,False,1.93,AWP | PAW (Battle-Scarred),10,
P2000 | Turf,FACTORY_NEW,True,False,5.67,StatTrak™ P2000 | Turf (Factory New),10,
London 2018 Returning Challengers (Holo/Foil),,False,False,15.26,London 2018 Returning Challengers (Holo-Foil),10,
StatTrak™ Dual Berettas | Shred,FIELD_TESTED,True,False,0.34,StatTrak™ Dual Berettas | Shred (Field-Tested),10,
MAG-7 | Justice,FIELD_TESTED,True,False,5.54,StatTrak™ MAG-7 | Justice (Field-Tested),10,
SG 553 | Darkwing,BATTLE_SCARRED,True,False,0.69,StatTrak™ SG 553 | Darkwing (Battle-Scarred),10,
Desert Eagle | Code Red,MINIMAL_WEAR,False,False,50.0,Desert Eagle | Code Red (Minimal Wear),10,
Sealed Graffiti | Little Bock (Desert Amber),,False,False,0.34,Sealed Graffiti | Little Bock (Desert Amber),10,
MAC-10 | Rangeen,FACTORY_NEW,False,False,2.29,MAC-10 | Rangeen (Factory New),10,
MP9 | Dart,FIELD_TESTED,False,False,0.81,MP9 | Dart (Field-Tested),10,
FAMAS | Sergeant,WELL_WORN,False,False,1.98,FAMAS | Sergeant (Well-Worn),10,
MP9 | Rose Iron,FACTORY_NEW,True,False,16.66,StatTrak™ MP9 | Rose Iron (Factory New),10,
Sticker | Bonehead,,False,False,0.18,Sticker | Bonehead,10,
Sealed Graffiti | Hop (Frog Green),,False,False,1.7,Sealed Graffiti | Hop (Frog Green),10,
P250 | Contamination,MINIMAL_WEAR,False,False,19.0,P250 | Contamination (Minimal Wear),10,
Sticker | Yellow Lethal,,False,False,0.35,Sticker | Yellow Lethal,10,
Sealed Graffiti | OMG (SWAT Blue),,False,False,1.34,Sealed Graffiti | OMG (SWAT Blue),10,
Sealed Graffiti | Little Bock (Tracer Yellow),,False,False,0.31,Sealed Graffiti | Little Bock (Tracer Yellow),10,
Sticker | Fade Lethal,,False,False,0.99,Sticker | Fade Lethal,10,
Sealed Graffiti | Cloud9 | London 2018,,False,False,1.69,Sealed Graffiti | Cloud9 | London 2018,10,
Sealed Graffiti | Natus Vincere | London 2018,,False,False,3.04,Sealed Graffiti | Natus Vincere | London 2018,10,
Sealed Graffiti | OMG (Dust Brown),,False,False,0.23,Sealed Graffiti | OMG (Dust Brown),10,
Sealed Graffiti | NT (SWAT Blue),,False,False,0.18,Sealed Graffiti | NT (SWAT Blue),10,
Huntsman Knife | Autotronic,FIELD_TESTED,False,False,94.81,★ Huntsman Knife | Autotronic (Field-Tested),10,
PP-Bizon | Antique,FACTORY_NEW,True,False,10.71,StatTrak™ PP-Bizon | Antique (Factory New),10,
Sticker | JamYoung | Budapest 2025,,False,False,0.18,Sticker | JamYoung | Budapest 2025,10,
MP9 | Deadly Poison,BATTLE_SCARRED,False,False,0.34,MP9 | Deadly Poison (Battle-Scarred),10,
AWP | Containment Breach,MINIMAL_WEAR,False,False,145.8,AWP | Containment Breach (Minimal Wear),10,
FAMAS | Sergeant,BATTLE_SCARRED,True,False,3.14,StatTrak™ FAMAS | Sergeant (Battle-Scarred),10,
Sticker | dgt | Rio 2022,,False,False,0.3,Sticker | dgt | Rio 2022,10,
Sealed Graffiti | NT (Frog Green),,False,False,0.17,Sealed Graffiti | NT (Frog Green),10,
Sealed Graffiti | Little EZ (Princess Pink),,False,False,0.18,Sealed Graffiti | Little EZ (Princess Pink),10,
Glock-18 | Water Elemental,FIELD_TESTED,True,False,19.1,StatTrak™ Glock-18 | Water Elemental (Field-Tested),10,
SSG 08 | Hand Brake,FIELD_TESTED,False,False,0.78,SSG 08 | Hand Brake (Field-Tested),10,
Nova | Ranger,FACTORY_NEW,False,False,5.0,Nova | Ranger (Factory New),10,
Nova | Sand Dune,MINIMAL_WEAR,False,False,0.19,Nova | Sand Dune (Minimal Wear),10,
Nova | Forest Leaves,BATTLE_SCARRED,False,False,3.78,Nova | Forest Leaves (Battle-Scarred),10,
PP-Bizon | Osiris,FIELD_TESTED,True,False,1.61,StatTrak™ PP-Bizon | Osiris (Field-Tested),10,
Sticker | Fools Gold Wave Rider,,False,False,0.35,Sticker | Fools Gold Wave Rider,10,
P250 | Metallic DDPAT,MINIMAL_WEAR,False,False,0.18,P250 | Metallic DDPAT (Minimal Wear),10,
MP9 | Deadly Poison,MINIMAL_WEAR,True,False,1.34,StatTrak™ MP9 | Deadly Poison (Minimal Wear),10,
MP9 | Deadly Poison,FACTORY_NEW,True,False,5.69,StatTrak™ MP9 | Deadly Poison (Factory New),10,
"Sticker | ropz (Holo, Champion) | Budapest 2025",,False,False,0.37,"Sticker | ropz (Holo, Champion) | Budapest 2025",10,
Sticker | Fnatic | London 2018,,False,False,1.35,Sticker | Fnatic | London 2018,10,
MP9 | Airlock,FIELD_TESTED,True,False,8.84,StatTrak™ MP9 | Airlock (Field-Tested),10,
Sealed Graffiti | OMG (Desert Amber),,False,False,0.26,Sealed Graffiti | OMG (Desert Amber),10,
Flickshot,,False,False,0.49,Sealed Graffiti | Flickshot,10,
Sticker | ISSAA (Foil) | Berlin 2019,,False,False,0.49,Sticker | ISSAA (Foil) | Berlin 2019,10,
★ Skeleton Knife,Not Painted,False,False,220.0,★ Skeleton Knife,10,
MAC-10 | Saibā Oni,FACTORY_NEW,True,False,9.56,StatTrak™ MAC-10 | Saibā Oni (Factory New),10,
Sticker | Dark Water Surf Ava (Foil),,False,False,7.9,Sticker | Dark Water Surf Ava (Foil),10,
AWP | Green Energy,MINIMAL_WEAR,False,False,23.5,AWP | Green Energy (Minimal Wear),10,
Sealed Graffiti | Chef Kiss (Shark White),,False,False,0.23,Sealed Graffiti | Chef Kiss (Shark White),10,
CZ75-Auto | Imprint,MINIMAL_WEAR,False,False,0.33,CZ75-Auto | Imprint (Minimal Wear),10,
Sticker | ropz (Glitter) | Copenhagen 2024,,False,False,0.6,Sticker | ropz (Glitter) | Copenhagen 2024,10,
AUG | Torque,FACTORY_NEW,False,False,10.8,AUG | Torque (Factory New),10,
Tec-9 | Toxic,FIELD_TESTED,False,False,13.96,Tec-9 | Toxic (Field-Tested),10,
Tec-9 | Isaac,FACTORY_NEW,True,False,31.35,StatTrak™ Tec-9 | Isaac (Factory New),10,
SCAR-20 | Powercore,FIELD_TESTED,True,False,0.86,StatTrak™ SCAR-20 | Powercore (Field-Tested),10,
PP-Bizon | Chemical Green,MINIMAL_WEAR,False,False,4.22,PP-Bizon | Chemical Green (Minimal Wear),10,
Fire Serpent,,False,False,1.31,Sealed Graffiti | Fire Serpent,10,
Sealed Graffiti | Fnatic | London 2018,,False,False,1.61,Sealed Graffiti | Fnatic | London 2018,10,
P2000 | Fire Elemental,FIELD_TESTED,False,False,63.0,P2000 | Fire Elemental (Field-Tested),10,
Sticker | Natus Vincere (Holo) | Rio 2022,,False,False,1.39,Sticker | Natus Vincere (Holo) | Rio 2022,10,
Sealed Graffiti | Okay (War Pig Pink),,False,False,0.13,Sealed Graffiti | Okay (War Pig Pink),10,
Sealed Graffiti | Choke (Frog Green),,False,False,0.3,Sealed Graffiti | Choke (Frog Green),10,
SCAR-20 | Cyrex,MINIMAL_WEAR,False,False,26.66,SCAR-20 | Cyrex (Minimal Wear),10,
Sticker | BUDA | Rio 2022,,False,False,0.15,Sticker | BUDA | Rio 2022,10,
Sealed Graffiti | Smarmy (Battle Green),,False,False,0.39,Sealed Graffiti | Smarmy (Battle Green),10,
FAMAS | Pulse,FIELD_TESTED,False,False,8.9,FAMAS | Pulse (Field-Tested),10,
MP7 | Skulls,FIELD_TESTED,True,False,15.37,StatTrak™ MP7 | Skulls (Field-Tested),10,
"Music Kit | Juelz, Shooters",,False,False,0.57,"Music Kit | Juelz, Shooters",10,
★ Survival Knife | Fade,FACTORY_NEW,False,False,133.0,★ Survival Knife | Fade (Factory New),10,
MAC-10 | Indigo,MINIMAL_WEAR,False,False,4.29,MAC-10 | Indigo (Minimal Wear),10,
Sticker | Blue Gnar,,False,False,0.55,Sticker | Blue Gnar,10,
P2000 | Fire Elemental,MINIMAL_WEAR,False,False,66.81,P2000 | Fire Elemental (Minimal Wear),10,
Sticker | Team Liquid (Gold) | Paris 2023,,False,False,2.26,Sticker | Team Liquid (Gold) | Paris 2023,10,
dennis | MLG Columbus 2016,,False,False,1.49,Sticker | dennis | MLG Columbus 2016,10,
AK-47 | Searing Rage,BATTLE_SCARRED,False,False,3.42,AK-47 | Searing Rage (Battle-Scarred),10,
MAC-10 | Monkeyflage,MINIMAL_WEAR,True,False,0.16,StatTrak™ MAC-10 | Monkeyflage (Minimal Wear),10,
Nova | Exo,FIELD_TESTED,True,False,0.25,StatTrak™ Nova | Exo (Field-Tested),10,
P2000 | Gnarled,MINIMAL_WEAR,True,False,0.17,StatTrak™ P2000 | Gnarled (Minimal Wear),10,
Glock-18 | Vogue,FACTORY_NEW,True,False,21.64,StatTrak™ Glock-18 | Vogue (Factory New),10,
P250 | Asiimov,FIELD_TESTED,True,False,13.08,StatTrak™ P250 | Asiimov (Field-Tested),10,
Five-SeveN | Monkey Business,FIELD_TESTED,True,False,11.0,StatTrak™ Five-SeveN | Monkey Business (Field-Tested),10,
★ Bowie Knife | Fade,FACTORY_NEW,False,False,183.75,★ Bowie Knife | Fade (Factory New),10,
Five-SeveN | Monkey Business,MINIMAL_WEAR,False,False,40.88,Five-SeveN | Monkey Business (Minimal Wear),10,
Sealed Graffiti | Rly (SWAT Blue),,False,False,0.14,Sealed Graffiti | Rly (SWAT Blue),10,
Sticker | mousesports | Atlanta 2017,,False,False,15.01,Sticker | mousesports | Atlanta 2017,10,
Sticker | JOTA (Foil) | Cologne 2026,,False,False,2.0,Sticker | JOTA (Foil) | Cologne 2026,10,
SG 553 | Aerial,MINIMAL_WEAR,True,False,0.38,StatTrak™ SG 553 | Aerial (Minimal Wear),10,
AUG | Creep,FIELD_TESTED,False,False,0.13,AUG | Creep (Field-Tested),10,
Tec-9 | Whiteout,WELL_WORN,False,False,2.32,Tec-9 | Whiteout (Well-Worn),10,
SSG 08 | Necropos,BATTLE_SCARRED,True,False,0.57,StatTrak™ SSG 08 | Necropos (Battle-Scarred),10,
SSG 08 | Ghost Crusader,FIELD_TESTED,True,False,2.19,StatTrak™ SSG 08 | Ghost Crusader (Field-Tested),10,
G3SG1 | Ancient Ritual,FIELD_TESTED,False,True,1.44,Souvenir G3SG1 | Ancient Ritual (Field-Tested),10,
MAG-7 | Praetorian,FACTORY_NEW,False,False,5.67,MAG-7 | Praetorian (Factory New),10,
PP-Bizon | Photic Zone,MINIMAL_WEAR,False,False,1.8,PP-Bizon | Photic Zone (Minimal Wear),10,
★ Broken Fang Gloves | Unhinged,FIELD_TESTED,False,False,48.49,★ Broken Fang Gloves | Unhinged (Field-Tested),10,
Dual Berettas | Drift Wood,FACTORY_NEW,False,False,2.0,Dual Berettas | Drift Wood (Factory New),10,
"StatTrak™ Music Kit | Austin Wintory, Bachram",,True,False,2.46,"StatTrak™ Music Kit | Austin Wintory, Bachram",10,
Sealed Graffiti | Uh Oh (Bazooka Pink),,False,False,0.17,Sealed Graffiti | Uh Oh (Bazooka Pink),10,
M4A4 | The Battlestar,MINIMAL_WEAR,False,False,27.35,M4A4 | The Battlestar (Minimal Wear),10,
XM1014 | Incinegator,BATTLE_SCARRED,False,False,4.41,XM1014 | Incinegator (Battle-Scarred),10,
Sticker | npl (Foil) | Austin 2025,,False,False,0.2,Sticker | npl (Foil) | Austin 2025,10,
Dual Berettas | Pyre,MINIMAL_WEAR,False,False,14.59,Dual Berettas | Pyre (Minimal Wear),10,
Sticker | gade | Berlin 2019,,False,False,0.14,Sticker | gade | Berlin 2019,10,
G3SG1 | Orange Crash,FACTORY_NEW,True,False,1.86,StatTrak™ G3SG1 | Orange Crash (Factory New),10,
XM1014 | Scumbria,FACTORY_NEW,True,False,6.85,StatTrak™ XM1014 | Scumbria (Factory New),10,
Galil AR | Firefight,FACTORY_NEW,True,False,12.99,StatTrak™ Galil AR | Firefight (Factory New),10,
AWP | BOOM,MINIMAL_WEAR,False,False,120.0,AWP | BOOM (Minimal Wear),10,
XM1014 | Seasons,FIELD_TESTED,True,False,1.97,StatTrak™ XM1014 | Seasons (Field-Tested),10,
AK-47 | Ice Coaled,WELL_WORN,False,False,3.91,AK-47 | Ice Coaled (Well-Worn),10,
AUG | Aristocrat,FIELD_TESTED,True,False,1.51,StatTrak™ AUG | Aristocrat (Field-Tested),10,
PP-Bizon | Jungle Slipstream,MINIMAL_WEAR,True,False,0.38,StatTrak™ PP-Bizon | Jungle Slipstream (Minimal Wear),10,
M249 | Emerald Poison Dart,FACTORY_NEW,False,False,3.97,M249 | Emerald Poison Dart (Factory New),10,
Nomad Knife | Rust Coat,BATTLE_SCARRED,False,False,86.92,★ Nomad Knife | Rust Coat (Battle-Scarred),10,
Galil AR | Crimson Tsunami,MINIMAL_WEAR,False,False,2.84,Galil AR | Crimson Tsunami (Minimal Wear),10,
Sealed Graffiti | Little EZ (Bazooka Pink),,False,False,0.28,Sealed Graffiti | Little EZ (Bazooka Pink),10,
StatTrak™ P90 | Traction,FACTORY_NEW,True,False,3.75,StatTrak™ P90 | Traction (Factory New),10,
AK-47 | Case Hardened,MINIMAL_WEAR,False,False,245.0,AK-47 | Case Hardened (Minimal Wear),10,
P250 | Ripple,FACTORY_NEW,False,False,2.27,P250 | Ripple (Factory New),10,
AWP | Corticera,MINIMAL_WEAR,False,False,23.26,AWP | Corticera (Minimal Wear),10,
SCAR-20 | Blueprint,MINIMAL_WEAR,False,False,0.4,SCAR-20 | Blueprint (Minimal Wear),10,
Sticker | Brollan (Holo) | Austin 2025,,False,False,0.26,Sticker | Brollan (Holo) | Austin 2025,10,
Sticker | Watermelon Strafe (Holo),,False,False,6.82,Sticker | Watermelon Strafe (Holo),10,
Sealed Graffiti | Little EZ (Desert Amber),,False,False,0.22,Sealed Graffiti | Little EZ (Desert Amber),10,
Negev | Wall Bang,FACTORY_NEW,False,False,1.2,Negev | Wall Bang (Factory New),10,
Austin 2025 Ancient Souvenir Package,,False,False,3.31,Austin 2025 Ancient Souvenir Package,10,
CZ75-Auto | Red Astor,FACTORY_NEW,False,False,8.89,CZ75-Auto | Red Astor (Factory New),10,
XM1014 | Teclu Burner,FIELD_TESTED,False,False,0.94,XM1014 | Teclu Burner (Field-Tested),10,
Sealed Graffiti | Grimace (Shark White),,False,False,0.32,Sealed Graffiti | Grimace (Shark White),10,
MAC-10 | Rangeen,FIELD_TESTED,True,False,0.32,StatTrak™ MAC-10 | Rangeen (Field-Tested),10,
MAG-7 | Metallic DDPAT,MINIMAL_WEAR,False,False,0.18,MAG-7 | Metallic DDPAT (Minimal Wear),10,
Glock-18 | Royal Legion,FIELD_TESTED,True,False,5.16,StatTrak™ Glock-18 | Royal Legion (Field-Tested),10,
Glock-18 | Snack Attack,MINIMAL_WEAR,False,False,26.39,Glock-18 | Snack Attack (Minimal Wear),10,
Five-SeveN | Retrobution,MINIMAL_WEAR,False,False,2.69,Five-SeveN | Retrobution (Minimal Wear),10,
"StatTrak™ Music Kit | Mord Fustang, Diamonds",,True,False,3.17,"StatTrak™ Music Kit | Mord Fustang, Diamonds",10,
Charm | Hot Howl,,False,False,21.9,Charm | Hot Howl,10,
Sealed Graffiti | Little Crown (Dust Brown),,False,False,0.13,Sealed Graffiti | Little Crown (Dust Brown),10,
P90 | Off World,FACTORY_NEW,True,False,2.49,StatTrak™ P90 | Off World (Factory New),10,
Glock-18 | Gamma Doppler,FIELD_TESTED,False,False,67.64,Glock-18 | Gamma Doppler (Field-Tested),10,gamma-doppler-phase4
P250 | Visions,FACTORY_NEW,False,False,18.0,P250 | Visions (Factory New),10,
Glock-18 | Green Line,MINIMAL_WEAR,False,False,1.6,Glock-18 | Green Line (Minimal Wear),10,
★ Falchion Knife | Tiger Tooth,FACTORY_NEW,False,False,124.3,★ Falchion Knife | Tiger Tooth (Factory New),10,
XM1014 | Quicksilver,MINIMAL_WEAR,True,False,0.66,StatTrak™ XM1014 | Quicksilver (Minimal Wear),10,
Sealed Graffiti | Little EZ (Blood Red),,False,False,1.5,Sealed Graffiti | Little EZ (Blood Red),10,
P90 | Off World,BATTLE_SCARRED,True,False,0.24,StatTrak™ P90 | Off World (Battle-Scarred),10,
Sticker | Heresy,,False,False,0.2,Sticker | Heresy,10,
M249 | Hypnosis,MINIMAL_WEAR,False,False,0.3,M249 | Hypnosis (Minimal Wear),10,
CZ75-Auto | Red Astor,FIELD_TESTED,True,False,1.02,StatTrak™ CZ75-Auto | Red Astor (Field-Tested),10,
UMP-45 | Wild Child,FIELD_TESTED,True,False,2.74,StatTrak™ UMP-45 | Wild Child (Field-Tested),10,
AUG | Ricochet,FIELD_TESTED,True,False,0.25,StatTrak™ AUG | Ricochet (Field-Tested),10,
Negev | Bulkhead,FIELD_TESTED,False,True,0.23,Souvenir Negev | Bulkhead (Field-Tested),10,
MAC-10 | Rangeen,FACTORY_NEW,True,False,3.95,StatTrak™ MAC-10 | Rangeen (Factory New),10,
Galil AR | Eco,FIELD_TESTED,True,False,18.96,StatTrak™ Galil AR | Eco (Field-Tested),9,
Sealed Graffiti | Smooch (Frog Green),,False,False,0.13,Sealed Graffiti | Smooch (Frog Green),9,
P250 | Kintsugi,FIELD_TESTED,False,False,5.22,P250 | Kintsugi (Field-Tested),9,
M4A4 | Cyber Security,WELL_WORN,True,False,25.59,StatTrak™ M4A4 | Cyber Security (Well-Worn),9,
MP5-SD | Agent,MINIMAL_WEAR,False,False,1.49,MP5-SD | Agent (Minimal Wear),9,
Sticker | Bubble Gum Skill Surf (Holo),,False,False,5.42,Sticker | Bubble Gum Skill Surf (Holo),9,
MP9 | Food Chain,FACTORY_NEW,True,False,34.89,StatTrak™ MP9 | Food Chain (Factory New),9,
P250 | Drought,FIELD_TESTED,False,True,1.02,Souvenir P250 | Drought (Field-Tested),9,
Sealed Graffiti | Grimace (Monster Purple),,False,False,0.14,Sealed Graffiti | Grimace (Monster Purple),9,
MAC-10 | Saibā Oni,FIELD_TESTED,True,False,1.9,StatTrak™ MAC-10 | Saibā Oni (Field-Tested),9,
Sticker | Green Bombster,,False,False,0.55,Sticker | Green Bombster,9,
Sealed Graffiti | Dead Now (Cash Green),,False,False,0.21,Sealed Graffiti | Dead Now (Cash Green),9,
MP5-SD | Agent,BATTLE_SCARRED,False,False,0.43,MP5-SD | Agent (Battle-Scarred),9,
R8 Revolver | Junk Yard,FACTORY_NEW,True,False,2.23,StatTrak™ R8 Revolver | Junk Yard (Factory New),9,
M4A4 | The Coalition,FIELD_TESTED,False,False,440.0,M4A4 | The Coalition (Field-Tested),9,
Sealed Graffiti | Denied (War Pig Pink),,False,False,0.12,Sealed Graffiti | Denied (War Pig Pink),9,
Galil AR | Eco,BATTLE_SCARRED,False,False,9.17,Galil AR | Eco (Battle-Scarred),9,
MP5-SD | Necro Jr.,FACTORY_NEW,True,False,1.2,StatTrak™ MP5-SD | Necro Jr. (Factory New),9,
Sealed Graffiti | Uh Oh (Tiger Orange),,False,False,0.11,Sealed Graffiti | Uh Oh (Tiger Orange),9,
Sticker | sh1ro (Holo) | Stockholm 2021,,False,False,0.78,Sticker | sh1ro (Holo) | Stockholm 2021,9,
CZ75-Auto | Circaetus,FACTORY_NEW,False,False,1.87,CZ75-Auto | Circaetus (Factory New),9,
Sticker | stavn (Holo) | Stockholm 2021,,False,False,0.46,Sticker | stavn (Holo) | Stockholm 2021,9,
MAC-10 | Button Masher,BATTLE_SCARRED,False,False,0.32,MAC-10 | Button Masher (Battle-Scarred),9,
M249 | Midnight Palm,FIELD_TESTED,False,True,0.29,Souvenir M249 | Midnight Palm (Field-Tested),9,
Patch | MOUZ | Stockholm 2021,,False,False,2.9,Patch | MOUZ | Stockholm 2021,9,
Sticker | Red Shark Shooter,,False,False,0.37,Sticker | Red Shark Shooter,9,
Dual Berettas | Drift Wood,MINIMAL_WEAR,False,True,0.71,Souvenir Dual Berettas | Drift Wood (Minimal Wear),9,
★ Huntsman Knife | Gamma Doppler,FACTORY_NEW,False,False,248.0,★ Huntsman Knife | Gamma Doppler (Factory New),9,gamma-doppler-phase2
MAC-10 | Saibā Oni,MINIMAL_WEAR,False,False,2.39,MAC-10 | Saibā Oni (Minimal Wear),9,
★ Navaja Knife | Rust Coat,BATTLE_SCARRED,False,False,43.99,★ Navaja Knife | Rust Coat (Battle-Scarred),9,
FAMAS | Decommissioned,FACTORY_NEW,False,False,10.0,FAMAS | Decommissioned (Factory New),9,
UMP-45 | Gold Bismuth,MINIMAL_WEAR,True,False,6.3,StatTrak™ UMP-45 | Gold Bismuth (Minimal Wear),9,
Sticker | paiN Gaming (Foil) | Stockholm 2021,,False,False,2.85,Sticker | paiN Gaming (Foil) | Stockholm 2021,9,
M4A4 | Cyber Security,FACTORY_NEW,False,False,152.0,M4A4 | Cyber Security (Factory New),9,
Sticker | Lynn Vision (Holo) | Copenhagen 2024,,False,False,6.0,Sticker | Lynn Vision (Holo) | Copenhagen 2024,9,
P90 | Cold Blooded,FACTORY_NEW,False,False,65.48,P90 | Cold Blooded (Factory New),9,
M4A4 | Asiimov,FIELD_TESTED,False,False,205.0,M4A4 | Asiimov (Field-Tested),9,
USP-S | Monster Mashup,BATTLE_SCARRED,False,False,19.49,USP-S | Monster Mashup (Battle-Scarred),9,
Sealed Graffiti | Dizzy (Wire Blue),,False,False,0.15,Sealed Graffiti | Dizzy (Wire Blue),9,
FAMAS | CaliCamo,MINIMAL_WEAR,False,False,0.8,FAMAS | CaliCamo (Minimal Wear),9,
"Music Kit | Freaky DNA, Vici",,False,False,4.8,"Music Kit | Freaky DNA, Vici",9,
"Music Kit | Chipzel, ~Yellow Magic~",,False,False,1.1,"Music Kit | Chipzel, ~Yellow Magic~",9,
M4A4 | Griffin,FACTORY_NEW,True,False,35.96,StatTrak™ M4A4 | Griffin (Factory New),9,
PP-Bizon | Embargo,FIELD_TESTED,False,False,1.5,PP-Bizon | Embargo (Field-Tested),9,
Sticker | Astralis (Holo) | Berlin 2019,,False,False,1.0,Sticker | Astralis (Holo) | Berlin 2019,9,
FAMAS | Faulty Wiring,BATTLE_SCARRED,False,False,1.54,FAMAS | Faulty Wiring (Battle-Scarred),9,
AK-47 | The Outsiders,FACTORY_NEW,False,False,99.99,AK-47 | The Outsiders (Factory New),9,
Sticker | Krad | Berlin 2019,,False,False,0.11,Sticker | Krad | Berlin 2019,9,
Sealed Graffiti | Happy Cat (Cash Green),,False,False,0.18,Sealed Graffiti | Happy Cat (Cash Green),9,
Sealed Graffiti | Kiss (Wire Blue),,False,False,0.27,Sealed Graffiti | Kiss (Wire Blue),9,
Patch | Natus Vincere | Stockholm 2021,,False,False,6.96,Patch | Natus Vincere | Stockholm 2021,9,
AWP | Sun in Leo,FIELD_TESTED,False,False,19.0,AWP | Sun in Leo (Field-Tested),9,
MP9 | Arctic Tri-Tone,WELL_WORN,False,False,3.9,MP9 | Arctic Tri-Tone (Well-Worn),9,
M4A4 | Turbine,BATTLE_SCARRED,False,False,1.0,M4A4 | Turbine (Battle-Scarred),9,
MAC-10 | Nuclear Garden,FACTORY_NEW,False,False,51.0,MAC-10 | Nuclear Garden (Factory New),9,
Sealed Graffiti | BOOM (SWAT Blue),,False,False,0.14,Sealed Graffiti | BOOM (SWAT Blue),9,
Sealed Graffiti | OMG (Monarch Blue),,False,False,1.27,Sealed Graffiti | OMG (Monarch Blue),9,
Sticker | Ax1Le (Holo) | Stockholm 2021,,False,False,0.81,Sticker | Ax1Le (Holo) | Stockholm 2021,9,
Sealed Graffiti | 200 IQ (War Pig Pink),,False,False,0.36,Sealed Graffiti | 200 IQ (War Pig Pink),9,
M249 | Deep Relief,FACTORY_NEW,False,False,5.95,M249 | Deep Relief (Factory New),9,
MAC-10 | Malachite,FACTORY_NEW,False,False,10.74,MAC-10 | Malachite (Factory New),9,
Nova | Windblown,MINIMAL_WEAR,True,False,0.5,StatTrak™ Nova | Windblown (Minimal Wear),9,
SSG 08 | Rapid Transit,FACTORY_NEW,False,False,10.55,SSG 08 | Rapid Transit (Factory New),9,
SG 553 | Colony IV,MINIMAL_WEAR,False,False,16.99,SG 553 | Colony IV (Minimal Wear),9,
Galil AR | Blue Titanium,FACTORY_NEW,False,False,30.21,Galil AR | Blue Titanium (Factory New),9,
P250 | X-Ray,FIELD_TESTED,True,False,1.4,StatTrak™ P250 | X-Ray (Field-Tested),9,
Sticker | dupreeh (Foil) | Berlin 2019,,False,False,0.8,Sticker | dupreeh (Foil) | Berlin 2019,9,
P90 | Randy Rush,FACTORY_NEW,True,False,6.24,StatTrak™ P90 | Randy Rush (Factory New),9,
FAMAS | CaliCamo,FIELD_TESTED,False,True,0.19,Souvenir FAMAS | CaliCamo (Field-Tested),9,
UMP-45 | Indigo,FIELD_TESTED,False,False,1.99,UMP-45 | Indigo (Field-Tested),9,
Sealed Graffiti | Rly (Desert Amber),,False,False,0.15,Sealed Graffiti | Rly (Desert Amber),9,
Sticker | Watermelon Flow (Holo),,False,False,9.35,Sticker | Watermelon Flow (Holo),9,
Sticker | EliGE (Foil) | Berlin 2019,,False,False,0.77,Sticker | EliGE (Foil) | Berlin 2019,9,
★ Survival Knife | Slaughter,FACTORY_NEW,False,False,144.66,★ Survival Knife | Slaughter (Factory New),9,
Galil AR | Kami,FIELD_TESTED,True,False,1.33,StatTrak™ Galil AR | Kami (Field-Tested),9,
AK-47 | Uncharted,WELL_WORN,True,False,2.48,StatTrak™ AK-47 | Uncharted (Well-Worn),9,
Desert Eagle | Printstream,FACTORY_NEW,True,False,153.93,StatTrak™ Desert Eagle | Printstream (Factory New),9,
Sealed Graffiti | 1G (Bazooka Pink),,False,False,0.26,Sealed Graffiti | 1G (Bazooka Pink),9,
MAC-10 | Nuclear Garden,FIELD_TESTED,False,False,16.89,MAC-10 | Nuclear Garden (Field-Tested),9,
P90 | Asiimov,WELL_WORN,False,False,148.0,P90 | Asiimov (Well-Worn),9,
Sticker | compLexity Gaming | Katowice 2019,,False,False,5.33,Sticker | compLexity Gaming | Katowice 2019,9,
Desert Eagle | Printstream,MINIMAL_WEAR,True,False,85.0,StatTrak™ Desert Eagle | Printstream (Minimal Wear),9,
Sealed Graffiti | Little Crown (Monarch Blue),,False,False,0.16,Sealed Graffiti | Little Crown (Monarch Blue),9,
AUG | Spalted Wood,FACTORY_NEW,False,False,1.65,AUG | Spalted Wood (Factory New),9,
Sticker | REZ (Foil) | Berlin 2019,,False,False,0.6,Sticker | REZ (Foil) | Berlin 2019,9,
MP7 | Neon Ply,FIELD_TESTED,True,False,4.49,StatTrak™ MP7 | Neon Ply (Field-Tested),9,
Sealed Graffiti | Little Crown (SWAT Blue),,False,False,0.17,Sealed Graffiti | Little Crown (SWAT Blue),9,
AK-47 | Slate,WELL_WORN,True,False,9.57,StatTrak™ AK-47 | Slate (Well-Worn),9,
Nova | Red Quartz,FIELD_TESTED,False,False,7.0,Nova | Red Quartz (Field-Tested),9,
AK-47 | Green Laminate,MINIMAL_WEAR,False,False,18.5,AK-47 | Green Laminate (Minimal Wear),9,
MP9 | Urban Sovereign,WELL_WORN,False,False,0.62,MP9 | Urban Sovereign (Well-Worn),9,
CZ75-Auto | Midnight Palm,FIELD_TESTED,False,True,0.18,Souvenir CZ75-Auto | Midnight Palm (Field-Tested),9,
Sticker Slab | Scorch Loop (Reverse),,False,False,2.5,Sticker Slab | Scorch Loop (Reverse),9,
CZ75-Auto | Midnight Palm,FIELD_TESTED,False,False,0.2,CZ75-Auto | Midnight Palm (Field-Tested),9,
CZ75-Auto | Midnight Palm,FACTORY_NEW,False,True,1.11,Souvenir CZ75-Auto | Midnight Palm (Factory New),9,
Patch | Metal Silver Demon,,False,False,26.24,Patch | Metal Silver Demon,9,
Sealed Graffiti | Shining Star (Frog Green),,False,False,0.37,Sealed Graffiti | Shining Star (Frog Green),9,
Dual Berettas | Balance,MINIMAL_WEAR,True,False,3.72,StatTrak™ Dual Berettas | Balance (Minimal Wear),9,
Sealed Graffiti | Kiss (Desert Amber),,False,False,1.04,Sealed Graffiti | Kiss (Desert Amber),9,
AK-47 | Crane Flight,FACTORY_NEW,False,False,58.46,AK-47 | Crane Flight (Factory New),9,
CZ75-Auto | Slalom,FACTORY_NEW,False,False,21.0,CZ75-Auto | Slalom (Factory New),9,
Sealed Graffiti | Uh Oh (Cash Green),,False,False,0.11,Sealed Graffiti | Uh Oh (Cash Green),9,
M249 | Nebula Crusader,FIELD_TESTED,True,False,2.1,StatTrak™ M249 | Nebula Crusader (Field-Tested),9,
P90 | Desert Warfare,FACTORY_NEW,False,False,4.93,P90 | Desert Warfare (Factory New),9,
Zeus x27 | Earth Mandala,FACTORY_NEW,False,False,0.98,Zeus x27 | Earth Mandala (Factory New),9,
MAC-10 | Disco Tech,BATTLE_SCARRED,True,False,5.27,StatTrak™ MAC-10 | Disco Tech (Battle-Scarred),9,
CZ75-Auto | Slalom,MINIMAL_WEAR,False,False,10.39,CZ75-Auto | Slalom (Minimal Wear),9,
Sticker | Hello PP-Bizon (Gold),,False,False,1.91,Sticker | Hello PP-Bizon (Gold),9,
AUG | Spalted Wood,MINIMAL_WEAR,False,True,0.54,Souvenir AUG | Spalted Wood (Minimal Wear),9,
AWP | Atheris,MINIMAL_WEAR,True,False,16.08,StatTrak™ AWP | Atheris (Minimal Wear),9,
M4A4 | Dark Blossom,FACTORY_NEW,False,False,89.0,M4A4 | Dark Blossom (Factory New),9,
Sticker | Hello AWP,,False,False,0.45,Sticker | Hello AWP,9,
Sticker | Akihabara Accept Surf Ava (Foil),,False,False,9.99,Sticker | Akihabara Accept Surf Ava (Foil),9,
Tec-9 | Decimator,MINIMAL_WEAR,False,False,35.48,Tec-9 | Decimator (Minimal Wear),9,
MP7 | Guerrilla,BATTLE_SCARRED,False,False,0.7,MP7 | Guerrilla (Battle-Scarred),9,
M4A4 | Desert Storm,FIELD_TESTED,False,False,10.24,M4A4 | Desert Storm (Field-Tested),9,
P2000 | Acid Etched,MINIMAL_WEAR,False,False,1.21,P2000 | Acid Etched (Minimal Wear),9,
Sealed Graffiti | Smarmy (SWAT Blue),,False,False,0.37,Sealed Graffiti | Smarmy (SWAT Blue),9,
Sticker | Necron,,False,False,0.11,Sticker | Necron,9,
FAMAS | Hexane,FACTORY_NEW,True,False,6.83,StatTrak™ FAMAS | Hexane (Factory New),9,
Sealed Graffiti | 1G (Wire Blue),,False,False,0.13,Sealed Graffiti | 1G (Wire Blue),9,
Sticker | sergej | Berlin 2019,,False,False,0.13,Sticker | sergej | Berlin 2019,9,
Sealed Graffiti | Little Crown (Frog Green),,False,False,0.12,Sealed Graffiti | Little Crown (Frog Green),9,
SCAR-20 | Torn,FIELD_TESTED,True,False,1.01,StatTrak™ SCAR-20 | Torn (Field-Tested),9,
"Warhammer 40,000 Sticker Capsule",,False,False,0.99,"Warhammer 40,000 Sticker Capsule",9,
Sticker | Tyranids Ravener,,False,False,0.27,Sticker | Tyranids Ravener,9,
Patch | GODSENT | Stockholm 2021,,False,False,2.81,Patch | GODSENT | Stockholm 2021,9,
Sticker | The MongolZ (Glitter) | Copenhagen 2024,,False,False,0.74,Sticker | The MongolZ (Glitter) | Copenhagen 2024,9,
SCAR-20 | Torn,FACTORY_NEW,False,False,2.76,SCAR-20 | Torn (Factory New),9,
UMP-45 | Houndstooth,FIELD_TESTED,False,False,4.0,UMP-45 | Houndstooth (Field-Tested),9,
MP7 | Guerrilla,MINIMAL_WEAR,False,False,2.29,MP7 | Guerrilla (Minimal Wear),9,
Galil AR | Tornado,MINIMAL_WEAR,False,False,9.73,Galil AR | Tornado (Minimal Wear),9,
R8 Revolver | Night,MINIMAL_WEAR,False,False,1.12,R8 Revolver | Night (Minimal Wear),9,
Sticker | Great Wave (Foil),,False,False,16.08,Sticker | Great Wave (Foil),9,
AK-47 | Green Laminate,FACTORY_NEW,False,False,90.0,AK-47 | Green Laminate (Factory New),9,
Sticker | FURIA (Holo) | Berlin 2019,,False,False,1.3,Sticker | FURIA (Holo) | Berlin 2019,9,
SCAR-20 | Enforcer,FACTORY_NEW,False,False,6.7,SCAR-20 | Enforcer (Factory New),9,
Sealed Graffiti | Hop (Desert Amber),,False,False,0.29,Sealed Graffiti | Hop (Desert Amber),9,
Sticker | Hello PP-Bizon,,False,False,0.35,Sticker | Hello PP-Bizon,9,
★ Driver Gloves | Snow Leopard,FIELD_TESTED,False,False,264.93,★ Driver Gloves | Snow Leopard (Field-Tested),9,
USP-S | Purple DDPAT,FACTORY_NEW,False,True,10.46,Souvenir USP-S | Purple DDPAT (Factory New),9,
R8 Revolver | Bone Forged,MINIMAL_WEAR,True,False,0.28,StatTrak™ R8 Revolver | Bone Forged (Minimal Wear),9,
Sticker | susp (Glitter) | Shanghai 2024,,False,False,0.12,Sticker | susp (Glitter) | Shanghai 2024,9,
M4A4 | Zubastick,FACTORY_NEW,False,False,1.07,M4A4 | Zubastick (Factory New),9,
M4A4 | Dark Blossom,FIELD_TESTED,False,False,18.49,M4A4 | Dark Blossom (Field-Tested),9,
Sticker | Noble (Holo),,False,False,1.09,Sticker | Noble (Holo),9,
Sealed Graffiti | Rly (Cash Green),,False,False,0.11,Sealed Graffiti | Rly (Cash Green),9,
Galil AR | Rocket Pop,FACTORY_NEW,True,False,21.37,StatTrak™ Galil AR | Rocket Pop (Factory New),9,
Sticker | ENCE (Foil) | Stockholm 2021,,False,False,1.07,Sticker | ENCE (Foil) | Stockholm 2021,9,
Sticker | Ninjas in Pyjamas (Gold) | 2020 RMR,,False,False,1.11,Sticker | Ninjas in Pyjamas (Gold) | 2020 RMR,9,
Sticker | 100 Thieves (Gold) | 2020 RMR,,False,False,2.05,Sticker | 100 Thieves (Gold) | 2020 RMR,9,
Stiletto Knife | Marble Fade,FACTORY_NEW,False,False,279.96,★ Stiletto Knife | Marble Fade (Factory New),9,
★ Skeleton Knife | Stained,FIELD_TESTED,False,False,162.96,★ Skeleton Knife | Stained (Field-Tested),9,
MAC-10 | Whitefish,FIELD_TESTED,True,False,0.33,StatTrak™ MAC-10 | Whitefish (Field-Tested),9,
Sealed Graffiti | Choke (Tiger Orange),,False,False,2.08,Sealed Graffiti | Choke (Tiger Orange),9,
MAC-10 | Whitefish,FACTORY_NEW,False,False,6.92,MAC-10 | Whitefish (Factory New),9,
Sticker | Poorly Drawn Leet Crew,,False,False,0.66,Sticker | Poorly Drawn Leet Crew,9,
"StatTrak™ Music Kit | Scarlxrd, CHAIN$AW.LXADXUT.",,True,False,3.3,"StatTrak™ Music Kit | Scarlxrd, CHAIN$AW.LXADXUT.",9,
Sealed Graffiti | Happy Cat (Tracer Yellow),,False,False,0.18,Sealed Graffiti | Happy Cat (Tracer Yellow),9,
Sealed Graffiti | Dizzy (Shark White),,False,False,0.24,Sealed Graffiti | Dizzy (Shark White),9,
Sealed Graffiti | Silver Bullet (Tracer Yellow),,False,False,0.13,Sealed Graffiti | Silver Bullet (Tracer Yellow),9,
Sealed Graffiti | Smooch (Violent Violet),,False,False,0.16,Sealed Graffiti | Smooch (Violent Violet),9,
M249 | O.S.I.P.R.,BATTLE_SCARRED,True,False,0.33,StatTrak™ M249 | O.S.I.P.R. (Battle-Scarred),9,
Sticker | KSCERATO | Shanghai 2024,,False,False,0.12,Sticker | KSCERATO | Shanghai 2024,9,
Sticker Slab | nitr0 (Foil) | Berlin 2019,,False,False,5.0,Sticker Slab | nitr0 (Foil) | Berlin 2019,9,
Sticker | w0nderful (Holo) | Shanghai 2024,,False,False,0.45,Sticker | w0nderful (Holo) | Shanghai 2024,9,
AUG | Luxe Trim,FACTORY_NEW,False,False,8.41,AUG | Luxe Trim (Factory New),9,
Sealed Graffiti | Grimace (Frog Green),,False,False,0.13,Sealed Graffiti | Grimace (Frog Green),9,
P250 | Small Game,BATTLE_SCARRED,False,False,0.32,P250 | Small Game (Battle-Scarred),9,
SG 553 | Lush Ruins,MINIMAL_WEAR,False,True,0.3,Souvenir SG 553 | Lush Ruins (Minimal Wear),9,
Sticker | EliGE | Berlin 2019,,False,False,0.12,Sticker | EliGE | Berlin 2019,9,
Sticker | daps | Katowice 2019,,False,False,2.21,Sticker | daps | Katowice 2019,9,
Sealed Graffiti | Puke (Battle Green),,False,False,0.33,Sealed Graffiti | Puke (Battle Green),9,
R8 Revolver | Desert Brush,MINIMAL_WEAR,False,True,0.15,Souvenir R8 Revolver | Desert Brush (Minimal Wear),9,
Glock-18 | Neo-Noir,BATTLE_SCARRED,False,False,29.94,Glock-18 | Neo-Noir (Battle-Scarred),9,
P250 | Epicenter,MINIMAL_WEAR,False,False,8.69,P250 | Epicenter (Minimal Wear),9,
★ Driver Gloves | Rezan the Red,MINIMAL_WEAR,False,False,121.99,★ Driver Gloves | Rezan the Red (Minimal Wear),9,
Copenhagen 2024 Inferno Souvenir Package,,False,False,3.09,Copenhagen 2024 Inferno Souvenir Package,9,
G3SG1 | Safari Mesh,FIELD_TESTED,False,False,1.64,G3SG1 | Safari Mesh (Field-Tested),9,
Sticker | FL1T (Holo) | Copenhagen 2024,,False,False,0.9,Sticker | FL1T (Holo) | Copenhagen 2024,9,
MAC-10 | Tornado,FIELD_TESTED,False,False,2.49,MAC-10 | Tornado (Field-Tested),9,
AWP | Capillary,FACTORY_NEW,True,False,9.5,StatTrak™ AWP | Capillary (Factory New),9,
AK-47 | B the Monster,FIELD_TESTED,False,False,100.0,AK-47 | B the Monster (Field-Tested),9,
P90 | Ancient Earth,FACTORY_NEW,False,True,0.4,Souvenir P90 | Ancient Earth (Factory New),9,
Sticker | karrigan (Glitter) | Copenhagen 2024,,False,False,0.2,Sticker | karrigan (Glitter) | Copenhagen 2024,9,
"Sticker Slab | ZywOo (Gold, Champion) | Budapest 2025",,False,False,45.0,"Sticker Slab | ZywOo (Gold, Champion) | Budapest 2025",9,
Copper Lambda Pin,,False,False,6.15,Copper Lambda Pin,9,
M249 | Shipping Forecast,FACTORY_NEW,False,False,15.6,M249 | Shipping Forecast (Factory New),9,
AWP | Wildfire,FIELD_TESTED,True,False,79.97,StatTrak™ AWP | Wildfire (Field-Tested),9,
P90 | Cocoa Rampage,FIELD_TESTED,True,False,0.57,StatTrak™ P90 | Cocoa Rampage (Field-Tested),9,
Sealed Graffiti | Hop (Blood Red),,False,False,0.97,Sealed Graffiti | Hop (Blood Red),9,
M249 | Magma,FIELD_TESTED,False,False,1.44,M249 | Magma (Field-Tested),9,
SSG 08 | Fever Dream,FACTORY_NEW,True,False,11.5,StatTrak™ SSG 08 | Fever Dream (Factory New),9,
Sticker | G2 Esports (Holo) | Copenhagen 2024,,False,False,2.99,Sticker | G2 Esports (Holo) | Copenhagen 2024,9,
Dual Berettas | Oil Change,FACTORY_NEW,False,False,2.24,Dual Berettas | Oil Change (Factory New),9,
AWP | Hyper Beast,WELL_WORN,False,False,30.0,AWP | Hyper Beast (Well-Worn),9,
CMB Pin,,False,False,3.75,CMB Pin,9,
Galil AR | Stone Cold,FIELD_TESTED,True,False,4.36,StatTrak™ Galil AR | Stone Cold (Field-Tested),9,
Sticker | PTFO (Holo),,False,False,0.24,Sticker | PTFO (Holo),9,
Sealed Graffiti | Smirk (Desert Amber),,False,False,0.24,Sealed Graffiti | Smirk (Desert Amber),9,
G3SG1 | Hunter,MINIMAL_WEAR,False,False,0.23,G3SG1 | Hunter (Minimal Wear),9,
R8 Revolver | Reboot,MINIMAL_WEAR,True,False,4.43,StatTrak™ R8 Revolver | Reboot (Minimal Wear),9,
Sawed-Off | Kiss♥Love,FACTORY_NEW,False,False,16.58,Sawed-Off | Kiss♥Love (Factory New),9,
Zeus x27 | Charged Up,FACTORY_NEW,False,False,22.99,Zeus x27 | Charged Up (Factory New),9,
Sawed-Off | Sage Spray,FIELD_TESTED,False,False,0.5,Sawed-Off | Sage Spray (Field-Tested),9,
Noodles,,False,False,0.35,Sealed Graffiti | Noodles,9,
Sticker | Sneaky Beaky Dept. (Holo),,False,False,1.19,Sticker | Sneaky Beaky Dept. (Holo),9,
MP7 | Impire,MINIMAL_WEAR,True,False,4.97,StatTrak™ MP7 | Impire (Minimal Wear),9,
Ninjas in Pyjamas (Holo) | MLG Columbus 2016,,False,False,22.0,Sticker | Ninjas in Pyjamas (Holo) | MLG Columbus 2016,9,
The Boardroom Sticker Capsule,,False,False,0.95,The Boardroom Sticker Capsule,9,
Flipsid3 Tactics (Foil) | MLG Columbus 2016,,False,False,48.96,Sticker | Flipsid3 Tactics (Foil) | MLG Columbus 2016,9,
MP7 | Impire,FIELD_TESTED,False,False,1.77,MP7 | Impire (Field-Tested),9,
Sticker | Cloud9 (Gold) | Antwerp 2022,,False,False,3.88,Sticker | Cloud9 (Gold) | Antwerp 2022,9,
Sticker | Outsiders (Holo) | Rio 2022,,False,False,3.4,Sticker | Outsiders (Holo) | Rio 2022,9,
Sticker | kRaSnaL (Holo) | Paris 2023,,False,False,0.35,Sticker | kRaSnaL (Holo) | Paris 2023,9,
Nova | Gila,FACTORY_NEW,False,False,8.54,Nova | Gila (Factory New),9,
UMP-45 | K.O. Factory,FACTORY_NEW,False,False,16.27,UMP-45 | K.O. Factory (Factory New),9,
Sticker Slab | Drug War Veteran,,False,False,5.0,Sticker Slab | Drug War Veteran,9,
MP9 | Sand Scale,FACTORY_NEW,False,False,11.19,MP9 | Sand Scale (Factory New),9,
Sticker | FURIA (Holo) | Austin 2025,,False,False,3.18,Sticker | FURIA (Holo) | Austin 2025,9,
SG 553 | Dragon Tech,WELL_WORN,False,False,0.39,SG 553 | Dragon Tech (Well-Worn),9,
Sticker | apEX (Holo) | Paris 2023,,False,False,0.64,Sticker | apEX (Holo) | Paris 2023,9,
MP5-SD | Focus,FACTORY_NEW,False,False,0.87,MP5-SD | Focus (Factory New),9,
R8 Revolver | Llama Cannon,FIELD_TESTED,False,False,8.55,R8 Revolver | Llama Cannon (Field-Tested),9,
Sticker | siuhy (Holo) | Paris 2023,,False,False,0.89,Sticker | siuhy (Holo) | Paris 2023,9,
SSG 08 | Necropos,WELL_WORN,True,False,0.58,StatTrak™ SSG 08 | Necropos (Well-Worn),9,
Sticker | Legacy (Holo) | Austin 2025,,False,False,2.13,Sticker | Legacy (Holo) | Austin 2025,9,
SSG 08 | Necropos,MINIMAL_WEAR,True,False,1.51,StatTrak™ SSG 08 | Necropos (Minimal Wear),9,
SG 553 | Dragon Tech,BATTLE_SCARRED,True,False,0.56,StatTrak™ SG 553 | Dragon Tech (Battle-Scarred),9,
Sticker | FURIA (Gold) | Rio 2022,,False,False,4.29,Sticker | FURIA (Gold) | Rio 2022,9,
Sticker | xertioN (Holo) | Paris 2023,,False,False,0.42,Sticker | xertioN (Holo) | Paris 2023,9,
"StatTrak™ Music Kit | Sean Murray, A*D*8",,False,False,1.23,"Music Kit | Sean Murray, A*D*8",9,
flusha | Cluj-Napoca 2015,,False,False,2.07,Sticker | flusha | Cluj-Napoca 2015,9,
SSG 08 | Necropos,MINIMAL_WEAR,False,False,1.72,SSG 08 | Necropos (Minimal Wear),9,
SSG 08 | Memorial,FACTORY_NEW,False,False,3.0,SSG 08 | Memorial (Factory New),9,
Support,,False,False,0.24,Sticker | Support,9,
Charm | Austin 2025 Highlight | Triple Kill Clutch,,False,True,0.14,Souvenir Charm | Austin 2025 Highlight | Triple Kill Clutch,9,
AUG | Steel Sentinel,FACTORY_NEW,False,False,2.89,AUG | Steel Sentinel (Factory New),9,
Sealed Graffiti | OpTic Gaming | London 2018,,False,False,2.44,Sealed Graffiti | OpTic Gaming | London 2018,9,
P250 | Exchanger,MINIMAL_WEAR,False,False,0.5,P250 | Exchanger (Minimal Wear),9,
SG 553 | Cyrex,FIELD_TESTED,True,False,8.2,StatTrak™ SG 553 | Cyrex (Field-Tested),9,
Sticker | huNter- (Holo) | Paris 2023,,False,False,0.58,Sticker | huNter- (Holo) | Paris 2023,9,
Galil AR | Black Sand,BATTLE_SCARRED,False,False,0.38,Galil AR | Black Sand (Battle-Scarred),9,
P250 | Bullfrog,WELL_WORN,True,False,0.17,StatTrak™ P250 | Bullfrog (Well-Worn),9,
StatTrak™ Nova | Toy Soldier,FIELD_TESTED,True,False,1.3,StatTrak™ Nova | Toy Soldier (Field-Tested),9,
Sticker | 9INE (Gold) | Paris 2023,,False,False,0.89,Sticker | 9INE (Gold) | Paris 2023,9,
AWP | Redline,MINIMAL_WEAR,True,False,126.59,StatTrak™ AWP | Redline (Minimal Wear),9,
MAG-7 | Copper Coated,MINIMAL_WEAR,False,False,2.95,MAG-7 | Copper Coated (Minimal Wear),9,
Bestiary Capsule,,False,False,1.25,Bestiary Capsule,9,
Five-SeveN | Violent Daimyo,MINIMAL_WEAR,False,False,0.66,Five-SeveN | Violent Daimyo (Minimal Wear),9,
"Sticker | karrigan (Holo, Champion) | Antwerp 2022",,False,False,1.95,"Sticker | karrigan (Holo, Champion) | Antwerp 2022",9,
MAC-10 | Lapis Gator,FIELD_TESTED,True,False,0.82,StatTrak™ MAC-10 | Lapis Gator (Field-Tested),9,
AK-47 | Inheritance,WELL_WORN,False,False,36.45,AK-47 | Inheritance (Well-Worn),9,
G3SG1 | Dream Glade,WELL_WORN,True,False,0.44,StatTrak™ G3SG1 | Dream Glade (Well-Worn),9,
StatTrak™ MP9 | Capillary,MINIMAL_WEAR,True,False,0.75,StatTrak™ MP9 | Capillary (Minimal Wear),9,
Cloud9 G2A | Cologne 2015,,False,False,3.4,Sticker | Cloud9 G2A | Cologne 2015,9,
StatTrak™ MP9 | Capillary,FACTORY_NEW,False,False,3.0,MP9 | Capillary (Factory New),9,
AWP | Redline,FIELD_TESTED,True,False,71.99,StatTrak™ AWP | Redline (Field-Tested),9,
P2000 | Turf,WELL_WORN,False,False,0.4,P2000 | Turf (Well-Worn),9,
Dual Berettas | Melondrama,FACTORY_NEW,False,False,15.45,Dual Berettas | Melondrama (Factory New),9,
chrisJ | MLG Columbus 2016,,False,False,2.48,Sticker | chrisJ | MLG Columbus 2016,9,
Sticker | Snax (Holo) | Shanghai 2024,,False,False,0.73,Sticker | Snax (Holo) | Shanghai 2024,9,
M4A1-S | Briefing,FIELD_TESTED,False,False,3.75,M4A1-S | Briefing (Field-Tested),9,
CZ75-Auto | Army Sheen,MINIMAL_WEAR,False,False,3.0,CZ75-Auto | Army Sheen (Minimal Wear),9,
Autograph Capsule | Virtus.Pro | MLG Columbus 2016,,False,False,100.0,Autograph Capsule | Virtus.Pro | MLG Columbus 2016,9,
CZ75-Auto | Twist,BATTLE_SCARRED,False,False,1.01,CZ75-Auto | Twist (Battle-Scarred),9,
MAG-7 | Sonar,FIELD_TESTED,False,False,0.56,MAG-7 | Sonar (Field-Tested),9,
MAG-7 | Sonar,FACTORY_NEW,True,False,1.47,StatTrak™ MAG-7 | Sonar (Factory New),9,
Tec-9 | Jambiya,BATTLE_SCARRED,True,False,0.41,StatTrak™ Tec-9 | Jambiya (Battle-Scarred),9,
AK-47 | Inheritance,FACTORY_NEW,False,False,116.57,AK-47 | Inheritance (Factory New),9,
"Music Kit | Tigercub, The Perfume of Decay",,False,False,0.69,"Music Kit | Tigercub, The Perfume of Decay",9,
Sticker | G2 Esports | London 2018,,False,False,1.23,Sticker | G2 Esports | London 2018,9,
P250 | Vino Primo,BATTLE_SCARRED,False,False,0.6,P250 | Vino Primo (Battle-Scarred),9,
CZ75-Auto | Hexane,MINIMAL_WEAR,True,False,3.39,StatTrak™ CZ75-Auto | Hexane (Minimal Wear),9,
"Warhammer 40,000 Imperium Sticker Capsule",,False,False,1.49,"Warhammer 40,000 Imperium Sticker Capsule",9,
M4A1-S | Atomic Alloy,FIELD_TESTED,True,False,40.0,StatTrak™ M4A1-S | Atomic Alloy (Field-Tested),9,
Natus Vincere | Cluj-Napoca 2015,,False,False,3.3,Sticker | Natus Vincere | Cluj-Napoca 2015,9,
PP-Bizon | Blue Streak,FIELD_TESTED,True,False,3.75,StatTrak™ PP-Bizon | Blue Streak (Field-Tested),9,
Sticker | Aurora (Foil) | Cologne 2026,,False,False,0.99,Sticker | Aurora (Foil) | Cologne 2026,9,
mousesports | Cluj-Napoca 2015,,False,False,4.99,Sticker | mousesports | Cluj-Napoca 2015,9,
MAC-10 | Carnivore,FACTORY_NEW,False,False,5.86,MAC-10 | Carnivore (Factory New),9,
MP9 | Latte Rush,MINIMAL_WEAR,False,False,49.69,MP9 | Latte Rush (Minimal Wear),9,
SG 553 | Fallout Warning,FIELD_TESTED,False,False,3.2,SG 553 | Fallout Warning (Field-Tested),9,
MAC-10 | Carnivore,MINIMAL_WEAR,False,False,0.53,MAC-10 | Carnivore (Minimal Wear),9,
P90 | Chopper,BATTLE_SCARRED,False,False,0.96,P90 | Chopper (Battle-Scarred),9,
UMP-45 | Primal Saber,FIELD_TESTED,True,False,9.0,StatTrak™ UMP-45 | Primal Saber (Field-Tested),9,
AK-47 | Blue Laminate,FACTORY_NEW,True,False,47.33,StatTrak™ AK-47 | Blue Laminate (Factory New),9,
Tamara (Holo),,False,False,2.7,Sticker | Tamara (Holo),9,
SSG 08 | Detour,MINIMAL_WEAR,False,False,14.2,SSG 08 | Detour (Minimal Wear),9,
M249 | Spectre,FACTORY_NEW,True,False,2.65,StatTrak™ M249 | Spectre (Factory New),9,
M4A4 | Converter,FACTORY_NEW,False,True,8.9,Souvenir M4A4 | Converter (Factory New),9,
G2 Esports | Cluj-Napoca 2015,,False,False,4.0,Sticker | G2 Esports | Cluj-Napoca 2015,9,
★ Shadow Daggers | Marble Fade,FACTORY_NEW,False,False,84.85,★ Shadow Daggers | Marble Fade (Factory New),9,
Desert Eagle | Naga,FIELD_TESTED,True,False,3.69,StatTrak™ Desert Eagle | Naga (Field-Tested),9,
Sticker | 360 No Scope,,False,False,0.3,Sticker | 360 No Scope,9,
AK-47 | Black Laminate,MINIMAL_WEAR,False,False,51.38,AK-47 | Black Laminate (Minimal Wear),9,
Five-SeveN | Hot Shot,FACTORY_NEW,False,False,70.52,Five-SeveN | Hot Shot (Factory New),9,
Luminosity Gaming (Foil) | Cluj-Napoca 2015,,False,False,28.53,Sticker | Luminosity Gaming (Foil) | Cluj-Napoca 2015,9,
★ Shadow Daggers,Not Painted,False,False,60.99,★ Shadow Daggers,9,
Charm | Lil' Eco,,False,False,4.89,Charm | Lil' Eco,9,
AK-47 | The Empress,FIELD_TESTED,True,False,93.1,StatTrak™ AK-47 | The Empress (Field-Tested),9,
AWP | Pink DDPAT,FIELD_TESTED,False,False,22.99,AWP | Pink DDPAT (Field-Tested),9,
Natus Vincere (Foil) | Cluj-Napoca 2015,,False,False,29.99,Sticker | Natus Vincere (Foil) | Cluj-Napoca 2015,9,
UMP-45 | Late Night Transit,BATTLE_SCARRED,False,False,0.17,UMP-45 | Late Night Transit (Battle-Scarred),9,
UMP-45 | Late Night Transit,FACTORY_NEW,False,False,14.99,UMP-45 | Late Night Transit (Factory New),9,
Sticker | imoRR (Glitter) | Antwerp 2022,,False,False,0.19,Sticker | imoRR (Glitter) | Antwerp 2022,9,
M4A1-S | Decimator,WELL_WORN,False,False,11.27,M4A1-S | Decimator (Well-Worn),9,
Counter Logic Gaming | Cluj-Napoca 2015,,False,False,4.0,Sticker | Counter Logic Gaming | Cluj-Napoca 2015,9,
MP7 | Fade,FIELD_TESTED,False,False,6.77,MP7 | Fade (Field-Tested),9,
Sealed Graffiti | MIBR | London 2018,,False,False,1.2,Sealed Graffiti | MIBR | London 2018,9,
Desert Eagle | Bronze Deco,WELL_WORN,True,False,0.58,StatTrak™ Desert Eagle | Bronze Deco (Well-Worn),9,
Sticker | chopper (Glitter) | Antwerp 2022,,False,False,0.25,Sticker | chopper (Glitter) | Antwerp 2022,9,
M4A1-S | Mud-Spec,FIELD_TESTED,False,True,0.69,Souvenir M4A1-S | Mud-Spec (Field-Tested),9,
AUG | Ricochet,FACTORY_NEW,True,False,2.6,StatTrak™ AUG | Ricochet (Factory New),9,
M4A1-S | Leaded Glass,BATTLE_SCARRED,False,False,8.35,M4A1-S | Leaded Glass (Battle-Scarred),9,
Sticker | gxx- (Holo) | Paris 2023,,False,False,0.4,Sticker | gxx- (Holo) | Paris 2023,9,
Autograph Capsule | Legends (Foil) | Atlanta 2017,,False,False,180.0,Autograph Capsule | Legends (Foil) | Atlanta 2017,9,
M4A1-S | Leaded Glass,FACTORY_NEW,False,False,61.96,M4A1-S | Leaded Glass (Factory New),9,
AK-47 | Case Hardened,FACTORY_NEW,False,False,450.0,AK-47 | Case Hardened (Factory New),9,
Sticker | Cypher (Holo) | Paris 2023,,False,False,0.4,Sticker | Cypher (Holo) | Paris 2023,9,
P250 | Constructivist,FIELD_TESTED,False,False,0.15,P250 | Constructivist (Field-Tested),9,
M249 | Emerald Poison Dart,FACTORY_NEW,True,False,4.36,StatTrak™ M249 | Emerald Poison Dart (Factory New),9,
P90 | Neoqueen,FACTORY_NEW,True,False,1.6,StatTrak™ P90 | Neoqueen (Factory New),9,
XM1014 | Scumbria,BATTLE_SCARRED,False,False,0.15,XM1014 | Scumbria (Battle-Scarred),9,
MP9 | Bioleak,FIELD_TESTED,True,False,0.27,StatTrak™ MP9 | Bioleak (Field-Tested),9,
Autograph Capsule | mousesports | Atlanta 2017,,False,False,13.5,Autograph Capsule | mousesports | Atlanta 2017,9,
P90 | Vent Rush,FACTORY_NEW,True,False,5.63,StatTrak™ P90 | Vent Rush (Factory New),9,
Sticker | KENSi (Holo) | Antwerp 2022,,False,False,0.49,Sticker | KENSi (Holo) | Antwerp 2022,9,
P2000 | Oceanic,MINIMAL_WEAR,True,False,0.45,StatTrak™ P2000 | Oceanic (Minimal Wear),9,
XM1014 | Ziggy,BATTLE_SCARRED,False,False,0.74,XM1014 | Ziggy (Battle-Scarred),9,
P2000 | Imperial Dragon,MINIMAL_WEAR,True,False,14.7,StatTrak™ P2000 | Imperial Dragon (Minimal Wear),9,
FAMAS | Grey Ghost,FACTORY_NEW,False,False,1.22,FAMAS | Grey Ghost (Factory New),9,
Sawed-Off | Zander,BATTLE_SCARRED,False,False,0.23,Sawed-Off | Zander (Battle-Scarred),9,
AK-47 | Case Hardened,WELL_WORN,False,False,165.99,AK-47 | Case Hardened (Well-Worn),9,
Sticker | JUGi | London 2018,,False,False,0.99,Sticker | JUGi | London 2018,9,
Sticker | FaZe Clan | London 2018,,False,False,2.41,Sticker | FaZe Clan | London 2018,9,
★ Bayonet | Marble Fade,FACTORY_NEW,False,False,325.0,★ Bayonet | Marble Fade (Factory New),9,
★ Navaja Knife,Not Painted,False,False,36.99,★ Navaja Knife,9,
Sticker | TYLOO (Holo) | Austin 2025,,False,False,4.27,Sticker | TYLOO (Holo) | Austin 2025,9,
★ Gut Knife | Marble Fade,FACTORY_NEW,False,False,100.0,★ Gut Knife | Marble Fade (Factory New),9,
MAC-10 | Last Dive,MINIMAL_WEAR,True,False,2.17,StatTrak™ MAC-10 | Last Dive (Minimal Wear),9,
gob b | Boston 2018,,False,False,1.08,Sticker | gob b | Boston 2018,9,
PP-Bizon | Candy Apple,FIELD_TESTED,False,True,0.39,Souvenir PP-Bizon | Candy Apple (Field-Tested),9,
Negev | Nuclear Waste,FIELD_TESTED,False,False,1.88,Negev | Nuclear Waste (Field-Tested),9,
Sawed-Off | Devourer,FIELD_TESTED,True,False,6.56,StatTrak™ Sawed-Off | Devourer (Field-Tested),9,
Sticker | frozen | Rio 2022,,False,False,0.49,Sticker | frozen | Rio 2022,9,
Sticker | Zyphon (Holo) | Antwerp 2022,,False,False,1.49,Sticker | Zyphon (Holo) | Antwerp 2022,9,
MAG-7 | Metallic DDPAT,FACTORY_NEW,False,True,2.95,Souvenir MAG-7 | Metallic DDPAT (Factory New),9,
nex | Krakow 2017,,False,False,2.11,Sticker | nex | Krakow 2017,9,
AK-47 | Elite Build,FACTORY_NEW,True,False,26.51,StatTrak™ AK-47 | Elite Build (Factory New),9,
MAG-7 | SWAG-7,FACTORY_NEW,True,False,6.6,StatTrak™ MAG-7 | SWAG-7 (Factory New),9,
Glock-18 | Block-18,WELL_WORN,False,False,0.4,Glock-18 | Block-18 (Well-Worn),9,
chrisJ | Krakow 2017,,False,False,2.73,Sticker | chrisJ | Krakow 2017,9,
Glock-18 | Reactor,FACTORY_NEW,False,False,125.0,Glock-18 | Reactor (Factory New),9,
Natus Vincere | DreamHack 2014,,False,False,29.47,Sticker | Natus Vincere | DreamHack 2014,9,
P250 | Red Tide,BATTLE_SCARRED,False,False,0.12,P250 | Red Tide (Battle-Scarred),9,
ESL One Katowice 2015 Challengers (Holo/Foil),,False,False,367.5,ESL One Katowice 2015 Challengers (Holo-Foil),9,
Sticker | jks | Katowice 2019,,False,False,2.34,Sticker | jks | Katowice 2019,9,
loWel | Krakow 2017,,False,False,2.72,Sticker | loWel | Krakow 2017,9,
MP9 | Deadly Poison,WELL_WORN,False,False,0.66,MP9 | Deadly Poison (Well-Worn),9,
AWP | Mortis,BATTLE_SCARRED,False,False,3.13,AWP | Mortis (Battle-Scarred),9,
Jack,,False,False,0.25,Sticker | Jack,9,
USP-S | Blood Tiger,FACTORY_NEW,True,False,10.26,StatTrak™ USP-S | Blood Tiger (Factory New),9,
PENTA Sports  | Katowice 2015,,False,False,14.81,Sticker | PENTA Sports  | Katowice 2015,9,
Glock-18 | Grinder,MINIMAL_WEAR,True,False,6.07,StatTrak™ Glock-18 | Grinder (Minimal Wear),9,
USP-S | Blood Tiger,FACTORY_NEW,False,False,31.94,USP-S | Blood Tiger (Factory New),9,
Sticker | FalleN (Glitter) | Antwerp 2022,,False,False,0.69,Sticker | FalleN (Glitter) | Antwerp 2022,9,
P250 | Nevermore,WELL_WORN,False,False,1.35,P250 | Nevermore (Well-Worn),9,
MP9 | Dark Age,FACTORY_NEW,False,False,89.99,MP9 | Dark Age (Factory New),9,
Viggo,,False,False,0.3,Sticker | Viggo,9,
MP9 | Deadly Poison,FIELD_TESTED,True,False,0.68,StatTrak™ MP9 | Deadly Poison (Field-Tested),9,
Jack (Holo),,False,False,5.65,Sticker | Jack (Holo),9,
SG 553 | Danger Close,MINIMAL_WEAR,True,False,0.28,StatTrak™ SG 553 | Danger Close (Minimal Wear),9,
Nova | Ocular,FACTORY_NEW,False,False,3.38,Nova | Ocular (Factory New),9,
Skadoodle | Krakow 2017,,False,False,3.01,Sticker | Skadoodle | Krakow 2017,9,
Nova | Wood Fired,MINIMAL_WEAR,False,False,0.37,Nova | Wood Fired (Minimal Wear),9,
USP-S | Overgrowth,FIELD_TESTED,False,False,16.71,USP-S | Overgrowth (Field-Tested),9,
Nova | Wild Six,FACTORY_NEW,True,False,2.6,StatTrak™ Nova | Wild Six (Factory New),9,
AUG | Sweeper,MINIMAL_WEAR,False,False,0.2,AUG | Sweeper (Minimal Wear),9,
Sticker | electronic | Katowice 2019,,False,False,0.78,Sticker | electronic | Katowice 2019,9,
Autograph Capsule | G2 Esports | Cluj-Napoca 2015,,False,False,6.67,Autograph Capsule | G2 Esports | Cluj-Napoca 2015,9,
SG 553 | Cyrex,BATTLE_SCARRED,False,False,4.35,SG 553 | Cyrex (Battle-Scarred),9,
P250 | Hive,FACTORY_NEW,True,False,12.95,StatTrak™ P250 | Hive (Factory New),9,
Sticker | Winstrike Team | Katowice 2019,,False,False,1.3,Sticker | Winstrike Team | Katowice 2019,9,
Five-SeveN | Case Hardened,BATTLE_SCARRED,False,False,10.92,Five-SeveN | Case Hardened (Battle-Scarred),9,
P250 | Wingshot,BATTLE_SCARRED,False,False,1.11,P250 | Wingshot (Battle-Scarred),9,
Sticker | tiziaN | Katowice 2019,,False,False,0.31,Sticker | tiziaN | Katowice 2019,9,
★ Hand Wraps | Duct Tape,FIELD_TESTED,False,False,40.0,★ Hand Wraps | Duct Tape (Field-Tested),9,
Sticker | MIBR (Holo) | Katowice 2019,,False,False,3.06,Sticker | MIBR (Holo) | Katowice 2019,9,
Team Dignitas | Cologne 2014,,False,False,47.74,Sticker | Team Dignitas | Cologne 2014,9,
P250 | Muertos,FIELD_TESTED,True,False,15.18,StatTrak™ P250 | Muertos (Field-Tested),9,
Sticker | IEM (Holo) | Rio 2022,,False,False,0.94,Sticker | IEM (Holo) | Rio 2022,9,
AWP | Worm God,MINIMAL_WEAR,True,False,5.21,StatTrak™ AWP | Worm God (Minimal Wear),9,
P250 | Cartel,MINIMAL_WEAR,False,False,10.3,P250 | Cartel (Minimal Wear),9,
R8 Revolver | Banana Cannon,BATTLE_SCARRED,True,False,0.31,StatTrak™ R8 Revolver | Banana Cannon (Battle-Scarred),9,
Glock-18 | Blue Fissure,FIELD_TESTED,False,False,4.15,Glock-18 | Blue Fissure (Field-Tested),9,
Budapest 2025 Ancient Souvenir Package,,False,False,2.94,Budapest 2025 Ancient Souvenir Package,9,
Sticker | faveN (Holo) | Antwerp 2022,,False,False,0.99,Sticker | faveN (Holo) | Antwerp 2022,9,
Dual Berettas | Dualing Dragons,MINIMAL_WEAR,True,False,1.1,StatTrak™ Dual Berettas | Dualing Dragons (Minimal Wear),9,
Desert Eagle | Kumicho Dragon,FIELD_TESTED,True,False,32.88,StatTrak™ Desert Eagle | Kumicho Dragon (Field-Tested),9,
M4A1-S | Glitched Paint,BATTLE_SCARRED,False,False,1.26,M4A1-S | Glitched Paint (Battle-Scarred),9,
Sticker | XANTARES | Katowice 2019,,False,False,1.46,Sticker | XANTARES | Katowice 2019,9,
Dual Berettas | Black Limba,FIELD_TESTED,False,False,4.32,Dual Berettas | Black Limba (Field-Tested),9,
Sticker | Monte (Gold) | Paris 2023,,False,False,1.05,Sticker | Monte (Gold) | Paris 2023,9,
Sticker | Rainwaker (Holo) | Cologne 2026,,False,False,4.2,Sticker | Rainwaker (Holo) | Cologne 2026,9,
USP-S | Cortex,MINIMAL_WEAR,True,False,13.19,StatTrak™ USP-S | Cortex (Minimal Wear),9,
Nova | Ranger,FACTORY_NEW,True,False,4.97,StatTrak™ Nova | Ranger (Factory New),9,
Sticker | woxic | Katowice 2019,,False,False,0.48,Sticker | woxic | Katowice 2019,9,
Dual Berettas | Hemoglobin,FACTORY_NEW,False,False,21.47,Dual Berettas | Hemoglobin (Factory New),9,
AK-47 | Aquamarine Revenge,MINIMAL_WEAR,True,False,165.0,StatTrak™ AK-47 | Aquamarine Revenge (Minimal Wear),9,
FAMAS | Yeti Camo,WELL_WORN,False,False,0.21,FAMAS | Yeti Camo (Well-Worn),9,
★ Driver Gloves | Racing Green,FIELD_TESTED,False,False,34.89,★ Driver Gloves | Racing Green (Field-Tested),9,
M4A1-S | Hyper Beast,FIELD_TESTED,True,False,95.18,StatTrak™ M4A1-S | Hyper Beast (Field-Tested),9,
Desert Eagle | Kumicho Dragon,FACTORY_NEW,False,False,79.49,Desert Eagle | Kumicho Dragon (Factory New),9,
P90 | Wave Breaker,BATTLE_SCARRED,False,False,0.34,P90 | Wave Breaker (Battle-Scarred),9,
Sticker | FURIA (Holo) | Budapest 2025,,False,False,2.84,Sticker | FURIA (Holo) | Budapest 2025,9,
MP7 | Special Delivery,FACTORY_NEW,True,False,8.99,StatTrak™ MP7 | Special Delivery (Factory New),9,
Charm | Lil' Goop,,False,False,1.68,Charm | Lil' Goop,9,
Sticker | 00 Nation (Glitter) | Rio 2022,,False,False,0.63,Sticker | 00 Nation (Glitter) | Rio 2022,9,
Autograph Capsule | Ninjas in Pyjamas | Cologne 2015,,False,False,6.35,Autograph Capsule | Ninjas in Pyjamas | Cologne 2015,9,
AK-47 | Emerald Pinstripe,FACTORY_NEW,False,False,26.51,AK-47 | Emerald Pinstripe (Factory New),9,
Sticker | Bad News Eagles (Holo) | Rio 2022,,False,False,4.99,Sticker | Bad News Eagles (Holo) | Rio 2022,9,
Dual Berettas | Urban Shock,MINIMAL_WEAR,True,False,3.42,StatTrak™ Dual Berettas | Urban Shock (Minimal Wear),9,
StatTrak™ AK-47 | Neon Rider,MINIMAL_WEAR,False,False,64.69,AK-47 | Neon Rider (Minimal Wear),9,
AUG | Syd Mead,FACTORY_NEW,False,False,40.22,AUG | Syd Mead (Factory New),9,
flamie | Boston 2018,,False,False,1.45,Sticker | flamie | Boston 2018,9,
Sticker | Natus Vincere (Gold) | Antwerp 2022,,False,False,3.83,Sticker | Natus Vincere (Gold) | Antwerp 2022,9,
Glock-18 | Block-18,BATTLE_SCARRED,True,False,0.97,StatTrak™ Glock-18 | Block-18 (Battle-Scarred),9,
StatTrak™ Glock-18 | Warhawk,FACTORY_NEW,False,False,14.3,Glock-18 | Warhawk (Factory New),9,
P90 | Grim,BATTLE_SCARRED,True,False,0.21,StatTrak™ P90 | Grim (Battle-Scarred),9,
JW | Cologne 2015,,False,False,2.58,Sticker | JW | Cologne 2015,9,
FAMAS | Valence,FACTORY_NEW,False,False,41.84,FAMAS | Valence (Factory New),9,
XM1014 | Red Python,FIELD_TESTED,False,False,2.59,XM1014 | Red Python (Field-Tested),9,
P250 | Bullfrog,FIELD_TESTED,True,False,0.18,StatTrak™ P250 | Bullfrog (Field-Tested),9,
Sticker | arT (Holo) | Paris 2023,,False,False,1.7,Sticker | arT (Holo) | Paris 2023,9,
UMP-45 | Wild Child,WELL_WORN,True,False,2.32,StatTrak™ UMP-45 | Wild Child (Well-Worn),9,
Tec-9 | Isaac,BATTLE_SCARRED,False,False,2.01,Tec-9 | Isaac (Battle-Scarred),9,
LUCAS1 | Krakow 2017,,False,False,2.86,Sticker | LUCAS1 | Krakow 2017,9,
AUG | Random Access,FACTORY_NEW,False,False,11.29,AUG | Random Access (Factory New),9,
Sticker | DemQQ (Holo) | Paris 2023,,False,False,0.52,Sticker | DemQQ (Holo) | Paris 2023,9,
Sticker | sk0R (Gold) | Paris 2023,,False,False,2.04,Sticker | sk0R (Gold) | Paris 2023,9,
Sticker | KRIMZ (Holo) | Paris 2023,,False,False,0.75,Sticker | KRIMZ (Holo) | Paris 2023,9,
StatTrak™ R8 Revolver | Survivalist,MINIMAL_WEAR,True,False,0.51,StatTrak™ R8 Revolver | Survivalist (Minimal Wear),9,
Dual Berettas | Urban Shock,FACTORY_NEW,True,False,7.99,StatTrak™ Dual Berettas | Urban Shock (Factory New),9,
M4A1-S | Control Panel,FIELD_TESTED,False,False,26.99,M4A1-S | Control Panel (Field-Tested),9,
Sealed Graffiti | Vega Squadron | London 2018,,False,False,1.26,Sealed Graffiti | Vega Squadron | London 2018,9,
Autograph Capsule | Group D (Foil) | Cologne 2015,,False,False,40.89,Autograph Capsule | Group D (Foil) | Cologne 2015,9,
Sticker Slab | Vitality | Budapest 2025,,False,False,5.0,Sticker Slab | Vitality | Budapest 2025,9,
ESL (Foil) | Cologne 2016,,False,False,17.8,Sticker | ESL (Foil) | Cologne 2016,9,
NBK- | Boston 2018,,False,False,1.43,Sticker | NBK- | Boston 2018,9,
kennyS | Cologne 2015,,False,False,14.0,Sticker | kennyS | Cologne 2015,9,
Sticker | magixx (Foil) | Austin 2025,,False,False,0.2,Sticker | magixx (Foil) | Austin 2025,9,
Glock-18 | Bunsen Burner,MINIMAL_WEAR,True,False,2.45,StatTrak™ Glock-18 | Bunsen Burner (Minimal Wear),9,
Sticker | sjuush (Holo) | Paris 2023,,False,False,0.44,Sticker | sjuush (Holo) | Paris 2023,9,
Sticker | ZywOo (Glitter) | Rio 2022,,False,False,0.7,Sticker | ZywOo (Glitter) | Rio 2022,9,
M4A1-S | Party Animal,MINIMAL_WEAR,False,False,20.49,M4A1-S | Party Animal (Minimal Wear),9,
Tec-9 | Sandstorm,BATTLE_SCARRED,False,False,0.44,Tec-9 | Sandstorm (Battle-Scarred),9,
NiKo | Boston 2018,,False,False,14.0,Sticker | NiKo | Boston 2018,9,
FAMAS | Valence,BATTLE_SCARRED,False,False,2.69,FAMAS | Valence (Battle-Scarred),9,
Glock-18 | Ramese's Reach,MINIMAL_WEAR,False,False,16.79,Glock-18 | Ramese's Reach (Minimal Wear),9,
USP-S | Stainless,FIELD_TESTED,True,False,17.99,StatTrak™ USP-S | Stainless (Field-Tested),9,
MP9 | Modest Threat,MINIMAL_WEAR,False,False,0.28,MP9 | Modest Threat (Minimal Wear),9,
Five-SeveN | Copper Galaxy,FACTORY_NEW,True,False,23.99,StatTrak™ Five-SeveN | Copper Galaxy (Factory New),9,
CS On The Mind,,False,False,1.0,Sticker | CS On The Mind,9,
MP7 | Gunsmoke,MINIMAL_WEAR,False,False,4.0,MP7 | Gunsmoke (Minimal Wear),9,
P90 | Wave Breaker,FACTORY_NEW,False,False,4.7,P90 | Wave Breaker (Factory New),9,
Dosia | Krakow 2017,,False,False,3.38,Sticker | Dosia | Krakow 2017,9,
StatTrak™ G3SG1 | High Seas,BATTLE_SCARRED,False,False,0.59,G3SG1 | High Seas (Battle-Scarred),9,
Sticker | gob b (Foil) | London 2018,,False,False,19.0,Sticker | gob b (Foil) | London 2018,9,
P2000 | Imperial,FIELD_TESTED,False,False,0.39,P2000 | Imperial (Field-Tested),9,
AK-47 | Emerald Pinstripe,MINIMAL_WEAR,False,False,5.48,AK-47 | Emerald Pinstripe (Minimal Wear),9,
P2000 | Handgun,FACTORY_NEW,False,False,23.0,P2000 | Handgun (Factory New),9,
Tec-9 | Fuel Injector,BATTLE_SCARRED,False,False,8.83,Tec-9 | Fuel Injector (Battle-Scarred),9,
"StatTrak™ Music Kit | 3kliksphilip, Heading for the Source",,True,False,1.49,"StatTrak™ Music Kit | 3kliksphilip, Heading for the Source",9,
"Sticker | FlameZ (Holo, Champion) | Austin 2025",,False,False,0.18,"Sticker | FlameZ (Holo, Champion) | Austin 2025",9,
SCAR-20 | Powercore,FACTORY_NEW,False,False,5.39,SCAR-20 | Powercore (Factory New),9,
M4A1-S | Dark Water,MINIMAL_WEAR,False,False,90.0,M4A1-S | Dark Water (Minimal Wear),9,
Sawed-Off | Black Sand,MINIMAL_WEAR,True,False,0.77,StatTrak™ Sawed-Off | Black Sand (Minimal Wear),9,
FAMAS | Survivor Z,FIELD_TESTED,True,False,0.9,StatTrak™ FAMAS | Survivor Z (Field-Tested),8,
Sticker | HellRaisers | Atlanta 2017,,False,False,11.56,Sticker | HellRaisers | Atlanta 2017,8,
Team SoloMid | Cluj-Napoca 2015,,False,False,1.8,Sticker | Team SoloMid | Cluj-Napoca 2015,8,
hutji | Krakow 2017,,False,False,2.19,Sticker | hutji | Krakow 2017,8,
suNny | Krakow 2017,,False,False,2.97,Sticker | suNny | Krakow 2017,8,
M249 | Deep Relief,MINIMAL_WEAR,False,False,1.26,M249 | Deep Relief (Minimal Wear),8,
SCAR-20 | Trail Blazer,FACTORY_NEW,False,False,0.88,SCAR-20 | Trail Blazer (Factory New),8,
P90 | Verdant Growth,FIELD_TESTED,False,False,0.21,P90 | Verdant Growth (Field-Tested),8,
DreamHack Cluj-Napoca 2015 Legends (Foil),,False,False,24.0,DreamHack Cluj-Napoca 2015 Legends (Foil),8,
Autograph Capsule | Virtus.Pro | Cluj-Napoca 2015,,False,False,5.25,Autograph Capsule | Virtus.Pro | Cluj-Napoca 2015,8,
SCAR-20 | Wild Berry,FACTORY_NEW,False,False,3.9,SCAR-20 | Wild Berry (Factory New),8,
★ Sport Gloves | Slingshot,BATTLE_SCARRED,False,False,165.0,★ Sport Gloves | Slingshot (Battle-Scarred),8,
FAMAS | Commemoration,FACTORY_NEW,False,False,69.99,FAMAS | Commemoration (Factory New),8,
P90 | Teardown,WELL_WORN,False,False,0.18,P90 | Teardown (Well-Worn),8,
Five-SeveN | Kami,MINIMAL_WEAR,False,False,2.85,Five-SeveN | Kami (Minimal Wear),8,
★ Classic Knife | Fade,FACTORY_NEW,False,False,252.0,★ Classic Knife | Fade (Factory New),8,
M249 | Humidor,FIELD_TESTED,False,False,1.53,M249 | Humidor (Field-Tested),8,
Negev | Desert-Strike,FIELD_TESTED,True,False,0.25,StatTrak™ Negev | Desert-Strike (Field-Tested),8,
FAMAS | CaliCamo,MINIMAL_WEAR,False,True,0.7,Souvenir FAMAS | CaliCamo (Minimal Wear),8,
M249 | Humidor,FACTORY_NEW,False,True,2.95,Souvenir M249 | Humidor (Factory New),8,
★ Classic Knife | Crimson Web,FIELD_TESTED,False,False,137.99,★ Classic Knife | Crimson Web (Field-Tested),8,
USP-S | Monster Mashup,FIELD_TESTED,True,False,26.7,StatTrak™ USP-S | Monster Mashup (Field-Tested),8,
Autograph Capsule | Team Liquid | Cluj-Napoca 2015,,False,False,10.0,Autograph Capsule | Team Liquid | Cluj-Napoca 2015,8,
USP-S | Monster Mashup,MINIMAL_WEAR,False,False,31.23,USP-S | Monster Mashup (Minimal Wear),8,
P2000 | Obsidian,FIELD_TESTED,False,False,1.73,P2000 | Obsidian (Field-Tested),8,
M4A4 | Bullet Rain,FACTORY_NEW,False,False,238.78,M4A4 | Bullet Rain (Factory New),8,
Negev | Bratatat,FIELD_TESTED,False,False,2.56,Negev | Bratatat (Field-Tested),8,
Sticker | magixx (Glitter) | Copenhagen 2024,,False,False,0.35,Sticker | magixx (Glitter) | Copenhagen 2024,8,
SCAR-20 | Caged,FIELD_TESTED,True,False,0.18,StatTrak™ SCAR-20 | Caged (Field-Tested),8,
The Guru,,False,False,0.11,Sticker | The Guru,8,
Sticker | adamS (Glitter) | Copenhagen 2024,,False,False,0.21,Sticker | adamS (Glitter) | Copenhagen 2024,8,
Sticker | malta | Berlin 2019,,False,False,0.14,Sticker | malta | Berlin 2019,8,
Salute!,,False,False,0.2,Sticker | Salute!,8,
M4A4 | Spider Lily,FIELD_TESTED,True,False,14.79,StatTrak™ M4A4 | Spider Lily (Field-Tested),8,
M4A4 | Spider Lily,MINIMAL_WEAR,True,False,31.47,StatTrak™ M4A4 | Spider Lily (Minimal Wear),8,
AWP | POP AWP,MINIMAL_WEAR,False,False,9.26,AWP | POP AWP (Minimal Wear),8,
Spiidi | Boston 2018,,False,False,1.53,Sticker | Spiidi | Boston 2018,8,
Sticker | HooXi (Holo) | Paris 2023,,False,False,0.82,Sticker | HooXi (Holo) | Paris 2023,8,
wayLander | Boston 2018,,False,False,1.4,Sticker | wayLander | Boston 2018,8,
M4A4 | Full Throttle,FIELD_TESTED,False,False,40.0,M4A4 | Full Throttle (Field-Tested),8,
MAG-7 | Cobalt Core,FACTORY_NEW,True,False,1.87,StatTrak™ MAG-7 | Cobalt Core (Factory New),8,
MSL | Boston 2018,,False,False,3.84,Sticker | MSL | Boston 2018,8,
USP-S | Bleeding Edge,MINIMAL_WEAR,False,False,4.95,USP-S | Bleeding Edge (Minimal Wear),8,
byali | Cologne 2015,,False,False,2.5,Sticker | byali | Cologne 2015,8,
Galil AR | Vandal,MINIMAL_WEAR,True,False,1.85,StatTrak™ Galil AR | Vandal (Minimal Wear),8,
Aufkleber | Röntgen-Rennclub,,False,False,0.22,Sticker | Roentgen Raceclub,8,
Sticker | ICY (Glitter) | Copenhagen 2024,,False,False,0.3,Sticker | ICY (Glitter) | Copenhagen 2024,8,
XM1014 | Copperflage,FACTORY_NEW,False,False,0.7,XM1014 | Copperflage (Factory New),8,
MAG-7 | Copper Coated,WELL_WORN,False,False,1.06,MAG-7 | Copper Coated (Well-Worn),8,
Five-SeveN | Nightshade,FACTORY_NEW,True,False,6.7,StatTrak™ Five-SeveN | Nightshade (Factory New),8,
Sticker | latto (Holo) | Copenhagen 2024,,False,False,1.99,Sticker | latto (Holo) | Copenhagen 2024,8,
"Music Kit | Jonathan Young, Starship Velociraptor",,False,False,0.82,"Music Kit | Jonathan Young, Starship Velociraptor",8,
Dual Berettas | Rose Nacre,FACTORY_NEW,False,False,0.2,Dual Berettas | Rose Nacre (Factory New),8,
SSG 08 | Blood in the Water,FACTORY_NEW,False,False,249.0,SSG 08 | Blood in the Water (Factory New),8,
Friendly Fire,,False,False,0.23,Sticker | Friendly Fire,8,
USP-S | Cortex,FACTORY_NEW,True,False,35.0,StatTrak™ USP-S | Cortex (Factory New),8,
Sticker | flamie (Foil) | Berlin 2019,,False,False,0.39,Sticker | flamie (Foil) | Berlin 2019,8,
Galil AR | Tuxedo,BATTLE_SCARRED,False,False,0.44,Galil AR | Tuxedo (Battle-Scarred),8,
SG 553 | Aloha,WELL_WORN,True,False,0.16,StatTrak™ SG 553 | Aloha (Well-Worn),8,
Ninjas in Pyjamas | DreamHack 2014,,False,False,22.01,Sticker | Ninjas in Pyjamas | DreamHack 2014,8,
MP7 | Bloodsport,MINIMAL_WEAR,True,False,27.19,StatTrak™ MP7 | Bloodsport (Minimal Wear),8,
Negev | Lionfish,MINIMAL_WEAR,True,False,1.08,StatTrak™ Negev | Lionfish (Minimal Wear),8,
MAC-10 | Cat Fight,BATTLE_SCARRED,False,False,0.35,MAC-10 | Cat Fight (Battle-Scarred),8,
Flipsid3 Tactics | DreamHack 2014,,False,False,79.0,Sticker | Flipsid3 Tactics | DreamHack 2014,8,
Sticker | FL1T (Foil) | Berlin 2019,,False,False,1.12,Sticker | FL1T (Foil) | Berlin 2019,8,
UMP-45 | Arctic Wolf,BATTLE_SCARRED,False,False,0.34,UMP-45 | Arctic Wolf (Battle-Scarred),8,
AUG | Stymphalian,BATTLE_SCARRED,False,False,2.78,AUG | Stymphalian (Battle-Scarred),8,
Berlin 2019 Nuke Souvenir Package,,False,False,11.45,Berlin 2019 Nuke Souvenir Package,8,
Glock-18 | Moonrise,BATTLE_SCARRED,True,False,1.58,StatTrak™ Glock-18 | Moonrise (Battle-Scarred),8,
Sticker | Gratisfaction (Foil) | Berlin 2019,,False,False,0.75,Sticker | Gratisfaction (Foil) | Berlin 2019,8,
MAG-7 | Heat,MINIMAL_WEAR,True,False,3.95,StatTrak™ MAG-7 | Heat (Minimal Wear),8,
Galil AR | Vandal,FACTORY_NEW,True,False,8.77,StatTrak™ Galil AR | Vandal (Factory New),8,
M4A1-S | Liquidation,BATTLE_SCARRED,False,False,1.05,M4A1-S | Liquidation (Battle-Scarred),8,
Sticker | Heroic (Foil) | Stockholm 2021,,False,False,1.92,Sticker | Heroic (Foil) | Stockholm 2021,8,
MP9 | Urban Sovereign,BATTLE_SCARRED,False,False,0.45,MP9 | Urban Sovereign (Battle-Scarred),8,
Tec-9 | Cracked Opal,MINIMAL_WEAR,True,False,0.55,StatTrak™ Tec-9 | Cracked Opal (Minimal Wear),8,
Sawed-Off | Morris,FACTORY_NEW,True,False,1.34,StatTrak™ Sawed-Off | Morris (Factory New),8,
Sawed-Off | Morris,FACTORY_NEW,False,False,2.69,Sawed-Off | Morris (Factory New),8,
Sawed-Off | Morris,BATTLE_SCARRED,True,False,0.15,StatTrak™ Sawed-Off | Morris (Battle-Scarred),8,
UMP-45 | Plastique,FIELD_TESTED,True,False,0.67,StatTrak™ UMP-45 | Plastique (Field-Tested),8,
UMP-45 | Plastique,MINIMAL_WEAR,False,False,1.5,UMP-45 | Plastique (Minimal Wear),8,
PP-Bizon | High Roller,FIELD_TESTED,True,False,8.05,StatTrak™ PP-Bizon | High Roller (Field-Tested),8,
XM1014 | Ziggy,MINIMAL_WEAR,True,False,1.93,StatTrak™ XM1014 | Ziggy (Minimal Wear),8,
AK-47 | Steel Delta,MINIMAL_WEAR,False,False,3.68,AK-47 | Steel Delta (Minimal Wear),8,
AK-47 | Steel Delta,FACTORY_NEW,False,False,16.0,AK-47 | Steel Delta (Factory New),8,
AUG | Luxe Trim,BATTLE_SCARRED,True,False,0.19,StatTrak™ AUG | Luxe Trim (Battle-Scarred),8,
CZ75-Auto | Vendetta,FACTORY_NEW,False,False,3.92,CZ75-Auto | Vendetta (Factory New),8,
UMP-45 | Neo-Noir,FIELD_TESTED,True,False,7.79,StatTrak™ UMP-45 | Neo-Noir (Field-Tested),8,
Sticker | GODSENT (Foil) | Stockholm 2021,,False,False,1.0,Sticker | GODSENT (Foil) | Stockholm 2021,8,
mousesports (Foil) | Cluj-Napoca 2015,,False,False,35.53,Sticker | mousesports (Foil) | Cluj-Napoca 2015,8,
AUG | Death by Puppy,MINIMAL_WEAR,True,False,8.85,StatTrak™ AUG | Death by Puppy (Minimal Wear),8,
AK-47 | The Empress,WELL_WORN,False,False,83.2,AK-47 | The Empress (Well-Worn),8,
MP9 | Hydra,MINIMAL_WEAR,False,False,11.79,MP9 | Hydra (Minimal Wear),8,
MP9 | Hydra,WELL_WORN,True,False,10.0,StatTrak™ MP9 | Hydra (Well-Worn),8,
MP7 | Sunbaked,MINIMAL_WEAR,False,True,0.18,Souvenir MP7 | Sunbaked (Minimal Wear),8,
AK-47 | The Empress,BATTLE_SCARRED,False,False,84.27,AK-47 | The Empress (Battle-Scarred),8,
P250 | See Ya Later,FIELD_TESTED,True,False,75.45,StatTrak™ P250 | See Ya Later (Field-Tested),8,
SG 553 | Phantom,BATTLE_SCARRED,True,False,0.98,StatTrak™ SG 553 | Phantom (Battle-Scarred),8,
MAG-7 | Popdog,MINIMAL_WEAR,False,False,0.37,MAG-7 | Popdog (Minimal Wear),8,
SSG 08 | Azure Glyph,BATTLE_SCARRED,False,False,0.17,SSG 08 | Azure Glyph (Battle-Scarred),8,
MAG-7 | Popdog,MINIMAL_WEAR,True,False,0.32,StatTrak™ MAG-7 | Popdog (Minimal Wear),8,
Sticker | Natus Vincere (Gold) | Stockholm 2021,,False,False,8.0,Sticker | Natus Vincere (Gold) | Stockholm 2021,8,
Sticker | PGL (Gold) | Stockholm 2021,,False,False,2.68,Sticker | PGL (Gold) | Stockholm 2021,8,
Sticker | dycha (Holo) | Antwerp 2022,,False,False,0.26,Sticker | dycha (Holo) | Antwerp 2022,8,
FAMAS | Decommissioned,FACTORY_NEW,True,False,9.85,StatTrak™ FAMAS | Decommissioned (Factory New),8,
MP9 | Shredded,MINIMAL_WEAR,False,False,0.38,MP9 | Shredded (Minimal Wear),8,
Sticker | Team Liquid (Gold) | Stockholm 2021,,False,False,8.0,Sticker | Team Liquid (Gold) | Stockholm 2021,8,
Team Immunity | Cologne 2015,,False,False,5.1,Sticker | Team Immunity | Cologne 2015,8,
Toy Tiger,,False,False,0.47,Sealed Graffiti | Toy Tiger,8,
Galil AR | Hunting Blind,FACTORY_NEW,False,True,3.9,Souvenir Galil AR | Hunting Blind (Factory New),8,
P90 | Cocoa Rampage,FACTORY_NEW,True,False,2.52,StatTrak™ P90 | Cocoa Rampage (Factory New),8,
gob b | Krakow 2017,,False,False,2.15,Sticker | gob b | Krakow 2017,8,
Sticker | Copenhagen Flames (Gold) | Antwerp 2022,,False,False,4.0,Sticker | Copenhagen Flames (Gold) | Antwerp 2022,8,
MAC-10 | Classic Crate,WELL_WORN,True,False,0.16,StatTrak™ MAC-10 | Classic Crate (Well-Worn),8,
Sticker | dupreeh (Holo) | Paris 2023,,False,False,0.5,Sticker | dupreeh (Holo) | Paris 2023,8,
Sticker | FaZe Clan (Gold) | Antwerp 2022,,False,False,6.14,Sticker | FaZe Clan (Gold) | Antwerp 2022,8,
Five-SeveN | Fairy Tale,FIELD_TESTED,False,False,26.0,Five-SeveN | Fairy Tale (Field-Tested),8,
AWP | Printstream,FACTORY_NEW,False,False,235.0,AWP | Printstream (Factory New),8,
Guardian Dragon,,False,False,0.14,Sticker | Guardian Dragon,8,
SSG 08 | Parallax,WELL_WORN,True,False,3.6,StatTrak™ SSG 08 | Parallax (Well-Worn),8,
AWP | Printstream,FIELD_TESTED,True,False,71.43,StatTrak™ AWP | Printstream (Field-Tested),8,
Sticker | Spinx (Holo) | Paris 2023,,False,False,0.68,Sticker | Spinx (Holo) | Paris 2023,8,
Negev | Terrain,WELL_WORN,True,False,0.49,StatTrak™ Negev | Terrain (Well-Worn),8,
keev (Foil) | Krakow 2017,,False,False,39.57,Sticker | keev (Foil) | Krakow 2017,8,
★ Huntsman Knife,Not Painted,False,False,113.0,★ Huntsman Knife,8,
Austin 2025 Train Souvenir Highlight Package,,False,True,9.99,Austin 2025 Train Souvenir Highlight Package,8,
P2000 | Handgun,MINIMAL_WEAR,True,False,3.36,StatTrak™ P2000 | Handgun (Minimal Wear),8,
Sawed-Off | Origami,MINIMAL_WEAR,True,False,0.4,StatTrak™ Sawed-Off | Origami (Minimal Wear),8,
Sticker | Kawaii T (Holo),,False,False,5.02,Sticker | Kawaii T (Holo),8,
AWP | Crakow!,FACTORY_NEW,False,False,95.0,AWP | Crakow! (Factory New),8,
Sticker | Lore Poison Frog (Foil),,False,False,20.51,Sticker | Lore Poison Frog (Foil),8,
SG 553 | Pulse,BATTLE_SCARRED,True,False,3.55,StatTrak™ SG 553 | Pulse (Battle-Scarred),8,
jdm64 | Cologne 2016,,False,False,2.93,Sticker | jdm64 | Cologne 2016,8,
Sealed Graffiti | Bock Bock (Tiger Orange),,False,False,0.14,Sealed Graffiti | Bock Bock (Tiger Orange),8,
Sticker | neaLaN (Holo) | Rio 2022,,False,False,0.99,Sticker | neaLaN (Holo) | Rio 2022,8,
Sealed Graffiti | Rly (Princess Pink),,False,False,0.13,Sealed Graffiti | Rly (Princess Pink),8,
Sticker | torzsi (Glitter) | Rio 2022,,False,False,0.17,Sticker | torzsi (Glitter) | Rio 2022,8,
FAMAS | Roll Cage,WELL_WORN,False,False,93.5,FAMAS | Roll Cage (Well-Worn),8,
Sticker | Candy Buttery (Holo),,False,False,6.77,Sticker | Candy Buttery (Holo),8,
Sticker Slab | dupreeh | Berlin 2019,,False,False,5.0,Sticker Slab | dupreeh | Berlin 2019,8,
XM1014 | Slipstream,MINIMAL_WEAR,False,False,0.35,XM1014 | Slipstream (Minimal Wear),8,
Sealed Graffiti | Fart (Shark White),,False,False,0.34,Sealed Graffiti | Fart (Shark White),8,
MAG-7 | Petroglyph,FIELD_TESTED,True,False,0.82,StatTrak™ MAG-7 | Petroglyph (Field-Tested),8,
Desert Eagle | Calligraffiti,FACTORY_NEW,True,False,7.46,StatTrak™ Desert Eagle | Calligraffiti (Factory New),8,
P2000 | Pathfinder,FACTORY_NEW,False,False,20.0,P2000 | Pathfinder (Factory New),8,
Desert Eagle | Calligraffiti,FIELD_TESTED,True,False,0.52,StatTrak™ Desert Eagle | Calligraffiti (Field-Tested),8,
★ Bowie Knife | Autotronic,MINIMAL_WEAR,False,False,95.99,★ Bowie Knife | Autotronic (Minimal Wear),8,
Tec-9 | Fuel Injector,BATTLE_SCARRED,True,False,8.02,StatTrak™ Tec-9 | Fuel Injector (Battle-Scarred),8,
MP7 | Amberline,FACTORY_NEW,False,False,3.84,MP7 | Amberline (Factory New),8,
Sealed Graffiti | Puke (SWAT Blue),,False,False,0.24,Sealed Graffiti | Puke (SWAT Blue),8,
Sawed-Off | Origami,BATTLE_SCARRED,True,False,0.23,StatTrak™ Sawed-Off | Origami (Battle-Scarred),8,
Sawed-Off | Serenity,FIELD_TESTED,False,False,1.5,Sawed-Off | Serenity (Field-Tested),8,
AWP | Crakow!,MINIMAL_WEAR,False,False,43.22,AWP | Crakow! (Minimal Wear),8,
Galil AR | Black Sand,FACTORY_NEW,True,False,12.95,StatTrak™ Galil AR | Black Sand (Factory New),8,
MP7 | Cirrus,FACTORY_NEW,False,False,19.01,MP7 | Cirrus (Factory New),8,
MP7 | Cirrus,BATTLE_SCARRED,False,False,0.59,MP7 | Cirrus (Battle-Scarred),8,
AWP | Chromatic Aberration,WELL_WORN,False,False,26.27,AWP | Chromatic Aberration (Well-Worn),8,
TACO | MLG Columbus 2016,,False,False,2.45,Sticker | TACO | MLG Columbus 2016,8,
Edward | MLG Columbus 2016,,False,False,1.1,Sticker | Edward | MLG Columbus 2016,8,
MAG-7 | Sonar,MINIMAL_WEAR,True,False,0.39,StatTrak™ MAG-7 | Sonar (Minimal Wear),8,
CZ75-Auto | Distressed,WELL_WORN,True,False,0.13,StatTrak™ CZ75-Auto | Distressed (Well-Worn),8,
P90 | Shallow Grave,MINIMAL_WEAR,True,False,20.85,StatTrak™ P90 | Shallow Grave (Minimal Wear),8,
P90 | Shallow Grave,BATTLE_SCARRED,False,False,25.55,P90 | Shallow Grave (Battle-Scarred),8,
M4A4 | Buzz Kill,BATTLE_SCARRED,False,False,225.0,M4A4 | Buzz Kill (Battle-Scarred),8,
Galil AR | Black Sand,WELL_WORN,False,False,0.41,Galil AR | Black Sand (Well-Worn),8,
Sealed Graffiti | OMG (Brick Red),,False,False,0.31,Sealed Graffiti | OMG (Brick Red),8,
Sealed Graffiti | Little Bock (Brick Red),,False,False,0.2,Sealed Graffiti | Little Bock (Brick Red),8,
cajunb | MLG Columbus 2016,,False,False,1.92,Sticker | cajunb | MLG Columbus 2016,8,
Sticker | rain (Holo) | Paris 2023,,False,False,1.41,Sticker | rain (Holo) | Paris 2023,8,
Sticker | isak (Holo) | Rio 2022,,False,False,0.99,Sticker | isak (Holo) | Rio 2022,8,
Glock-18 | Ironwork,FACTORY_NEW,True,False,11.4,StatTrak™ Glock-18 | Ironwork (Factory New),8,
Glock-18 | Ironwork,BATTLE_SCARRED,False,False,0.47,Glock-18 | Ironwork (Battle-Scarred),8,
Dual Berettas | Royal Consorts,MINIMAL_WEAR,False,False,7.69,Dual Berettas | Royal Consorts (Minimal Wear),8,
Negev | Prototype,FACTORY_NEW,True,False,1.19,StatTrak™ Negev | Prototype (Factory New),8,
Guardian Pin,,False,False,3.74,Guardian Pin,8,
AK-47 | Phantom Disruptor,FACTORY_NEW,True,False,25.45,StatTrak™ AK-47 | Phantom Disruptor (Factory New),8,
SG 553 | Pulse,WELL_WORN,False,False,2.14,SG 553 | Pulse (Well-Worn),8,
Sealed Graffiti | Silver Bullet (Tiger Orange),,False,False,0.12,Sealed Graffiti | Silver Bullet (Tiger Orange),8,
Flipsid3 Tactics | Cologne 2016,,False,False,8.95,Sticker | Flipsid3 Tactics | Cologne 2016,8,
Sealed Graffiti | Smooch (War Pig Pink),,False,False,0.13,Sealed Graffiti | Smooch (War Pig Pink),8,
MP7 | Skulls,MINIMAL_WEAR,True,False,17.26,StatTrak™ MP7 | Skulls (Minimal Wear),8,
AUG | Spalted Wood,FIELD_TESTED,False,True,0.29,Souvenir AUG | Spalted Wood (Field-Tested),8,
"StatTrak™ Music Kit | Meechy Darko, Gothic Luxury",,True,False,2.8,"StatTrak™ Music Kit | Meechy Darko, Gothic Luxury",8,
Nova | Ghost Camo,FACTORY_NEW,True,False,4.46,StatTrak™ Nova | Ghost Camo (Factory New),8,
AWP | Containment Breach,WELL_WORN,False,False,43.0,AWP | Containment Breach (Well-Worn),8,
Sealed Graffiti | Applause (Battle Green),,False,False,0.29,Sealed Graffiti | Applause (Battle Green),8,
Sticker | qikert | Rio 2022,,False,False,0.25,Sticker | qikert | Rio 2022,8,
SCAR-20 | Outbreak,FIELD_TESTED,False,False,0.24,SCAR-20 | Outbreak (Field-Tested),8,
SCAR-20 | Green Marine,FACTORY_NEW,False,False,1.67,SCAR-20 | Green Marine (Factory New),8,
Sealed Graffiti | Chef Kiss (Tracer Yellow),,False,False,0.29,Sealed Graffiti | Chef Kiss (Tracer Yellow),8,
SCAR-20 | Grotto,MINIMAL_WEAR,False,False,0.5,SCAR-20 | Grotto (Minimal Wear),8,
SCAR-20 | Cardiac,MINIMAL_WEAR,False,False,9.66,SCAR-20 | Cardiac (Minimal Wear),8,
SCAR-20 | Cyrex,FIELD_TESTED,False,False,20.53,SCAR-20 | Cyrex (Field-Tested),8,
Sealed Graffiti | Applause (Monarch Blue),,False,False,0.3,Sealed Graffiti | Applause (Monarch Blue),8,
SCAR-20 | Crimson Web,MINIMAL_WEAR,False,False,3.68,SCAR-20 | Crimson Web (Minimal Wear),8,
XM1014 | Blue Tire,FACTORY_NEW,False,False,8.65,XM1014 | Blue Tire (Factory New),8,
Sticker | Miami Wave Rider,,False,False,0.45,Sticker | Miami Wave Rider,8,
Sticker | NAF (Glitter) | Rio 2022,,False,False,0.3,Sticker | NAF (Glitter) | Rio 2022,8,
★ Paracord Knife,Not Painted,False,False,64.52,★ Paracord Knife,8,
Sealed Graffiti | Okay (Blood Red),,False,False,0.14,Sealed Graffiti | Okay (Blood Red),8,
Sealed Graffiti | Bock Bock (Frog Green),,False,False,0.11,Sealed Graffiti | Bock Bock (Frog Green),8,
Sealed Graffiti | 1G (Battle Green),,False,False,0.11,Sealed Graffiti | 1G (Battle Green),8,
Sticker | Miami Tier6 (Holo),,False,False,22.9,Sticker | Miami Tier6 (Holo),8,
Sticker | Twistzz (Glitter) | Rio 2022,,False,False,0.29,Sticker | Twistzz (Glitter) | Rio 2022,8,
M4A4 | Turbine,FACTORY_NEW,False,False,24.89,M4A4 | Turbine (Factory New),8,
P250 | Wingshot,WELL_WORN,False,False,1.25,P250 | Wingshot (Well-Worn),8,
P250 | Hive,MINIMAL_WEAR,True,False,4.48,StatTrak™ P250 | Hive (Minimal Wear),8,
P250 | Steel Disruption,MINIMAL_WEAR,True,False,7.99,StatTrak™ P250 | Steel Disruption (Minimal Wear),8,
Sealed Graffiti | Uh Oh (Shark White),,False,False,0.15,Sealed Graffiti | Uh Oh (Shark White),8,
Patch | El Pirata,,False,False,3.5,Patch | El Pirata,8,
Sealed Graffiti | Bock Bock (Desert Amber),,False,False,0.13,Sealed Graffiti | Bock Bock (Desert Amber),8,
SG 553 | Wave Spray,FIELD_TESTED,True,False,7.49,StatTrak™ SG 553 | Wave Spray (Field-Tested),8,
Sealed Graffiti | Little EZ (Frog Green),,False,False,0.15,Sealed Graffiti | Little EZ (Frog Green),8,
MP9 | Airlock,MINIMAL_WEAR,True,False,13.78,StatTrak™ MP9 | Airlock (Minimal Wear),8,
Sealed Graffiti | Smarmy (Dust Brown),,False,False,0.41,Sealed Graffiti | Smarmy (Dust Brown),8,
Glock-18 | Catacombs,WELL_WORN,False,False,0.78,Glock-18 | Catacombs (Well-Worn),8,
Sticker | xertioN | Rio 2022,,False,False,0.23,Sticker | xertioN | Rio 2022,8,
Sealed Graffiti | Kiss (Monarch Blue),,False,False,0.6,Sealed Graffiti | Kiss (Monarch Blue),8,
SCAR-20 | Powercore,WELL_WORN,False,False,0.79,SCAR-20 | Powercore (Well-Worn),8,
SG 553 | Triarch,BATTLE_SCARRED,False,False,0.91,SG 553 | Triarch (Battle-Scarred),8,
StatTrak™ Masterminds Music Kit Box,,False,False,6.93,StatTrak™ Masterminds Music Kit Box,8,
Sealed Graffiti | Bock Bock (War Pig Pink),,False,False,0.13,Sealed Graffiti | Bock Bock (War Pig Pink),8,
CZ75-Auto | Imprint,FACTORY_NEW,False,False,7.5,CZ75-Auto | Imprint (Factory New),8,
CZ75-Auto | Imprint,FACTORY_NEW,True,False,4.1,StatTrak™ CZ75-Auto | Imprint (Factory New),8,
Zeus x27 | Dragon Snore,FACTORY_NEW,False,False,77.0,Zeus x27 | Dragon Snore (Factory New),8,
M4A1-S | Vaporwave,MINIMAL_WEAR,False,False,73.0,M4A1-S | Vaporwave (Minimal Wear),8,
Cerberus,,False,False,1.09,Sealed Graffiti | Cerberus,8,
★ Butterfly Knife | Freehand,FACTORY_NEW,False,False,600.0,★ Butterfly Knife | Freehand (Factory New),8,
G3SG1 | Flux,BATTLE_SCARRED,False,False,5.0,G3SG1 | Flux (Battle-Scarred),8,
Phoenix Reborn (Foil),,False,False,5.5,Sticker | Phoenix Reborn (Foil),8,
G3SG1 | Azure Zebra,FACTORY_NEW,False,False,3.5,G3SG1 | Azure Zebra (Factory New),8,
MP9 | Deadly Poison,WELL_WORN,True,False,0.55,StatTrak™ MP9 | Deadly Poison (Well-Worn),8,
Sticker | Green Shark Shooter,,False,False,0.45,Sticker | Green Shark Shooter,8,
Sticker | Blood Moon Wave Rider,,False,False,0.52,Sticker | Blood Moon Wave Rider,8,
Sticker | saffee | Rio 2022,,False,False,0.49,Sticker | saffee | Rio 2022,8,
Glock-18 | Sand Dune,FIELD_TESTED,False,False,8.48,Glock-18 | Sand Dune (Field-Tested),8,
Sealed Graffiti | Smirk (Jungle Green),,False,False,0.26,Sealed Graffiti | Smirk (Jungle Green),8,
Banana,,False,False,0.48,Sealed Graffiti | Banana,8,
Sticker | M80 (Holo) | Austin 2025,,False,False,3.5,Sticker | M80 (Holo) | Austin 2025,8,
Sticker | sdy (Holo) | Rio 2022,,False,False,1.45,Sticker | sdy (Holo) | Rio 2022,8,
FaZe Clan (Holo) | MLG Columbus 2016,,False,False,25.0,Sticker | FaZe Clan (Holo) | MLG Columbus 2016,8,
USP-S | Cyrex,WELL_WORN,True,False,4.41,StatTrak™ USP-S | Cyrex (Well-Worn),8,
Zeus x27 | Olympus,MINIMAL_WEAR,True,False,8.6,StatTrak™ Zeus x27 | Olympus (Minimal Wear),8,
Zeus x27 | Olympus,WELL_WORN,False,False,2.83,Zeus x27 | Olympus (Well-Worn),8,
USP-S | Lead Conduit,FACTORY_NEW,True,False,20.17,StatTrak™ USP-S | Lead Conduit (Factory New),8,
USP-S | Lead Conduit,FIELD_TESTED,True,False,2.31,StatTrak™ USP-S | Lead Conduit (Field-Tested),8,
Sticker | mezii (Holo) | Paris 2023,,False,False,0.87,Sticker | mezii (Holo) | Paris 2023,8,
Desert Eagle | Printstream,FIELD_TESTED,True,False,55.75,StatTrak™ Desert Eagle | Printstream (Field-Tested),8,
Sticker | EmiliaQAQ (Foil) | Austin 2025,,False,False,0.2,Sticker | EmiliaQAQ (Foil) | Austin 2025,8,
FAMAS | 2A2F,BATTLE_SCARRED,False,False,0.23,FAMAS | 2A2F (Battle-Scarred),8,
R8 Revolver | Memento,BATTLE_SCARRED,False,False,0.62,R8 Revolver | Memento (Battle-Scarred),8,
M4A1-S | Black Lotus,BATTLE_SCARRED,True,False,11.43,StatTrak™ M4A1-S | Black Lotus (Battle-Scarred),8,
Sticker | ROUX (Foil) | Austin 2025,,False,False,0.2,Sticker | ROUX (Foil) | Austin 2025,8,
AK-47 | Blue Laminate,MINIMAL_WEAR,True,False,33.69,StatTrak™ AK-47 | Blue Laminate (Minimal Wear),8,
AK-47 | Blue Laminate,FIELD_TESTED,True,False,27.5,StatTrak™ AK-47 | Blue Laminate (Field-Tested),8,
Five-SeveN | Fowl Play,MINIMAL_WEAR,False,False,16.33,Five-SeveN | Fowl Play (Minimal Wear),8,
AUG | Arctic Wolf,WELL_WORN,False,False,2.82,AUG | Arctic Wolf (Well-Worn),8,
Sticker | electronic (Glitter) | Copenhagen 2024,,False,False,1.46,Sticker | electronic (Glitter) | Copenhagen 2024,8,
FAMAS | Bad Trip,WELL_WORN,False,False,39.5,FAMAS | Bad Trip (Well-Worn),8,
Sticker | TRY (Foil) | Austin 2025,,False,False,0.12,Sticker | TRY (Foil) | Austin 2025,8,
G3SG1 | Black Sand,FACTORY_NEW,False,False,5.06,G3SG1 | Black Sand (Factory New),8,
MAC-10 | Allure,BATTLE_SCARRED,True,False,0.45,StatTrak™ MAC-10 | Allure (Battle-Scarred),8,
Glock-18 | Shinobu,WELL_WORN,True,False,5.7,StatTrak™ Glock-18 | Shinobu (Well-Worn),8,
Glock-18 | Wasteland Rebel,MINIMAL_WEAR,True,False,79.99,StatTrak™ Glock-18 | Wasteland Rebel (Minimal Wear),8,
PP-Bizon | Embargo,FACTORY_NEW,False,False,30.65,PP-Bizon | Embargo (Factory New),8,
★ Butterfly Knife | Marble Fade,FACTORY_NEW,False,False,1280.0,★ Butterfly Knife | Marble Fade (Factory New),8,
M4A4 | 龍王 (Dragon King),FIELD_TESTED,True,False,24.63,StatTrak™ M4A4 | 龍王 (Dragon King) (Field-Tested),8,
Sealed Graffiti | OMG (Tiger Orange),,False,False,0.2,Sealed Graffiti | OMG (Tiger Orange),8,
Sealed Graffiti | Smirk (Shark White),,False,False,0.42,Sealed Graffiti | Smirk (Shark White),8,
M249 | Jungle,WELL_WORN,False,False,4.39,M249 | Jungle (Well-Worn),8,
Sticker | Lost In Smoke (Foil),,False,False,0.7,Sticker | Lost In Smoke (Foil),8,
Five-SeveN | Heat Treated,FACTORY_NEW,False,False,26.7,Five-SeveN | Heat Treated (Factory New),8,
Sticker | fnx (Holo) | Antwerp 2022,,False,False,1.09,Sticker | fnx (Holo) | Antwerp 2022,8,
FAMAS | Survivor Z,WELL_WORN,False,False,0.48,FAMAS | Survivor Z (Well-Worn),8,
Sticker | stavn (Holo) | Antwerp 2022,,False,False,0.64,Sticker | stavn (Holo) | Antwerp 2022,8,
P90 | Randy Rush,MINIMAL_WEAR,False,False,1.21,P90 | Randy Rush (Minimal Wear),8,
kioShiMa | Krakow 2017,,False,False,2.42,Sticker | kioShiMa | Krakow 2017,8,
MAC-10 | Surfwood,MINIMAL_WEAR,False,False,4.57,MAC-10 | Surfwood (Minimal Wear),8,
Desert Eagle | Kumicho Dragon,WELL_WORN,False,False,18.0,Desert Eagle | Kumicho Dragon (Well-Worn),8,
Dual Berettas | Cartel,BATTLE_SCARRED,True,False,0.49,StatTrak™ Dual Berettas | Cartel (Battle-Scarred),8,
Dual Berettas | Cartel,FIELD_TESTED,True,False,0.85,StatTrak™ Dual Berettas | Cartel (Field-Tested),8,
Dual Berettas | Cartel,WELL_WORN,True,False,0.47,StatTrak™ Dual Berettas | Cartel (Well-Worn),8,
Glock-18 | Block-18,MINIMAL_WEAR,True,False,2.93,StatTrak™ Glock-18 | Block-18 (Minimal Wear),8,
P90 | Blind Spot,FACTORY_NEW,True,False,13.19,StatTrak™ P90 | Blind Spot (Factory New),8,
Tec-9 | Blast From the Past,FIELD_TESTED,False,False,2.99,Tec-9 | Blast From the Past (Field-Tested),8,
MP7 | Neon Ply,WELL_WORN,False,False,1.79,MP7 | Neon Ply (Well-Worn),8,
Tec-9 | Jambiya,WELL_WORN,True,False,0.44,StatTrak™ Tec-9 | Jambiya (Well-Worn),8,
AK-47 | Fuel Injector,WELL_WORN,False,False,94.87,AK-47 | Fuel Injector (Well-Worn),8,
AK-47 | Rat Rod,MINIMAL_WEAR,True,False,15.17,StatTrak™ AK-47 | Rat Rod (Minimal Wear),8,
FAMAS | Valence,MINIMAL_WEAR,False,False,7.0,FAMAS | Valence (Minimal Wear),8,
FAMAS | Valence,MINIMAL_WEAR,True,False,11.14,StatTrak™ FAMAS | Valence (Minimal Wear),8,
AUG | Navy Murano,BATTLE_SCARRED,False,False,1.7,AUG | Navy Murano (Battle-Scarred),8,
P250 | Bengal Tiger,MINIMAL_WEAR,False,False,32.5,P250 | Bengal Tiger (Minimal Wear),8,
P90 | Scorched,FIELD_TESTED,False,True,1.0,Souvenir P90 | Scorched (Field-Tested),8,
"Sticker | rain (Holo, Champion) | Antwerp 2022",,False,False,1.41,"Sticker | rain (Holo, Champion) | Antwerp 2022",8,
MAG-7 | Chainmail,FIELD_TESTED,False,False,15.0,MAG-7 | Chainmail (Field-Tested),8,
Negev | Nuclear Waste,MINIMAL_WEAR,False,True,2.53,Souvenir Negev | Nuclear Waste (Minimal Wear),8,
Sealed Graffiti | Little Crown (Wire Blue),,False,False,0.17,Sealed Graffiti | Little Crown (Wire Blue),8,
Galil AR | Control,WELL_WORN,False,False,0.33,Galil AR | Control (Well-Worn),8,
★ Bowie Knife | Marble Fade,FACTORY_NEW,False,False,150.01,★ Bowie Knife | Marble Fade (Factory New),8,
UMP-45 | Late Night Transit,MINIMAL_WEAR,False,False,1.08,UMP-45 | Late Night Transit (Minimal Wear),8,
Sticker | Lord of Skulls (Holo),,False,False,0.49,Sticker | Lord of Skulls (Holo),8,
"Music Kit | Ian Hultquist, Lion's Mouth",,False,False,1.91,"Music Kit | Ian Hultquist, Lion's Mouth",8,
TaZ | Atlanta 2017,,False,False,2.48,Sticker | TaZ | Atlanta 2017,8,
"Music Kit | Matt Lange, IsoRhythm",,False,False,1.94,"Music Kit | Matt Lange, IsoRhythm",8,
"StatTrak™ Music Kit | Feed Me, High Noon",,True,False,4.99,"StatTrak™ Music Kit | Feed Me, High Noon",8,
CZ75-Auto | Red Astor,WELL_WORN,True,False,0.87,StatTrak™ CZ75-Auto | Red Astor (Well-Worn),8,
Sealed Graffiti | Dead Now (Dust Brown),,False,False,0.15,Sealed Graffiti | Dead Now (Dust Brown),8,
"StatTrak™ Music Kit | Scarlxrd: King, Scar",,True,False,3.23,"StatTrak™ Music Kit | Scarlxrd: King, Scar",8,
M4A1-S | Emphorosaur-S,BATTLE_SCARRED,True,False,1.5,StatTrak™ M4A1-S | Emphorosaur-S (Battle-Scarred),8,
Nova | Red Quartz,MINIMAL_WEAR,False,False,7.39,Nova | Red Quartz (Minimal Wear),8,
Kukri Knife | Urban Masked,FIELD_TESTED,False,False,43.79,★ Kukri Knife | Urban Masked (Field-Tested),8,
★ Bowie Knife | Gamma Doppler,FACTORY_NEW,False,False,197.88,★ Bowie Knife | Gamma Doppler (Factory New),8,gamma-doppler-phase4
Galil AR | Shattered,FIELD_TESTED,False,False,5.11,Galil AR | Shattered (Field-Tested),8,
Negev | Power Loader,WELL_WORN,False,False,0.94,Negev | Power Loader (Well-Worn),8,
Sealed Graffiti | Rly (War Pig Pink),,False,False,0.14,Sealed Graffiti | Rly (War Pig Pink),8,
Sticker | Gambit Gaming | Atlanta 2017,,False,False,4.0,Sticker | Gambit Gaming | Atlanta 2017,8,
Sticker | mzinho (Holo) | Austin 2025,,False,False,0.39,Sticker | mzinho (Holo) | Austin 2025,8,
Sealed Graffiti | 1G (Dust Brown),,False,False,0.12,Sealed Graffiti | 1G (Dust Brown),8,
"Music Kit | Daniel Sadowski, Eye of the Dragon",,True,False,1.88,"StatTrak™ Music Kit | Daniel Sadowski, Eye of the Dragon",8,
Sawed-Off | Apocalypto,WELL_WORN,True,False,0.79,StatTrak™ Sawed-Off | Apocalypto (Well-Worn),8,
Sawed-Off | Apocalypto,MINIMAL_WEAR,True,False,1.8,StatTrak™ Sawed-Off | Apocalypto (Minimal Wear),8,
★ Kukri Knife | Night Stripe,FIELD_TESTED,False,False,61.0,★ Kukri Knife | Night Stripe (Field-Tested),8,
Sticker | jks (Holo) | Paris 2023,,False,False,0.84,Sticker | jks (Holo) | Paris 2023,8,
SG 553 | Darkwing,MINIMAL_WEAR,True,False,2.47,StatTrak™ SG 553 | Darkwing (Minimal Wear),8,
CZ75-Auto | Red Astor,BATTLE_SCARRED,False,False,0.9,CZ75-Auto | Red Astor (Battle-Scarred),8,
Desert Eagle | Oxide Blaze,WELL_WORN,True,False,1.0,StatTrak™ Desert Eagle | Oxide Blaze (Well-Worn),8,
MAC-10 | Derailment,FACTORY_NEW,False,False,19.99,MAC-10 | Derailment (Factory New),8,
Tec-9 | Ice Cap,FIELD_TESTED,True,False,0.43,StatTrak™ Tec-9 | Ice Cap (Field-Tested),8,
SCAR-20 | Stone Mosaico,FIELD_TESTED,False,False,2.06,SCAR-20 | Stone Mosaico (Field-Tested),8,
Five-SeveN | Hot Shot,MINIMAL_WEAR,False,False,9.55,Five-SeveN | Hot Shot (Minimal Wear),8,
M4A4 | Desolate Space,WELL_WORN,False,False,10.01,M4A4 | Desolate Space (Well-Worn),8,
★ Shadow Daggers | Gamma Doppler,FACTORY_NEW,False,False,99.5,★ Shadow Daggers | Gamma Doppler (Factory New),8,gamma-doppler-phase2
Tec-9 | Whiteout,BATTLE_SCARRED,False,False,1.71,Tec-9 | Whiteout (Battle-Scarred),8,
USP-S | Printstream,FACTORY_NEW,False,False,100.3,USP-S | Printstream (Factory New),8,
CZ75-Auto | Xiangliu,FACTORY_NEW,False,False,19.66,CZ75-Auto | Xiangliu (Factory New),8,
PP-Bizon | Judgement of Anubis,FIELD_TESTED,False,False,99.99,PP-Bizon | Judgement of Anubis (Field-Tested),8,
PP-Bizon | Harvester,FACTORY_NEW,True,False,2.5,StatTrak™ PP-Bizon | Harvester (Factory New),8,
M4A4 | Etch Lord,MINIMAL_WEAR,True,False,2.78,StatTrak™ M4A4 | Etch Lord (Minimal Wear),8,
Sawed-Off | Limelight,FIELD_TESTED,True,False,1.36,StatTrak™ Sawed-Off | Limelight (Field-Tested),8,
Sawed-Off | Limelight,MINIMAL_WEAR,False,False,2.2,Sawed-Off | Limelight (Minimal Wear),8,
P90 | Vent Rush,WELL_WORN,False,False,0.32,P90 | Vent Rush (Well-Worn),8,
AWP | Fever Dream,FIELD_TESTED,True,False,19.96,StatTrak™ AWP | Fever Dream (Field-Tested),8,
Sawed-Off | Zander,FIELD_TESTED,True,False,0.29,StatTrak™ Sawed-Off | Zander (Field-Tested),8,
Sticker | venomzera (Foil) | Cologne 2026,,False,False,0.17,Sticker | venomzera (Foil) | Cologne 2026,8,
SG 553 | Fallout Warning,BATTLE_SCARRED,False,False,2.55,SG 553 | Fallout Warning (Battle-Scarred),8,
Sealed Graffiti | Silver Bullet (War Pig Pink),,False,False,0.14,Sealed Graffiti | Silver Bullet (War Pig Pink),8,
"StatTrak™ Music Kit | TWERL and Ekko & Sidetrack, Under Bright Lights",,True,False,13.85,"StatTrak™ Music Kit | TWERL and Ekko & Sidetrack, Under Bright Lights",8,
Negev | Power Loader,FACTORY_NEW,False,False,8.5,Negev | Power Loader (Factory New),8,
UMP-45 | Scaffold,FACTORY_NEW,True,False,7.2,StatTrak™ UMP-45 | Scaffold (Factory New),8,
SG 553 | Atlas,FACTORY_NEW,True,False,1.24,StatTrak™ SG 553 | Atlas (Factory New),8,
AWP | Fever Dream,WELL_WORN,False,False,10.76,AWP | Fever Dream (Well-Worn),8,
AWP | Fever Dream,MINIMAL_WEAR,True,False,22.66,StatTrak™ AWP | Fever Dream (Minimal Wear),8,
SG 553 | Aerial,MINIMAL_WEAR,False,False,0.32,SG 553 | Aerial (Minimal Wear),8,
Negev | Power Loader,FACTORY_NEW,True,False,27.91,StatTrak™ Negev | Power Loader (Factory New),8,
MP9 | Deadly Poison,BATTLE_SCARRED,True,False,0.4,StatTrak™ MP9 | Deadly Poison (Battle-Scarred),8,
M4A1-S | Cyrex,FIELD_TESTED,True,False,137.72,StatTrak™ M4A1-S | Cyrex (Field-Tested),8,
★ Falchion Knife | Crimson Web,FIELD_TESTED,False,False,106.99,★ Falchion Knife | Crimson Web (Field-Tested),8,
Sticker | Team Spirit (Foil) | London 2018,,False,False,26.0,Sticker | Team Spirit (Foil) | London 2018,8,
Sticker | V For Victory (Holo),,False,False,4.7,Sticker | V For Victory (Holo),8,
Sticker | apEX (Holo) | Stockholm 2021,,False,False,3.5,Sticker | apEX (Holo) | Stockholm 2021,8,
UMP-45 | Momentum,MINIMAL_WEAR,True,False,6.34,StatTrak™ UMP-45 | Momentum (Minimal Wear),8,
R8 Revolver | Crimson Web,MINIMAL_WEAR,True,False,2.43,StatTrak™ R8 Revolver | Crimson Web (Minimal Wear),8,
Galil AR | Chromatic Aberration,WELL_WORN,True,False,5.63,StatTrak™ Galil AR | Chromatic Aberration (Well-Worn),8,
FAMAS | Palm,FACTORY_NEW,False,False,0.29,FAMAS | Palm (Factory New),8,
Sticker | JBa (Glitter) | Shanghai 2024,,False,False,0.14,Sticker | JBa (Glitter) | Shanghai 2024,8,
Sticker | Boombl4 | Katowice 2019,,False,False,0.95,Sticker | Boombl4 | Katowice 2019,8,
Sticker | Kjaerbye | Berlin 2019,,False,False,0.17,Sticker | Kjaerbye | Berlin 2019,8,
Cerberus,,False,False,0.25,Sticker | Cerberus,8,
StatTrak™ M4A1-S | Nightmare,WELL_WORN,True,False,34.0,StatTrak™ M4A1-S | Nightmare (Well-Worn),8,
StatTrak™ M4A1-S | Nightmare,MINIMAL_WEAR,True,False,45.0,StatTrak™ M4A1-S | Nightmare (Minimal Wear),8,
Sticker | Liquid (Gold) | 2020 RMR,,False,False,1.8,Sticker | Liquid (Gold) | 2020 RMR,8,
Sticker | Gen.G (Gold) | 2020 RMR,,False,False,1.75,Sticker | Gen.G (Gold) | 2020 RMR,8,
Galil AR | Stone Cold,BATTLE_SCARRED,False,False,1.5,Galil AR | Stone Cold (Battle-Scarred),8,
MP5-SD | Co-Processor,FIELD_TESTED,False,False,0.31,MP5-SD | Co-Processor (Field-Tested),8,
StatTrak™ Nova | Toy Soldier,WELL_WORN,False,False,0.61,Nova | Toy Soldier (Well-Worn),8,
Sealed Graffiti | Virtus.Pro | London 2018,,False,False,1.51,Sealed Graffiti | Virtus.Pro | London 2018,8,
FAMAS | Afterimage,MINIMAL_WEAR,False,False,23.0,FAMAS | Afterimage (Minimal Wear),8,
AUG | Bengal Tiger,MINIMAL_WEAR,False,False,29.67,AUG | Bengal Tiger (Minimal Wear),8,
Sealed Graffiti | Ninjas in Pyjamas | London 2018,,False,False,1.44,Sealed Graffiti | Ninjas in Pyjamas | London 2018,8,
MP7 | Prey,FACTORY_NEW,False,False,4.08,MP7 | Prey (Factory New),8,
AK-47 | Uncharted,BATTLE_SCARRED,True,False,1.73,StatTrak™ AK-47 | Uncharted (Battle-Scarred),8,
Sealed Graffiti | Team Liquid | London 2018,,False,False,1.88,Sealed Graffiti | Team Liquid | London 2018,8,
G3SG1 | Keeping Tabs,MINIMAL_WEAR,True,False,2.41,StatTrak™ G3SG1 | Keeping Tabs (Minimal Wear),8,
R8 Revolver | Junk Yard,WELL_WORN,True,False,0.25,StatTrak™ R8 Revolver | Junk Yard (Well-Worn),8,
Sticker | m0NESY | Budapest 2025,,False,False,0.16,Sticker | m0NESY | Budapest 2025,8,
Sticker | ANGE1 | Katowice 2019,,False,False,0.71,Sticker | ANGE1 | Katowice 2019,8,
Sticker | ZywOo (Holo) | Stockholm 2021,,False,False,4.13,Sticker | ZywOo (Holo) | Stockholm 2021,8,
Sticker | Techno4K (Holo) | Cologne 2026,,False,False,1.86,Sticker | Techno4K (Holo) | Cologne 2026,8,
PP-Bizon | Blue Streak,FACTORY_NEW,False,False,29.9,PP-Bizon | Blue Streak (Factory New),8,
Sticker | volt (Glitter) | Shanghai 2024,,False,False,0.11,Sticker | volt (Glitter) | Shanghai 2024,8,
Negev | Phoenix Stencil,FIELD_TESTED,False,False,24.0,Negev | Phoenix Stencil (Field-Tested),8,
Shanghai 2024 Viewer Pass,,False,False,10.65,Shanghai 2024 Viewer Pass,8,
P250 | Bullfrog,FACTORY_NEW,False,False,0.87,P250 | Bullfrog (Factory New),8,
Sticker | IEM (Foil) | Katowice 2019,,False,False,12.5,Sticker | IEM (Foil) | Katowice 2019,8,
StatTrak™ P90 | Traction,FACTORY_NEW,False,False,2.62,P90 | Traction (Factory New),8,
Sticker | device | Berlin 2019,,False,False,0.53,Sticker | device | Berlin 2019,8,
Sticker | Free Hugs,,False,False,0.43,Sticker | Free Hugs,8,
StatTrak™ P90 | Traction,FIELD_TESTED,True,False,0.43,StatTrak™ P90 | Traction (Field-Tested),8,
Desert Eagle | Bronze Deco,BATTLE_SCARRED,False,False,0.7,Desert Eagle | Bronze Deco (Battle-Scarred),8,
PP-Bizon | Blue Streak,MINIMAL_WEAR,False,False,4.65,PP-Bizon | Blue Streak (Minimal Wear),8,
StatTrak™ P90 | Traction,WELL_WORN,True,False,0.27,StatTrak™ P90 | Traction (Well-Worn),8,
M249 | Nebula Crusader,WELL_WORN,False,False,1.12,M249 | Nebula Crusader (Well-Worn),8,
M249 | Nebula Crusader,MINIMAL_WEAR,True,False,4.55,StatTrak™ M249 | Nebula Crusader (Minimal Wear),8,
StatTrak™ M4A1-S | Nightmare,FACTORY_NEW,False,False,235.0,M4A1-S | Nightmare (Factory New),8,
Sticker | arT (Holo) | Stockholm 2021,,False,False,0.91,Sticker | arT (Holo) | Stockholm 2021,8,
AWP | Hyper Beast,BATTLE_SCARRED,False,False,28.26,AWP | Hyper Beast (Battle-Scarred),8,
Patch | Team Spirit | Stockholm 2021,,False,False,14.99,Patch | Team Spirit | Stockholm 2021,8,
Sticker | Grim (Holo) | Paris 2023,,False,False,1.69,Sticker | Grim (Holo) | Paris 2023,8,
StatTrak™ AK-47 | Neon Rider,WELL_WORN,False,False,41.81,AK-47 | Neon Rider (Well-Worn),8,
USP-S | Stainless,BATTLE_SCARRED,False,False,5.5,USP-S | Stainless (Battle-Scarred),8,
Sticker | qikert | Katowice 2019,,False,False,0.57,Sticker | qikert | Katowice 2019,8,
Sticker | Kvik | Katowice 2019,,False,False,0.52,Sticker | Kvik | Katowice 2019,8,
Desert Eagle | Crimson Web,BATTLE_SCARRED,True,False,20.05,StatTrak™ Desert Eagle | Crimson Web (Battle-Scarred),8,
SG 553 | Heavy Metal,FACTORY_NEW,True,False,1.66,StatTrak™ SG 553 | Heavy Metal (Factory New),8,
Navaja Knife | Fade,FACTORY_NEW,False,False,97.99,★ Navaja Knife | Fade (Factory New),8,
XM1014 | Bone Machine,MINIMAL_WEAR,False,False,12.67,XM1014 | Bone Machine (Minimal Wear),8,
USP-S | Forest Leaves,FACTORY_NEW,False,False,9.26,USP-S | Forest Leaves (Factory New),8,
StatTrak™ R8 Revolver | Survivalist,FACTORY_NEW,True,False,1.39,StatTrak™ R8 Revolver | Survivalist (Factory New),8,
StatTrak™ MP7 | Powercore,BATTLE_SCARRED,False,False,0.65,MP7 | Powercore (Battle-Scarred),8,
Sticker | Lorena (Holo),,False,False,1.95,Sticker | Lorena (Holo),8,
M4A1-S | Cyrex,MINIMAL_WEAR,True,False,159.9,StatTrak™ M4A1-S | Cyrex (Minimal Wear),8,
AWP | Electric Hive,FACTORY_NEW,False,False,130.0,AWP | Electric Hive (Factory New),8,
AK-47 | Nightwish,FACTORY_NEW,False,False,114.0,AK-47 | Nightwish (Factory New),8,
Desert Eagle | Heirloom,FIELD_TESTED,False,False,6.4,Desert Eagle | Heirloom (Field-Tested),8,
Sticker | RpK (Foil) | Berlin 2019,,False,False,0.23,Sticker | RpK (Foil) | Berlin 2019,8,
Talon Knife | Slaughter,FACTORY_NEW,False,False,650.0,★ Talon Knife | Slaughter (Factory New),8,
★ Flip Knife | Fade,FACTORY_NEW,False,False,289.0,★ Flip Knife | Fade (Factory New),8,
P250 | Cyber Shell,MINIMAL_WEAR,True,False,1.28,StatTrak™ P250 | Cyber Shell (Minimal Wear),8,
Dual Berettas | Marina,MINIMAL_WEAR,False,False,6.45,Dual Berettas | Marina (Minimal Wear),8,
Sticker | xseveN | Berlin 2019,,False,False,4.79,Sticker | xseveN | Berlin 2019,8,
FAMAS | Styx,FIELD_TESTED,False,False,10.0,FAMAS | Styx (Field-Tested),8,
P250 | Cyber Shell,FACTORY_NEW,False,False,7.95,P250 | Cyber Shell (Factory New),8,
P250 | Cyber Shell,BATTLE_SCARRED,True,False,0.47,StatTrak™ P250 | Cyber Shell (Battle-Scarred),8,
Sticker | biguzera (Holo) | Shanghai 2024,,False,False,0.96,Sticker | biguzera (Holo) | Shanghai 2024,8,
Sticker | vexite (Holo) | Shanghai 2024,,False,False,0.95,Sticker | vexite (Holo) | Shanghai 2024,8,
Sticker | jabbi (Holo) | Paris 2023,,False,False,0.4,Sticker | jabbi (Holo) | Paris 2023,8,
★ Ursus Knife,Not Painted,False,False,87.34,★ Ursus Knife,8,
FAMAS | Meltdown,FACTORY_NEW,False,False,120.0,FAMAS | Meltdown (Factory New),8,
SSG 08 | Detour,FACTORY_NEW,False,False,35.0,SSG 08 | Detour (Factory New),8,
Sticker | hades (Holo) | Paris 2023,,False,False,0.87,Sticker | hades (Holo) | Paris 2023,8,
M249 | Magma,MINIMAL_WEAR,True,False,1.45,StatTrak™ M249 | Magma (Minimal Wear),8,
SSG 08 | Hand Brake,BATTLE_SCARRED,False,False,0.6,SSG 08 | Hand Brake (Battle-Scarred),8,
M249 | Magma,FACTORY_NEW,False,False,7.49,M249 | Magma (Factory New),8,
★ Bayonet | Doppler,FACTORY_NEW,False,False,356.7,★ Bayonet | Doppler (Factory New),8,doppler-phase4
PP-Bizon | Chemical Green,FIELD_TESTED,False,False,2.46,PP-Bizon | Chemical Green (Field-Tested),8,
★ Butterfly Knife | Fade,FACTORY_NEW,True,False,1825.0,★ StatTrak™ Butterfly Knife | Fade (Factory New),8,
Aufkleber | Agent Kurkensalat,,False,False,0.26,Sticker | Agent Kucumber,8,
M4A4 | In Living Color,MINIMAL_WEAR,False,False,38.54,M4A4 | In Living Color (Minimal Wear),8,
Sticker | Boombl4 (Holo) | Shanghai 2024,,False,False,0.79,Sticker | Boombl4 (Holo) | Shanghai 2024,8,
USP-S | Caiman,FIELD_TESTED,False,False,24.09,USP-S | Caiman (Field-Tested),8,
Glock-18 | Gamma Doppler,FIELD_TESTED,False,False,70.77,Glock-18 | Gamma Doppler (Field-Tested),8,gamma-doppler-phase2
Tec-9 | Fubar,MINIMAL_WEAR,False,False,6.36,Tec-9 | Fubar (Minimal Wear),8,
MAC-10 | Sienna Damask,MINIMAL_WEAR,False,False,2.36,MAC-10 | Sienna Damask (Minimal Wear),8,
Sealed Graffiti | Gambit Esports | London 2018,,False,False,1.16,Sealed Graffiti | Gambit Esports | London 2018,8,
MAC-10 | Pipe Down,FACTORY_NEW,False,False,12.5,MAC-10 | Pipe Down (Factory New),8,
Sticker | isak (Glitter) | Paris 2023,,False,False,0.12,Sticker | isak (Glitter) | Paris 2023,8,
PP-Bizon | Space Cat,WELL_WORN,False,False,0.53,PP-Bizon | Space Cat (Well-Worn),8,
Sticker | b1t (Gold) | Stockholm 2021,,False,False,3.77,Sticker | b1t (Gold) | Stockholm 2021,8,
"StatTrak™ Music Kit | Dren, Death's Head Demolition",,False,False,1.47,"Music Kit | Dren, Death's Head Demolition",8,
★ Butterfly Knife | Fade,FACTORY_NEW,False,False,1999.0,★ Butterfly Knife | Fade (Factory New),8,
XM1014 | Scumbria,WELL_WORN,True,False,0.31,StatTrak™ XM1014 | Scumbria (Well-Worn),8,
Sealed Graffiti | Tyloo | London 2018,,False,False,5.09,Sealed Graffiti | Tyloo | London 2018,8,
P2000 | Red Wing,FIELD_TESTED,True,False,0.27,StatTrak™ P2000 | Red Wing (Field-Tested),8,
Talon Knife | Fade,FACTORY_NEW,False,False,720.0,★ Talon Knife | Fade (Factory New),8,
MP5-SD | Focus,FIELD_TESTED,True,False,0.2,StatTrak™ MP5-SD | Focus (Field-Tested),8,
Sticker | Tyloo | London 2018,,False,False,2.0,Sticker | Tyloo | London 2018,8,
P2000 | Marsh,FACTORY_NEW,False,False,0.34,P2000 | Marsh (Factory New),8,
Sticker | siuhy (Holo) | Copenhagen 2024,,False,False,0.46,Sticker | siuhy (Holo) | Copenhagen 2024,8,
Desert Eagle | Night,FIELD_TESTED,False,False,10.2,Desert Eagle | Night (Field-Tested),8,
StatTrak™ AUG | Amber Slipstream,MINIMAL_WEAR,True,False,0.4,StatTrak™ AUG | Amber Slipstream (Minimal Wear),8,
MAC-10 | Calf Skin,FACTORY_NEW,False,True,7.99,Souvenir MAC-10 | Calf Skin (Factory New),8,
M249 | O.S.I.P.R.,FACTORY_NEW,True,False,1.17,StatTrak™ M249 | O.S.I.P.R. (Factory New),8,
P250 | Sedimentary,FACTORY_NEW,False,False,0.29,P250 | Sedimentary (Factory New),8,
SG 553 | Danger Close,BATTLE_SCARRED,True,False,0.13,StatTrak™ SG 553 | Danger Close (Battle-Scarred),8,
Sticker | drop (Holo) | Stockholm 2021,,False,False,0.66,Sticker | drop (Holo) | Stockholm 2021,8,
USP-S | Check Engine,MINIMAL_WEAR,False,True,4.99,Souvenir USP-S | Check Engine (Minimal Wear),8,
Sticker | rain | Berlin 2019,,False,False,0.31,Sticker | rain | Berlin 2019,8,
StatTrak™ CZ75-Auto | Eco,MINIMAL_WEAR,True,False,4.87,StatTrak™ CZ75-Auto | Eco (Minimal Wear),8,
CZ75-Auto | Twist,BATTLE_SCARRED,True,False,1.1,StatTrak™ CZ75-Auto | Twist (Battle-Scarred),8,
UMP-45 | Scorched,FIELD_TESTED,False,False,0.58,UMP-45 | Scorched (Field-Tested),8,
Dual Berettas | Drift Wood,FIELD_TESTED,False,False,0.25,Dual Berettas | Drift Wood (Field-Tested),8,
MAG-7 | MAGnitude,WELL_WORN,True,False,0.17,StatTrak™ MAG-7 | MAGnitude (Well-Worn),8,
Sticker | Boombl4 (Glitter) | Copenhagen 2024,,False,False,1.19,Sticker | Boombl4 (Glitter) | Copenhagen 2024,8,
Sticker | buster | Katowice 2019,,False,False,0.75,Sticker | buster | Katowice 2019,8,
Fnatic (Holo) | Cologne 2014,,False,False,32.07,Sticker | Fnatic (Holo) | Cologne 2014,8,
M4A1-S | Dark Water,MINIMAL_WEAR,True,False,114.23,StatTrak™ M4A1-S | Dark Water (Minimal Wear),8,
Sticker | CeRq | Katowice 2019,,False,False,0.58,Sticker | CeRq | Katowice 2019,8,
CZ75-Auto | Hexane,FIELD_TESTED,True,False,1.5,StatTrak™ CZ75-Auto | Hexane (Field-Tested),8,
★ Hand Wraps | CAUTION!,FIELD_TESTED,False,False,114.69,★ Hand Wraps | CAUTION! (Field-Tested),8,
MAG-7 | Memento,FACTORY_NEW,True,False,6.65,StatTrak™ MAG-7 | Memento (Factory New),8,
FAMAS | Rapid Eye Movement,BATTLE_SCARRED,True,False,4.43,StatTrak™ FAMAS | Rapid Eye Movement (Battle-Scarred),8,
★ Kukri Knife | Stained,FIELD_TESTED,False,False,72.87,★ Kukri Knife | Stained (Field-Tested),8,
Sticker | ztr (Glitter) | Shanghai 2024,,False,False,0.12,Sticker | ztr (Glitter) | Shanghai 2024,8,
Tec-9 | Remote Control,FACTORY_NEW,False,False,50.0,Tec-9 | Remote Control (Factory New),8,
Sticker | chelo (Glitter) | Copenhagen 2024,,False,False,0.2,Sticker | chelo (Glitter) | Copenhagen 2024,8,
P90 | Aeolian Light,FACTORY_NEW,False,False,0.83,P90 | Aeolian Light (Factory New),8,
MAG-7 | Silver,FACTORY_NEW,False,False,17.85,MAG-7 | Silver (Factory New),8,
XM1014 | Blue Spruce,MINIMAL_WEAR,False,False,0.2,XM1014 | Blue Spruce (Minimal Wear),8,
PP-Bizon | Fuel Rod,WELL_WORN,False,False,0.99,PP-Bizon | Fuel Rod (Well-Worn),8,
Sticker | Ethan | Berlin 2019,,False,False,0.51,Sticker | Ethan | Berlin 2019,8,
AUG | Carved Jade,MINIMAL_WEAR,False,False,7.5,AUG | Carved Jade (Minimal Wear),8,
Dual Berettas | Tread,WELL_WORN,True,False,0.82,StatTrak™ Dual Berettas | Tread (Well-Worn),8,
MAG-7 | MAGnitude,FACTORY_NEW,False,False,0.99,MAG-7 | MAGnitude (Factory New),8,
Sticker | Twistzz | Katowice 2019,,False,False,1.74,Sticker | Twistzz | Katowice 2019,8,
Sticker | War,,False,False,0.35,Sticker | War,8,
Sticker | Boombl4 (Foil) | Katowice 2019,,False,False,9.3,Sticker | Boombl4 (Foil) | Katowice 2019,8,
M4A1-S | Hyper Beast,BATTLE_SCARRED,False,False,89.68,M4A1-S | Hyper Beast (Battle-Scarred),8,
★ Moto Gloves | Smoke Out,FIELD_TESTED,False,False,118.0,★ Moto Gloves | Smoke Out (Field-Tested),8,
UMP-45 | Delusion,FIELD_TESTED,False,False,0.75,UMP-45 | Delusion (Field-Tested),8,
Virtus.Pro (Holo) | Cologne 2014,,False,False,34.9,Sticker | Virtus.Pro (Holo) | Cologne 2014,8,
Sticker | Runtime (Holo),,False,False,3.66,Sticker | Runtime (Holo),8,
Glock-18 | Clear Polymer,FIELD_TESTED,True,False,0.58,StatTrak™ Glock-18 | Clear Polymer (Field-Tested),8,
Sticker | coldzera (Foil) | Katowice 2019,,False,False,2.83,Sticker | coldzera (Foil) | Katowice 2019,8,
Sticker | FaZe (Gold) | 2020 RMR,,False,False,5.74,Sticker | FaZe (Gold) | 2020 RMR,8,
StatTrak™ G3SG1 | High Seas,MINIMAL_WEAR,False,False,2.42,G3SG1 | High Seas (Minimal Wear),8,
ESL One Katowice 2015 Legends (Holo/Foil),,False,False,270.0,ESL One Katowice 2015 Legends (Holo-Foil),8,
Sticker | WorldEdit | Katowice 2019,,False,False,1.11,Sticker | WorldEdit | Katowice 2019,8,
PP-Bizon | Fuel Rod,FIELD_TESTED,False,False,0.91,PP-Bizon | Fuel Rod (Field-Tested),8,
CZ75-Auto | Tigris,FIELD_TESTED,True,False,1.82,StatTrak™ CZ75-Auto | Tigris (Field-Tested),8,
Glock-18 | Red Tire,MINIMAL_WEAR,False,False,2.58,Glock-18 | Red Tire (Minimal Wear),8,
Poorly Drawn Capsule,,False,False,0.69,Poorly Drawn Capsule,8,
Nova | Quick Sand,MINIMAL_WEAR,False,False,4.47,Nova | Quick Sand (Minimal Wear),8,
AK-47 | The Oligarch,MINIMAL_WEAR,False,False,100.88,AK-47 | The Oligarch (Minimal Wear),8,
iBUYPOWER (Holo) | Cologne 2014,,False,False,299.99,Sticker | iBUYPOWER (Holo) | Cologne 2014,8,
FAMAS | Hexane,FIELD_TESTED,False,False,2.85,FAMAS | Hexane (Field-Tested),8,
Nova | Windblown,FACTORY_NEW,True,False,0.92,StatTrak™ Nova | Windblown (Factory New),8,
Sticker | refrezh (Holo) | Stockholm 2021,,False,False,0.3,Sticker | refrezh (Holo) | Stockholm 2021,8,
CZ75-Auto | Crimson Web,FIELD_TESTED,True,False,2.06,StatTrak™ CZ75-Auto | Crimson Web (Field-Tested),8,
M4A1-S | Control Panel,MINIMAL_WEAR,False,False,51.68,M4A1-S | Control Panel (Minimal Wear),8,
CZ75-Auto | Crimson Web,MINIMAL_WEAR,True,False,5.21,StatTrak™ CZ75-Auto | Crimson Web (Minimal Wear),8,
Sticker | JT (Holo) | Copenhagen 2024,,False,False,0.62,Sticker | JT (Holo) | Copenhagen 2024,8,
MP7 | Guerrilla,FACTORY_NEW,False,False,11.0,MP7 | Guerrilla (Factory New),8,
★ Specialist Gloves | Fade,MINIMAL_WEAR,False,False,475.0,★ Specialist Gloves | Fade (Minimal Wear),8,
M249 | Midnight Palm,FACTORY_NEW,False,True,0.75,Souvenir M249 | Midnight Palm (Factory New),8,
Desert Eagle | Mecha Industries,FACTORY_NEW,True,False,25.33,StatTrak™ Desert Eagle | Mecha Industries (Factory New),8,
Galil AR | Kami,FACTORY_NEW,False,False,11.04,Galil AR | Kami (Factory New),8,
Sticker | Stewie2K | Berlin 2019,,False,False,0.22,Sticker | Stewie2K | Berlin 2019,8,
Sticker | NEO (Foil) | Berlin 2019,,False,False,1.34,Sticker | NEO (Foil) | Berlin 2019,8,
★ Karambit | Rust Coat,BATTLE_SCARRED,False,False,419.99,★ Karambit | Rust Coat (Battle-Scarred),8,
Sticker | Handle With Care (Holo),,False,False,0.8,Sticker | Handle With Care (Holo),8,
Sticker | chelo | Berlin 2019,,False,False,0.11,Sticker | chelo | Berlin 2019,8,
M249 | Spectre,MINIMAL_WEAR,False,False,0.34,M249 | Spectre (Minimal Wear),7,
Glock-18 | Green Line,BATTLE_SCARRED,False,False,0.25,Glock-18 | Green Line (Battle-Scarred),7,
M4A4 | Evil Daimyo,FACTORY_NEW,True,False,22.01,StatTrak™ M4A4 | Evil Daimyo (Factory New),7,
M4A4 | The Emperor,FIELD_TESTED,True,False,60.56,StatTrak™ M4A4 | The Emperor (Field-Tested),7,
Sealed Graffiti | Okay (Desert Amber),,False,False,0.13,Sealed Graffiti | Okay (Desert Amber),7,
M4A1-S | Atomic Alloy,MINIMAL_WEAR,True,False,81.5,StatTrak™ M4A1-S | Atomic Alloy (Minimal Wear),7,
Sealed Graffiti | Smarmy (Jungle Green),,False,False,0.45,Sealed Graffiti | Smarmy (Jungle Green),7,
G3SG1 | Contractor,FIELD_TESTED,False,False,2.74,G3SG1 | Contractor (Field-Tested),7,
Sticker | MATYS (Embroidered) | Budapest 2025,,False,False,0.3,Sticker | MATYS (Embroidered) | Budapest 2025,7,
PP-Bizon | Space Cat,MINIMAL_WEAR,True,False,0.69,StatTrak™ PP-Bizon | Space Cat (Minimal Wear),7,
XM1014 | Heaven Guard,MINIMAL_WEAR,False,False,8.73,XM1014 | Heaven Guard (Minimal Wear),7,
MP5-SD | Statics,FACTORY_NEW,True,False,2.59,StatTrak™ MP5-SD | Statics (Factory New),7,
SSG 08 | Death's Head,FACTORY_NEW,False,False,43.7,SSG 08 | Death's Head (Factory New),7,
M4A1-S | VariCamo,WELL_WORN,False,False,0.31,M4A1-S | VariCamo (Well-Worn),7,
Sealed Graffiti | Okay (Dust Brown),,False,False,0.11,Sealed Graffiti | Okay (Dust Brown),7,
G3SG1 | Ancient Ritual,FACTORY_NEW,False,True,2.93,Souvenir G3SG1 | Ancient Ritual (Factory New),7,
XM1014 | Black Tie,FIELD_TESTED,False,False,1.0,XM1014 | Black Tie (Field-Tested),7,
FAMAS | ZX Spectron,FIELD_TESTED,True,False,6.14,StatTrak™ FAMAS | ZX Spectron (Field-Tested),7,
Sticker | electronic (Holo) | Paris 2023,,False,False,0.85,Sticker | electronic (Holo) | Paris 2023,7,
★ Survival Knife | Urban Masked,FIELD_TESTED,False,False,45.99,★ Survival Knife | Urban Masked (Field-Tested),7,
USP-S | Neo-Noir,MINIMAL_WEAR,True,False,94.99,StatTrak™ USP-S | Neo-Noir (Minimal Wear),7,
SG 553 | Colony IV,FIELD_TESTED,True,False,12.99,StatTrak™ SG 553 | Colony IV (Field-Tested),7,
P250 | Black & Tan,FIELD_TESTED,False,False,3.54,P250 | Black & Tan (Field-Tested),7,
AK-47 | Legion of Anubis,WELL_WORN,False,False,29.33,AK-47 | Legion of Anubis (Well-Worn),7,
AK-47 | Legion of Anubis,MINIMAL_WEAR,True,False,39.38,StatTrak™ AK-47 | Legion of Anubis (Minimal Wear),7,
Sticker | Ex3rcice (Holo) | Shanghai 2024,,False,False,0.2,Sticker | Ex3rcice (Holo) | Shanghai 2024,7,
PP-Bizon | Harvester,FACTORY_NEW,False,False,5.25,PP-Bizon | Harvester (Factory New),7,
Austin 2025 Train Souvenir Package,,False,False,3.44,Austin 2025 Train Souvenir Package,7,
M4A1-S | Decimator,MINIMAL_WEAR,True,False,38.5,StatTrak™ M4A1-S | Decimator (Minimal Wear),7,
MAC-10 | Button Masher,WELL_WORN,True,False,0.42,StatTrak™ MAC-10 | Button Masher (Well-Worn),7,
MP7 | Urban Hazard,BATTLE_SCARRED,True,False,0.96,StatTrak™ MP7 | Urban Hazard (Battle-Scarred),7,
★ Huntsman Knife | Tiger Tooth,FACTORY_NEW,False,False,132.6,★ Huntsman Knife | Tiger Tooth (Factory New),7,
Sawed-Off | Black Sand,FACTORY_NEW,True,False,0.99,StatTrak™ Sawed-Off | Black Sand (Factory New),7,
XM1014 | Black Tie,BATTLE_SCARRED,False,False,1.0,XM1014 | Black Tie (Battle-Scarred),7,
Sealed Graffiti | BOOM (Battle Green),,False,False,0.14,Sealed Graffiti | BOOM (Battle Green),7,
★ Huntsman Knife | Gamma Doppler,FACTORY_NEW,False,False,599.0,★ Huntsman Knife | Gamma Doppler (Factory New),7,gamma-doppler-emerald
MAC-10 | Carnivore,FIELD_TESTED,True,False,0.31,StatTrak™ MAC-10 | Carnivore (Field-Tested),7,
Sticker | Kaze | Katowice 2019,,False,False,1.13,Sticker | Kaze | Katowice 2019,7,
Patch | Meal Time,,False,False,16.0,Patch | Meal Time,7,
P2000 | Handgun,FIELD_TESTED,True,False,1.62,StatTrak™ P2000 | Handgun (Field-Tested),7,
G3SG1 | Ancient Ritual,BATTLE_SCARRED,False,False,5.5,G3SG1 | Ancient Ritual (Battle-Scarred),7,
AWP | Neo-Noir,MINIMAL_WEAR,True,False,60.0,StatTrak™ AWP | Neo-Noir (Minimal Wear),7,
G3SG1 | Flux,MINIMAL_WEAR,False,False,11.2,G3SG1 | Flux (Minimal Wear),7,
UMP-45 | Crime Scene,FIELD_TESTED,False,False,75.0,UMP-45 | Crime Scene (Field-Tested),7,
AUG | Ricochet,FACTORY_NEW,False,False,5.94,AUG | Ricochet (Factory New),7,
Aufkleber | Karierter Kukri,,False,False,0.37,Sticker | Checkered Kukri,7,
M249 | Jungle,MINIMAL_WEAR,False,False,4.97,M249 | Jungle (Minimal Wear),7,
Sticker | Ultraviolet Poison Frog (Foil),,False,False,68.99,Sticker | Ultraviolet Poison Frog (Foil),7,
Glock-18 | Vogue,WELL_WORN,True,False,7.0,StatTrak™ Glock-18 | Vogue (Well-Worn),7,
SG 553 | Heavy Metal,FACTORY_NEW,False,False,1.8,SG 553 | Heavy Metal (Factory New),7,
Sticker | Snappi | London 2018,,False,False,0.98,Sticker | Snappi | London 2018,7,
Negev | Loudmouth,MINIMAL_WEAR,False,False,18.8,Negev | Loudmouth (Minimal Wear),7,
Desert Eagle | Printstream,BATTLE_SCARRED,False,False,29.51,Desert Eagle | Printstream (Battle-Scarred),7,
★ Gut Knife | Doppler,FACTORY_NEW,False,False,145.99,★ Gut Knife | Doppler (Factory New),7,doppler-phase2
Sticker | b1t | Rio 2022,,False,False,0.15,Sticker | b1t | Rio 2022,7,
MP5-SD | Gauss,FIELD_TESTED,True,False,0.59,StatTrak™ MP5-SD | Gauss (Field-Tested),7,
Desert Eagle | Tilted,FIELD_TESTED,False,True,0.37,Souvenir Desert Eagle | Tilted (Field-Tested),7,
XM1014 | Incinegator,BATTLE_SCARRED,True,False,4.65,StatTrak™ XM1014 | Incinegator (Battle-Scarred),7,
USP-S | Lead Conduit,WELL_WORN,True,False,1.61,StatTrak™ USP-S | Lead Conduit (Well-Worn),7,
MAC-10 | Allure,FACTORY_NEW,True,False,4.73,StatTrak™ MAC-10 | Allure (Factory New),7,
M4A4 | Hellfire,MINIMAL_WEAR,False,False,230.3,M4A4 | Hellfire (Minimal Wear),7,
Sticker | Sprout Esports (Gold) | Rio 2022,,False,False,3.98,Sticker | Sprout Esports (Gold) | Rio 2022,7,
MAC-10 | Toybox,MINIMAL_WEAR,False,False,26.69,MAC-10 | Toybox (Minimal Wear),7,
G3SG1 | Scavenger,FIELD_TESTED,True,False,0.68,StatTrak™ G3SG1 | Scavenger (Field-Tested),7,
AUG | Ricochet,FIELD_TESTED,False,False,0.38,AUG | Ricochet (Field-Tested),7,
FAMAS | Bad Trip,FACTORY_NEW,False,False,70.78,FAMAS | Bad Trip (Factory New),7,
MP9 | Airlock,BATTLE_SCARRED,False,False,8.49,MP9 | Airlock (Battle-Scarred),7,
Dual Berettas | Hydro Strike,FIELD_TESTED,True,False,1.65,StatTrak™ Dual Berettas | Hydro Strike (Field-Tested),7,
Sticker | latto (Foil) | Austin 2025,,False,False,0.2,Sticker | latto (Foil) | Austin 2025,7,
Sticker | THUNDERdOWNUNDER (Holo) | Cologne 2026,,False,False,36.0,Sticker | THUNDERdOWNUNDER (Holo) | Cologne 2026,7,
M4A4 | Tooth Fairy,FIELD_TESTED,True,False,7.49,StatTrak™ M4A4 | Tooth Fairy (Field-Tested),7,
R8 Revolver | Memento,MINIMAL_WEAR,False,False,3.05,R8 Revolver | Memento (Minimal Wear),7,
Sticker | Complexity Gaming (Holo) | Austin 2025,,False,False,5.58,Sticker | Complexity Gaming (Holo) | Austin 2025,7,
MP9 | Modest Threat,BATTLE_SCARRED,False,False,0.15,MP9 | Modest Threat (Battle-Scarred),7,
Sticker | Lucky | Budapest 2025,,False,False,0.39,Sticker | Lucky | Budapest 2025,7,
AUG | Ricochet,MINIMAL_WEAR,False,False,0.41,AUG | Ricochet (Minimal Wear),7,
Sticker | Yellow Cyclawps,,False,False,0.32,Sticker | Yellow Cyclawps,7,
Sticker | NiKo | London 2018,,False,False,3.98,Sticker | NiKo | London 2018,7,
Sticker | Seeing Red (Foil),,False,False,7.2,Sticker | Seeing Red (Foil),7,
Dual Berettas | Hydro Strike,WELL_WORN,False,False,0.97,Dual Berettas | Hydro Strike (Well-Worn),7,
SG 553 | Fallout Warning,FACTORY_NEW,False,False,10.55,SG 553 | Fallout Warning (Factory New),7,
Sticker | Rare Atom (Holo) | Budapest 2025,,False,False,5.45,Sticker | Rare Atom (Holo) | Budapest 2025,7,
Sticker | Lynn Vision (Holo) | Austin 2025,,False,False,3.99,Sticker | Lynn Vision (Holo) | Austin 2025,7,
Galil AR | Green Apple,FACTORY_NEW,False,True,1.02,Souvenir Galil AR | Green Apple (Factory New),7,
M4A4 | Sheet Lightning,BATTLE_SCARRED,False,False,0.8,M4A4 | Sheet Lightning (Battle-Scarred),7,
XM1014 | Teclu Burner,MINIMAL_WEAR,False,False,1.99,XM1014 | Teclu Burner (Minimal Wear),7,
Dual Berettas | Hydro Strike,FACTORY_NEW,True,False,10.69,StatTrak™ Dual Berettas | Hydro Strike (Factory New),7,
Sealed Graffiti | Hop (Jungle Green),,False,False,1.7,Sealed Graffiti | Hop (Jungle Green),7,
FAMAS | ZX Spectron,BATTLE_SCARRED,False,False,3.29,FAMAS | ZX Spectron (Battle-Scarred),7,
M4A4 | Temukau,MINIMAL_WEAR,True,False,79.99,StatTrak™ M4A4 | Temukau (Minimal Wear),7,
Dual Berettas | Hydro Strike,BATTLE_SCARRED,False,False,0.67,Dual Berettas | Hydro Strike (Battle-Scarred),7,
Sealed Graffiti | Applause (War Pig Pink),,False,False,0.32,Sealed Graffiti | Applause (War Pig Pink),7,
MAG-7 | Hard Water,FIELD_TESTED,False,False,5.82,MAG-7 | Hard Water (Field-Tested),7,
Galil AR | Firefight,BATTLE_SCARRED,False,False,0.9,Galil AR | Firefight (Battle-Scarred),7,
M4A4 | Temukau,BATTLE_SCARRED,False,False,23.18,M4A4 | Temukau (Battle-Scarred),7,
Sticker | Team Liquid (Gold) | Antwerp 2022,,False,False,3.32,Sticker | Team Liquid (Gold) | Antwerp 2022,7,
Desert Eagle | Corinthian,WELL_WORN,False,False,0.43,Desert Eagle | Corinthian (Well-Worn),7,
★ Bowie Knife | Rust Coat,BATTLE_SCARRED,False,False,54.23,★ Bowie Knife | Rust Coat (Battle-Scarred),7,
XM1014 | Teclu Burner,FACTORY_NEW,True,False,7.89,StatTrak™ XM1014 | Teclu Burner (Factory New),7,
Dual Berettas | Tread,FACTORY_NEW,False,False,13.95,Dual Berettas | Tread (Factory New),7,
M4A4 | Etch Lord,BATTLE_SCARRED,True,False,0.8,StatTrak™ M4A4 | Etch Lord (Battle-Scarred),7,
★ Shadow Daggers | Gamma Doppler,FACTORY_NEW,False,False,203.99,★ Shadow Daggers | Gamma Doppler (Factory New),7,gamma-doppler-emerald
USP-S | Pathfinder,FACTORY_NEW,False,False,105.0,USP-S | Pathfinder (Factory New),7,
USP-S | Pathfinder,FIELD_TESTED,False,False,13.34,USP-S | Pathfinder (Field-Tested),7,
M4A4 | Temukau,WELL_WORN,False,False,29.88,M4A4 | Temukau (Well-Worn),7,
AK-47 | Searing Rage,BATTLE_SCARRED,True,False,5.31,StatTrak™ AK-47 | Searing Rage (Battle-Scarred),7,
Desert Eagle | Naga,FACTORY_NEW,True,False,21.06,StatTrak™ Desert Eagle | Naga (Factory New),7,
★ Flip Knife | Doppler,FACTORY_NEW,False,False,280.0,★ Flip Knife | Doppler (Factory New),7,doppler-phase1
AWP | Safari Mesh,FACTORY_NEW,False,False,13.47,AWP | Safari Mesh (Factory New),7,
M249 | Downtown,BATTLE_SCARRED,True,False,0.52,StatTrak™ M249 | Downtown (Battle-Scarred),7,
FAMAS | ZX Spectron,FACTORY_NEW,False,False,41.52,FAMAS | ZX Spectron (Factory New),7,
Sealed Graffiti | Uh Oh (Princess Pink),,False,False,0.13,Sealed Graffiti | Uh Oh (Princess Pink),7,
AWP | The End,FIELD_TESTED,False,False,12.2,AWP | The End (Field-Tested),7,
FAMAS | ZX Spectron,FACTORY_NEW,True,False,29.96,StatTrak™ FAMAS | ZX Spectron (Factory New),7,
USP-S | Lead Conduit,BATTLE_SCARRED,True,False,1.64,StatTrak™ USP-S | Lead Conduit (Battle-Scarred),7,
Desert Eagle | Naga,FACTORY_NEW,False,False,40.0,Desert Eagle | Naga (Factory New),7,
Sticker Slab | StarLadder | Budapest 2025,,False,False,2.5,Sticker Slab | StarLadder | Budapest 2025,7,
P90 | Death Grip,MINIMAL_WEAR,False,False,31.2,P90 | Death Grip (Minimal Wear),7,
P90 | Death Grip,WELL_WORN,False,False,20.0,P90 | Death Grip (Well-Worn),7,
Sticker | w0nderful (Holo) | Austin 2025,,False,False,0.55,Sticker | w0nderful (Holo) | Austin 2025,7,
Sealed Graffiti | Applause (Violent Violet),,False,False,0.4,Sealed Graffiti | Applause (Violent Violet),7,
MAG-7 | Monster Call,FACTORY_NEW,True,False,7.83,StatTrak™ MAG-7 | Monster Call (Factory New),7,
Sticker Slab | GeT_RiGhT | Berlin 2019,,False,False,5.0,Sticker Slab | GeT_RiGhT | Berlin 2019,7,
★ Paracord Knife | Fade,FACTORY_NEW,False,False,175.0,★ Paracord Knife | Fade (Factory New),7,
FAMAS | Halftone Wash,BATTLE_SCARRED,False,False,1.28,FAMAS | Halftone Wash (Battle-Scarred),7,
AWP | Chromatic Aberration,FIELD_TESTED,True,False,20.45,StatTrak™ AWP | Chromatic Aberration (Field-Tested),7,
Sticker Slab | Ninjas in Pyjamas | 2020 RMR,,False,False,2.5,Sticker Slab | Ninjas in Pyjamas | 2020 RMR,7,
CZ75-Auto | Green Plaid,FACTORY_NEW,False,False,10.8,CZ75-Auto | Green Plaid (Factory New),7,
flusha | MLG Columbus 2016,,False,False,1.37,Sticker | flusha | MLG Columbus 2016,7,
Sticker | Ocean Sunset Skill Surf (Holo),,False,False,7.5,Sticker | Ocean Sunset Skill Surf (Holo),7,
MAC-10 | Disco Tech,FACTORY_NEW,False,False,26.56,MAC-10 | Disco Tech (Factory New),7,
olofmeister | MLG Columbus 2016,,False,False,2.15,Sticker | olofmeister | MLG Columbus 2016,7,
Glock-18 | Bullet Queen,FIELD_TESTED,True,False,47.0,StatTrak™ Glock-18 | Bullet Queen (Field-Tested),7,
XM1014 | XOXO,BATTLE_SCARRED,False,False,2.8,XM1014 | XOXO (Battle-Scarred),7,
CZ75-Auto | Tigris,BATTLE_SCARRED,True,False,1.62,StatTrak™ CZ75-Auto | Tigris (Battle-Scarred),7,
AUG | Random Access,FIELD_TESTED,False,False,1.34,AUG | Random Access (Field-Tested),7,
CZ75-Auto | Twist,WELL_WORN,True,False,0.85,StatTrak™ CZ75-Auto | Twist (Well-Worn),7,
P2000 | Turf,MINIMAL_WEAR,True,False,1.26,StatTrak™ P2000 | Turf (Minimal Wear),7,
Sealed Graffiti | Smirk (Blood Red),,False,False,0.43,Sealed Graffiti | Smirk (Blood Red),7,
Sticker | NiKo | Austin 2025,,False,False,0.57,Sticker | NiKo | Austin 2025,7,
Sticker | jackasmo (Glitter) | Shanghai 2024,,False,False,0.12,Sticker | jackasmo (Glitter) | Shanghai 2024,7,
P2000 | Turf,FIELD_TESTED,False,False,0.75,P2000 | Turf (Field-Tested),7,
Sticker | MIBR (Holo) | Austin 2025,,False,False,2.25,Sticker | MIBR (Holo) | Austin 2025,7,
Glock-18 | Night,FIELD_TESTED,False,False,2.83,Glock-18 | Night (Field-Tested),7,
CZ75-Auto | Twist,FACTORY_NEW,True,False,6.95,StatTrak™ CZ75-Auto | Twist (Factory New),7,
Sealed Graffiti | Dizzy (Monarch Blue),,False,False,0.24,Sealed Graffiti | Dizzy (Monarch Blue),7,
Sealed Graffiti | Denied (Brick Red),,False,False,0.15,Sealed Graffiti | Denied (Brick Red),7,
Sealed Graffiti | Smirk (Wire Blue),,False,False,0.32,Sealed Graffiti | Smirk (Wire Blue),7,
MAC-10 | Disco Tech,MINIMAL_WEAR,True,False,15.03,StatTrak™ MAC-10 | Disco Tech (Minimal Wear),7,
Sticker | FL4MUS (Holo) | Austin 2025,,False,False,0.36,Sticker | FL4MUS (Holo) | Austin 2025,7,
CZ75-Auto | Yellow Jacket,FIELD_TESTED,True,False,8.39,StatTrak™ CZ75-Auto | Yellow Jacket (Field-Tested),7,
Sticker | syrsoN (Glitter) | Shanghai 2024,,False,False,0.12,Sticker | syrsoN (Glitter) | Shanghai 2024,7,
Sticker | Master Guardian Elite,,False,False,0.11,Sticker | Master Guardian Elite,7,
Sawed-Off | Kiss♥Love,FIELD_TESTED,True,False,4.1,StatTrak™ Sawed-Off | Kiss♥Love (Field-Tested),7,
Tec-9 | Orange Murano,MINIMAL_WEAR,False,False,6.7,Tec-9 | Orange Murano (Minimal Wear),7,
Sticker | NAF (Gold) | Paris 2023,,False,False,7.5,Sticker | NAF (Gold) | Paris 2023,7,
USP-S | Para Green,FACTORY_NEW,False,False,48.66,USP-S | Para Green (Factory New),7,
Sticker | yuurih (Holo) | Rio 2022,,False,False,1.53,Sticker | yuurih (Holo) | Rio 2022,7,
Tec-9 | Hades,FIELD_TESTED,False,False,13.99,Tec-9 | Hades (Field-Tested),7,
M4A1-S | Electrum,WELL_WORN,False,False,0.69,M4A1-S | Electrum (Well-Worn),7,
USP-S | Para Green,MINIMAL_WEAR,False,False,9.95,USP-S | Para Green (Minimal Wear),7,
Sawed-Off | Irradiated Alert,FIELD_TESTED,False,False,2.03,Sawed-Off | Irradiated Alert (Field-Tested),7,
Glock-18 | Nuclear Garden,BATTLE_SCARRED,False,False,1.99,Glock-18 | Nuclear Garden (Battle-Scarred),7,
Sticker | zevy (Holo) | Paris 2023,,False,False,0.18,Sticker | zevy (Holo) | Paris 2023,7,
Sawed-Off | Irradiated Alert,MINIMAL_WEAR,False,False,4.86,Sawed-Off | Irradiated Alert (Minimal Wear),7,
G2 Esports | MLG Columbus 2016,,False,False,5.76,Sticker | G2 Esports | MLG Columbus 2016,7,
Glock-18 | Night,MINIMAL_WEAR,False,False,9.5,Glock-18 | Night (Minimal Wear),7,
USP-S | Cyrex,BATTLE_SCARRED,True,False,5.0,StatTrak™ USP-S | Cyrex (Battle-Scarred),7,
M4A1-S | Flashback,WELL_WORN,True,False,2.46,StatTrak™ M4A1-S | Flashback (Well-Worn),7,
M4A1-S | Flashback,FACTORY_NEW,True,False,32.46,StatTrak™ M4A1-S | Flashback (Factory New),7,
PP-Bizon | Anolis,FIELD_TESTED,False,False,0.98,PP-Bizon | Anolis (Field-Tested),7,
Sealed Graffiti | Smooch (Jungle Green),,False,False,0.14,Sealed Graffiti | Smooch (Jungle Green),7,
Sealed Graffiti | OMG (Frog Green),,False,False,0.25,Sealed Graffiti | OMG (Frog Green),7,
★ Huntsman Knife | Lore,MINIMAL_WEAR,False,False,100.54,★ Huntsman Knife | Lore (Minimal Wear),7,
MP9 | Starlight Protector,FIELD_TESTED,True,False,48.22,StatTrak™ MP9 | Starlight Protector (Field-Tested),7,
Sticker | Big Hugs (Holo),,False,False,0.33,Sticker | Big Hugs (Holo),7,
MP5-SD | Desert Strike,FACTORY_NEW,True,False,3.95,StatTrak™ MP5-SD | Desert Strike (Factory New),7,
CZ75-Auto | Poison Dart,MINIMAL_WEAR,True,False,5.15,StatTrak™ CZ75-Auto | Poison Dart (Minimal Wear),7,
★ Bowie Knife | Freehand,FACTORY_NEW,False,False,69.99,★ Bowie Knife | Freehand (Factory New),7,
Sticker | FURIA (Holo) | Rio 2022,,False,False,3.9,Sticker | FURIA (Holo) | Rio 2022,7,
Dual Berettas | Tread,WELL_WORN,False,False,0.66,Dual Berettas | Tread (Well-Worn),7,
Sawed-Off | The Kraken,FIELD_TESTED,False,False,67.75,Sawed-Off | The Kraken (Field-Tested),7,
FAMAS | Cyanospatter,MINIMAL_WEAR,False,False,0.2,FAMAS | Cyanospatter (Minimal Wear),7,
Negev | Prototype,BATTLE_SCARRED,False,False,0.14,Negev | Prototype (Battle-Scarred),7,
Tec-9 | Ossified,FACTORY_NEW,False,False,20.0,Tec-9 | Ossified (Factory New),7,
Sticker | maden (Glitter) | Rio 2022,,False,False,0.12,Sticker | maden (Glitter) | Rio 2022,7,
Sticker | blameF (Holo) | Shanghai 2024,,False,False,0.79,Sticker | blameF (Holo) | Shanghai 2024,7,
Alyx Pin,,False,False,34.89,Alyx Pin,7,
AUG | Tom Cat,MINIMAL_WEAR,True,False,0.26,StatTrak™ AUG | Tom Cat (Minimal Wear),7,
Natus Vincere (Foil) | Cologne 2016,,False,False,29.0,Sticker | Natus Vincere (Foil) | Cologne 2016,7,
SK Gaming (Foil) | Cologne 2016,,False,False,39.9,Sticker | SK Gaming (Foil) | Cologne 2016,7,
CZ75-Auto | Hexane,FACTORY_NEW,False,False,5.48,CZ75-Auto | Hexane (Factory New),7,
Sticker | Bullet Hell (Foil),,False,False,4.37,Sticker | Bullet Hell (Foil),7,
Team Dignitas | Cologne 2016,,False,False,29.0,Sticker | Team Dignitas | Cologne 2016,7,
Sealed Graffiti | Puke (Princess Pink),,False,False,0.45,Sealed Graffiti | Puke (Princess Pink),7,
Nomad Knife,Not Painted,False,False,114.99,★ Nomad Knife,7,
Dual Berettas | Royal Consorts,FACTORY_NEW,False,False,45.0,Dual Berettas | Royal Consorts (Factory New),7,
Sticker | nitr0 (Holo) | Paris 2023,,False,False,0.49,Sticker | nitr0 (Holo) | Paris 2023,7,
Health Pin,,False,False,20.2,Health Pin,7,
M4A1-S | Party Animal,FACTORY_NEW,False,False,36.69,M4A1-S | Party Animal (Factory New),7,
PP-Bizon | Lumen,FIELD_TESTED,True,False,1.07,StatTrak™ PP-Bizon | Lumen (Field-Tested),7,
USP-S | Torque,WELL_WORN,True,False,1.55,StatTrak™ USP-S | Torque (Well-Worn),7,
"Music Kit | Sarah Schachner, KOLIBRI",,False,False,5.05,"Music Kit | Sarah Schachner, KOLIBRI",7,
Sealed Graffiti | Okay (Monster Purple),,False,False,0.13,Sealed Graffiti | Okay (Monster Purple),7,
Sealed Graffiti | Silver Bullet (Desert Amber),,False,False,0.13,Sealed Graffiti | Silver Bullet (Desert Amber),7,
MP9 | Starlight Protector,FACTORY_NEW,True,False,80.03,StatTrak™ MP9 | Starlight Protector (Factory New),7,
CZ75-Auto | Distressed,MINIMAL_WEAR,True,False,0.24,StatTrak™ CZ75-Auto | Distressed (Minimal Wear),7,
SG 553 | Traveler,FIELD_TESTED,False,False,6.27,SG 553 | Traveler (Field-Tested),7,
XM1014 | Zombie Offensive,MINIMAL_WEAR,True,False,0.69,StatTrak™ XM1014 | Zombie Offensive (Minimal Wear),7,
Sticker | The Mongolz (Holo) | Austin 2025,,False,False,2.0,Sticker | The Mongolz (Holo) | Austin 2025,7,
Galil AR | Black Sand,MINIMAL_WEAR,False,False,4.17,Galil AR | Black Sand (Minimal Wear),7,
"Music Kit | Jesse Harlin, Astro Bellum",,False,False,1.18,"Music Kit | Jesse Harlin, Astro Bellum",7,
Galil AR | Black Sand,BATTLE_SCARRED,True,False,0.3,StatTrak™ Galil AR | Black Sand (Battle-Scarred),7,
G3SG1 | Dream Glade,FACTORY_NEW,True,False,7.5,StatTrak™ G3SG1 | Dream Glade (Factory New),7,
G3SG1 | Stinger,MINIMAL_WEAR,True,False,2.61,StatTrak™ G3SG1 | Stinger (Minimal Wear),7,
G3SG1 | Stinger,MINIMAL_WEAR,False,False,7.12,G3SG1 | Stinger (Minimal Wear),7,
Sticker | HellRaisers (Foil) | Katowice 2019,,False,False,31.84,Sticker | HellRaisers (Foil) | Katowice 2019,7,
AWP | Capillary,WELL_WORN,False,False,0.77,AWP | Capillary (Well-Worn),7,
Sticker | dgt (Foil) | Austin 2025,,False,False,0.84,Sticker | dgt (Foil) | Austin 2025,7,
G3SG1 | Dream Glade,FACTORY_NEW,False,False,4.0,G3SG1 | Dream Glade (Factory New),7,
Sticker | Twistzz (Foil) | Austin 2025,,False,False,0.2,Sticker | Twistzz (Foil) | Austin 2025,7,
Sticker | Legacy (Holo) | Copenhagen 2024,,False,False,3.17,Sticker | Legacy (Holo) | Copenhagen 2024,7,
M4A1-S | Decimator,FACTORY_NEW,True,False,77.78,StatTrak™ M4A1-S | Decimator (Factory New),7,
Dual Berettas | Flora Carnivora,FACTORY_NEW,True,False,6.4,StatTrak™ Dual Berettas | Flora Carnivora (Factory New),7,
Sticker | GeT_RiGhT | London 2018,,False,False,0.82,Sticker | GeT_RiGhT | London 2018,7,
★ Survival Knife | Marble Fade,FACTORY_NEW,False,False,107.86,★ Survival Knife | Marble Fade (Factory New),7,
SG 553 | Atlas,MINIMAL_WEAR,False,False,0.35,SG 553 | Atlas (Minimal Wear),7,
Sticker | Vitality (Holo) | Shanghai 2024,,False,False,3.31,Sticker | Vitality (Holo) | Shanghai 2024,7,
AWP | Duality,MINIMAL_WEAR,True,False,13.38,StatTrak™ AWP | Duality (Minimal Wear),7,
Galil AR | Amber Fade,FACTORY_NEW,False,False,23.68,Galil AR | Amber Fade (Factory New),7,
P2000 | Ivory,FIELD_TESTED,True,False,0.31,StatTrak™ P2000 | Ivory (Field-Tested),7,
Five-SeveN | Capillary,FACTORY_NEW,True,False,1.77,StatTrak™ Five-SeveN | Capillary (Factory New),7,
AUG | Sand Storm,FACTORY_NEW,False,False,32.88,AUG | Sand Storm (Factory New),7,
Five-SeveN | Capillary,FACTORY_NEW,False,False,5.95,Five-SeveN | Capillary (Factory New),7,
UMP-45 | Mechanism,MINIMAL_WEAR,False,False,7.0,UMP-45 | Mechanism (Minimal Wear),7,
Sticker | m0NESY (Embroidered) | Budapest 2025,,False,False,2.98,Sticker | m0NESY (Embroidered) | Budapest 2025,7,
Sticker | Thomas (Holo) | Paris 2023,,False,False,1.33,Sticker | Thomas (Holo) | Paris 2023,7,
AUG | Sand Storm,FIELD_TESTED,False,False,16.09,AUG | Sand Storm (Field-Tested),7,
Desert Eagle | Oxide Blaze,WELL_WORN,False,False,0.4,Desert Eagle | Oxide Blaze (Well-Worn),7,
"Music Kit | Michael Bross, Invasion!",,False,False,2.05,"Music Kit | Michael Bross, Invasion!",7,
Shanghai 2024 Viewer Pass + 3 Souvenir Tokens,,False,True,14.18,Shanghai 2024 Viewer Pass + 3 Souvenir Tokens,7,
USP-S | Royal Blue,FIELD_TESTED,False,True,17.02,Souvenir USP-S | Royal Blue (Field-Tested),7,
Aufkleber | Scharfer Geruch,,False,False,0.48,Sticker | Pungent Comms,7,
XM1014 | Red Python,MINIMAL_WEAR,True,False,4.31,StatTrak™ XM1014 | Red Python (Minimal Wear),7,
M249 | Emerald Poison Dart,FIELD_TESTED,True,False,2.19,StatTrak™ M249 | Emerald Poison Dart (Field-Tested),7,
UMP-45 | Briefing,WELL_WORN,True,False,0.14,StatTrak™ UMP-45 | Briefing (Well-Worn),7,
★ Survival Knife | Tiger Tooth,FACTORY_NEW,False,False,89.91,★ Survival Knife | Tiger Tooth (Factory New),7,
MAC-10 | Propaganda,FACTORY_NEW,False,False,130.0,MAC-10 | Propaganda (Factory New),7,
M4A1-S | Decimator,BATTLE_SCARRED,True,False,23.86,StatTrak™ M4A1-S | Decimator (Battle-Scarred),7,
P90 | Vent Rush,BATTLE_SCARRED,True,False,0.44,StatTrak™ P90 | Vent Rush (Battle-Scarred),7,
Sawed-Off | Black Sand,FACTORY_NEW,False,False,3.95,Sawed-Off | Black Sand (Factory New),7,
Sticker | LNZ (Holo) | Stockholm 2021,,False,False,0.54,Sticker | LNZ (Holo) | Stockholm 2021,7,
M4A4 | Royal Paladin,FIELD_TESTED,False,False,64.92,M4A4 | Royal Paladin (Field-Tested),7,
Sawed-Off | Limelight,WELL_WORN,False,False,0.95,Sawed-Off | Limelight (Well-Worn),7,
Desert Eagle | Light Rail,WELL_WORN,True,False,3.8,StatTrak™ Desert Eagle | Light Rail (Well-Worn),7,
AWP | Graphite,FACTORY_NEW,True,False,500.59,StatTrak™ AWP | Graphite (Factory New),7,
MP7 | Akoben,MINIMAL_WEAR,True,False,0.7,StatTrak™ MP7 | Akoben (Minimal Wear),7,
Sawed-Off | Black Sand,BATTLE_SCARRED,True,False,0.12,StatTrak™ Sawed-Off | Black Sand (Battle-Scarred),7,
P2000 | Imperial Dragon,BATTLE_SCARRED,False,False,8.89,P2000 | Imperial Dragon (Battle-Scarred),7,
Negev | Boroque Sand,WELL_WORN,False,False,2.34,Negev | Boroque Sand (Well-Worn),7,
AK-47 | Ice Coaled,FACTORY_NEW,True,False,33.0,StatTrak™ AK-47 | Ice Coaled (Factory New),7,
Negev | Dazzle,MINIMAL_WEAR,True,False,7.5,StatTrak™ Negev | Dazzle (Minimal Wear),7,
P250 | Cyber Shell,WELL_WORN,False,False,0.5,P250 | Cyber Shell (Well-Worn),7,
Sticker | Perfecto (Holo) | Shanghai 2024,,False,False,0.89,Sticker | Perfecto (Holo) | Shanghai 2024,7,
Sealed Graffiti | Choke (Princess Pink),,False,False,2.28,Sealed Graffiti | Choke (Princess Pink),7,
MAG-7 | Insomnia,FACTORY_NEW,False,False,2.95,MAG-7 | Insomnia (Factory New),7,
Sticker | drop (Holo) | Shanghai 2024,,False,False,1.37,Sticker | drop (Holo) | Shanghai 2024,7,
XM1014 | Quicksilver,FIELD_TESTED,False,False,0.71,XM1014 | Quicksilver (Field-Tested),7,
CZ75-Auto | Red Astor,FACTORY_NEW,True,False,6.96,StatTrak™ CZ75-Auto | Red Astor (Factory New),7,
P2000 | Ivory,BATTLE_SCARRED,False,False,0.34,P2000 | Ivory (Battle-Scarred),7,
"Music Kit | Mateo Messina, For No Mankind",,False,False,1.86,"Music Kit | Mateo Messina, For No Mankind",7,
Sealed Graffiti | Shining Star (Dust Brown),,False,False,0.15,Sealed Graffiti | Shining Star (Dust Brown),7,
Galil AR | Akoben,BATTLE_SCARRED,True,False,0.27,StatTrak™ Galil AR | Akoben (Battle-Scarred),7,
Sticker | 3DMAX (Holo) | Austin 2025,,False,False,3.13,Sticker | 3DMAX (Holo) | Austin 2025,7,
P90 | Sunset Lily,FACTORY_NEW,False,False,38.06,P90 | Sunset Lily (Factory New),7,
P90 | Sunset Lily,MINIMAL_WEAR,False,False,12.18,P90 | Sunset Lily (Minimal Wear),7,
Sticker | sjuush (Holo) | Stockholm 2021,,False,False,0.24,Sticker | sjuush (Holo) | Stockholm 2021,7,
Sticker | Team EnVyUs | Atlanta 2017,,False,False,5.17,Sticker | Team EnVyUs | Atlanta 2017,7,
P250 | Epicenter,BATTLE_SCARRED,False,False,3.65,P250 | Epicenter (Battle-Scarred),7,
Sticker | volt (Gold) | Paris 2023,,False,False,2.79,Sticker | volt (Gold) | Paris 2023,7,
Sealed Graffiti | Hop (Dust Brown),,False,False,0.26,Sealed Graffiti | Hop (Dust Brown),7,
Sealed Graffiti | Smooch (Princess Pink),,False,False,1.75,Sealed Graffiti | Smooch (Princess Pink),7,
MAC-10 | Heat,BATTLE_SCARRED,False,False,1.72,MAC-10 | Heat (Battle-Scarred),7,
Sticker | NEOFRAG (Holo) | Rio 2022,,False,False,1.69,Sticker | NEOFRAG (Holo) | Rio 2022,7,
P2000 | Acid Etched,FACTORY_NEW,True,False,15.95,StatTrak™ P2000 | Acid Etched (Factory New),7,
Sticker | nafany (Holo) | Stockholm 2021,,False,False,0.33,Sticker | nafany (Holo) | Stockholm 2021,7,
Sticker | cadiaN (Holo) | Paris 2023,,False,False,1.0,Sticker | cadiaN (Holo) | Paris 2023,7,
Sticker | FlameZ (Foil) | Austin 2025,,False,False,0.2,Sticker | FlameZ (Foil) | Austin 2025,7,
Sealed Graffiti | Happy Cat (Princess Pink),,False,False,0.43,Sealed Graffiti | Happy Cat (Princess Pink),7,
Sticker | SENER1 (Holo) | Paris 2023,,False,False,0.24,Sticker | SENER1 (Holo) | Paris 2023,7,
XM1014 | Tranquility,MINIMAL_WEAR,False,False,11.64,XM1014 | Tranquility (Minimal Wear),7,
R8 Revolver | Reboot,WELL_WORN,False,False,1.01,R8 Revolver | Reboot (Well-Worn),7,
"StatTrak™ Music Kit | Juelz, Shooters",,True,False,1.05,"StatTrak™ Music Kit | Juelz, Shooters",7,
"StatTrak™ Music Kit | DRYDEN, Feel The Power",,True,False,1.95,"StatTrak™ Music Kit | DRYDEN, Feel The Power",7,
★ Survival Knife | Rust Coat,BATTLE_SCARRED,False,False,45.49,★ Survival Knife | Rust Coat (Battle-Scarred),7,
MP7 | Motherboard,FIELD_TESTED,False,True,0.12,Souvenir MP7 | Motherboard (Field-Tested),7,
Galil AR | Destroyer,WELL_WORN,True,False,0.13,StatTrak™ Galil AR | Destroyer (Well-Worn),7,
R8 Revolver | Crazy 8,FACTORY_NEW,False,False,4.79,R8 Revolver | Crazy 8 (Factory New),7,
"Warhammer 40,000 Adeptus Astartes Sticker Capsule",,False,False,1.45,"Warhammer 40,000 Adeptus Astartes Sticker Capsule",7,
"Music Kit | Amon Tobin, All for Dust",,False,False,2.21,"Music Kit | Amon Tobin, All for Dust",7,
Sealed Graffiti | Silver Bullet (Battle Green),,False,False,0.12,Sealed Graffiti | Silver Bullet (Battle Green),7,
AK-47 | Uncharted,WELL_WORN,False,False,0.8,AK-47 | Uncharted (Well-Worn),7,
Sealed Graffiti | ELEAGUE | Atlanta 2017,,False,False,1.38,Sealed Graffiti | ELEAGUE | Atlanta 2017,7,
AUG | Syd Mead,BATTLE_SCARRED,False,False,8.88,AUG | Syd Mead (Battle-Scarred),7,
P2000 | Chainmail,FACTORY_NEW,False,False,74.44,P2000 | Chainmail (Factory New),7,
"Music Kit | Damjan Mravunac, The Talos Principle",,False,False,2.83,"Music Kit | Damjan Mravunac, The Talos Principle",7,
MAC-10 | Heat,FACTORY_NEW,True,False,20.0,StatTrak™ MAC-10 | Heat (Factory New),7,
Glock-18 | Weasel,MINIMAL_WEAR,False,False,2.03,Glock-18 | Weasel (Minimal Wear),7,
Glock-18 | Gamma Doppler,FACTORY_NEW,False,False,127.99,Glock-18 | Gamma Doppler (Factory New),7,gamma-doppler-phase1
P2000 | Amber Fade,WELL_WORN,False,False,1.0,P2000 | Amber Fade (Well-Worn),7,
Sticker | Ork Waaagh!,,False,False,0.15,Sticker | Ork Waaagh!,7,
Sticker | Primaris Keychain,,False,False,0.17,Sticker | Primaris Keychain,7,
MP7 | Armor Core,MINIMAL_WEAR,True,False,1.18,StatTrak™ MP7 | Armor Core (Minimal Wear),7,
Sawed-Off | Yorick,FACTORY_NEW,True,False,4.95,StatTrak™ Sawed-Off | Yorick (Factory New),7,
MP7 | Nemesis,FIELD_TESTED,False,False,5.98,MP7 | Nemesis (Field-Tested),7,
Tec-9 | Slag,FACTORY_NEW,True,False,0.89,StatTrak™ Tec-9 | Slag (Factory New),7,
MP9 | Urban Sovereign,FACTORY_NEW,False,False,4.9,MP9 | Urban Sovereign (Factory New),7,
Non-Veg,,False,False,0.25,Sealed Graffiti | Non-Veg,7,
Lucky Cat (Foil),,False,False,4.94,Sticker | Lucky Cat (Foil),7,
Sticker | Gambit Gaming (Gold) | Stockholm 2021,,False,False,5.0,Sticker | Gambit Gaming (Gold) | Stockholm 2021,7,
Eco Rush,,False,False,0.29,Sticker | Eco Rush,7,
P90 | ScaraB Rush,MINIMAL_WEAR,False,False,12.27,P90 | ScaraB Rush (Minimal Wear),7,
Hotpot,,False,False,0.24,Sealed Graffiti | Hotpot,7,
Sealed Graffiti | Grimace (Desert Amber),,False,False,0.13,Sealed Graffiti | Grimace (Desert Amber),7,
"Troels Folmann, Uber Blasto Phone",,True,False,4.9,"StatTrak™ Music Kit | Troels Folmann, Uber Blasto Phone",7,
MAC-10 | Classic Crate,FIELD_TESTED,False,False,0.38,MAC-10 | Classic Crate (Field-Tested),7,
"StatTrak™ Music Kit | Ki:Theory, MOLOTOV",,False,False,1.8,"Music Kit | Ki:Theory, MOLOTOV",7,
SG 553 | Berry Gel Coat,FACTORY_NEW,False,False,7.53,SG 553 | Berry Gel Coat (Factory New),7,
AUG | Hot Rod,FACTORY_NEW,False,False,399.0,AUG | Hot Rod (Factory New),7,
"StatTrak™ Music Kit | Proxy, Battlepack",,False,False,1.76,"Music Kit | Proxy, Battlepack",7,
Sticker | Legacy (Holo) | Budapest 2025,,False,False,4.85,Sticker | Legacy (Holo) | Budapest 2025,7,
Vox Eminor | Katowice 2014,,False,False,800.0,Sticker | Vox Eminor | Katowice 2014,7,
Five-SeveN | Fairy Tale,MINIMAL_WEAR,False,False,55.99,Five-SeveN | Fairy Tale (Minimal Wear),7,
SCAR-20 | Grotto,MINIMAL_WEAR,True,False,0.68,StatTrak™ SCAR-20 | Grotto (Minimal Wear),7,
"StatTrak™ Music Kit | Austin Wintory, Desert Fire",,False,False,2.34,"Music Kit | Austin Wintory, Desert Fire",7,
Tec-9 | Flash Out,MINIMAL_WEAR,True,False,0.57,StatTrak™ Tec-9 | Flash Out (Minimal Wear),7,
MP9 | Urban Sovereign,FIELD_TESTED,False,False,0.79,MP9 | Urban Sovereign (Field-Tested),7,
Sticker | Grayhound Gaming | Katowice 2019,,False,False,1.08,Sticker | Grayhound Gaming | Katowice 2019,7,
P2000 | Red Wing,FACTORY_NEW,False,False,0.83,P2000 | Red Wing (Factory New),7,
UMP-45 | Bone Pile,MINIMAL_WEAR,False,False,4.6,UMP-45 | Bone Pile (Minimal Wear),7,
AWP | Chrome Cannon,MINIMAL_WEAR,False,False,35.0,AWP | Chrome Cannon (Minimal Wear),7,
StatTrak™ Tec-9 | Snek-9,BATTLE_SCARRED,False,False,0.2,Tec-9 | Snek-9 (Battle-Scarred),7,
Sealed Graffiti | Dizzy (Tiger Orange),,False,False,0.18,Sealed Graffiti | Dizzy (Tiger Orange),7,
Dual Berettas | Briar,MINIMAL_WEAR,False,True,2.54,Souvenir Dual Berettas | Briar (Minimal Wear),7,
Wanna Fight,,False,False,1.55,Sticker | Wanna Fight,7,
Avangar (Holo) | Boston 2018,,False,False,23.85,Sticker | Avangar (Holo) | Boston 2018,7,
Sticker | Boombl4 (Foil) | Berlin 2019,,False,False,0.28,Sticker | Boombl4 (Foil) | Berlin 2019,7,
PP-Bizon | Night Riot,BATTLE_SCARRED,False,False,0.11,PP-Bizon | Night Riot (Battle-Scarred),7,
Dual Berettas | Briar,FIELD_TESTED,False,False,2.3,Dual Berettas | Briar (Field-Tested),7,
Titan (Foil) | Cologne 2015,,False,False,119.0,Sticker | Titan (Foil) | Cologne 2015,7,
G3SG1 | Orange Kimono,BATTLE_SCARRED,False,False,6.43,G3SG1 | Orange Kimono (Battle-Scarred),7,
Sticker | rain (Foil) | Berlin 2019,,False,False,2.29,Sticker | rain (Foil) | Berlin 2019,7,
SSG 08 | Turbo Peek,WELL_WORN,False,False,19.82,SSG 08 | Turbo Peek (Well-Worn),7,
AWP | Black Nile,BATTLE_SCARRED,False,False,6.98,AWP | Black Nile (Battle-Scarred),7,
AK-47 | Frontside Misty,MINIMAL_WEAR,False,False,26.79,AK-47 | Frontside Misty (Minimal Wear),7,
M4A1-S | Golden Coil,FIELD_TESTED,False,False,59.9,M4A1-S | Golden Coil (Field-Tested),7,
Sticker | Freeman | Berlin 2019,,False,False,0.13,Sticker | Freeman | Berlin 2019,7,
Flipsid3 Tactics | Cologne 2015,,False,False,12.98,Sticker | Flipsid3 Tactics | Cologne 2015,7,
Flickshot,,False,False,0.66,Sticker | Flickshot,7,
P250 | Inferno,FACTORY_NEW,True,False,5.81,StatTrak™ P250 | Inferno (Factory New),7,
Desert Eagle | Code Red,MINIMAL_WEAR,True,False,94.99,StatTrak™ Desert Eagle | Code Red (Minimal Wear),7,
Sticker | NRG | Katowice 2019,,False,False,1.82,Sticker | NRG | Katowice 2019,7,
SG 553 | Desert Blossom,FIELD_TESTED,False,False,1.58,SG 553 | Desert Blossom (Field-Tested),7,
AK-47 | Midnight Laminate,BATTLE_SCARRED,False,False,2.3,AK-47 | Midnight Laminate (Battle-Scarred),7,
MAC-10 | Indigo,MINIMAL_WEAR,False,True,5.1,Souvenir MAC-10 | Indigo (Minimal Wear),7,
UMP-45 | Plastique,MINIMAL_WEAR,True,False,2.0,StatTrak™ UMP-45 | Plastique (Minimal Wear),7,
SG 553 | Desert Blossom,FIELD_TESTED,False,True,1.44,Souvenir SG 553 | Desert Blossom (Field-Tested),7,
GeT_RiGhT | Cluj-Napoca 2015,,False,False,2.55,Sticker | GeT_RiGhT | Cluj-Napoca 2015,7,
MAC-10 | Echoing Sands,MINIMAL_WEAR,False,False,0.8,MAC-10 | Echoing Sands (Minimal Wear),7,
PP-Bizon | Chemical Green,FACTORY_NEW,False,False,15.44,PP-Bizon | Chemical Green (Factory New),7,
MP7 | Bloodsport,FACTORY_NEW,True,False,60.0,StatTrak™ MP7 | Bloodsport (Factory New),7,
Dual Berettas | Switch Board,WELL_WORN,False,False,2.66,Dual Berettas | Switch Board (Well-Worn),7,
My Other Awp,,False,False,0.66,Sticker | My Other Awp,7,
Glock-18 | AXIA,WELL_WORN,False,False,45.0,Glock-18 | AXIA (Well-Worn),7,
P90 | Nostalgia,FACTORY_NEW,True,False,20.0,StatTrak™ P90 | Nostalgia (Factory New),7,
Galil AR | Hunting Blind,FACTORY_NEW,False,False,10.65,Galil AR | Hunting Blind (Factory New),7,
Zeus x27 | Tosai,WELL_WORN,False,False,0.35,Zeus x27 | Tosai (Well-Worn),7,
Sticker | Bart4k (Gold) | Paris 2023,,False,False,0.81,Sticker | Bart4k (Gold) | Paris 2023,7,
Fnatic | Cologne 2014,,False,False,9.09,Sticker | Fnatic | Cologne 2014,7,
MP5-SD | Phosphor,WELL_WORN,False,False,4.06,MP5-SD | Phosphor (Well-Worn),7,
FAMAS | Styx,FACTORY_NEW,False,False,90.0,FAMAS | Styx (Factory New),7,
LGB eSports | Katowice 2015,,False,False,104.32,Sticker | LGB eSports | Katowice 2015,7,
AUG | Trigger Discipline,FACTORY_NEW,False,False,1.38,AUG | Trigger Discipline (Factory New),7,
SG 553 | Desert Blossom,FACTORY_NEW,False,False,3.85,SG 553 | Desert Blossom (Factory New),7,
P250 | See Ya Later,FACTORY_NEW,False,False,101.4,P250 | See Ya Later (Factory New),7,
M4A1-S | Leaded Glass,MINIMAL_WEAR,True,False,18.0,StatTrak™ M4A1-S | Leaded Glass (Minimal Wear),7,
Cheongsam,,False,False,0.76,Sticker | Cheongsam,7,
Water Gun,,False,False,0.94,Sticker | Water Gun,7,
Sticker | Vega Squadron (Holo) | Katowice 2019,,False,False,14.5,Sticker | Vega Squadron (Holo) | Katowice 2019,7,
AUG | Carved Jade,FACTORY_NEW,False,True,11.63,Souvenir AUG | Carved Jade (Factory New),7,
SSG 08 | Parallax,FACTORY_NEW,True,False,15.0,StatTrak™ SSG 08 | Parallax (Factory New),7,
Sealed Graffiti | Puke (Blood Red),,False,False,0.47,Sealed Graffiti | Puke (Blood Red),7,
Bomb Doge,,False,False,2.65,Sticker | Bomb Doge,7,
Sticker | The MongolZ (Holo) | Copenhagen 2024,,False,False,1.86,Sticker | The MongolZ (Holo) | Copenhagen 2024,7,
CZ75-Auto | Tacticat,BATTLE_SCARRED,False,False,0.8,CZ75-Auto | Tacticat (Battle-Scarred),7,
Berlin 2019 Dust II Souvenir Package,,False,False,13.68,Berlin 2019 Dust II Souvenir Package,7,
Negev | Lionfish,BATTLE_SCARRED,False,False,0.43,Negev | Lionfish (Battle-Scarred),7,
Sticker | Renegades | Katowice 2019,,False,False,1.07,Sticker | Renegades | Katowice 2019,7,
USP-S | Desert Tactical,FACTORY_NEW,False,False,10.99,USP-S | Desert Tactical (Factory New),7,
Sticker | Jame (Foil) | Berlin 2019,,False,False,1.1,Sticker | Jame (Foil) | Berlin 2019,7,
Sealed Graffiti | Little Crown (Battle Green),,False,False,0.18,Sealed Graffiti | Little Crown (Battle Green),7,
AWP | Green Energy,FACTORY_NEW,False,False,49.44,AWP | Green Energy (Factory New),7,
P90 | Desert DDPAT,FACTORY_NEW,False,True,0.33,Souvenir P90 | Desert DDPAT (Factory New),7,
Dual Berettas | Panther,FACTORY_NEW,True,False,9.58,StatTrak™ Dual Berettas | Panther (Factory New),7,
M4A1-S | Golden Coil,FACTORY_NEW,False,False,400.0,M4A1-S | Golden Coil (Factory New),7,
MP9 | Old Roots,MINIMAL_WEAR,False,True,0.59,Souvenir MP9 | Old Roots (Minimal Wear),7,
Hamster Hawk,,False,False,0.49,Sticker | Hamster Hawk,7,
★ Sport Gloves | Scarlet Shamagh,FIELD_TESTED,False,False,195.0,★ Sport Gloves | Scarlet Shamagh (Field-Tested),7,
Sticker | Queenix (Holo) | Copenhagen 2024,,False,False,0.79,Sticker | Queenix (Holo) | Copenhagen 2024,7,
MAG-7 | Seabird,FACTORY_NEW,False,False,9.53,MAG-7 | Seabird (Factory New),7,
"Music Kit | Ben Bromfield, Rabbit Hole",,False,False,0.98,"Music Kit | Ben Bromfield, Rabbit Hole",7,
Twistzz | Boston 2018,,False,False,16.34,Sticker | Twistzz | Boston 2018,7,
MAC-10 | Tatter,FIELD_TESTED,True,False,8.24,StatTrak™ MAC-10 | Tatter (Field-Tested),7,
AK-47 | Cartel,FACTORY_NEW,False,False,70.0,AK-47 | Cartel (Factory New),7,
Patch | Evil Geniuses | Stockholm 2021,,False,False,2.19,Patch | Evil Geniuses | Stockholm 2021,7,
Sealed Graffiti | Silver Bullet (Brick Red),,False,False,0.16,Sealed Graffiti | Silver Bullet (Brick Red),7,
Sticker | REZ (Foil) | Katowice 2019,,False,False,2.28,Sticker | REZ (Foil) | Katowice 2019,7,
HellRaisers | Katowice 2015,,False,False,52.99,Sticker | HellRaisers | Katowice 2015,7,
SCAR-20 | Caged,FACTORY_NEW,False,False,0.65,SCAR-20 | Caged (Factory New),7,
Charm | Baby Karat T,,False,False,49.0,Charm | Baby Karat T,7,
Sticker | Entropiq (Gold) | Stockholm 2021,,False,False,9.49,Sticker | Entropiq (Gold) | Stockholm 2021,7,
Sticker | CeRq | Rio 2022,,False,False,0.2,Sticker | CeRq | Rio 2022,7,
R8 Revolver | Night,WELL_WORN,False,True,0.2,Souvenir R8 Revolver | Night (Well-Worn),7,
MP5-SD | Necro Jr.,MINIMAL_WEAR,True,False,0.36,StatTrak™ MP5-SD | Necro Jr. (Minimal Wear),7,
Sawed-Off | Devourer,BATTLE_SCARRED,False,False,3.73,Sawed-Off | Devourer (Battle-Scarred),7,
R8 Revolver | Night,BATTLE_SCARRED,False,True,0.22,Souvenir R8 Revolver | Night (Battle-Scarred),7,
StatTrak™ AK-47 | Neon Rider,FIELD_TESTED,True,False,80.99,StatTrak™ AK-47 | Neon Rider (Field-Tested),7,
Sealed Graffiti | 200 IQ (Brick Red),,False,False,0.17,Sealed Graffiti | 200 IQ (Brick Red),7,
Sticker | Snappi (Glitter) | Rio 2022,,False,False,0.19,Sticker | Snappi (Glitter) | Rio 2022,7,
Five-SeveN | Flame Test,BATTLE_SCARRED,True,False,0.18,StatTrak™ Five-SeveN | Flame Test (Battle-Scarred),7,
G3SG1 | New Roots,FIELD_TESTED,False,True,2.39,Souvenir G3SG1 | New Roots (Field-Tested),7,
AK-47 | Cartel,MINIMAL_WEAR,False,False,19.03,AK-47 | Cartel (Minimal Wear),7,
Team EnVyUs | Katowice 2015,,False,False,27.0,Sticker | Team EnVyUs | Katowice 2015,7,
MAG-7 | Heat,MINIMAL_WEAR,False,False,1.95,MAG-7 | Heat (Minimal Wear),7,
FAMAS | Djinn,BATTLE_SCARRED,False,False,9.0,FAMAS | Djinn (Battle-Scarred),7,
Howl Pin,,False,False,41.7,Howl Pin,7,
Sealed Graffiti | Tyloo | Boston 2018,,False,False,9.44,Sealed Graffiti | Tyloo | Boston 2018,7,
Sticker | Twistzz (Foil) | Berlin 2019,,False,False,3.63,Sticker | Twistzz (Foil) | Berlin 2019,7,
Five-SeveN | Nightshade,FIELD_TESTED,True,False,2.51,StatTrak™ Five-SeveN | Nightshade (Field-Tested),7,
Attacker | Boston 2018,,False,False,3.91,Sticker | Attacker | Boston 2018,7,
StatTrak™ G3SG1 | High Seas,FIELD_TESTED,True,False,1.24,StatTrak™ G3SG1 | High Seas (Field-Tested),7,
P250 | Whiteout,MINIMAL_WEAR,False,False,83.0,P250 | Whiteout (Minimal Wear),7,
MAG-7 | Heat,WELL_WORN,True,False,1.12,StatTrak™ MAG-7 | Heat (Well-Worn),7,
SSG 08 | Halftone Whorl,BATTLE_SCARRED,False,False,0.67,SSG 08 | Halftone Whorl (Battle-Scarred),7,
AK-47 | Cartel,FIELD_TESTED,True,False,45.0,StatTrak™ AK-47 | Cartel (Field-Tested),7,
Nova | Ocular,FIELD_TESTED,False,False,0.48,Nova | Ocular (Field-Tested),7,
MP7 | Tall Grass,FIELD_TESTED,False,True,1.44,Souvenir MP7 | Tall Grass (Field-Tested),7,
StatTrak™ CZ75-Auto | Eco,BATTLE_SCARRED,False,False,0.55,CZ75-Auto | Eco (Battle-Scarred),7,
StatTrak™ CZ75-Auto | Eco,FACTORY_NEW,False,False,19.79,CZ75-Auto | Eco (Factory New),7,
Sticker | Twistzz (Holo) | Antwerp 2022,,False,False,8.53,Sticker | Twistzz (Holo) | Antwerp 2022,7,
P250 | Splash,MINIMAL_WEAR,True,False,32.11,StatTrak™ P250 | Splash (Minimal Wear),7,
AK-47 | Point Disarray,FIELD_TESTED,True,False,26.99,StatTrak™ AK-47 | Point Disarray (Field-Tested),7,
Sticker | Renegades (Foil) | Stockholm 2021,,False,False,1.83,Sticker | Renegades (Foil) | Stockholm 2021,7,
Sticker | coldzera (Foil) | Berlin 2019,,False,False,1.99,Sticker | coldzera (Foil) | Berlin 2019,7,
Glock-18 | Mirror Mosaic,BATTLE_SCARRED,False,False,3.57,Glock-18 | Mirror Mosaic (Battle-Scarred),7,
SCAR-20 | Emerald,FACTORY_NEW,False,False,47.75,SCAR-20 | Emerald (Factory New),7,
Nova | Ranger,WELL_WORN,False,False,0.3,Nova | Ranger (Well-Worn),7,
gob b | Cologne 2015,,False,False,3.63,Sticker | gob b | Cologne 2015,7,
AUG | Bengal Tiger,FIELD_TESTED,False,False,12.0,AUG | Bengal Tiger (Field-Tested),7,
Dual Berettas | Sweet Little Angels,BATTLE_SCARRED,False,False,1.64,Dual Berettas | Sweet Little Angels (Battle-Scarred),7,
Galil AR | Vandal,BATTLE_SCARRED,True,False,0.52,StatTrak™ Galil AR | Vandal (Battle-Scarred),7,
M4A4 | Turbine,FACTORY_NEW,True,False,21.26,StatTrak™ M4A4 | Turbine (Factory New),7,
Kjaerbye | Boston 2018,,False,False,1.5,Sticker | Kjaerbye | Boston 2018,7,
Sticker | ENCE (Holo) | Antwerp 2022,,False,False,2.99,Sticker | ENCE (Holo) | Antwerp 2022,7,
Lekr0 | Boston 2018,,False,False,2.18,Sticker | Lekr0 | Boston 2018,7,
denis | Cologne 2015,,False,False,5.63,Sticker | denis | Cologne 2015,7,
StatTrak™ Nova | Toy Soldier,BATTLE_SCARRED,False,False,0.57,Nova | Toy Soldier (Battle-Scarred),7,
Sticker | shox (Foil) | Berlin 2019,,False,False,1.01,Sticker | shox (Foil) | Berlin 2019,7,
dennis (Foil) | Cologne 2015,,False,False,14.74,Sticker | dennis (Foil) | Cologne 2015,7,
P2000 | Grip Tape,MINIMAL_WEAR,False,False,0.38,P2000 | Grip Tape (Minimal Wear),7,
ScreaM | Cologne 2015,,False,False,16.9,Sticker | ScreaM | Cologne 2015,7,
Sticker | NEKiZ (Holo) | Copenhagen 2024,,False,False,0.59,Sticker | NEKiZ (Holo) | Copenhagen 2024,7,
M4A4 | Neo-Noir,WELL_WORN,False,False,35.0,M4A4 | Neo-Noir (Well-Worn),7,
M4A4 | Eye of Horus,FIELD_TESTED,False,False,225.0,M4A4 | Eye of Horus (Field-Tested),7,
MAC-10 | Tatter,MINIMAL_WEAR,False,False,7.78,MAC-10 | Tatter (Minimal Wear),7,
M4A1-S | Hyper Beast,WELL_WORN,False,False,90.74,M4A1-S | Hyper Beast (Well-Worn),7,
Sticker | AdreN | Katowice 2019,,False,False,0.99,Sticker | AdreN | Katowice 2019,7,
AWP | Ice Coaled,MINIMAL_WEAR,False,False,13.65,AWP | Ice Coaled (Minimal Wear),7,
Sticker | INTZ E-SPORTS CLUB (Foil) | Berlin 2019,,False,False,1.65,Sticker | INTZ E-SPORTS CLUB (Foil) | Berlin 2019,7,
Sticker | ENCE (Holo) | Rio 2022,,False,False,1.56,Sticker | ENCE (Holo) | Rio 2022,7,
Sticker | arT | Katowice 2019,,False,False,1.14,Sticker | arT | Katowice 2019,7,
Sealed Graffiti | 200 IQ (Dust Brown),,False,False,0.15,Sealed Graffiti | 200 IQ (Dust Brown),7,
P90 | Asiimov,FIELD_TESTED,True,False,144.0,StatTrak™ P90 | Asiimov (Field-Tested),7,
UMP-45 | Continuum,FACTORY_NEW,False,False,3.72,UMP-45 | Continuum (Factory New),7,
Cloud9 G2A (Holo) | Katowice 2015,,False,False,268.26,Sticker | Cloud9 G2A (Holo) | Katowice 2015,7,
MAG-7 | Cobalt Core,MINIMAL_WEAR,True,False,0.91,StatTrak™ MAG-7 | Cobalt Core (Minimal Wear),7,
StatTrak™ R8 Revolver | Survivalist,FACTORY_NEW,False,False,2.84,R8 Revolver | Survivalist (Factory New),7,
nex | Boston 2018,,False,False,1.71,Sticker | nex | Boston 2018,7,
SSG 08 | Jungle Dashed,MINIMAL_WEAR,False,True,0.4,Souvenir SSG 08 | Jungle Dashed (Minimal Wear),7,
LEGIJA | Boston 2018,,False,False,2.6,Sticker | LEGIJA | Boston 2018,7,
AWP | Ice Coaled,BATTLE_SCARRED,False,False,3.33,AWP | Ice Coaled (Battle-Scarred),7,
★ Nomad Knife | Fade,FACTORY_NEW,False,False,271.0,★ Nomad Knife | Fade (Factory New),7,
felps | Boston 2018,,False,False,1.39,Sticker | felps | Boston 2018,7,
Virtus.Pro | DreamHack 2014,,False,False,34.0,Sticker | Virtus.Pro | DreamHack 2014,7,
M4A1-S | Basilisk,FACTORY_NEW,False,False,45.0,M4A1-S | Basilisk (Factory New),7,
Sticker | Red Cyclawps,,False,False,0.39,Sticker | Red Cyclawps,7,
Sticker | olofmeister | London 2018,,False,False,0.79,Sticker | olofmeister | London 2018,7,
Sticker | NAF | Katowice 2019,,False,False,0.8,Sticker | NAF | Katowice 2019,7,
Sticker | sdy | London 2018,,False,False,7.99,Sticker | sdy | London 2018,7,
MSL | Krakow 2017,,False,False,4.19,Sticker | MSL | Krakow 2017,7,
P90 | Blind Spot,FIELD_TESTED,True,False,9.8,StatTrak™ P90 | Blind Spot (Field-Tested),7,
P250 | Mehndi,MINIMAL_WEAR,False,False,15.44,P250 | Mehndi (Minimal Wear),7,
Basilisk (Foil),,False,False,6.79,Sticker | Basilisk (Foil),7,
Charm | Austin 2025 Highlight | 910 Triple Kill vs Vitality,,False,True,5.0,Souvenir Charm | Austin 2025 Highlight | 910 Triple Kill vs Vitality,7,
Tec-9 | Blast From the Past,MINIMAL_WEAR,False,False,5.27,Tec-9 | Blast From the Past (Minimal Wear),7,
AK-47 | Aphrodite,BATTLE_SCARRED,False,False,11.89,AK-47 | Aphrodite (Battle-Scarred),7,
M249 | Hypnosis,FIELD_TESTED,False,False,0.24,M249 | Hypnosis (Field-Tested),7,
Glock-18 | Royal Legion,FACTORY_NEW,False,False,70.48,Glock-18 | Royal Legion (Factory New),7,
AK-47 | The Oligarch,BATTLE_SCARRED,False,False,25.0,AK-47 | The Oligarch (Battle-Scarred),7,
Sticker | Bad News Eagles (Holo) | Antwerp 2022,,False,False,3.6,Sticker | Bad News Eagles (Holo) | Antwerp 2022,7,
Glock-18 | Royal Legion,WELL_WORN,True,False,4.53,StatTrak™ Glock-18 | Royal Legion (Well-Worn),7,
M4A1-S | Dark Water,FIELD_TESTED,False,False,57.99,M4A1-S | Dark Water (Field-Tested),7,
Sticker | Boom (Gold) | 2020 RMR,,False,False,2.33,Sticker | Boom (Gold) | 2020 RMR,7,
Aufkleber | Killometer,,False,False,0.25,Sticker | Killometer,7,
SG 553 | Danger Close,FACTORY_NEW,False,False,6.5,SG 553 | Danger Close (Factory New),7,
UMP-45 | Gold Bismuth,MINIMAL_WEAR,False,False,6.81,UMP-45 | Gold Bismuth (Minimal Wear),7,
Sticker | NertZ (Gold) | Paris 2023,,False,False,2.79,Sticker | NertZ (Gold) | Paris 2023,7,
MP9 | Setting Sun,MINIMAL_WEAR,False,False,16.82,MP9 | Setting Sun (Minimal Wear),7,
Galil AR | Signal,WELL_WORN,True,False,1.62,StatTrak™ Galil AR | Signal (Well-Worn),7,
Glock-18 | Fully Tuned,FIELD_TESTED,False,False,52.99,Glock-18 | Fully Tuned (Field-Tested),7,
AUG | Chameleon,FIELD_TESTED,False,False,65.0,AUG | Chameleon (Field-Tested),7,
Martha,,False,False,1.95,Sealed Graffiti | Martha,7,
UMP-45 | Momentum,FIELD_TESTED,True,False,4.99,StatTrak™ UMP-45 | Momentum (Field-Tested),7,
UMP-45 | Momentum,FACTORY_NEW,True,False,13.45,StatTrak™ UMP-45 | Momentum (Factory New),7,
UMP-45 | Motorized,FACTORY_NEW,True,False,0.55,StatTrak™ UMP-45 | Motorized (Factory New),7,
SCAR-20 | Torn,FIELD_TESTED,False,False,1.01,SCAR-20 | Torn (Field-Tested),7,
AUG | Chameleon,MINIMAL_WEAR,True,False,62.48,StatTrak™ AUG | Chameleon (Minimal Wear),7,
Sealed Graffiti | Oops (Monster Purple),,False,False,0.23,Sealed Graffiti | Oops (Monster Purple),7,
AUG | Torque,FIELD_TESTED,True,False,5.82,StatTrak™ AUG | Torque (Field-Tested),7,
AWP | LongDog,MINIMAL_WEAR,False,False,190.31,AWP | LongDog (Minimal Wear),7,
Charm | Lil' Serpent,,False,False,12.99,Charm | Lil' Serpent,7,
MAG-7 | Memento,FACTORY_NEW,False,False,5.15,MAG-7 | Memento (Factory New),7,
Sticker | nicoodoz (Holo) | Paris 2023,,False,False,0.51,Sticker | nicoodoz (Holo) | Paris 2023,7,
AUG | Torque,FACTORY_NEW,True,False,11.21,StatTrak™ AUG | Torque (Factory New),7,
denis | Krakow 2017,,False,False,3.61,Sticker | denis | Krakow 2017,7,
Sticker | Spinx (Embroidered) | Budapest 2025,,False,False,0.29,Sticker | Spinx (Embroidered) | Budapest 2025,7,
USP-S | Ticket to Hell,WELL_WORN,True,False,0.9,StatTrak™ USP-S | Ticket to Hell (Well-Worn),7,
AWP | Worm God,WELL_WORN,False,False,2.0,AWP | Worm God (Well-Worn),7,
Stan (Holo),,False,False,1.49,Sticker | Stan (Holo),7,
MP9 | Setting Sun,FACTORY_NEW,False,False,79.99,MP9 | Setting Sun (Factory New),7,
Sealed Graffiti | Okay (Jungle Green),,False,False,0.12,Sealed Graffiti | Okay (Jungle Green),7,
MP9 | Hot Rod,FACTORY_NEW,False,True,180.0,Souvenir MP9 | Hot Rod (Factory New),7,
MAC-10 | Strats,FIELD_TESTED,False,True,0.27,Souvenir MAC-10 | Strats (Field-Tested),7,
USP-S | 27,MINIMAL_WEAR,True,False,0.85,StatTrak™ USP-S | 27 (Minimal Wear),7,
MP9 | Hypnotic,FACTORY_NEW,True,False,28.76,StatTrak™ MP9 | Hypnotic (Factory New),7,
Sealed Graffiti | Chef Kiss (Violent Violet),,False,False,0.21,Sealed Graffiti | Chef Kiss (Violent Violet),7,
Sticker | ottoNd | Berlin 2019,,False,False,0.28,Sticker | ottoNd | Berlin 2019,7,
AUG | Momentum,WELL_WORN,True,False,5.02,StatTrak™ AUG | Momentum (Well-Worn),7,
Natus Vincere (Holo) | Cologne 2014,,False,False,78.9,Sticker | Natus Vincere (Holo) | Cologne 2014,7,
Sealed Graffiti | Little Crown (War Pig Pink),,False,False,0.17,Sealed Graffiti | Little Crown (War Pig Pink),7,
R8 Revolver | Skull Crusher,FIELD_TESTED,True,False,9.64,StatTrak™ R8 Revolver | Skull Crusher (Field-Tested),7,
M4A1-S | Blood Tiger,MINIMAL_WEAR,True,False,11.43,StatTrak™ M4A1-S | Blood Tiger (Minimal Wear),7,
AK-47 | Redline,BATTLE_SCARRED,False,False,21.17,AK-47 | Redline (Battle-Scarred),7,
SG 553 | Fallout Warning,FIELD_TESTED,False,True,4.99,Souvenir SG 553 | Fallout Warning (Field-Tested),7,
★ Bowie Knife | Bright Water,MINIMAL_WEAR,False,False,56.99,★ Bowie Knife | Bright Water (Minimal Wear),7,
USP-S | Blueprint,WELL_WORN,False,False,5.33,USP-S | Blueprint (Well-Worn),7,
MAG-7 | Praetorian,FIELD_TESTED,True,False,3.12,StatTrak™ MAG-7 | Praetorian (Field-Tested),7,
Dual Berettas | Dezastre,FACTORY_NEW,False,False,17.11,Dual Berettas | Dezastre (Factory New),7,
Butterfly Knife | Autotronic,FIELD_TESTED,False,False,775.0,★ Butterfly Knife | Autotronic (Field-Tested),7,
MP7 | Special Delivery,FACTORY_NEW,False,False,9.95,MP7 | Special Delivery (Factory New),7,
Sticker | Flipsid3 Tactics | Krakow 2017,,False,False,8.02,Sticker | Flipsid3 Tactics | Krakow 2017,7,
USP-S | Whiteout,BATTLE_SCARRED,False,False,31.49,USP-S | Whiteout (Battle-Scarred),7,
Patch | paiN Gaming | Stockholm 2021,,False,False,1.79,Patch | paiN Gaming | Stockholm 2021,7,
Sticker | sterling | Katowice 2019,,False,False,0.48,Sticker | sterling | Katowice 2019,7,
Sticker | Techno4K (Holo) | Paris 2023,,False,False,2.79,Sticker | Techno4K (Holo) | Paris 2023,7,
Aufkleber | Boreale Böe,,False,False,0.37,Sticker | Boreal Blast,7,
AK-47 | Rat Rod,BATTLE_SCARRED,False,False,3.62,AK-47 | Rat Rod (Battle-Scarred),7,
FalleN | Krakow 2017,,False,False,8.22,Sticker | FalleN | Krakow 2017,7,
USP-S | 27,FACTORY_NEW,True,False,6.28,StatTrak™ USP-S | 27 (Factory New),7,
coldzera | Krakow 2017,,False,False,2.45,Sticker | coldzera | Krakow 2017,7,
Sticker | Poorly Drawn Bloody Darryl,,False,False,0.19,Sticker | Poorly Drawn Bloody Darryl,7,
Sawed-Off | Yorick,FIELD_TESTED,False,False,0.4,Sawed-Off | Yorick (Field-Tested),7,
MAC-10 | Case Hardened,MINIMAL_WEAR,False,False,25.0,MAC-10 | Case Hardened (Minimal Wear),7,
AUG | Navy Murano,FACTORY_NEW,False,False,21.68,AUG | Navy Murano (Factory New),7,
Sticker | sk0R (Glitter) | Antwerp 2022,,False,False,0.13,Sticker | sk0R (Glitter) | Antwerp 2022,7,
Sealed Graffiti | Grimace (Wire Blue),,False,False,0.15,Sealed Graffiti | Grimace (Wire Blue),7,
MP5-SD | Condition Zero,BATTLE_SCARRED,False,False,0.43,MP5-SD | Condition Zero (Battle-Scarred),7,
MP9 | Storm,FIELD_TESTED,False,False,0.72,MP9 | Storm (Field-Tested),7,
M4A4 | The Battlestar,FACTORY_NEW,False,False,105.46,M4A4 | The Battlestar (Factory New),7,
MAC-10 | Strats,FIELD_TESTED,False,False,0.66,MAC-10 | Strats (Field-Tested),7,
USP-S | Check Engine,FIELD_TESTED,False,True,3.96,Souvenir USP-S | Check Engine (Field-Tested),7,
P2000 | Space Race,FIELD_TESTED,False,False,5.85,P2000 | Space Race (Field-Tested),7,
Charm | Magmatude,,False,False,2.14,Charm | Magmatude,7,
Sealed Graffiti | Thoughtfull (Blood Red),,False,False,0.32,Sealed Graffiti | Thoughtfull (Blood Red),7,
SCAR-20 | Wild Berry,FIELD_TESTED,False,False,1.23,SCAR-20 | Wild Berry (Field-Tested),7,
PP-Bizon | Antique,FIELD_TESTED,False,False,4.58,PP-Bizon | Antique (Field-Tested),7,
AK-47 | Jaguar,FIELD_TESTED,False,False,74.62,AK-47 | Jaguar (Field-Tested),7,
Sticker | dgt (Embroidered) | Budapest 2025,,False,False,0.79,Sticker | dgt (Embroidered) | Budapest 2025,7,
G3SG1 | Azure Zebra,MINIMAL_WEAR,True,False,3.22,StatTrak™ G3SG1 | Azure Zebra (Minimal Wear),7,
Autograph Capsule | Team Liquid | Atlanta 2017,,False,False,8.5,Autograph Capsule | Team Liquid | Atlanta 2017,7,
SG 553 | Ultraviolet,MINIMAL_WEAR,False,False,23.14,SG 553 | Ultraviolet (Minimal Wear),7,
MAG-7 | Irradiated Alert,BATTLE_SCARRED,False,True,5.34,Souvenir MAG-7 | Irradiated Alert (Battle-Scarred),7,
Sticker | NEKiZ (Gold) | Paris 2023,,False,False,2.89,Sticker | NEKiZ (Gold) | Paris 2023,7,
MAG-7 | Storm,MINIMAL_WEAR,False,False,2.3,MAG-7 | Storm (Minimal Wear),7,
"Sticker | ZywOo (Holo, Champion) | Austin 2025",,False,False,0.98,"Sticker | ZywOo (Holo, Champion) | Austin 2025",7,
Sticker | Winstrike Team | London 2018,,False,False,1.12,Sticker | Winstrike Team | London 2018,7,
Sealed Graffiti | Winstrike Team | London 2018,,False,False,2.21,Sealed Graffiti | Winstrike Team | London 2018,7,
USP-S | Monster Mashup,FACTORY_NEW,False,False,125.0,USP-S | Monster Mashup (Factory New),7,
Move It,,False,False,0.21,Sticker | Move It,7,
Charm | Austin 2025 Highlight | apEX Triple Kill,,False,True,0.2,Souvenir Charm | Austin 2025 Highlight | apEX Triple Kill,7,
Autograph Capsule | Ninjas in Pyjamas | Cluj-Napoca 2015,,False,False,4.5,Autograph Capsule | Ninjas in Pyjamas | Cluj-Napoca 2015,7,
Sticker | Team Liquid | Atlanta 2017,,False,False,11.94,Sticker | Team Liquid | Atlanta 2017,7,
MP9 | Old Roots,FACTORY_NEW,False,False,10.0,MP9 | Old Roots (Factory New),7,
Sticker | dumau | Rio 2022,,False,False,0.14,Sticker | dumau | Rio 2022,7,
The Leader,,False,False,0.34,Sticker | The Leader,7,
AK-47 | The Empress,WELL_WORN,True,False,80.87,StatTrak™ AK-47 | The Empress (Well-Worn),7,
MP5-SD | Phosphor,MINIMAL_WEAR,True,False,11.29,StatTrak™ MP5-SD | Phosphor (Minimal Wear),7,
MP9 | Broken Record,FACTORY_NEW,True,False,1.42,StatTrak™ MP9 | Broken Record (Factory New),7,
MP5-SD | Phosphor,FIELD_TESTED,True,False,5.09,StatTrak™ MP5-SD | Phosphor (Field-Tested),7,
FAMAS | Djinn,WELL_WORN,False,False,9.18,FAMAS | Djinn (Well-Worn),7,
SG 553 | Aloha,BATTLE_SCARRED,True,False,0.11,StatTrak™ SG 553 | Aloha (Battle-Scarred),7,
M4A1-S | Golden Coil,FIELD_TESTED,True,False,120.0,StatTrak™ M4A1-S | Golden Coil (Field-Tested),7,
★ Shadow Daggers | Fade,FACTORY_NEW,False,False,127.0,★ Shadow Daggers | Fade (Factory New),7,
AUG | Triqua,BATTLE_SCARRED,False,False,0.13,AUG | Triqua (Battle-Scarred),7,
Sticker | Fowl Play,,False,False,0.25,Sticker | Fowl Play,7,
Ursus Knife | Fade,FACTORY_NEW,False,False,170.6,★ Ursus Knife | Fade (Factory New),7,
MP9 | Broken Record,FIELD_TESTED,True,False,0.2,StatTrak™ MP9 | Broken Record (Field-Tested),7,
MP9 | Hydra,FACTORY_NEW,False,False,60.0,MP9 | Hydra (Factory New),7,
MP5-SD | Phosphor,FACTORY_NEW,True,False,28.08,StatTrak™ MP5-SD | Phosphor (Factory New),7,
AK-47 | The Empress,FACTORY_NEW,False,False,310.0,AK-47 | The Empress (Factory New),7,
Sticker | JDC (Foil) | Cologne 2026,,False,False,0.23,Sticker | JDC (Foil) | Cologne 2026,7,
Charm | Austin 2025 Highlight | flameZ Clutch Denied,,False,True,0.13,Souvenir Charm | Austin 2025 Highlight | flameZ Clutch Denied,7,
Sticker | roeJ (Holo) | Paris 2023,,False,False,0.26,Sticker | roeJ (Holo) | Paris 2023,7,
Aufkleber | Frisch geschnitten,,False,False,1.79,Sticker | Fresh Cut,7,
M249 | Magma,FACTORY_NEW,True,False,3.03,StatTrak™ M249 | Magma (Factory New),7,
Sticker | Apeks (Holo) | Copenhagen 2024,,False,False,4.2,Sticker | Apeks (Holo) | Copenhagen 2024,7,
Antwerp 2022 Vertigo Souvenir Package,,False,False,5.96,Antwerp 2022 Vertigo Souvenir Package,7,
P90 | Randy Rush,BATTLE_SCARRED,True,False,0.97,StatTrak™ P90 | Randy Rush (Battle-Scarred),7,
★ Butterfly Knife | Forest DDPAT,FIELD_TESTED,False,False,381.37,★ Butterfly Knife | Forest DDPAT (Field-Tested),7,
Fnatic | DreamHack 2014,,False,False,22.0,Sticker | Fnatic | DreamHack 2014,7,
AK-47 | Vulcan,MINIMAL_WEAR,True,False,793.15,StatTrak™ AK-47 | Vulcan (Minimal Wear),7,
Guardian,,False,False,0.33,Sealed Graffiti | Guardian,7,
P90 | Deathgaze,MINIMAL_WEAR,False,False,9.68,P90 | Deathgaze (Minimal Wear),7,
Charm | Austin 2025 Highlight | ropz Quad Kill,,False,True,0.3,Souvenir Charm | Austin 2025 Highlight | ropz Quad Kill,7,
ESL One Cologne 2015 Challengers (Foil),,False,False,37.9,ESL One Cologne 2015 Challengers (Foil),7,
MP7 | Just Smile,MINIMAL_WEAR,True,False,1.52,StatTrak™ MP7 | Just Smile (Minimal Wear),7,
UMP-45 | Indigo,MINIMAL_WEAR,False,True,2.9,Souvenir UMP-45 | Indigo (Minimal Wear),7,
Sealed Graffiti | Virtus.Pro | Krakow 2017,,False,False,1.81,Sealed Graffiti | Virtus.Pro | Krakow 2017,7,
Charm | Lil' Bloody,,False,False,0.82,Charm | Lil' Bloody,7,
"Sticker | mezii (Holo, Champion) | Austin 2025",,False,False,0.17,"Sticker | mezii (Holo, Champion) | Austin 2025",7,
AK-47 | Head Shot,BATTLE_SCARRED,False,False,23.78,AK-47 | Head Shot (Battle-Scarred),7,
Sticker | hutji | Katowice 2019,,False,False,0.81,Sticker | hutji | Katowice 2019,7,
Till Death Do Us Part,,False,False,0.56,Sticker | Till Death Do Us Part,7,
Charm | Lil' Prick,,False,False,2.6,Charm | Lil' Prick,7,
P2000 | Obsidian,MINIMAL_WEAR,False,False,4.82,P2000 | Obsidian (Minimal Wear),7,
n0thing | Krakow 2017,,False,False,2.93,Sticker | n0thing | Krakow 2017,7,
Sticker | NAF (Holo) | Antwerp 2022,,False,False,1.59,Sticker | NAF (Holo) | Antwerp 2022,7,
Friendly Fire (Holo),,False,False,1.1,Sticker | Friendly Fire (Holo),7,
Sawed-Off | Devourer,FACTORY_NEW,False,False,39.9,Sawed-Off | Devourer (Factory New),7,
★ Specialist Gloves | Field Agent,BATTLE_SCARRED,False,False,82.09,★ Specialist Gloves | Field Agent (Battle-Scarred),7,
Camper,,False,False,0.17,Sticker | Camper,7,
MAG-7 | Irradiated Alert,FIELD_TESTED,False,False,2.01,MAG-7 | Irradiated Alert (Field-Tested),7,
Autograph Capsule | FaZe Clan | MLG Columbus 2016,,False,False,6.13,Autograph Capsule | FaZe Clan | MLG Columbus 2016,7,
Glock-18 | Gold Toof,FIELD_TESTED,False,False,26.0,Glock-18 | Gold Toof (Field-Tested),7,
Sealed Graffiti | Bock Bock (Blood Red),,False,False,0.22,Sealed Graffiti | Bock Bock (Blood Red),7,
Sticker | misutaaa (Holo) | Antwerp 2022,,False,False,0.44,Sticker | misutaaa (Holo) | Antwerp 2022,7,
Sealed Graffiti | PGL | Krakow 2017,,False,False,0.89,Sealed Graffiti | PGL | Krakow 2017,7,
MP5-SD | Acid Wash,FACTORY_NEW,True,False,3.72,StatTrak™ MP5-SD | Acid Wash (Factory New),7,
Five-SeveN | Case Hardened,MINIMAL_WEAR,True,False,30.0,StatTrak™ Five-SeveN | Case Hardened (Minimal Wear),7,
Sticker | Staehr (Glitter) | Rio 2022,,False,False,0.11,Sticker | Staehr (Glitter) | Rio 2022,7,
SG 553 | Wave Spray,FIELD_TESTED,False,False,4.89,SG 553 | Wave Spray (Field-Tested),7,
AK-47 | Frontside Misty,BATTLE_SCARRED,False,False,14.1,AK-47 | Frontside Misty (Battle-Scarred),7,
M4A1-S | Printstream,FIELD_TESTED,False,False,171.2,M4A1-S | Printstream (Field-Tested),7,
Sticker | Apeks (Gold) | Paris 2023,,False,False,1.99,Sticker | Apeks (Gold) | Paris 2023,7,
Welcome to the Clutch,,False,False,0.92,Sealed Graffiti | Welcome to the Clutch,7,
SCAR-20 | Storm,BATTLE_SCARRED,False,False,2.22,SCAR-20 | Storm (Battle-Scarred),6,
Sealed Graffiti | Kiss (Blood Red),,False,False,9.28,Sealed Graffiti | Kiss (Blood Red),6,
G3SG1 | Murky,FACTORY_NEW,True,False,2.8,StatTrak™ G3SG1 | Murky (Factory New),6,
Dual Berettas | Oil Change,FIELD_TESTED,False,True,0.25,Souvenir Dual Berettas | Oil Change (Field-Tested),6,
M4A1-S | Basilisk,BATTLE_SCARRED,True,False,18.82,StatTrak™ M4A1-S | Basilisk (Battle-Scarred),6,
M249 | Midnight Palm,MINIMAL_WEAR,False,True,0.57,Souvenir M249 | Midnight Palm (Minimal Wear),6,
Sticker | This Is Fine (CT),,False,False,0.22,Sticker | This Is Fine (CT),6,
Sticker | roeJ (Gold) | Paris 2023,,False,False,1.07,Sticker | roeJ (Gold) | Paris 2023,6,
PP-Bizon | Lumen,BATTLE_SCARRED,False,False,0.69,PP-Bizon | Lumen (Battle-Scarred),6,
P250 | Wingshot,FACTORY_NEW,True,False,13.08,StatTrak™ P250 | Wingshot (Factory New),6,
P250 | Muertos,WELL_WORN,False,False,11.04,P250 | Muertos (Well-Worn),6,
MAC-10 | Heat,WELL_WORN,True,False,3.28,StatTrak™ MAC-10 | Heat (Well-Worn),6,
Sticker | exit (Foil) | Austin 2025,,False,False,0.11,Sticker | exit (Foil) | Austin 2025,6,
Tec-9 | Fuel Injector,WELL_WORN,True,False,10.27,StatTrak™ Tec-9 | Fuel Injector (Well-Worn),6,
SCAR-20 | Powercore,BATTLE_SCARRED,False,False,0.84,SCAR-20 | Powercore (Battle-Scarred),6,
P250 | Black & Tan,FIELD_TESTED,False,True,2.86,Souvenir P250 | Black & Tan (Field-Tested),6,
XM1014 | Monster Melt,BATTLE_SCARRED,False,False,2.0,XM1014 | Monster Melt (Battle-Scarred),6,
Sticker | Spinx (Glitter) | Rio 2022,,False,False,0.2,Sticker | Spinx (Glitter) | Rio 2022,6,
Kisses,,False,False,1.3,Sealed Graffiti | Kisses,6,
Sticker | Senzu (Foil) | Austin 2025,,False,False,0.14,Sticker | Senzu (Foil) | Austin 2025,6,
MAG-7 | Navy Sheen,FIELD_TESTED,False,False,1.18,MAG-7 | Navy Sheen (Field-Tested),6,
Tec-9 | Fuel Injector,MINIMAL_WEAR,True,False,21.97,StatTrak™ Tec-9 | Fuel Injector (Minimal Wear),6,
Sealed Graffiti | Rly (Jungle Green),,False,False,0.14,Sealed Graffiti | Rly (Jungle Green),6,
Sticker | VINI | Rio 2022,,False,False,0.16,Sticker | VINI | Rio 2022,6,
M4A1-S | Golden Coil,WELL_WORN,False,False,45.5,M4A1-S | Golden Coil (Well-Worn),6,
★ Nomad Knife | Slaughter,FACTORY_NEW,False,False,219.63,★ Nomad Knife | Slaughter (Factory New),6,
Sealed Graffiti | Rly (Blood Red),,False,False,0.44,Sealed Graffiti | Rly (Blood Red),6,
Galil AR | Metallic Squeezer,WELL_WORN,False,False,0.22,Galil AR | Metallic Squeezer (Well-Worn),6,
Sticker | siuhy (Foil) | Austin 2025,,False,False,0.17,Sticker | siuhy (Foil) | Austin 2025,6,
MAC-10 | Sienna Damask,FACTORY_NEW,False,False,3.76,MAC-10 | Sienna Damask (Factory New),6,
USP-S | Stainless,BATTLE_SCARRED,True,False,20.0,StatTrak™ USP-S | Stainless (Battle-Scarred),6,
SCAR-20 | Outbreak,MINIMAL_WEAR,False,False,0.27,SCAR-20 | Outbreak (Minimal Wear),6,
MAC-10 | Saibā Oni,BATTLE_SCARRED,False,False,0.93,MAC-10 | Saibā Oni (Battle-Scarred),6,
USP-S | Blood Tiger,FIELD_TESTED,True,False,3.52,StatTrak™ USP-S | Blood Tiger (Field-Tested),6,
Sealed Graffiti | Chef Kiss (Desert Amber),,False,False,0.16,Sealed Graffiti | Chef Kiss (Desert Amber),6,
G3SG1 | Flux,MINIMAL_WEAR,True,False,33.12,StatTrak™ G3SG1 | Flux (Minimal Wear),6,
MP5-SD | Statics,MINIMAL_WEAR,False,False,0.35,MP5-SD | Statics (Minimal Wear),6,
SG 553 | Bleached,MINIMAL_WEAR,False,True,0.12,Souvenir SG 553 | Bleached (Minimal Wear),6,
Max,,False,False,0.18,Sticker | Max,6,
SG 553 | Triarch,MINIMAL_WEAR,True,False,1.73,StatTrak™ SG 553 | Triarch (Minimal Wear),6,
Sealed Graffiti | 1G (Jungle Green),,False,False,0.15,Sealed Graffiti | 1G (Jungle Green),6,
USP-S | Night Ops,BATTLE_SCARRED,False,False,0.2,USP-S | Night Ops (Battle-Scarred),6,
Joan (Holo),,False,False,2.38,Sticker | Joan (Holo),6,
Manticore (Holo),,False,False,1.22,Sticker | Manticore (Holo),6,
Pegasus (Holo),,False,False,1.32,Sticker | Pegasus (Holo),6,
Sticker | zorte (Holo) | Paris 2023,,False,False,0.29,Sticker | zorte (Holo) | Paris 2023,6,
Chabo,,False,False,4.99,Sealed Graffiti | Chabo,6,
Drug War Veteran,,False,False,4.5,Sealed Graffiti | Drug War Veteran,6,
MAC-10 | Indigo,FIELD_TESTED,False,True,2.0,Souvenir MAC-10 | Indigo (Field-Tested),6,
SCAR-20 | Outbreak,MINIMAL_WEAR,True,False,0.61,StatTrak™ SCAR-20 | Outbreak (Minimal Wear),6,
P250 | Black & Tan,FACTORY_NEW,False,False,8.99,P250 | Black & Tan (Factory New),6,
Sticker | Gnome Mercy,,False,False,0.39,Sticker | Gnome Mercy,6,
G3SG1 | Murky,MINIMAL_WEAR,True,False,1.24,StatTrak™ G3SG1 | Murky (Minimal Wear),6,
SCAR-20 | Crimson Web,MINIMAL_WEAR,True,False,9.69,StatTrak™ SCAR-20 | Crimson Web (Minimal Wear),6,
Desert Eagle | Urban DDPAT,MINIMAL_WEAR,False,False,14.0,Desert Eagle | Urban DDPAT (Minimal Wear),6,
Five-SeveN | Scumbria,MINIMAL_WEAR,True,False,0.5,StatTrak™ Five-SeveN | Scumbria (Minimal Wear),6,
Five-SeveN | Scumbria,BATTLE_SCARRED,True,False,0.2,StatTrak™ Five-SeveN | Scumbria (Battle-Scarred),6,
Cologne 2016 Cobblestone Souvenir Package,,False,False,1250.0,Cologne 2016 Cobblestone Souvenir Package,6,
Patch | The Boss,,False,False,33.33,Patch | The Boss,6,
Glock-18 | Weasel,FACTORY_NEW,True,False,12.69,StatTrak™ Glock-18 | Weasel (Factory New),6,
Glock-18 | Dragon Tattoo,FACTORY_NEW,True,False,249.0,StatTrak™ Glock-18 | Dragon Tattoo (Factory New),6,
Sticker | NAF (Foil) | Austin 2025,,False,False,0.16,Sticker | NAF (Foil) | Austin 2025,6,
Sticker | Health (Gold),,False,False,8.59,Sticker | Health (Gold),6,
G3SG1 | Murky,MINIMAL_WEAR,False,False,0.87,G3SG1 | Murky (Minimal Wear),6,
M4A1-S | Hyper Beast,FACTORY_NEW,False,False,339.0,M4A1-S | Hyper Beast (Factory New),6,
MP9 | Old Roots,FIELD_TESTED,False,True,0.57,Souvenir MP9 | Old Roots (Field-Tested),6,
MAC-10 | Heat,BATTLE_SCARRED,True,False,3.27,StatTrak™ MAC-10 | Heat (Battle-Scarred),6,
Galil AR | Amber Fade,FIELD_TESTED,False,True,8.91,Souvenir Galil AR | Amber Fade (Field-Tested),6,
SCAR-20 | Outbreak,FACTORY_NEW,True,False,1.16,StatTrak™ SCAR-20 | Outbreak (Factory New),6,
XM1014 | Slipstream,MINIMAL_WEAR,True,False,0.72,StatTrak™ XM1014 | Slipstream (Minimal Wear),6,
Dual Berettas | Tread,FIELD_TESTED,True,False,1.08,StatTrak™ Dual Berettas | Tread (Field-Tested),6,
Sealed Graffiti | Hop (War Pig Pink),,False,False,0.71,Sealed Graffiti | Hop (War Pig Pink),6,
UMP-45 | Briefing,FACTORY_NEW,False,False,8.95,UMP-45 | Briefing (Factory New),6,
Sticker | floppy (Holo) | Copenhagen 2024,,False,False,0.8,Sticker | floppy (Holo) | Copenhagen 2024,6,
SCAR-20 | Green Marine,MINIMAL_WEAR,True,False,0.68,StatTrak™ SCAR-20 | Green Marine (Minimal Wear),6,
Sticker | 3DMAX (Holo) | Budapest 2025,,False,False,2.5,Sticker | 3DMAX (Holo) | Budapest 2025,6,
CZ75-Auto | Imprint,BATTLE_SCARRED,True,False,0.18,StatTrak™ CZ75-Auto | Imprint (Battle-Scarred),6,
SCAR-20 | Green Marine,MINIMAL_WEAR,False,False,0.39,SCAR-20 | Green Marine (Minimal Wear),6,
Sticker | coldzera | Rio 2022,,False,False,0.2,Sticker | coldzera | Rio 2022,6,
Sealed Graffiti | Okay (Princess Pink),,False,False,0.15,Sealed Graffiti | Okay (Princess Pink),6,
USP-S | Caiman,FACTORY_NEW,True,False,80.0,StatTrak™ USP-S | Caiman (Factory New),6,
AUG | Syd Mead,FIELD_TESTED,True,False,7.87,StatTrak™ AUG | Syd Mead (Field-Tested),6,
AK-47 | Neon Revolution,FACTORY_NEW,False,False,250.0,AK-47 | Neon Revolution (Factory New),6,
London Conspiracy (Holo) | Cologne 2014,,False,False,99.0,Sticker | London Conspiracy (Holo) | Cologne 2014,6,
AUG | Aristocrat,BATTLE_SCARRED,False,False,0.93,AUG | Aristocrat (Battle-Scarred),6,
Sticker | EliGE (Holo) | Rio 2022,,False,False,2.45,Sticker | EliGE (Holo) | Rio 2022,6,
M4A1-S | Printstream,MINIMAL_WEAR,True,False,539.99,StatTrak™ M4A1-S | Printstream (Minimal Wear),6,
Sticker | Clavis (Holo),,False,False,1.22,Sticker | Clavis (Holo),6,
M249 | Contrast Spray,MINIMAL_WEAR,False,False,1.97,M249 | Contrast Spray (Minimal Wear),6,
AUG | Luxe Trim,WELL_WORN,False,False,0.15,AUG | Luxe Trim (Well-Worn),6,
The Ninja,,False,False,0.62,Sticker | The Ninja,6,
SG 553 | Tiger Moth,WELL_WORN,True,False,1.54,StatTrak™ SG 553 | Tiger Moth (Well-Worn),6,
SG 553 | Tiger Moth,MINIMAL_WEAR,True,False,4.16,StatTrak™ SG 553 | Tiger Moth (Minimal Wear),6,
SG 553 | Tiger Moth,FACTORY_NEW,True,False,9.6,StatTrak™ SG 553 | Tiger Moth (Factory New),6,
Sticker | King Crasswater (Foil),,False,False,0.9,Sticker | King Crasswater (Foil),6,
M4A1-S | Printstream,BATTLE_SCARRED,False,False,137.01,M4A1-S | Printstream (Battle-Scarred),6,
Charm | Lil' Hero,,False,False,4.9,Charm | Lil' Hero,6,
Five-SeveN | Kami,MINIMAL_WEAR,True,False,2.93,StatTrak™ Five-SeveN | Kami (Minimal Wear),6,
P90 | Verdant Growth,FACTORY_NEW,False,False,1.49,P90 | Verdant Growth (Factory New),6,
AK-47 | Head Shot,FIELD_TESTED,True,False,25.0,StatTrak™ AK-47 | Head Shot (Field-Tested),6,
Charm | Austin 2025 Highlight | Smoke Speaker,,False,True,0.15,Souvenir Charm | Austin 2025 Highlight | Smoke Speaker,6,
SSG 08 | Threat Detected,BATTLE_SCARRED,False,False,16.41,SSG 08 | Threat Detected (Battle-Scarred),6,
Sticker | Spinx (Holo) | Rio 2022,,False,False,0.79,Sticker | Spinx (Holo) | Rio 2022,6,
M4A4 | Turbine,MINIMAL_WEAR,True,False,7.05,StatTrak™ M4A4 | Turbine (Minimal Wear),6,
AWP | Exoskeleton,FACTORY_NEW,True,False,32.68,StatTrak™ AWP | Exoskeleton (Factory New),6,
AUG | Trigger Discipline,FIELD_TESTED,True,False,0.21,StatTrak™ AUG | Trigger Discipline (Field-Tested),6,
Dual Berettas | Switch Board,FACTORY_NEW,False,False,10.99,Dual Berettas | Switch Board (Factory New),6,
AUG | Trigger Discipline,MINIMAL_WEAR,False,False,0.18,AUG | Trigger Discipline (Minimal Wear),6,
CZ75-Auto | Vendetta,MINIMAL_WEAR,True,False,1.48,StatTrak™ CZ75-Auto | Vendetta (Minimal Wear),6,
AUG | Trigger Discipline,MINIMAL_WEAR,True,False,0.6,StatTrak™ AUG | Trigger Discipline (Minimal Wear),6,
M4A4 | Faded Zebra,FIELD_TESTED,True,False,4.72,StatTrak™ M4A4 | Faded Zebra (Field-Tested),6,
★ Butterfly Knife | Case Hardened,FIELD_TESTED,False,False,870.0,★ Butterfly Knife | Case Hardened (Field-Tested),6,
AUG | Plague,FACTORY_NEW,True,False,4.38,StatTrak™ AUG | Plague (Factory New),6,
Cloud9 | Cluj-Napoca 2015,,False,False,2.99,Sticker | Cloud9 | Cluj-Napoca 2015,6,
Fnatic | Cluj-Napoca 2015,,False,False,2.0,Sticker | Fnatic | Cluj-Napoca 2015,6,
MP9 | Broken Record,WELL_WORN,True,False,0.17,StatTrak™ MP9 | Broken Record (Well-Worn),6,
★ Sport Gloves | Nocts,FIELD_TESTED,False,False,549.51,★ Sport Gloves | Nocts (Field-Tested),6,
DreamHack (Foil) | Cluj-Napoca 2015,,False,False,23.0,Sticker | DreamHack (Foil) | Cluj-Napoca 2015,6,
SSG 08 | Threat Detected,FACTORY_NEW,False,False,26.0,SSG 08 | Threat Detected (Factory New),6,
Charm | Austin 2025 Highlight | Strikes Back,,False,True,11.17,Souvenir Charm | Austin 2025 Highlight | Strikes Back,6,
Sticker | Good As New (Foil),,False,False,4.2,Sticker | Good As New (Foil),6,
Charm | Austin 2025 Highlight | Clutch Veteran,,False,True,2.99,Souvenir Charm | Austin 2025 Highlight | Clutch Veteran,6,
Glock-18 | Snack Attack,MINIMAL_WEAR,True,False,34.0,StatTrak™ Glock-18 | Snack Attack (Minimal Wear),6,
★ M9 Bayonet | Marble Fade,FACTORY_NEW,False,False,763.99,★ M9 Bayonet | Marble Fade (Factory New),6,
G3SG1 | Digital Mesh,FACTORY_NEW,False,False,3.6,G3SG1 | Digital Mesh (Factory New),6,
Glock-18 | Snack Attack,FIELD_TESTED,True,False,18.0,StatTrak™ Glock-18 | Snack Attack (Field-Tested),6,
M249 | Hypnosis,WELL_WORN,False,False,0.16,M249 | Hypnosis (Well-Worn),6,
Nova | Clear Polymer,MINIMAL_WEAR,False,False,10.17,Nova | Clear Polymer (Minimal Wear),6,
AK-47 | Fuel Injector,BATTLE_SCARRED,False,False,87.27,AK-47 | Fuel Injector (Battle-Scarred),6,
G3SG1 | Keeping Tabs,FACTORY_NEW,True,False,2.7,StatTrak™ G3SG1 | Keeping Tabs (Factory New),6,
P2000 | Wicked Sick,BATTLE_SCARRED,True,False,2.45,StatTrak™ P2000 | Wicked Sick (Battle-Scarred),6,
Autograph Capsule | Legends (Foil) | Cluj-Napoca 2015,,False,False,30.0,Autograph Capsule | Legends (Foil) | Cluj-Napoca 2015,6,
Galil AR | Urban Rubble,FIELD_TESTED,False,False,7.81,Galil AR | Urban Rubble (Field-Tested),6,
AWP | Elite Build,BATTLE_SCARRED,False,False,11.99,AWP | Elite Build (Battle-Scarred),6,
★ M9 Bayonet | Ultraviolet,FIELD_TESTED,False,False,326.1,★ M9 Bayonet | Ultraviolet (Field-Tested),6,
FAMAS | Valence,BATTLE_SCARRED,True,False,5.0,StatTrak™ FAMAS | Valence (Battle-Scarred),6,
G3SG1 | Keeping Tabs,BATTLE_SCARRED,False,False,0.77,G3SG1 | Keeping Tabs (Battle-Scarred),6,
Sticker | Ninjas in Pyjamas (Embroidered) | Budapest 2025,,False,False,0.2,Sticker | Ninjas in Pyjamas (Embroidered) | Budapest 2025,6,
FAMAS | Valence,FACTORY_NEW,True,False,25.61,StatTrak™ FAMAS | Valence (Factory New),6,
Aufkleber | Bunny-Hop-Hydraulik,,False,False,0.39,Sticker | Bunnyhop Hydraulics,6,
SSG 08 | Big Iron,FACTORY_NEW,False,False,37.0,SSG 08 | Big Iron (Factory New),6,
Sticker | Hello SG 553 (Gold),,False,False,2.1,Sticker | Hello SG 553 (Gold),6,
P90 | Randy Rush,WELL_WORN,False,False,0.76,P90 | Randy Rush (Well-Worn),6,
Dual Berettas | Hemoglobin,MINIMAL_WEAR,True,False,29.9,StatTrak™ Dual Berettas | Hemoglobin (Minimal Wear),6,
Charm | Piñatita,,False,False,5.78,Charm | Piñatita,6,
★ Huntsman Knife | Urban Masked,FIELD_TESTED,False,False,59.0,★ Huntsman Knife | Urban Masked (Field-Tested),6,
Charm | Lil' Chirp,,False,False,2.93,Charm | Lil' Chirp,6,
P2000 | Wicked Sick,WELL_WORN,True,False,2.3,StatTrak™ P2000 | Wicked Sick (Well-Worn),6,
Dual Berettas | Hemoglobin,FACTORY_NEW,True,False,30.0,StatTrak™ Dual Berettas | Hemoglobin (Factory New),6,
★ Huntsman Knife | Slaughter,MINIMAL_WEAR,False,False,184.99,★ Huntsman Knife | Slaughter (Minimal Wear),6,
Team Roles Capsule,,False,False,0.75,Team Roles Capsule,6,
M4A4 | Cyber Security,FIELD_TESTED,True,False,27.32,StatTrak™ M4A4 | Cyber Security (Field-Tested),6,
★ Huntsman Knife | Blue Steel,FIELD_TESTED,False,False,100.0,★ Huntsman Knife | Blue Steel (Field-Tested),6,
M4A4 | Cyber Security,BATTLE_SCARRED,False,False,16.89,M4A4 | Cyber Security (Battle-Scarred),6,
Sticker | Aurora (Holo) | Budapest 2025,,False,False,2.3,Sticker | Aurora (Holo) | Budapest 2025,6,
Sticker | Vitality (Gold) | 2020 RMR,,False,False,20.0,Sticker | Vitality (Gold) | 2020 RMR,6,
★ Huntsman Knife | Crimson Web,FIELD_TESTED,False,False,99.99,★ Huntsman Knife | Crimson Web (Field-Tested),6,
M249 | Impact Drill,WELL_WORN,False,False,3.0,M249 | Impact Drill (Well-Worn),6,
M4A1-S | Mud-Spec,WELL_WORN,False,False,0.41,M4A1-S | Mud-Spec (Well-Worn),6,
Sticker | nexa (Holo) | Copenhagen 2024,,False,False,2.97,Sticker | nexa (Holo) | Copenhagen 2024,6,
Sticker | saffee (Holo) | Paris 2023,,False,False,1.05,Sticker | saffee (Holo) | Paris 2023,6,
Robo,,False,False,0.81,Sticker | Robo,6,
Nova | Army Sheen,FIELD_TESTED,False,False,0.86,Nova | Army Sheen (Field-Tested),6,
Headless Chicken,,False,False,0.64,Sticker | Headless Chicken,6,
Fnatic (Holo) | Katowice 2015,,False,False,124.0,Sticker | Fnatic (Holo) | Katowice 2015,6,
AUG | Carved Jade,MINIMAL_WEAR,False,True,4.8,Souvenir AUG | Carved Jade (Minimal Wear),6,
SSG 08 | Jungle Dashed,BATTLE_SCARRED,False,True,0.23,Souvenir SSG 08 | Jungle Dashed (Battle-Scarred),6,
M4A4 | Spider Lily,FACTORY_NEW,False,False,74.9,M4A4 | Spider Lily (Factory New),6,
HellRaisers (Holo) | Katowice 2015,,False,False,219.0,Sticker | HellRaisers (Holo) | Katowice 2015,6,
MP7 | Smoking Kills,MINIMAL_WEAR,False,False,12.27,MP7 | Smoking Kills (Minimal Wear),6,
Team EnVyUs (Holo) | Katowice 2015,,False,False,89.0,Sticker | Team EnVyUs (Holo) | Katowice 2015,6,
Vox Eminor  | Katowice 2015,,False,False,75.0,Sticker | Vox Eminor  | Katowice 2015,6,
Silent Ninja (Foil),,False,False,1.18,Sticker | Silent Ninja (Foil),6,
★ Moto Gloves | Finish Line,FIELD_TESTED,False,False,83.57,★ Moto Gloves | Finish Line (Field-Tested),6,
Planetkey Dynamics | DreamHack 2014,,False,False,96.88,Sticker | Planetkey Dynamics | DreamHack 2014,6,
Headhunter (Foil),,False,False,73.99,Sticker | Headhunter (Foil),6,
Dual Berettas | Dualing Dragons,FACTORY_NEW,True,False,13.71,StatTrak™ Dual Berettas | Dualing Dragons (Factory New),6,
Virtus.Pro (Holo) | DreamHack 2014,,False,False,380.0,Sticker | Virtus.Pro (Holo) | DreamHack 2014,6,
Titan | Cologne 2014,,False,False,54.44,Sticker | Titan | Cologne 2014,6,
MTS GameGod Wolf (Holo) | Cologne 2014,,False,False,32.27,Sticker | MTS GameGod Wolf (Holo) | Cologne 2014,6,
★ Driver Gloves | Black Tie,FIELD_TESTED,False,False,121.99,★ Driver Gloves | Black Tie (Field-Tested),6,
USP-S | Purple DDPAT,FACTORY_NEW,False,False,68.95,USP-S | Purple DDPAT (Factory New),6,
Fight like a Girl,,False,False,0.6,Sticker | Fight like a Girl,6,
Nelu the Bear,,False,False,0.68,Sticker | Nelu the Bear,6,
P90 | Tiger Pit,FACTORY_NEW,False,False,19.0,P90 | Tiger Pit (Factory New),6,
M4A4 | Desert Storm,MINIMAL_WEAR,False,False,14.28,M4A4 | Desert Storm (Minimal Wear),6,
T On Cat,,False,False,0.92,Sticker | T On Cat,6,
★ Broken Fang Gloves | Yellow-banded,FIELD_TESTED,False,False,64.99,★ Broken Fang Gloves | Yellow-banded (Field-Tested),6,
MAC-10 | Cat Fight,MINIMAL_WEAR,True,False,2.88,StatTrak™ MAC-10 | Cat Fight (Minimal Wear),6,
Sticker | Hello AK-47,,False,False,0.82,Sticker | Hello AK-47,6,
MAC-10 | Cat Fight,FIELD_TESTED,False,False,0.58,MAC-10 | Cat Fight (Field-Tested),6,
Five-SeveN | Case Hardened,WELL_WORN,True,False,19.59,StatTrak™ Five-SeveN | Case Hardened (Well-Worn),6,
"Sticker | b1t (Holo, Champion) | Copenhagen 2024",,False,False,0.73,"Sticker | b1t (Holo, Champion) | Copenhagen 2024",6,
Pros Don't Fake,,False,False,0.79,Sticker | Pros Don't Fake,6,
Sticker | salazar (Glitter) | Copenhagen 2024,,False,False,0.14,Sticker | salazar (Glitter) | Copenhagen 2024,6,
M249 | Predator,MINIMAL_WEAR,False,False,1.19,M249 | Predator (Minimal Wear),6,
"StatTrak™ Music Kit | Jonathan Young, Starship Velociraptor",,True,False,6.0,"StatTrak™ Music Kit | Jonathan Young, Starship Velociraptor",6,
"Music Kit | James and the Cold Gun, Chewing Glass",,False,False,0.6,"Music Kit | James and the Cold Gun, Chewing Glass",6,
Seek & Destroy,,False,False,0.93,Sticker | Seek & Destroy,6,
AWP | Black Nile,FACTORY_NEW,False,True,25.99,Souvenir AWP | Black Nile (Factory New),6,
SSG 08 | Dark Water,FIELD_TESTED,True,False,4.32,StatTrak™ SSG 08 | Dark Water (Field-Tested),6,
Virtus.Pro (Foil) | Cologne 2015,,False,False,14.08,Sticker | Virtus.Pro (Foil) | Cologne 2015,6,
mousesports (Foil) | Cologne 2015,,False,False,37.0,Sticker | mousesports (Foil) | Cologne 2015,6,
Sticker | Hobbit (Glitter) | Copenhagen 2024,,False,False,0.99,Sticker | Hobbit (Glitter) | Copenhagen 2024,6,
FAMAS | Waters of Nephthys,FIELD_TESTED,False,False,44.89,FAMAS | Waters of Nephthys (Field-Tested),6,
Sticker | Hello AK-47 (Gold),,False,False,5.04,Sticker | Hello AK-47 (Gold),6,
Sticker | s1mple (Holo) | Paris 2023,,False,False,19.99,Sticker | s1mple (Holo) | Paris 2023,6,
"Daniel Sadowski, Total Domination",,True,False,4.76,"StatTrak™ Music Kit | Daniel Sadowski, Total Domination",6,
"StatTrak™ Music Kit | Skog, Metal",,False,False,2.5,"Music Kit | Skog, Metal",6,
Nova | Sobek's Bite,FIELD_TESTED,False,False,5.36,Nova | Sobek's Bite (Field-Tested),6,
Nova | Sobek's Bite,FACTORY_NEW,False,False,20.48,Nova | Sobek's Bite (Factory New),6,
SSG 08 | Azure Glyph,FACTORY_NEW,False,False,9.0,SSG 08 | Azure Glyph (Factory New),6,
Sticker | saadzin (Holo) | Austin 2025,,False,False,0.99,Sticker | saadzin (Holo) | Austin 2025,6,
AK-47 | Panthera onca,FACTORY_NEW,False,False,450.0,AK-47 | Panthera onca (Factory New),6,
Galil AR | Vandal,BATTLE_SCARRED,False,False,0.47,Galil AR | Vandal (Battle-Scarred),6,
Fearsome (Holo),,False,False,1.03,Sticker | Fearsome (Holo),6,
MP5-SD | Nitro,FACTORY_NEW,False,False,13.25,MP5-SD | Nitro (Factory New),6,
M4A4 | Urban DDPAT,FACTORY_NEW,False,False,34.19,M4A4 | Urban DDPAT (Factory New),6,
olofmeister | Cologne 2015,,False,False,2.85,Sticker | olofmeister | Cologne 2015,6,
M4A4 | Full Throttle,MINIMAL_WEAR,False,False,89.99,M4A4 | Full Throttle (Minimal Wear),6,
M4A4 | Full Throttle,BATTLE_SCARRED,False,False,23.0,M4A4 | Full Throttle (Battle-Scarred),6,
P2000 | Panther Camo,FIELD_TESTED,False,True,1.39,Souvenir P2000 | Panther Camo (Field-Tested),6,
Bomb Code,,False,False,1.84,Sticker | Bomb Code,6,
Happy | Cologne 2015,,False,False,4.0,Sticker | Happy | Cologne 2015,6,
"StatTrak™ Music Kit | Ben Bromfield, Rabbit Hole",,True,False,1.6,"StatTrak™ Music Kit | Ben Bromfield, Rabbit Hole",6,
Five-SeveN | Boost Protocol,MINIMAL_WEAR,True,False,9.62,StatTrak™ Five-SeveN | Boost Protocol (Minimal Wear),6,
NBK- | Cologne 2015,,False,False,2.41,Sticker | NBK- | Cologne 2015,6,
R8 Revolver | Phoenix Marker,MINIMAL_WEAR,False,False,6.61,R8 Revolver | Phoenix Marker (Minimal Wear),6,
Sticker | KEi (Holo) | Paris 2023,,False,False,0.54,Sticker | KEi (Holo) | Paris 2023,6,
Tec-9 | Mummy's Rot,MINIMAL_WEAR,False,False,2.76,Tec-9 | Mummy's Rot (Minimal Wear),6,
MP5-SD | Condition Zero,MINIMAL_WEAR,False,False,1.4,MP5-SD | Condition Zero (Minimal Wear),6,
Five-SeveN | Dark Polymer,FACTORY_NEW,False,False,1.07,Five-SeveN | Dark Polymer (Factory New),6,
M4A1-S | Bright Water,MINIMAL_WEAR,False,False,48.65,M4A1-S | Bright Water (Minimal Wear),6,
Sticker | ropz (Holo) | Austin 2025,,False,False,2.45,Sticker | ropz (Holo) | Austin 2025,6,
Sticker | Techno4K (Holo) | Rio 2022,,False,False,1.29,Sticker | Techno4K (Holo) | Rio 2022,6,
Sticker | Space Marine (Holo),,False,False,1.09,Sticker | Space Marine (Holo),6,
AK-47 | Leet Museo,FIELD_TESTED,False,False,190.0,AK-47 | Leet Museo (Field-Tested),6,
R8 Revolver | Crimson Web,WELL_WORN,True,False,0.5,StatTrak™ R8 Revolver | Crimson Web (Well-Worn),6,
Galil AR | Chromatic Aberration,MINIMAL_WEAR,True,False,14.17,StatTrak™ Galil AR | Chromatic Aberration (Minimal Wear),6,
★ Gut Knife | Lore,FIELD_TESTED,False,False,74.0,★ Gut Knife | Lore (Field-Tested),6,
"Sticker | Jame (Glitter, Champion) | Rio 2022",,False,False,0.23,"Sticker | Jame (Glitter, Champion) | Rio 2022",6,
Negev | dev_texture,BATTLE_SCARRED,True,False,0.35,StatTrak™ Negev | dev_texture (Battle-Scarred),6,
R8 Revolver | Crimson Web,FACTORY_NEW,False,False,20.0,R8 Revolver | Crimson Web (Factory New),6,
Sawed-Off | Apocalypto,BATTLE_SCARRED,True,False,0.79,StatTrak™ Sawed-Off | Apocalypto (Battle-Scarred),6,
P2000 | Acid Etched,MINIMAL_WEAR,True,False,1.7,StatTrak™ P2000 | Acid Etched (Minimal Wear),6,
Sticker | Team Spirit (Gold) | Austin 2025,,False,False,2.29,Sticker | Team Spirit (Gold) | Austin 2025,6,
Sticker | Chinggis Warriors (Foil) | Austin 2025,,False,False,1.77,Sticker | Chinggis Warriors (Foil) | Austin 2025,6,
Sticker | Natus Vincere (Gold) | Rio 2022,,False,False,4.48,Sticker | Natus Vincere (Gold) | Rio 2022,6,
Sticker | Virtus.Pro (Holo) | Austin 2025,,False,False,2.05,Sticker | Virtus.Pro (Holo) | Austin 2025,6,
Sticker | floppy (Holo) | Paris 2023,,False,False,0.79,Sticker | floppy (Holo) | Paris 2023,6,
★ Bayonet | Gamma Doppler,FACTORY_NEW,False,False,483.99,★ Bayonet | Gamma Doppler (Factory New),6,gamma-doppler-phase3
"StatTrak™ Music Kit | Austin Wintory, Desert Fire",,True,False,4.55,"StatTrak™ Music Kit | Austin Wintory, Desert Fire",6,
Sticker | huNter- (Holo) | Austin 2025,,False,False,3.79,Sticker | huNter- (Holo) | Austin 2025,6,
M4A1-S | Chantico's Fire,MINIMAL_WEAR,False,False,102.51,M4A1-S | Chantico's Fire (Minimal Wear),6,
★ Sport Gloves | Ultra Violent,FIELD_TESTED,False,False,982.69,★ Sport Gloves | Ultra Violent (Field-Tested),6,
"StatTrak™ Music Kit | Sean Murray, A*D*8",,True,False,3.34,"StatTrak™ Music Kit | Sean Murray, A*D*8",6,
M4A1-S | Emphorosaur-S,WELL_WORN,True,False,1.31,StatTrak™ M4A1-S | Emphorosaur-S (Well-Worn),6,
CZ75-Auto | Red Astor,BATTLE_SCARRED,True,False,0.92,StatTrak™ CZ75-Auto | Red Astor (Battle-Scarred),6,
"StatTrak™ Music Kit | Tree Adams and Ben Bromfield, M.U.D.D. FORCE",,True,False,1.75,"StatTrak™ Music Kit | Tree Adams and Ben Bromfield, M.U.D.D. FORCE",6,
Nova | Red Quartz,FACTORY_NEW,False,False,15.37,Nova | Red Quartz (Factory New),6,
R8 Revolver | Reboot,BATTLE_SCARRED,False,False,0.94,R8 Revolver | Reboot (Battle-Scarred),6,
Sticker | ZywOo (Holo) | Austin 2025,,False,False,2.08,Sticker | ZywOo (Holo) | Austin 2025,6,
★ Bayonet | Lore,FIELD_TESTED,False,False,230.0,★ Bayonet | Lore (Field-Tested),6,
"StatTrak™ Music Kit | Skog, III-Arena",,True,False,1.19,"StatTrak™ Music Kit | Skog, III-Arena",6,
Sticker | kyxsan (Holo) | Paris 2023,,False,False,0.22,Sticker | kyxsan (Holo) | Paris 2023,6,
CZ75-Auto | Yellow Jacket,FACTORY_NEW,False,False,30.0,CZ75-Auto | Yellow Jacket (Factory New),6,
SSG 08 | Ghost Crusader,BATTLE_SCARRED,False,False,0.93,SSG 08 | Ghost Crusader (Battle-Scarred),6,
AK-47 | Phantom Disruptor,WELL_WORN,False,False,4.91,AK-47 | Phantom Disruptor (Well-Worn),6,
G3SG1 | The Executioner,WELL_WORN,False,False,7.54,G3SG1 | The Executioner (Well-Worn),6,
Sticker | Dycha (Holo) | Rio 2022,,False,False,0.97,Sticker | Dycha (Holo) | Rio 2022,6,
Sticker | Sico (Holo) | Paris 2023,,False,False,1.42,Sticker | Sico (Holo) | Paris 2023,6,
PP-Bizon | RMX,WELL_WORN,True,False,0.16,StatTrak™ PP-Bizon | RMX (Well-Worn),6,
Sticker | IEM (Gold) | Rio 2022,,False,False,2.49,Sticker | IEM (Gold) | Rio 2022,6,
OpTic Gaming | Cologne 2016,,False,False,8.5,Sticker | OpTic Gaming | Cologne 2016,6,
R8 Revolver | Bone Forged,BATTLE_SCARRED,True,False,0.21,StatTrak™ R8 Revolver | Bone Forged (Battle-Scarred),6,
Counter Logic Gaming | Cologne 2016,,False,False,8.75,Sticker | Counter Logic Gaming | Cologne 2016,6,
CZ75-Auto | Victoria,MINIMAL_WEAR,False,False,78.5,CZ75-Auto | Victoria (Minimal Wear),6,
Counter Logic Gaming (Foil) | Cologne 2016,,False,False,51.0,Sticker | Counter Logic Gaming (Foil) | Cologne 2016,6,
CZ75-Auto | The Fuschia Is Now,FIELD_TESTED,False,False,18.5,CZ75-Auto | The Fuschia Is Now (Field-Tested),6,
★ Bowie Knife | Freehand,FIELD_TESTED,False,False,56.99,★ Bowie Knife | Freehand (Field-Tested),6,
FaZe Clan | Cologne 2016,,False,False,4.64,Sticker | FaZe Clan | Cologne 2016,6,
"Music Kit | Laura Shigihara: Work Hard, Play Hard",,False,False,2.1,"Music Kit | Laura Shigihara: Work Hard, Play Hard",6,
Sticker | Metizport (Foil) | Austin 2025,,False,False,0.24,Sticker | Metizport (Foil) | Austin 2025,6,
MP5-SD | Desert Strike,WELL_WORN,False,False,0.12,MP5-SD | Desert Strike (Well-Worn),6,
NiKo | MLG Columbus 2016,,False,False,14.88,Sticker | NiKo | MLG Columbus 2016,6,
SG 553 | Darkwing,WELL_WORN,True,False,0.8,StatTrak™ SG 553 | Darkwing (Well-Worn),6,
CZ75-Auto | Pole Position,MINIMAL_WEAR,True,False,2.34,StatTrak™ CZ75-Auto | Pole Position (Minimal Wear),6,
Sticker | karrigan (Foil) | Austin 2025,,False,False,0.37,Sticker | karrigan (Foil) | Austin 2025,6,
Gamma Case Key,,False,False,14.14,Gamma Case Key,6,
Ninjas in Pyjamas (Foil) | MLG Columbus 2016,,False,False,28.32,Sticker | Ninjas in Pyjamas (Foil) | MLG Columbus 2016,6,
Flipsid3 Tactics | MLG Columbus 2016,,False,False,10.0,Sticker | Flipsid3 Tactics | MLG Columbus 2016,6,
G2 Esports (Foil) | MLG Columbus 2016,,False,False,49.0,Sticker | G2 Esports (Foil) | MLG Columbus 2016,6,
CZ75-Auto | Pole Position,BATTLE_SCARRED,False,False,0.92,CZ75-Auto | Pole Position (Battle-Scarred),6,
M4A1-S | Player Two,FACTORY_NEW,False,False,195.0,M4A1-S | Player Two (Factory New),6,
Sticker | hardzao (Gold) | Paris 2023,,False,False,2.48,Sticker | hardzao (Gold) | Paris 2023,6,
Sticker | vexite (Gold) | Paris 2023,,False,False,2.89,Sticker | vexite (Gold) | Paris 2023,6,
Glock-18 | Bullet Queen,FACTORY_NEW,False,False,155.0,Glock-18 | Bullet Queen (Factory New),6,
Glock-18 | Bullet Queen,BATTLE_SCARRED,False,False,45.13,Glock-18 | Bullet Queen (Battle-Scarred),6,
fnx | MLG Columbus 2016,,False,False,4.2,Sticker | fnx | MLG Columbus 2016,6,
CZ75-Auto | Twist,MINIMAL_WEAR,True,False,1.95,StatTrak™ CZ75-Auto | Twist (Minimal Wear),6,
SSG 08 | Ghost Crusader,BATTLE_SCARRED,True,False,1.65,StatTrak™ SSG 08 | Ghost Crusader (Battle-Scarred),6,
Sticker | MATYS (Holo) | Budapest 2025,,False,False,0.66,Sticker | MATYS (Holo) | Budapest 2025,6,
Glock-18 | Franklin,FACTORY_NEW,False,False,139.04,Glock-18 | Franklin (Factory New),6,
XM1014 | Entombed,MINIMAL_WEAR,True,False,4.7,StatTrak™ XM1014 | Entombed (Minimal Wear),6,
M4A1-S | Guardian,FACTORY_NEW,True,False,95.73,StatTrak™ M4A1-S | Guardian (Factory New),6,
Desert Eagle | Sunset Storm 壱,FACTORY_NEW,False,False,600.0,Desert Eagle | Sunset Storm 壱 (Factory New),6,
XM1014 | Entombed,FACTORY_NEW,True,False,8.51,StatTrak™ XM1014 | Entombed (Factory New),6,
Charm | Austin 2025 Highlight | Closing Kills,,False,True,1.0,Souvenir Charm | Austin 2025 Highlight | Closing Kills,6,
Desert Eagle | Midnight Storm,BATTLE_SCARRED,False,False,14.83,Desert Eagle | Midnight Storm (Battle-Scarred),6,
Desert Eagle | Printstream,BATTLE_SCARRED,True,False,52.68,StatTrak™ Desert Eagle | Printstream (Battle-Scarred),6,
Sticker | HEROIC (Holo) | Austin 2025,,False,False,2.2,Sticker | HEROIC (Holo) | Austin 2025,6,
★ Flip Knife | Doppler,FACTORY_NEW,False,False,286.43,★ Flip Knife | Doppler (Factory New),6,doppler-phase4
Sticker | khaN (Foil) | Austin 2025,,False,False,0.15,Sticker | khaN (Foil) | Austin 2025,6,
MP9 | Featherweight,MINIMAL_WEAR,True,False,0.17,StatTrak™ MP9 | Featherweight (Minimal Wear),6,
Sticker | AZUWU (Foil) | Cologne 2026,,False,False,0.41,Sticker | AZUWU (Foil) | Cologne 2026,6,
Galil AR | Connexion,FACTORY_NEW,True,False,6.99,StatTrak™ Galil AR | Connexion (Factory New),6,
Sticker | The Mongolz (Holo) | Budapest 2025,,False,False,1.36,Sticker | The Mongolz (Holo) | Budapest 2025,6,
★ Falchion Knife,Not Painted,False,False,96.99,★ Falchion Knife,6,
Dual Berettas | Ventilators,WELL_WORN,False,False,0.6,Dual Berettas | Ventilators (Well-Worn),6,
SSG 08 | Necropos,BATTLE_SCARRED,False,False,1.0,SSG 08 | Necropos (Battle-Scarred),6,
Sticker Slab | T On Cat,,False,False,2.5,Sticker Slab | T On Cat,6,
UMP-45 | Crime Scene,FACTORY_NEW,False,False,96.48,UMP-45 | Crime Scene (Factory New),6,
Charm | Austin 2025 Highlight | Flying Frenchman,,False,True,1.55,Souvenir Charm | Austin 2025 Highlight | Flying Frenchman,6,
PP-Bizon | Photic Zone,FACTORY_NEW,True,False,5.64,StatTrak™ PP-Bizon | Photic Zone (Factory New),6,
★ M9 Bayonet | Fade,FACTORY_NEW,False,False,999.0,★ M9 Bayonet | Fade (Factory New),6,
Sticker | mopoz (Glitter) | Copenhagen 2024,,False,False,0.14,Sticker | mopoz (Glitter) | Copenhagen 2024,6,
USP-S | 27,WELL_WORN,True,False,0.33,StatTrak™ USP-S | 27 (Well-Worn),6,
Sticker | Poorly Drawn IDF (Holo),,False,False,1.99,Sticker | Poorly Drawn IDF (Holo),6,
Dual Berettas | Dezastre,WELL_WORN,False,False,2.7,Dual Berettas | Dezastre (Well-Worn),6,
Sticker | FlyQuest (Holo) | Budapest 2025,,False,False,3.11,Sticker | FlyQuest (Holo) | Budapest 2025,6,
Sticker | Blue Shark Shooter,,False,False,0.41,Sticker | Blue Shark Shooter,6,
Sticker | Poorly Drawn Number K (Holo),,False,False,1.87,Sticker | Poorly Drawn Number K (Holo),6,
Sticker | Peek Me (Foil),,False,False,0.5,Sticker | Peek Me (Foil),6,
FAMAS | Faulty Wiring,FACTORY_NEW,False,False,7.6,FAMAS | Faulty Wiring (Factory New),6,
Dual Berettas | Anodized Navy,FACTORY_NEW,False,False,22.0,Dual Berettas | Anodized Navy (Factory New),6,
Sticker | sjuush (Glitter) | Copenhagen 2024,,False,False,1.99,Sticker | sjuush (Glitter) | Copenhagen 2024,6,
FAMAS | Faulty Wiring,FIELD_TESTED,False,False,0.57,FAMAS | Faulty Wiring (Field-Tested),6,
G3SG1 | Ancient Ritual,FACTORY_NEW,False,False,35.0,G3SG1 | Ancient Ritual (Factory New),6,
★ Gut Knife | Fade,FACTORY_NEW,False,False,114.87,★ Gut Knife | Fade (Factory New),6,
Five-SeveN | Violent Daimyo,WELL_WORN,False,False,0.37,Five-SeveN | Violent Daimyo (Well-Worn),6,
MAC-10 | Candy Apple,MINIMAL_WEAR,False,True,6.5,Souvenir MAC-10 | Candy Apple (Minimal Wear),6,
Sticker | Aleksib (Holo) | Austin 2025,,False,False,0.59,Sticker | Aleksib (Holo) | Austin 2025,6,
XM1014 | Black Tie,FACTORY_NEW,True,False,14.0,StatTrak™ XM1014 | Black Tie (Factory New),6,
Austin 2025 Anubis Souvenir Package,,False,False,2.85,Austin 2025 Anubis Souvenir Package,6,
Desert Eagle | Trigger Discipline,BATTLE_SCARRED,True,False,1.5,StatTrak™ Desert Eagle | Trigger Discipline (Battle-Scarred),6,
Austin 2025 Dust II Souvenir Package,,False,False,2.64,Austin 2025 Dust II Souvenir Package,6,
Sawed-Off | Limelight,FACTORY_NEW,True,False,8.69,StatTrak™ Sawed-Off | Limelight (Factory New),6,
Tec-9 | Ice Cap,BATTLE_SCARRED,False,False,0.42,Tec-9 | Ice Cap (Battle-Scarred),6,
Nova | Exo,WELL_WORN,True,False,0.28,StatTrak™ Nova | Exo (Well-Worn),6,
Sticker | Imperial Esports (Holo) | Austin 2025,,False,False,3.9,Sticker | Imperial Esports (Holo) | Austin 2025,6,
MAC-10 | Candy Apple,FACTORY_NEW,False,True,6.94,Souvenir MAC-10 | Candy Apple (Factory New),6,
MP9 | Music Box,FACTORY_NEW,False,True,3.29,Souvenir MP9 | Music Box (Factory New),6,
P250 | Iron Clad,BATTLE_SCARRED,True,False,0.34,StatTrak™ P250 | Iron Clad (Battle-Scarred),6,
P250 | Iron Clad,MINIMAL_WEAR,True,False,0.7,StatTrak™ P250 | Iron Clad (Minimal Wear),6,
Sticker | ENCE (Holo) | Copenhagen 2024,,False,False,4.66,Sticker | ENCE (Holo) | Copenhagen 2024,6,
SCAR-20 | Bloodsport,FIELD_TESTED,True,False,8.49,StatTrak™ SCAR-20 | Bloodsport (Field-Tested),6,
MAC-10 | Carnivore,FACTORY_NEW,True,False,11.95,StatTrak™ MAC-10 | Carnivore (Factory New),6,
★ Flip Knife | Blue Steel,FIELD_TESTED,False,False,138.5,★ Flip Knife | Blue Steel (Field-Tested),6,
MAC-10 | Carnivore,BATTLE_SCARRED,True,False,0.33,StatTrak™ MAC-10 | Carnivore (Battle-Scarred),6,
M4A4 | 龍王 (Dragon King),FACTORY_NEW,True,False,84.99,StatTrak™ M4A4 | 龍王 (Dragon King) (Factory New),6,
Sticker | Hello MAC-10,,False,False,0.48,Sticker | Hello MAC-10,6,
AUG | Aristocrat,MINIMAL_WEAR,True,False,4.19,StatTrak™ AUG | Aristocrat (Minimal Wear),6,
AWP | Phobos,FIELD_TESTED,True,False,3.69,StatTrak™ AWP | Phobos (Field-Tested),6,
Galil AR | Firefight,FIELD_TESTED,True,False,1.56,StatTrak™ Galil AR | Firefight (Field-Tested),6,
USP-S | The Traitor,WELL_WORN,True,False,31.95,StatTrak™ USP-S | The Traitor (Well-Worn),6,
M4A4 | In Living Color,BATTLE_SCARRED,False,False,23.87,M4A4 | In Living Color (Battle-Scarred),6,
Desert Eagle | Naga,BATTLE_SCARRED,False,False,1.79,Desert Eagle | Naga (Battle-Scarred),6,
Galil AR | Firefight,MINIMAL_WEAR,False,False,1.91,Galil AR | Firefight (Minimal Wear),6,
Sticker | xfl0ud (Foil) | Cologne 2026,,False,False,0.27,Sticker | xfl0ud (Foil) | Cologne 2026,6,
MAC-10 | Propaganda,MINIMAL_WEAR,False,False,50.0,MAC-10 | Propaganda (Minimal Wear),6,
M4A4 | Desolate Space,BATTLE_SCARRED,True,False,20.84,StatTrak™ M4A4 | Desolate Space (Battle-Scarred),6,
M4A4 | In Living Color,WELL_WORN,False,False,25.71,M4A4 | In Living Color (Well-Worn),6,
M4A4 | Evil Daimyo,FIELD_TESTED,True,False,7.15,StatTrak™ M4A4 | Evil Daimyo (Field-Tested),6,
Sealed Graffiti | Dead Now (Tiger Orange),,False,False,0.17,Sealed Graffiti | Dead Now (Tiger Orange),6,
Sticker | kennyS | Katowice 2019,,False,False,9.32,Sticker | kennyS | Katowice 2019,6,
Zeus x27 | Tosai,WELL_WORN,True,False,0.67,StatTrak™ Zeus x27 | Tosai (Well-Worn),6,
AK-47 | Nouveau Rouge,BATTLE_SCARRED,False,False,4.8,AK-47 | Nouveau Rouge (Battle-Scarred),6,
P2000 | Turf,FIELD_TESTED,True,False,0.73,StatTrak™ P2000 | Turf (Field-Tested),6,
Sealed Graffiti | Applause (Cash Green),,False,False,0.23,Sealed Graffiti | Applause (Cash Green),6,
SSG 08 | Death's Head,FIELD_TESTED,False,False,14.5,SSG 08 | Death's Head (Field-Tested),6,
Sticker | stanislaw | London 2018,,False,False,0.6,Sticker | stanislaw | London 2018,6,
M4A1-S | Briefing,FACTORY_NEW,False,False,82.62,M4A1-S | Briefing (Factory New),6,
AK-47 | Nouveau Rouge,WELL_WORN,False,False,6.97,AK-47 | Nouveau Rouge (Well-Worn),6,
M4A1-S | Briefing,FACTORY_NEW,True,False,36.21,StatTrak™ M4A1-S | Briefing (Factory New),6,
Sticker | v4lde (Foil) | Berlin 2019,,False,False,0.55,Sticker | v4lde (Foil) | Berlin 2019,6,
XM1014 | Banana Leaf,MINIMAL_WEAR,False,False,12.13,XM1014 | Banana Leaf (Minimal Wear),6,
M4A1-S | Briefing,FIELD_TESTED,True,False,6.9,StatTrak™ M4A1-S | Briefing (Field-Tested),6,
Sticker | Team Liquid (Holo) | Austin 2025,,False,False,4.74,Sticker | Team Liquid (Holo) | Austin 2025,6,
Sealed Graffiti | Kiss (Bazooka Pink),,False,False,1.55,Sealed Graffiti | Kiss (Bazooka Pink),6,
★ Navaja Knife | Marble Fade,FACTORY_NEW,False,False,80.0,★ Navaja Knife | Marble Fade (Factory New),6,
Sticker | Team Spirit | London 2018,,False,False,3.65,Sticker | Team Spirit | London 2018,6,
AK-47 | Cartel,MINIMAL_WEAR,True,False,72.65,StatTrak™ AK-47 | Cartel (Minimal Wear),6,
FAMAS | Hexane,MINIMAL_WEAR,True,False,5.79,StatTrak™ FAMAS | Hexane (Minimal Wear),6,
G3SG1 | Stinger,FIELD_TESTED,True,False,1.33,StatTrak™ G3SG1 | Stinger (Field-Tested),6,
UMP-45 | Delusion,FACTORY_NEW,True,False,8.84,StatTrak™ UMP-45 | Delusion (Factory New),6,
Sticker | Fnatic (Holo) | London 2018,,False,False,9.11,Sticker | Fnatic (Holo) | London 2018,6,
Glock-18 | Ironwork,MINIMAL_WEAR,False,False,4.42,Glock-18 | Ironwork (Minimal Wear),6,
Negev | Man-o'-war,FIELD_TESTED,False,False,0.35,Negev | Man-o'-war (Field-Tested),6,
USP-S | Check Engine,BATTLE_SCARRED,False,False,0.64,USP-S | Check Engine (Battle-Scarred),6,
Dual Berettas | Royal Consorts,FACTORY_NEW,True,False,30.89,StatTrak™ Dual Berettas | Royal Consorts (Factory New),6,
MAC-10 | Neon Rider,FIELD_TESTED,True,False,90.0,StatTrak™ MAC-10 | Neon Rider (Field-Tested),6,
USP-S | Check Engine,FACTORY_NEW,False,True,10.5,Souvenir USP-S | Check Engine (Factory New),6,
Collectible Pins Capsule Series 2,,False,False,9.2,Collectible Pins Capsule Series 2,6,
Sealed Graffiti | Rly (Shark White),,False,False,0.17,Sealed Graffiti | Rly (Shark White),6,
Sealed Graffiti | Silver Bullet (Cash Green),,False,False,0.15,Sealed Graffiti | Silver Bullet (Cash Green),6,
Sealed Graffiti | Shining Star (Jungle Green),,False,False,1.36,Sealed Graffiti | Shining Star (Jungle Green),6,
MAG-7 | Firestarter,MINIMAL_WEAR,True,False,2.15,StatTrak™ MAG-7 | Firestarter (Minimal Wear),6,
Sticker | kabal (Holo) | Antwerp 2022,,False,False,1.44,Sticker | kabal (Holo) | Antwerp 2022,6,
Sticker | GuardiaN (Foil) | Berlin 2019,,False,False,0.87,Sticker | GuardiaN (Foil) | Berlin 2019,6,
Sealed Graffiti | Renegades | London 2018,,False,False,2.1,Sealed Graffiti | Renegades | London 2018,6,
★ Ursus Knife | Doppler,FACTORY_NEW,False,False,450.0,★ Ursus Knife | Doppler (Factory New),6,doppler-saphhire
Sticker | floppy (Gold) | Antwerp 2022,,False,False,3.19,Sticker | floppy (Gold) | Antwerp 2022,6,
USP-S | Cyrex,FACTORY_NEW,True,False,17.06,StatTrak™ USP-S | Cyrex (Factory New),6,
M4A1-S | Flashback,FACTORY_NEW,False,False,195.0,M4A1-S | Flashback (Factory New),6,
Sealed Graffiti | Space Soldiers | London 2018,,False,False,1.41,Sealed Graffiti | Space Soldiers | London 2018,6,
UMP-45 | Indigo,FIELD_TESTED,False,True,1.98,Souvenir UMP-45 | Indigo (Field-Tested),6,
M4A4 | Neo-Noir,FACTORY_NEW,False,False,150.31,M4A4 | Neo-Noir (Factory New),6,
Stiletto Knife | Tiger Tooth,FACTORY_NEW,False,False,267.19,★ Stiletto Knife | Tiger Tooth (Factory New),6,
M4A4 | Neo-Noir,BATTLE_SCARRED,False,False,23.72,M4A4 | Neo-Noir (Battle-Scarred),6,
★ Navaja Knife | Ultraviolet,MINIMAL_WEAR,False,False,75.0,★ Navaja Knife | Ultraviolet (Minimal Wear),6,
Sealed Graffiti | compLexity Gaming | London 2018,,False,False,1.5,Sealed Graffiti | compLexity Gaming | London 2018,6,
P90 | Death by Kitty,MINIMAL_WEAR,False,False,95.0,P90 | Death by Kitty (Minimal Wear),6,
Glock-18 | Pink DDPAT,FIELD_TESTED,False,True,15.38,Souvenir Glock-18 | Pink DDPAT (Field-Tested),6,
Sticker | nex | London 2018,,False,False,2.48,Sticker | nex | London 2018,6,
Sealed Graffiti | Silver Bullet (Wire Blue),,False,False,0.16,Sealed Graffiti | Silver Bullet (Wire Blue),6,
MAC-10 | Stalker,BATTLE_SCARRED,False,False,44.9,MAC-10 | Stalker (Battle-Scarred),6,
MP7 | Cirrus,WELL_WORN,False,False,0.76,MP7 | Cirrus (Well-Worn),6,
MAC-10 | Stalker,MINIMAL_WEAR,False,False,39.99,MAC-10 | Stalker (Minimal Wear),6,
AWP | Chromatic Aberration,MINIMAL_WEAR,True,False,36.98,StatTrak™ AWP | Chromatic Aberration (Minimal Wear),6,
Sticker | nexa | Berlin 2019,,False,False,0.15,Sticker | nexa | Berlin 2019,6,
M4A1-S | Rose Hex,WELL_WORN,False,False,0.14,M4A1-S | Rose Hex (Well-Worn),6,
Sticker | brnz4n (Glitter) | Shanghai 2024,,False,False,0.12,Sticker | brnz4n (Glitter) | Shanghai 2024,6,
PP-Bizon | Water Sigil,MINIMAL_WEAR,True,False,3.88,StatTrak™ PP-Bizon | Water Sigil (Minimal Wear),6,
MP7 | Cirrus,BATTLE_SCARRED,True,False,1.18,StatTrak™ MP7 | Cirrus (Battle-Scarred),6,
Sticker | Cluck,,False,False,2.5,Sticker | Cluck,6,
R8 Revolver | Skull Crusher,WELL_WORN,False,False,4.84,R8 Revolver | Skull Crusher (Well-Worn),6,
R8 Revolver | Skull Crusher,BATTLE_SCARRED,True,False,5.18,StatTrak™ R8 Revolver | Skull Crusher (Battle-Scarred),6,
Patch | FURIA | Stockholm 2021,,False,False,3.58,Patch | FURIA | Stockholm 2021,6,
MP7 | Mischief,MINIMAL_WEAR,False,False,8.87,MP7 | Mischief (Minimal Wear),6,
Tec-9 | Tornado,FIELD_TESTED,False,False,3.78,Tec-9 | Tornado (Field-Tested),6,
Tec-9 | Blue Titanium,FACTORY_NEW,False,False,64.93,Tec-9 | Blue Titanium (Factory New),6,
P250 | Facility Draft,FACTORY_NEW,False,False,1.5,P250 | Facility Draft (Factory New),6,
XM1014 | Incinegator,FIELD_TESTED,True,False,5.54,StatTrak™ XM1014 | Incinegator (Field-Tested),6,
olofmeister | Krakow 2017,,False,False,2.81,Sticker | olofmeister | Krakow 2017,6,
Tec-9 | Sandstorm,WELL_WORN,True,False,0.97,StatTrak™ Tec-9 | Sandstorm (Well-Worn),6,
Sealed Graffiti | BOOM (Tiger Orange),,False,False,0.15,Sealed Graffiti | BOOM (Tiger Orange),6,
Bowie Knife | Lore,FIELD_TESTED,False,False,75.99,★ Bowie Knife | Lore (Field-Tested),6,
AWP | Atheris,FIELD_TESTED,True,False,7.38,StatTrak™ AWP | Atheris (Field-Tested),6,
Tec-9 | Isaac,WELL_WORN,False,False,2.22,Tec-9 | Isaac (Well-Worn),6,
Tec-9 | Toxic,FACTORY_NEW,False,False,38.56,Tec-9 | Toxic (Factory New),6,
Sticker | zorte (Holo) | Antwerp 2022,,False,False,0.5,Sticker | zorte (Holo) | Antwerp 2022,6,
Sealed Graffiti | Oops (Bazooka Pink),,False,False,1.63,Sealed Graffiti | Oops (Bazooka Pink),6,
"Sticker | Twistzz (Holo, Champion) | Antwerp 2022",,False,False,2.58,"Sticker | Twistzz (Holo, Champion) | Antwerp 2022",6,
Sticker | huNter (Holo) | Antwerp 2022,,False,False,1.1,Sticker | huNter (Holo) | Antwerp 2022,6,
MAC-10 | Whitefish,WELL_WORN,True,False,0.26,StatTrak™ MAC-10 | Whitefish (Well-Worn),6,
Tec-9 | Avalanche,BATTLE_SCARRED,False,False,1.41,Tec-9 | Avalanche (Battle-Scarred),6,
P90 | Straight Dimes,FACTORY_NEW,False,False,2.3,P90 | Straight Dimes (Factory New),6,
Tec-9 | Avalanche,FACTORY_NEW,True,False,21.18,StatTrak™ Tec-9 | Avalanche (Factory New),6,
Tec-9 | Avalanche,WELL_WORN,False,False,1.33,Tec-9 | Avalanche (Well-Worn),6,
Tec-9 | Avalanche,WELL_WORN,True,False,3.0,StatTrak™ Tec-9 | Avalanche (Well-Worn),6,
s1mple | Krakow 2017,,False,False,15.0,Sticker | s1mple | Krakow 2017,6,
M4A4 | Converter,FIELD_TESTED,False,True,10.0,Souvenir M4A4 | Converter (Field-Tested),6,
STYKO (Foil) | Boston 2018,,False,False,8.98,Sticker | STYKO (Foil) | Boston 2018,6,
STYKO | Boston 2018,,False,False,1.25,Sticker | STYKO | Boston 2018,6,
Navaja Knife | Crimson Web,FIELD_TESTED,False,False,58.55,★ Navaja Knife | Crimson Web (Field-Tested),6,
MP7 | Neon Ply,MINIMAL_WEAR,True,False,9.75,StatTrak™ MP7 | Neon Ply (Minimal Wear),6,
AUG | Ricochet,MINIMAL_WEAR,True,False,0.78,StatTrak™ AUG | Ricochet (Minimal Wear),6,
AUG | Eye of Zapems,WELL_WORN,False,False,1.8,AUG | Eye of Zapems (Well-Worn),6,
AK-47 | Redline,MINIMAL_WEAR,True,False,335.0,StatTrak™ AK-47 | Redline (Minimal Wear),6,
Sawed-Off | Yorick,MINIMAL_WEAR,False,False,0.34,Sawed-Off | Yorick (Minimal Wear),6,
seang@res | Boston 2018,,False,False,44.0,Sticker | seang@res | Boston 2018,6,
AUG | Momentum,FIELD_TESTED,True,False,6.5,StatTrak™ AUG | Momentum (Field-Tested),6,
Glock-18 | Wraiths,FACTORY_NEW,False,False,12.19,Glock-18 | Wraiths (Factory New),6,
BIG (Holo) | Krakow 2017,,False,False,6.95,Sticker | BIG (Holo) | Krakow 2017,6,
Sawed-Off | Highwayman,FIELD_TESTED,False,False,1.22,Sawed-Off | Highwayman (Field-Tested),6,
Zeus x27 | Olympus,BATTLE_SCARRED,True,False,4.15,StatTrak™ Zeus x27 | Olympus (Battle-Scarred),6,
MAG-7 | Seabird,BATTLE_SCARRED,False,False,3.57,MAG-7 | Seabird (Battle-Scarred),6,
Zeus x27 | Olympus,BATTLE_SCARRED,False,False,2.6,Zeus x27 | Olympus (Battle-Scarred),6,
AUG | Ricochet,BATTLE_SCARRED,False,False,0.2,AUG | Ricochet (Battle-Scarred),6,
★ Navaja Knife | Damascus Steel,FIELD_TESTED,False,False,37.63,★ Navaja Knife | Damascus Steel (Field-Tested),6,
Sawed-Off | Highwayman,MINIMAL_WEAR,False,False,2.23,Sawed-Off | Highwayman (Minimal Wear),6,
Sealed Graffiti | 1G (Violent Violet),,False,False,0.11,Sealed Graffiti | 1G (Violent Violet),6,
M4A4 | The Emperor,WELL_WORN,False,False,47.99,M4A4 | The Emperor (Well-Worn),6,
Sawed-Off | Serenity,FACTORY_NEW,True,False,7.34,StatTrak™ Sawed-Off | Serenity (Factory New),6,
Sticker | Attacker (Foil) | Berlin 2019,,False,False,2.13,Sticker | Attacker (Foil) | Berlin 2019,6,
Sticker | mousesports (Foil) | Berlin 2019,,False,False,9.39,Sticker | mousesports (Foil) | Berlin 2019,6,
MAG-7 | Seabird,FIELD_TESTED,False,False,4.28,MAG-7 | Seabird (Field-Tested),6,
Sealed Graffiti | Puke (War Pig Pink),,False,False,0.26,Sealed Graffiti | Puke (War Pig Pink),6,
Sawed-Off | Yorick,FACTORY_NEW,False,False,3.55,Sawed-Off | Yorick (Factory New),6,
byali | Krakow 2017,,False,False,2.78,Sticker | byali | Krakow 2017,6,
Sticker | NRG (Foil) | Berlin 2019,,False,False,3.89,Sticker | NRG (Foil) | Berlin 2019,6,
PP-Bizon | Carbon Fiber,FACTORY_NEW,False,True,4.0,Souvenir PP-Bizon | Carbon Fiber (Factory New),6,
PP-Bizon | Carbon Fiber,FACTORY_NEW,False,False,13.71,PP-Bizon | Carbon Fiber (Factory New),6,
Sticker | Plopski (Holo) | Stockholm 2021,,False,False,0.33,Sticker | Plopski (Holo) | Stockholm 2021,6,
UMP-45 | Delusion,MINIMAL_WEAR,True,False,1.32,StatTrak™ UMP-45 | Delusion (Minimal Wear),6,
Sealed Graffiti | G2 Esports | London 2018,,False,False,1.72,Sealed Graffiti | G2 Esports | London 2018,6,
★ Huntsman Knife | Freehand,FACTORY_NEW,False,False,79.0,★ Huntsman Knife | Freehand (Factory New),6,
Charm | Hot Wurst,,False,False,11.82,Charm | Hot Wurst,6,
Five-SeveN | Capillary,BATTLE_SCARRED,True,False,0.28,StatTrak™ Five-SeveN | Capillary (Battle-Scarred),6,
MAC-10 | Poplar Thicket,MINIMAL_WEAR,False,False,0.24,MAC-10 | Poplar Thicket (Minimal Wear),6,
Sticker | NAF (Foil) | Berlin 2019,,False,False,0.38,Sticker | NAF (Foil) | Berlin 2019,6,
★ Falchion Knife | Rust Coat,BATTLE_SCARRED,False,False,53.48,★ Falchion Knife | Rust Coat (Battle-Scarred),6,
StatTrak™ P90 | Traction,BATTLE_SCARRED,True,False,0.3,StatTrak™ P90 | Traction (Battle-Scarred),6,
P90 | Virus,FIELD_TESTED,True,False,3.2,StatTrak™ P90 | Virus (Field-Tested),6,
Negev | Drop Me,FACTORY_NEW,True,False,0.88,StatTrak™ Negev | Drop Me (Factory New),6,
AWP | Queen's Gambit,WELL_WORN,False,False,50.0,AWP | Queen's Gambit (Well-Worn),6,
Sealed Graffiti | BEEP (Tiger Orange),,False,False,0.14,Sealed Graffiti | BEEP (Tiger Orange),6,
Patch | BIG | Stockholm 2021,,False,False,4.39,Patch | BIG | Stockholm 2021,6,
MAC-10 | Derailment,BATTLE_SCARRED,False,False,1.78,MAC-10 | Derailment (Battle-Scarred),6,
Sticker | NEO | Berlin 2019,,False,False,0.39,Sticker | NEO | Berlin 2019,6,
★ Falchion Knife | Gamma Doppler,FACTORY_NEW,False,False,210.0,★ Falchion Knife | Gamma Doppler (Factory New),6,gamma-doppler-phase4
AK-47 | Predator,MINIMAL_WEAR,False,False,13.5,AK-47 | Predator (Minimal Wear),6,
★ Huntsman Knife | Doppler,FACTORY_NEW,False,False,270.99,★ Huntsman Knife | Doppler (Factory New),6,doppler-phase1
M4A1-S | Stratosphere,BATTLE_SCARRED,False,False,2.97,M4A1-S | Stratosphere (Battle-Scarred),6,
Patch | FURIA (Gold) | Stockholm 2021,,False,False,28.0,Patch | FURIA (Gold) | Stockholm 2021,6,
Sealed Graffiti | 1G (Tracer Yellow),,False,False,0.11,Sealed Graffiti | 1G (Tracer Yellow),6,
Sealed Graffiti | Okay (Tracer Yellow),,False,False,0.14,Sealed Graffiti | Okay (Tracer Yellow),6,
AWP | PAW,MINIMAL_WEAR,True,False,6.99,StatTrak™ AWP | PAW (Minimal Wear),6,
Sticker | FlyQuest | Cologne 2026,,False,False,0.18,Sticker | FlyQuest | Cologne 2026,6,
Sealed Graffiti | Choke (Cash Green),,False,False,0.28,Sealed Graffiti | Choke (Cash Green),6,
USP-S | Silent Shot,FIELD_TESTED,True,False,2.05,StatTrak™ USP-S | Silent Shot (Field-Tested),6,
StatTrak™ Nova | Toy Soldier,MINIMAL_WEAR,True,False,3.99,StatTrak™ Nova | Toy Soldier (Minimal Wear),6,
Sticker | dephh | Berlin 2019,,False,False,0.89,Sticker | dephh | Berlin 2019,6,
M4A1-S | Stratosphere,FACTORY_NEW,False,False,50.11,M4A1-S | Stratosphere (Factory New),6,
StatTrak™ Tec-9 | Snek-9,FACTORY_NEW,False,False,9.68,Tec-9 | Snek-9 (Factory New),6,
Skeleton Knife | Damascus Steel,MINIMAL_WEAR,False,False,209.99,★ Skeleton Knife | Damascus Steel (Minimal Wear),6,
★ Huntsman Knife | Doppler,FACTORY_NEW,False,False,299.0,★ Huntsman Knife | Doppler (Factory New),6,doppler-phase4
Sealed Graffiti | Kiss (War Pig Pink),,False,False,0.61,Sealed Graffiti | Kiss (War Pig Pink),6,
Sealed Graffiti | Hop (Monster Purple),,False,False,1.83,Sealed Graffiti | Hop (Monster Purple),6,
Sticker | FL1T (Glitter) | Antwerp 2022,,False,False,0.39,Sticker | FL1T (Glitter) | Antwerp 2022,6,
★ Huntsman Knife | Gamma Doppler,FACTORY_NEW,False,False,199.42,★ Huntsman Knife | Gamma Doppler (Factory New),6,gamma-doppler-phase4
AK-47 | Aquamarine Revenge,WELL_WORN,True,False,65.0,StatTrak™ AK-47 | Aquamarine Revenge (Well-Worn),6,
Negev | Power Loader,BATTLE_SCARRED,False,False,0.89,Negev | Power Loader (Battle-Scarred),6,
G3SG1 | Safari Mesh,BATTLE_SCARRED,False,False,2.9,G3SG1 | Safari Mesh (Battle-Scarred),6,
SCAR-20 | Blueprint,BATTLE_SCARRED,False,False,0.24,SCAR-20 | Blueprint (Battle-Scarred),6,
Sticker | yel | Berlin 2019,,False,False,1.05,Sticker | yel | Berlin 2019,6,
P90 | Cold Blooded,FACTORY_NEW,True,False,75.0,StatTrak™ P90 | Cold Blooded (Factory New),6,
Sticker | dexter (Foil) | Cologne 2026,,False,False,1.36,Sticker | dexter (Foil) | Cologne 2026,6,
USP-S | Printstream,FIELD_TESTED,True,False,58.84,StatTrak™ USP-S | Printstream (Field-Tested),6,
★ Skeleton Knife | Doppler,FACTORY_NEW,False,False,584.99,★ Skeleton Knife | Doppler (Factory New),6,doppler-phase1
Sawed-Off | Zander,MINIMAL_WEAR,False,False,0.59,Sawed-Off | Zander (Minimal Wear),6,
USP-S | Printstream,BATTLE_SCARRED,True,False,49.99,StatTrak™ USP-S | Printstream (Battle-Scarred),6,
Sticker | SicK (Foil) | Berlin 2019,,False,False,0.55,Sticker | SicK (Foil) | Berlin 2019,6,
Sticker | FURIA | Cologne 2026,,False,False,0.13,Sticker | FURIA | Cologne 2026,6,
Tec-9 | Whiteout,MINIMAL_WEAR,False,False,45.0,Tec-9 | Whiteout (Minimal Wear),6,
★ Moto Gloves | Transport,MINIMAL_WEAR,False,False,69.99,★ Moto Gloves | Transport (Minimal Wear),6,
Sawed-Off | Zander,BATTLE_SCARRED,True,False,0.24,StatTrak™ Sawed-Off | Zander (Battle-Scarred),6,
Sticker | FL1T | Berlin 2019,,False,False,0.12,Sticker | FL1T | Berlin 2019,6,
AK-47 | Ice Coaled,MINIMAL_WEAR,True,False,17.17,StatTrak™ AK-47 | Ice Coaled (Minimal Wear),6,
PP-Bizon | Fuel Rod,MINIMAL_WEAR,True,False,10.04,StatTrak™ PP-Bizon | Fuel Rod (Minimal Wear),6,
★ Moto Gloves | Transport,FIELD_TESTED,False,False,35.92,★ Moto Gloves | Transport (Field-Tested),6,
Sticker | stanislaw | Berlin 2019,,False,False,0.39,Sticker | stanislaw | Berlin 2019,6,
★ Moto Gloves | Turtle,FIELD_TESTED,False,False,78.87,★ Moto Gloves | Turtle (Field-Tested),6,
★ Moto Gloves | Turtle,BATTLE_SCARRED,False,False,52.99,★ Moto Gloves | Turtle (Battle-Scarred),6,
★ Huntsman Knife | Rust Coat,BATTLE_SCARRED,False,False,49.69,★ Huntsman Knife | Rust Coat (Battle-Scarred),6,
StatTrak™ CZ75-Auto | Eco,FIELD_TESTED,True,False,1.54,StatTrak™ CZ75-Auto | Eco (Field-Tested),6,
"Music Kit | DRYDEN, Feel The Power",,False,False,1.2,"Music Kit | DRYDEN, Feel The Power",6,
Sealed Graffiti | Applause (Frog Green),,False,False,0.39,Sealed Graffiti | Applause (Frog Green),6,
Desert Eagle | Starcade,MINIMAL_WEAR,False,False,113.5,Desert Eagle | Starcade (Minimal Wear),6,
Sticker | fer (Foil) | Berlin 2019,,False,False,1.4,Sticker | fer (Foil) | Berlin 2019,6,
FAMAS | 2A2F,MINIMAL_WEAR,False,False,0.97,FAMAS | 2A2F (Minimal Wear),6,
Talon Knife | Slaughter,MINIMAL_WEAR,False,False,544.66,★ Talon Knife | Slaughter (Minimal Wear),6,
Sticker | HEROIC (Holo) | Shanghai 2024,,False,False,3.56,Sticker | HEROIC (Holo) | Shanghai 2024,6,
AWP | Chrome Cannon,BATTLE_SCARRED,True,False,27.79,StatTrak™ AWP | Chrome Cannon (Battle-Scarred),6,
P250 | Visions,BATTLE_SCARRED,False,False,2.59,P250 | Visions (Battle-Scarred),6,
FAMAS | Macabre,FIELD_TESTED,False,False,4.77,FAMAS | Macabre (Field-Tested),6,
R8 Revolver | Memento,FACTORY_NEW,True,False,7.92,StatTrak™ R8 Revolver | Memento (Factory New),6,
Sticker | Roosty Boosty,,False,False,0.11,Sticker | Roosty Boosty,6,
AWP | Queen's Gambit,FIELD_TESTED,False,False,49.97,AWP | Queen's Gambit (Field-Tested),6,
Sticker | Rare Atom (Holo) | Shanghai 2024,,False,False,10.25,Sticker | Rare Atom (Holo) | Shanghai 2024,6,
Glock-18 | High Beam,MINIMAL_WEAR,False,True,2.2,Souvenir Glock-18 | High Beam (Minimal Wear),6,
SSG 08 | Hand Brake,MINIMAL_WEAR,False,False,1.5,SSG 08 | Hand Brake (Minimal Wear),6,
★ Bowie Knife | Doppler,FACTORY_NEW,False,False,799.99,★ Bowie Knife | Doppler (Factory New),6,doppler-ruby
Galil AR | Sugar Rush,FIELD_TESTED,False,False,42.99,Galil AR | Sugar Rush (Field-Tested),6,
Sticker | YEKINDAR | Shanghai 2024,,False,False,0.12,Sticker | YEKINDAR | Shanghai 2024,6,
Sawed-Off | Kiss♥Love,BATTLE_SCARRED,True,False,3.38,StatTrak™ Sawed-Off | Kiss♥Love (Battle-Scarred),6,
Sticker | Forge Tier6 (Holo),,False,False,19.91,Sticker | Forge Tier6 (Holo),6,
Tec-9 | Orange Murano,BATTLE_SCARRED,False,False,5.93,Tec-9 | Orange Murano (Battle-Scarred),6,
PP-Bizon | Antique,MINIMAL_WEAR,True,False,7.41,StatTrak™ PP-Bizon | Antique (Minimal Wear),6,
Sticker | Lekr0 (Foil) | Berlin 2019,,False,False,0.28,Sticker | Lekr0 (Foil) | Berlin 2019,6,
Nova | Plume,FIELD_TESTED,True,False,0.62,StatTrak™ Nova | Plume (Field-Tested),6,
Sealed Graffiti | Little EZ (Violent Violet),,False,False,0.17,Sealed Graffiti | Little EZ (Violent Violet),6,
Sealed Graffiti | FACEIT | London 2018,,False,False,4.9,Sealed Graffiti | FACEIT | London 2018,6,
Sealed Graffiti | FaZe Clan | London 2018,,False,False,2.83,Sealed Graffiti | FaZe Clan | London 2018,6,
Sticker | forZe eSports (Glitter) | Antwerp 2022,,False,False,0.99,Sticker | forZe eSports (Glitter) | Antwerp 2022,6,
FAMAS | Bad Trip,BATTLE_SCARRED,False,False,37.46,FAMAS | Bad Trip (Battle-Scarred),6,
Sealed Graffiti | Happy Cat (Jungle Green),,False,False,0.2,Sealed Graffiti | Happy Cat (Jungle Green),6,
Negev | Lionfish,FACTORY_NEW,True,False,4.95,StatTrak™ Negev | Lionfish (Factory New),6,
Sticker | MIBR (Foil) | Berlin 2019,,False,False,2.79,Sticker | MIBR (Foil) | Berlin 2019,6,
AWP | Queen's Gambit,MINIMAL_WEAR,False,False,102.52,AWP | Queen's Gambit (Minimal Wear),6,
StatTrak™ FAMAS | Eye of Athena,FACTORY_NEW,True,False,34.22,StatTrak™ FAMAS | Eye of Athena (Factory New),6,
Sealed Graffiti | Grimace (Tracer Yellow),,False,False,0.15,Sealed Graffiti | Grimace (Tracer Yellow),6,
★ Sport Gloves | Amphibious,BATTLE_SCARRED,False,False,208.48,★ Sport Gloves | Amphibious (Battle-Scarred),6,
FAMAS | Meow 36,MINIMAL_WEAR,True,False,0.24,StatTrak™ FAMAS | Meow 36 (Minimal Wear),6,
ELEAGUE (Holo) | Atlanta 2017,,False,False,9.46,Sticker | ELEAGUE (Holo) | Atlanta 2017,6,
Sealed Graffiti | Smooch (Shark White),,False,False,0.13,Sealed Graffiti | Smooch (Shark White),6,
Patch | Astralis | Stockholm 2021,,False,False,3.52,Patch | Astralis | Stockholm 2021,6,
Desert Eagle | Code Red,BATTLE_SCARRED,False,False,34.99,Desert Eagle | Code Red (Battle-Scarred),6,
Sticker | ottoNd (Foil) | Berlin 2019,,False,False,0.93,Sticker | ottoNd (Foil) | Berlin 2019,6,
Sticker | OpTic Gaming | Atlanta 2017,,False,False,22.0,Sticker | OpTic Gaming | Atlanta 2017,6,
Sealed Graffiti | Dizzy (Jungle Green),,False,False,1.0,Sealed Graffiti | Dizzy (Jungle Green),6,
G3SG1 | Black Sand,BATTLE_SCARRED,False,False,0.71,G3SG1 | Black Sand (Battle-Scarred),6,
Sticker | forZe eSports (Holo) | Berlin 2019,,False,False,0.8,Sticker | forZe eSports (Holo) | Berlin 2019,6,
Nova | Wild Six,MINIMAL_WEAR,True,False,0.92,StatTrak™ Nova | Wild Six (Minimal Wear),6,
AK-47 | Red Laminate,FIELD_TESTED,False,False,72.0,AK-47 | Red Laminate (Field-Tested),6,
M249 | Warbird,MINIMAL_WEAR,False,False,2.0,M249 | Warbird (Minimal Wear),6,
Sealed Graffiti | Silver Bullet (Jungle Green),,False,False,0.24,Sealed Graffiti | Silver Bullet (Jungle Green),6,
Sealed Graffiti | Grimace (Violent Violet),,False,False,0.14,Sealed Graffiti | Grimace (Violent Violet),6,
M249 | Warbird,BATTLE_SCARRED,False,False,0.6,M249 | Warbird (Battle-Scarred),6,
GODSENT (Holo) | Atlanta 2017,,False,False,27.69,Sticker | GODSENT (Holo) | Atlanta 2017,6,
AUG | Colony,FIELD_TESTED,False,False,2.24,AUG | Colony (Field-Tested),6,
P90 | Shapewood,MINIMAL_WEAR,False,False,8.59,P90 | Shapewood (Minimal Wear),6,
SG 553 | Dragon Tech,FACTORY_NEW,True,False,2.16,StatTrak™ SG 553 | Dragon Tech (Factory New),6,
Sticker | sk0R (Holo) | Antwerp 2022,,False,False,0.32,Sticker | sk0R (Holo) | Antwerp 2022,6,
Fnatic (Holo) | Atlanta 2017,,False,False,44.78,Sticker | Fnatic (Holo) | Atlanta 2017,6,
chrisJ | Boston 2018,,False,False,1.49,Sticker | chrisJ | Boston 2018,6,
PP-Bizon | Forest Leaves,WELL_WORN,False,False,3.01,PP-Bizon | Forest Leaves (Well-Worn),6,
UMP-45 | Caramel,MINIMAL_WEAR,False,False,10.18,UMP-45 | Caramel (Minimal Wear),6,
CZ75-Auto | Tacticat,WELL_WORN,False,False,0.85,CZ75-Auto | Tacticat (Well-Worn),6,
AK-47 | Asiimov,WELL_WORN,False,False,34.5,AK-47 | Asiimov (Well-Worn),6,
Sticker | Lucky (Foil) | Katowice 2019,,False,False,7.75,Sticker | Lucky (Foil) | Katowice 2019,6,
zehN | Krakow 2017,,False,False,2.75,Sticker | zehN | Krakow 2017,6,
Nova | Ranger,FIELD_TESTED,True,False,0.38,StatTrak™ Nova | Ranger (Field-Tested),6,
Sticker | ENCE (Gold) | Antwerp 2022,,False,False,1.38,Sticker | ENCE (Gold) | Antwerp 2022,6,
Sealed Graffiti | Bock Bock (Shark White),,False,False,0.46,Sealed Graffiti | Bock Bock (Shark White),6,
Sticker | twist (Foil) | Katowice 2019,,False,False,2.99,Sticker | twist (Foil) | Katowice 2019,6,
★ Specialist Gloves | Lime Polycam,FIELD_TESTED,False,False,303.99,★ Specialist Gloves | Lime Polycam (Field-Tested),6,
Glock-18 | Grinder,FIELD_TESTED,True,False,7.07,StatTrak™ Glock-18 | Grinder (Field-Tested),6,
Glock-18 | Grinder,FIELD_TESTED,False,False,9.0,Glock-18 | Grinder (Field-Tested),6,
XM1014 | Grassland,FIELD_TESTED,False,False,2.07,XM1014 | Grassland (Field-Tested),6,
G3SG1 | Demeter,FIELD_TESTED,True,False,4.68,StatTrak™ G3SG1 | Demeter (Field-Tested),6,
Glock-18 | Water Elemental,FACTORY_NEW,True,False,55.0,StatTrak™ Glock-18 | Water Elemental (Factory New),6,
Sticker | Fire Serpent Surf K (Foil),,False,False,8.2,Sticker | Fire Serpent Surf K (Foil),6,
Virtus.Pro (Holo) | Boston 2018,,False,False,19.61,Sticker | Virtus.Pro (Holo) | Boston 2018,6,
Sticker | Graviti (Holo) | Shanghai 2024,,False,False,0.5,Sticker | Graviti (Holo) | Shanghai 2024,6,
Autograph Capsule | Astralis | Atlanta 2017,,False,False,7.46,Autograph Capsule | Astralis | Atlanta 2017,6,
P250 | Exchanger,BATTLE_SCARRED,False,False,0.17,P250 | Exchanger (Battle-Scarred),6,
Sticker | ICY (Glitter) | Shanghai 2024,,False,False,0.12,Sticker | ICY (Glitter) | Shanghai 2024,6,
CZ75-Auto | Emerald Quartz,FIELD_TESTED,False,False,67.4,CZ75-Auto | Emerald Quartz (Field-Tested),6,
Dual Berettas | Melondrama,FIELD_TESTED,True,False,4.84,StatTrak™ Dual Berettas | Melondrama (Field-Tested),6,
SG 553 | Phantom,FACTORY_NEW,True,False,3.44,StatTrak™ SG 553 | Phantom (Factory New),6,
Autograph Capsule | Gambit Gaming | Atlanta 2017,,False,False,6.99,Autograph Capsule | Gambit Gaming | Atlanta 2017,6,
Sticker | Perfecto (Gold) | Stockholm 2021,,False,False,2.14,Sticker | Perfecto (Gold) | Stockholm 2021,6,
P250 | Gunsmoke,FIELD_TESTED,False,False,3.29,P250 | Gunsmoke (Field-Tested),6,
Sealed Graffiti | BIG | Krakow 2017,,False,False,1.29,Sealed Graffiti | BIG | Krakow 2017,6,
M4A4 | Polysoup,FACTORY_NEW,False,False,27.79,M4A4 | Polysoup (Factory New),6,
"Sticker | sh1ro (Holo, Champion) | Shanghai 2024",,False,False,0.28,"Sticker | sh1ro (Holo, Champion) | Shanghai 2024",6,
Autograph Capsule | North | Atlanta 2017,,False,False,8.29,Autograph Capsule | North | Atlanta 2017,6,
MP7 | Amberline,FIELD_TESTED,True,False,1.26,StatTrak™ MP7 | Amberline (Field-Tested),6,
P2000 | Coral Halftone,BATTLE_SCARRED,False,False,2.24,P2000 | Coral Halftone (Battle-Scarred),6,
MP9 | Goo,BATTLE_SCARRED,True,False,1.1,StatTrak™ MP9 | Goo (Battle-Scarred),6,
Five-SeveN | Buddy,FACTORY_NEW,True,False,5.84,StatTrak™ Five-SeveN | Buddy (Factory New),6,
Sealed Graffiti | Bock Bock (Princess Pink),,False,False,0.12,Sealed Graffiti | Bock Bock (Princess Pink),6,
Sticker | Orange Gnar,,False,False,0.3,Sticker | Orange Gnar,6,
Sticker | This Is Fine (T),,False,False,0.95,Sticker | This Is Fine (T),6,
Dual Berettas | Twin Turbo,MINIMAL_WEAR,False,False,5.4,Dual Berettas | Twin Turbo (Minimal Wear),6,
SG 553 | Integrale,BATTLE_SCARRED,False,False,2.77,SG 553 | Integrale (Battle-Scarred),6,
AK-47 | Crane Flight,BATTLE_SCARRED,False,False,10.79,AK-47 | Crane Flight (Battle-Scarred),6,
kRYSTAL | Krakow 2017,,False,False,2.47,Sticker | kRYSTAL | Krakow 2017,6,
Zeus x27 | Dragon Snore,MINIMAL_WEAR,False,False,23.0,Zeus x27 | Dragon Snore (Minimal Wear),6,
SG 553 | Phantom,BATTLE_SCARRED,False,False,0.8,SG 553 | Phantom (Battle-Scarred),6,
Sticker | 100 Thieves | Boston 2018,,False,False,40.0,Sticker | 100 Thieves | Boston 2018,6,
Sticker | fer (Foil) | Katowice 2019,,False,False,3.85,Sticker | fer (Foil) | Katowice 2019,6,
M249 | Aztec,MINIMAL_WEAR,True,False,1.51,StatTrak™ M249 | Aztec (Minimal Wear),6,
Sticker | Dycha (Gold) | Paris 2023,,False,False,1.08,Sticker | Dycha (Gold) | Paris 2023,6,
Sticker | Krad (Gold) | Paris 2023,,False,False,1.73,Sticker | Krad (Gold) | Paris 2023,6,
Sealed Graffiti | Astralis | Krakow 2017,,False,False,1.35,Sealed Graffiti | Astralis | Krakow 2017,6,
P90 | Trigon,MINIMAL_WEAR,True,False,19.25,StatTrak™ P90 | Trigon (Minimal Wear),6,
★ Classic Knife | Boreal Forest,FIELD_TESTED,False,False,63.93,★ Classic Knife | Boreal Forest (Field-Tested),6,
Sticker | nitr0 (Gold) | Paris 2023,,False,False,2.99,Sticker | nitr0 (Gold) | Paris 2023,6,
Nova | Ghost Camo,FACTORY_NEW,False,False,11.95,Nova | Ghost Camo (Factory New),6,
Rio 2022 Viewer Pass,,False,False,35.0,Rio 2022 Viewer Pass,6,
★ Navaja Knife | Scorched,BATTLE_SCARRED,False,False,40.04,★ Navaja Knife | Scorched (Battle-Scarred),6,
Sticker | NRG (Foil) | Katowice 2019,,False,False,12.5,Sticker | NRG (Foil) | Katowice 2019,6,
Mahjong Rooster,,False,False,0.43,Sticker | Mahjong Rooster,6,
AK-47 | Nightwish,WELL_WORN,True,False,47.1,StatTrak™ AK-47 | Nightwish (Well-Worn),6,
AK-47 | Nightwish,BATTLE_SCARRED,True,False,52.06,StatTrak™ AK-47 | Nightwish (Battle-Scarred),6,
Sealed Graffiti | North | Krakow 2017,,False,False,0.93,Sealed Graffiti | North | Krakow 2017,6,
Sealed Graffiti | Bock Bock (Brick Red),,False,False,0.13,Sealed Graffiti | Bock Bock (Brick Red),6,
AWP | Containment Breach,FIELD_TESTED,True,False,152.73,StatTrak™ AWP | Containment Breach (Field-Tested),6,
Sealed Graffiti | Flipsid3 Tactics | Krakow 2017,,False,False,1.47,Sealed Graffiti | Flipsid3 Tactics | Krakow 2017,6,
Sticker | Legendary Eagle Master (Holo),,False,False,1.47,Sticker | Legendary Eagle Master (Holo),6,
XM1014 | Red Python,MINIMAL_WEAR,False,False,3.58,XM1014 | Red Python (Minimal Wear),6,
XM1014 | Red Python,FIELD_TESTED,True,False,2.26,StatTrak™ XM1014 | Red Python (Field-Tested),6,
Sealed Graffiti | Okay (Battle Green),,False,False,0.12,Sealed Graffiti | Okay (Battle Green),6,
Autograph Capsule | G2 Esports | MLG Columbus 2016,,False,False,20.0,Autograph Capsule | G2 Esports | MLG Columbus 2016,6,
Autograph Capsule | Challengers (Foil) | Cologne 2016,,False,False,75.0,Autograph Capsule | Challengers (Foil) | Cologne 2016,6,
Sticker | 3DMAX (Holo) | Shanghai 2024,,False,False,5.53,Sticker | 3DMAX (Holo) | Shanghai 2024,6,
Sticker | TRY (Glitter) | Shanghai 2024,,False,False,0.12,Sticker | TRY (Glitter) | Shanghai 2024,6,
Desert Eagle | Serpent Strike,BATTLE_SCARRED,True,False,0.62,StatTrak™ Desert Eagle | Serpent Strike (Battle-Scarred),6,
Tec-9 | Remote Control,FIELD_TESTED,False,False,2.5,Tec-9 | Remote Control (Field-Tested),6,
Katowice 2019 Inferno Souvenir Package,,False,False,20.15,Katowice 2019 Inferno Souvenir Package,6,
Sealed Graffiti | Happy Cat (Wire Blue),,False,False,0.27,Sealed Graffiti | Happy Cat (Wire Blue),6,
Sealed Graffiti | Okay (SWAT Blue),,False,False,0.11,Sealed Graffiti | Okay (SWAT Blue),6,
steel | Krakow 2017,,False,False,2.4,Sticker | steel | Krakow 2017,6,
Sticker | hampus (Holo) | Antwerp 2022,,False,False,1.99,Sticker | hampus (Holo) | Antwerp 2022,6,
MP9 | Ruby Poison Dart,WELL_WORN,True,False,2.91,StatTrak™ MP9 | Ruby Poison Dart (Well-Worn),6,
Sticker | Lucky (Holo) | Shanghai 2024,,False,False,0.39,Sticker | Lucky (Holo) | Shanghai 2024,6,
Dual Berettas | Elite 1.6,BATTLE_SCARRED,False,False,0.27,Dual Berettas | Elite 1.6 (Battle-Scarred),6,
Glock-18 | Gold Toof,MINIMAL_WEAR,True,False,70.27,StatTrak™ Glock-18 | Gold Toof (Minimal Wear),6,
MAC-10 | Classic Crate,MINIMAL_WEAR,True,False,0.3,StatTrak™ MAC-10 | Classic Crate (Minimal Wear),6,
Sticker | ZywOo | Katowice 2019,,False,False,1.8,Sticker | ZywOo | Katowice 2019,6,
Sticker | BIG (Foil) | Katowice 2019,,False,False,13.99,Sticker | BIG (Foil) | Katowice 2019,6,
jR (Foil) | Krakow 2017,,False,False,22.0,Sticker | jR (Foil) | Krakow 2017,6,
Sticker | Purple Cyclawps,,False,False,0.36,Sticker | Purple Cyclawps,6,
PP-Bizon | Space Cat,WELL_WORN,True,False,0.47,StatTrak™ PP-Bizon | Space Cat (Well-Worn),6,
Rice Bomb,,False,False,0.24,Sealed Graffiti | Rice Bomb,6,
Glock-18 | Gold Toof,FIELD_TESTED,True,False,33.65,StatTrak™ Glock-18 | Gold Toof (Field-Tested),6,
MAG-7 | Core Breach,FIELD_TESTED,False,False,2.5,MAG-7 | Core Breach (Field-Tested),6,
P90 | Asiimov,BATTLE_SCARRED,False,False,140.0,P90 | Asiimov (Battle-Scarred),6,
fitch | Boston 2018,,False,False,1.68,Sticker | fitch | Boston 2018,6,
"StatTrak™ Music Kit | Sullivan King, Lock Me Up",,True,False,1.15,"StatTrak™ Music Kit | Sullivan King, Lock Me Up",6,
G3SG1 | Hunter,BATTLE_SCARRED,True,False,0.15,StatTrak™ G3SG1 | Hunter (Battle-Scarred),6,
P250 | Mehndi,FACTORY_NEW,False,False,38.85,P250 | Mehndi (Factory New),6,
Sealed Graffiti | Applause (Princess Pink),,False,False,0.3,Sealed Graffiti | Applause (Princess Pink),6,
P250 | Inferno,MINIMAL_WEAR,True,False,2.1,StatTrak™ P250 | Inferno (Minimal Wear),6,
Sticker | Team Spirit (Holo) | Shanghai 2024,,False,False,8.99,Sticker | Team Spirit (Holo) | Shanghai 2024,6,
Sealed Graffiti | Chef Kiss (SWAT Blue),,False,False,0.29,Sealed Graffiti | Chef Kiss (SWAT Blue),6,
Desert Eagle | Mint Fan,BATTLE_SCARRED,False,False,0.32,Desert Eagle | Mint Fan (Battle-Scarred),6,
P2000 | Ivory,FACTORY_NEW,True,False,9.87,StatTrak™ P2000 | Ivory (Factory New),6,
Sawed-Off | Analog Input,BATTLE_SCARRED,True,False,0.9,StatTrak™ Sawed-Off | Analog Input (Battle-Scarred),6,
P2000 | Ivory,MINIMAL_WEAR,False,False,0.47,P2000 | Ivory (Minimal Wear),6,
SCAR-20 | Assault,FIELD_TESTED,True,False,0.16,StatTrak™ SCAR-20 | Assault (Field-Tested),6,
Sticker | interz (Holo) | Stockholm 2021,,False,False,0.92,Sticker | interz (Holo) | Stockholm 2021,6,
AUG | Death by Puppy,FACTORY_NEW,True,False,15.44,StatTrak™ AUG | Death by Puppy (Factory New),6,
Sticker | buster (Holo) | Stockholm 2021,,False,False,0.59,Sticker | buster (Holo) | Stockholm 2021,6,
allu | Krakow 2017,,False,False,2.19,Sticker | allu | Krakow 2017,6,
Sticker | hallzerk (Holo) | Shanghai 2024,,False,False,0.45,Sticker | hallzerk (Holo) | Shanghai 2024,6,
P2000 | Fire Elemental,FACTORY_NEW,False,False,100.0,P2000 | Fire Elemental (Factory New),6,
AK-47 | The Empress,MINIMAL_WEAR,True,False,140.0,StatTrak™ AK-47 | The Empress (Minimal Wear),6,
PP-Bizon | High Roller,MINIMAL_WEAR,True,False,13.11,StatTrak™ PP-Bizon | High Roller (Minimal Wear),6,
Sticker | dephh | Katowice 2019,,False,False,0.4,Sticker | dephh | Katowice 2019,6,
PP-Bizon | High Roller,FACTORY_NEW,False,False,30.98,PP-Bizon | High Roller (Factory New),6,
M4A4 | Mainframe,FACTORY_NEW,False,True,1.95,Souvenir M4A4 | Mainframe (Factory New),6,
Sticker | malbsMd (Holo) | Shanghai 2024,,False,False,0.39,Sticker | malbsMd (Holo) | Shanghai 2024,6,
P250 | Undertow,MINIMAL_WEAR,False,False,33.0,P250 | Undertow (Minimal Wear),6,
P250 | Undertow,FACTORY_NEW,True,False,50.0,StatTrak™ P250 | Undertow (Factory New),6,
Sticker | ISSAA | Katowice 2019,,False,False,1.19,Sticker | ISSAA | Katowice 2019,6,
Sealed Graffiti | Shining Star (Brick Red),,False,False,0.2,Sealed Graffiti | Shining Star (Brick Red),6,
Sealed Graffiti | Denied (Princess Pink),,False,False,0.17,Sealed Graffiti | Denied (Princess Pink),6,
Sealed Graffiti | Little EZ (Shark White),,False,False,0.21,Sealed Graffiti | Little EZ (Shark White),6,
Stewie2K | Boston 2018,,False,False,5.74,Sticker | Stewie2K | Boston 2018,6,
USP-S | Tropical Breeze,WELL_WORN,False,False,0.3,USP-S | Tropical Breeze (Well-Worn),6,
Tec-9 | Bamboozle,BATTLE_SCARRED,True,False,1.19,StatTrak™ Tec-9 | Bamboozle (Battle-Scarred),6,
Skadoodle | Boston 2018,,False,False,4.8,Sticker | Skadoodle | Boston 2018,6,
Sealed Graffiti | Little EZ (Battle Green),,False,False,0.17,Sealed Graffiti | Little EZ (Battle Green),6,
XM1014 | Scumbria,FACTORY_NEW,False,False,2.63,XM1014 | Scumbria (Factory New),6,
Sticker | DJ Safecracker (Lenticular),,False,False,2.7,Sticker | DJ Safecracker (Lenticular),6,
P90 | Nostalgia,FIELD_TESTED,True,False,8.34,StatTrak™ P90 | Nostalgia (Field-Tested),6,
RUSH | Boston 2018,,False,False,3.43,Sticker | RUSH | Boston 2018,6,
Sticker | Team Spirit (Foil) | Katowice 2019,,False,False,28.0,Sticker | Team Spirit (Foil) | Katowice 2019,6,
P250 | Verdigris,WELL_WORN,True,False,0.32,StatTrak™ P250 | Verdigris (Well-Worn),6,
Nova | Dark Sigil,FACTORY_NEW,True,False,0.4,StatTrak™ Nova | Dark Sigil (Factory New),6,
AWP | Corticera,FIELD_TESTED,False,False,20.5,AWP | Corticera (Field-Tested),6,
MAC-10 | Malachite,FACTORY_NEW,True,False,11.89,StatTrak™ MAC-10 | Malachite (Factory New),6,
Nova | Ghost Camo,MINIMAL_WEAR,True,False,3.02,StatTrak™ Nova | Ghost Camo (Minimal Wear),6,
MP7 | Abyssal Apparition,BATTLE_SCARRED,True,False,4.49,StatTrak™ MP7 | Abyssal Apparition (Battle-Scarred),6,
Sticker | Imperial Esports (Holo) | Antwerp 2022,,False,False,5.0,Sticker | Imperial Esports (Holo) | Antwerp 2022,6,
Sawed-Off | Brake Light,FACTORY_NEW,False,True,4.95,Souvenir Sawed-Off | Brake Light (Factory New),6,
AK-47 | Vulcan,FACTORY_NEW,False,False,948.0,AK-47 | Vulcan (Factory New),6,
Sticker | yay | London 2018,,False,False,2.81,Sticker | yay | London 2018,6,
Krakow 2017 Train Souvenir Package,,False,False,20.0,Krakow 2017 Train Souvenir Package,6,
Sealed Graffiti | Puke (Monarch Blue),,False,False,0.25,Sealed Graffiti | Puke (Monarch Blue),6,
MP7 | Abyssal Apparition,FIELD_TESTED,True,False,4.75,StatTrak™ MP7 | Abyssal Apparition (Field-Tested),6,
P2000 | Pathfinder,MINIMAL_WEAR,False,False,15.0,P2000 | Pathfinder (Minimal Wear),6,
P2000 | Handgun,BATTLE_SCARRED,True,False,1.25,StatTrak™ P2000 | Handgun (Battle-Scarred),6,
CZ75-Auto | Copper Fiber,FACTORY_NEW,False,True,0.44,Souvenir CZ75-Auto | Copper Fiber (Factory New),6,
G3SG1 | Jungle Dashed,FACTORY_NEW,False,False,2.0,G3SG1 | Jungle Dashed (Factory New),6,
Glock-18 | Block-18,WELL_WORN,True,False,1.89,StatTrak™ Glock-18 | Block-18 (Well-Worn),6,
PP-Bizon | High Roller,WELL_WORN,True,False,8.0,StatTrak™ PP-Bizon | High Roller (Well-Worn),6,
AWP | Wildfire,MINIMAL_WEAR,False,False,61.85,AWP | Wildfire (Minimal Wear),6,
byali | Boston 2018,,False,False,1.78,Sticker | byali | Boston 2018,6,
Sealed Graffiti | Smirk (Princess Pink),,False,False,0.34,Sealed Graffiti | Smirk (Princess Pink),6,
MAC-10 | Pipe Down,FACTORY_NEW,True,False,9.19,StatTrak™ MAC-10 | Pipe Down (Factory New),6,
AK-47 | Crane Flight,FIELD_TESTED,True,False,26.28,StatTrak™ AK-47 | Crane Flight (Field-Tested),6,
MP5-SD | Phosphor,BATTLE_SCARRED,True,False,5.1,StatTrak™ MP5-SD | Phosphor (Battle-Scarred),6,
Sealed Graffiti | Denied (Desert Amber),,False,False,0.11,Sealed Graffiti | Denied (Desert Amber),6,
Sticker | nitr0 | Katowice 2019,,False,False,0.79,Sticker | nitr0 | Katowice 2019,6,
M249 | Aztec,FACTORY_NEW,False,False,5.83,M249 | Aztec (Factory New),6,
LEGIJA | Krakow 2017,,False,False,2.47,Sticker | LEGIJA | Krakow 2017,6,
Sealed Graffiti | OMG (Battle Green),,False,False,0.55,Sealed Graffiti | OMG (Battle Green),6,
Negev | Sour Grapes,FACTORY_NEW,False,False,0.41,Negev | Sour Grapes (Factory New),6,
AWP | Wildfire,BATTLE_SCARRED,False,False,32.74,AWP | Wildfire (Battle-Scarred),6,
P250 | Splash,MINIMAL_WEAR,False,False,20.64,P250 | Splash (Minimal Wear),6,
Sealed Graffiti | Dead Now (Princess Pink),,False,False,0.18,Sealed Graffiti | Dead Now (Princess Pink),6,
